1317357762.247406960 7.60010883e-01 3.61344027e-02 1.92659364e-02 1.33186879e-03 -2.80881574e-04 -3.77159347e-03 9.99991961e-01
1317357762.351346970 1.19798222e+00 4.25158018e-02 2.82053495e-02 6.72019549e-04 1.99902734e-04 -4.14844470e-03 9.99991149e-01
1317357762.455291033 1.68872241e+00 3.38513663e-02 4.32631108e-02 1.11515958e-03 9.09835068e-04 -5.47349421e-03 9.99983985e-01
1317357762.559210062 2.27366263e+00 3.06791985e-02 5.92556317e-02 4.16565849e-03 -4.13257878e-04 -7.21293571e-03 9.99965224e-01
1317357762.663129091 2.78573952e+00 2.63615274e-02 7.11085928e-02 4.98380756e-03 5.69096367e-04 -7.59888553e-03 9.99958547e-01
1317357762.767049074 3.32126047e+00 2.01694622e-02 7.20523611e-02 4.43883828e-03 -9.25205996e-04 -7.48316971e-03 9.99961721e-01
1317357762.870966911 3.84128146e+00 1.11032562e-02 7.66238197e-02 2.80832404e-03 -4.44943574e-04 -6.94948640e-03 9.99971810e-01
1317357762.974884987 4.36898278e+00 -7.09393791e-03 8.92884875e-02 4.21478002e-03 -6.31204638e-04 -7.67083544e-03 9.99961497e-01
1317357763.078830004 4.90332883e+00 -2.14509156e-02 9.02268043e-02 4.22219862e-03 9.44741530e-05 -9.15224236e-03 9.99949199e-01
1317357763.182771921 5.41842209e+00 -2.93431891e-02 9.43279954e-02 4.84931040e-03 1.86610175e-04 -8.98519069e-03 9.99947856e-01
1317357763.286695957 5.96577788e+00 -4.83379789e-02 9.22509040e-02 4.77304844e-03 1.35371835e-03 -1.00729065e-02 9.99936959e-01
1317357763.390639067 6.51390382e+00 -4.00737155e-02 8.78889368e-02 1.47689249e-03 1.52940392e-03 -9.21405116e-03 9.99955289e-01
1317357763.494574070 7.07856105e+00 -4.36884302e-02 1.01583733e-01 4.46598908e-04 1.12785118e-03 -1.10816106e-02 9.99937861e-01
1317357763.598541975 7.65548361e+00 -4.52405200e-02 1.13398384e-01 -1.80271988e-03 -3.65062483e-04 -1.26274882e-02 9.99918578e-01
1317357763.702558041 8.22095534e+00 -5.75562801e-02 1.28451857e-01 -3.45701221e-03 7.00838536e-05 -1.37153861e-02 9.99899961e-01
1317357763.806549072 8.80283510e+00 -5.27749509e-02 1.51739148e-01 -1.33380104e-03 -1.02780518e-03 -1.67507384e-02 9.99858279e-01
1317357763.910563946 9.37153952e+00 -6.97494738e-02 1.60474455e-01 6.02581456e-04 -2.74318887e-04 -1.93596290e-02 9.99812366e-01
1317357764.014601946 9.98502857e+00 -8.92382115e-02 1.86464132e-01 2.73244692e-03 -1.35213173e-03 -2.32004109e-02 9.99726186e-01
1317357764.118614912 1.05817907e+01 -1.25640794e-01 1.71884207e-01 2.44796947e-03 -1.55411710e-03 -2.59218653e-02 9.99659767e-01
1317357764.222655058 1.11818065e+01 -1.48969575e-01 1.86520843e-01 4.18050807e-03 -2.42953164e-03 -2.98314515e-02 9.99543248e-01
1317357764.326694965 1.17621505e+01 -1.80916408e-01 1.79078239e-01 4.41105907e-03 -3.48635278e-03 -3.21076540e-02 9.99468602e-01
1317357764.430711031 1.23340806e+01 -2.16271096e-01 1.57438589e-01 7.14592373e-04 -2.05264698e-03 -3.44420765e-02 9.99404332e-01
1317357764.534748077 1.29940047e+01 -2.46467609e-01 1.63490266e-01 -2.69994940e-03 -3.47720659e-03 -3.92010791e-02 9.99221644e-01
1317357764.638786077 1.36590738e+01 -2.93435481e-01 1.69216109e-01 -9.57853142e-03 -2.74102140e-03 -4.14758212e-02 9.99089833e-01
1317357764.742799997 1.43111417e+01 -3.61930693e-01 1.95978239e-01 -1.03729916e-02 -3.07803049e-03 -4.47219291e-02 9.98940877e-01
1317357764.846813917 1.49701641e+01 -4.47497199e-01 2.20649860e-01 -2.53085852e-03 -1.64823654e-03 -4.73515762e-02 9.98873719e-01
1317357764.950808048 1.56271614e+01 -5.41465883e-01 2.40612861e-01 4.74696104e-03 -5.50101938e-04 -4.82940952e-02 9.98821728e-01
1317357765.054775000 1.63320548e+01 -6.06893492e-01 2.65950514e-01 6.10481689e-03 3.40712700e-04 -5.08625793e-02 9.98686945e-01
1317357765.158716917 1.70953782e+01 -6.69883766e-01 2.23772050e-01 3.96131342e-03 3.62999432e-04 -5.19710554e-02 9.98640669e-01
1317357765.262635946 1.78368280e+01 -7.49601874e-01 2.36037177e-01 6.85840403e-03 -5.92078407e-04 -5.18378821e-02 9.98631787e-01
1317357765.366508007 1.86053108e+01 -8.25633025e-01 2.36311979e-01 8.99914376e-03 1.93643521e-04 -5.03423053e-02 9.98691459e-01
1317357765.470330954 1.93884270e+01 -9.04297788e-01 2.26159375e-01 1.16123298e-02 2.88928166e-04 -4.76171438e-02 9.98798117e-01
1317357765.574127913 2.01997565e+01 -9.68019143e-01 2.42734762e-01 9.78757257e-03 -1.50372314e-04 -4.45908846e-02 9.98957373e-01
1317357765.677880049 2.09822861e+01 -1.03598324e+00 2.42202168e-01 8.61770307e-03 1.71040195e-04 -4.13767265e-02 9.99106437e-01
1317357765.781652927 2.17974464e+01 -1.09874832e+00 2.65931290e-01 8.22947519e-03 6.68644351e-04 -3.74541308e-02 9.99264238e-01
1317357765.885476112 2.26012945e+01 -1.13773179e+00 2.85811547e-01 6.04902082e-03 3.51800805e-03 -3.24035458e-02 9.99450371e-01
1317357765.989300966 2.34335034e+01 -1.17732729e+00 2.84542740e-01 4.68607012e-03 3.67914098e-03 -2.94363419e-02 9.99548901e-01
1317357766.093147039 2.42415578e+01 -1.20174448e+00 2.68106638e-01 5.03211884e-03 4.07856960e-03 -2.51291490e-02 9.99663228e-01
1317357766.197015047 2.50702319e+01 -1.23319389e+00 2.69914932e-01 2.32764311e-03 4.14494862e-03 -2.19643565e-02 9.99747452e-01
1317357766.300884008 2.59195305e+01 -1.23634527e+00 2.31647364e-01 1.57833027e-03 4.31038099e-03 -1.85184710e-02 9.99817981e-01
1317357766.404755116 2.67459757e+01 -1.25714906e+00 2.35215431e-01 2.22364529e-03 3.36207351e-03 -1.59613656e-02 9.99864484e-01
1317357766.508626938 2.76118123e+01 -1.26000370e+00 2.47162444e-01 6.31397713e-03 4.37107789e-03 -1.18367072e-02 9.99900455e-01
1317357766.612523079 2.84503045e+01 -1.26791526e+00 2.63611930e-01 7.89544837e-03 4.42219480e-03 -9.08883281e-03 9.99917746e-01
1317357766.716417074 2.92864022e+01 -1.27092949e+00 2.73730344e-01 1.01411463e-02 5.68227538e-03 -7.02159134e-03 9.99907779e-01
1317357766.820334911 3.01348050e+01 -1.27678935e+00 2.71353359e-01 8.49642197e-03 5.35128319e-03 -5.73465360e-03 9.99933142e-01
1317357766.924278021 3.09837896e+01 -1.29098114e+00 2.56078504e-01 3.04259215e-03 6.40264883e-03 -5.23390737e-03 9.99961177e-01
1317357767.028222084 3.17927099e+01 -1.30552129e+00 2.54086125e-01 7.66628173e-04 5.62978088e-03 -5.41899859e-03 9.99969176e-01
1317357767.132189989 3.26007806e+01 -1.32259593e+00 2.75052033e-01 -3.18602234e-03 5.08779954e-03 -5.98493600e-03 9.99964071e-01
1317357767.236156940 3.33844450e+01 -1.30820853e+00 2.62347064e-01 -1.03837003e-03 6.29436823e-03 -5.57666810e-03 9.99964101e-01
1317357767.340122938 3.41997455e+01 -1.31358532e+00 2.65212907e-01 -4.24211905e-04 7.11417229e-03 -5.65757200e-03 9.99958599e-01
1317357767.444091082 3.50176827e+01 -1.31666676e+00 2.67003735e-01 9.43570847e-04 6.96902429e-03 -5.17629950e-03 9.99961873e-01
1317357767.548057079 3.58322268e+01 -1.28210294e+00 2.69967141e-01 4.63878650e-03 7.24714477e-03 -3.56817755e-03 9.99956613e-01
1317357767.652046919 3.66049742e+01 -1.27707678e+00 2.66430100e-01 4.79084112e-04 6.82287702e-03 -3.22899938e-03 9.99971396e-01
1317357767.756036043 3.73967484e+01 -1.27436877e+00 2.71092885e-01 3.25595204e-03 6.42706364e-03 -3.29840146e-03 9.99968606e-01
1317357767.860024929 3.80943327e+01 -1.28159134e+00 2.72167227e-01 1.90354892e-03 6.19760510e-03 -3.26760930e-03 9.99973644e-01
1317357767.964040995 3.88679857e+01 -1.29095364e+00 2.77350134e-01 7.00466872e-03 5.78744006e-03 -4.33473613e-03 9.99949324e-01
1317357768.068082094 3.95644449e+01 -1.28148933e+00 2.70973911e-01 9.82666423e-03 4.93955340e-03 -5.27036485e-03 9.99925628e-01
1317357768.172146082 4.02879113e+01 -1.28452474e+00 2.62422182e-01 9.23141369e-03 4.16074860e-03 -7.55773344e-03 9.99920172e-01
1317357768.276232004 4.09011887e+01 -1.29495458e+00 2.52473009e-01 1.47831837e-03 5.56383685e-03 -1.02152722e-02 9.99931251e-01
1317357768.380319118 4.14789498e+01 -1.28493056e+00 2.53492187e-01 -5.71163161e-03 6.29236569e-03 -1.25936931e-02 9.99884584e-01
1317357768.484381914 4.21315900e+01 -1.28022243e+00 2.58788589e-01 -7.18801024e-03 6.99307590e-03 -1.36210336e-02 9.99856938e-01
1317357768.588468075 4.27152733e+01 -1.27558508e+00 2.92540167e-01 -6.35624029e-03 7.64050398e-03 -1.62943299e-02 9.99817841e-01
1317357768.692553997 4.33175731e+01 -1.29080050e+00 2.99147399e-01 -6.26616006e-03 7.54352692e-03 -2.01571212e-02 9.99748729e-01
1317357768.796639919 4.39500383e+01 -1.30615086e+00 3.12189443e-01 -6.62051289e-03 7.39532882e-03 -2.49309435e-02 9.99639898e-01
1317357768.900774956 4.45425026e+01 -1.37862110e+00 3.17445699e-01 -6.79665934e-03 7.20354269e-03 -3.35952056e-02 9.99386450e-01
1317357769.004909992 4.51560674e+01 -1.42434349e+00 3.21868132e-01 -5.57925013e-03 8.10973901e-03 -3.94739096e-02 9.99172115e-01
1317357769.109019995 4.57524660e+01 -1.49347466e+00 3.30099216e-01 -8.55102515e-03 9.20187014e-03 -4.63603652e-02 9.98845795e-01
1317357769.213151932 4.63676541e+01 -1.54678487e+00 3.34366131e-01 -7.75575012e-03 9.50334302e-03 -5.27902271e-02 9.98530283e-01
1317357769.317287922 4.69249500e+01 -1.64050361e+00 3.11639593e-01 -7.11074661e-03 9.80032584e-03 -6.09764602e-02 9.98065760e-01
1317357769.421423912 4.75121390e+01 -1.71376905e+00 3.12943681e-01 -7.44241638e-03 9.38282859e-03 -6.99131263e-02 9.97481192e-01
1317357769.525608063 4.80135313e+01 -1.80249578e+00 3.13630825e-01 -7.20028049e-03 7.91607248e-03 -8.06928374e-02 9.96681573e-01
1317357769.629813910 4.84498056e+01 -1.91206788e+00 3.13921175e-01 -9.08766778e-03 7.96451802e-03 -9.40424379e-02 9.95494852e-01
1317357769.734045982 4.89534635e+01 -2.02159261e+00 3.17071011e-01 -9.33733778e-03 8.14909388e-03 -1.06088374e-01 9.94279469e-01
1317357769.838277102 4.94341407e+01 -2.12985418e+00 3.11340310e-01 -7.86027442e-03 6.87827656e-03 -1.18874770e-01 9.92854317e-01
1317357769.942506075 4.98246765e+01 -2.24312800e+00 3.08441133e-01 -7.05219247e-03 6.92205985e-03 -1.33821274e-01 9.90956214e-01
1317357770.046736002 5.02412161e+01 -2.37946922e+00 3.12074594e-01 -8.09499419e-03 6.62759027e-03 -1.48831781e-01 9.88807184e-01
1317357770.150990963 5.06774797e+01 -2.52500371e+00 3.16644942e-01 -1.02894802e-02 6.04206424e-03 -1.64291115e-01 9.86339723e-01
1317357770.255248070 5.10819177e+01 -2.71667767e+00 3.26397612e-01 -1.20105757e-02 4.38525544e-03 -1.81675606e-01 9.83275389e-01
1317357770.359503031 5.14864128e+01 -2.89632979e+00 3.32388557e-01 -1.21883419e-02 5.43046755e-03 -1.98469249e-01 9.80016281e-01
1317357770.463783026 5.18567070e+01 -3.10576551e+00 3.42802837e-01 -1.14494281e-02 7.04052786e-03 -2.17101706e-01 9.76056449e-01
1317357770.568058968 5.22277692e+01 -3.29990947e+00 3.41087831e-01 -1.10191186e-02 6.90169281e-03 -2.35556311e-01 9.71773724e-01
1317357770.672360897 5.25722070e+01 -3.50838234e+00 3.49430819e-01 -1.07646092e-02 6.67964104e-03 -2.54192238e-01 9.67070738e-01
1317357770.776640892 5.28821256e+01 -3.73062712e+00 3.41689940e-01 -1.04726132e-02 5.94555931e-03 -2.74265577e-01 9.61578581e-01
1317357770.880894899 5.31969806e+01 -3.97234757e+00 3.51114311e-01 -1.03342570e-02 4.84086001e-03 -2.94297497e-01 9.55645725e-01
1317357770.985147953 5.34937580e+01 -4.22257322e+00 3.57067674e-01 -9.20346130e-03 3.84286489e-03 -3.14688106e-01 9.49142731e-01
1317357771.089401960 5.37846723e+01 -4.48077355e+00 3.73178000e-01 -9.72079448e-03 4.41349734e-03 -3.35329683e-01 9.42040355e-01
1317357771.193634033 5.40620533e+01 -4.77481119e+00 3.89262582e-01 -9.41908548e-03 6.78468673e-03 -3.56722865e-01 9.34138130e-01
1317357771.297842026 5.43241562e+01 -5.05699744e+00 4.00871017e-01 -9.19104013e-03 7.96779503e-03 -3.77760882e-01 9.25823285e-01
1317357771.402050018 5.45743151e+01 -5.30804596e+00 3.92398634e-01 -7.37586518e-03 9.63497859e-03 -3.99918873e-01 9.16470217e-01
1317357771.506253958 5.48028413e+01 -5.61239886e+00 3.87437419e-01 -6.61536253e-03 1.06352671e-02 -4.21623002e-01 9.06684715e-01
1317357771.610436916 5.49789362e+01 -5.90401567e+00 3.60402865e-01 -1.31965488e-03 1.14989685e-02 -4.43402472e-01 8.96247890e-01
1317357771.714620113 5.51408313e+01 -6.21248432e+00 3.50344734e-01 -2.98181250e-05 1.07531282e-02 -4.65168647e-01 8.85156765e-01
1317357771.818825960 5.52901636e+01 -6.52491135e+00 3.38534687e-01 2.36551542e-03 1.07227873e-02 -4.87630269e-01 8.72981183e-01
1317357771.923011065 5.54486527e+01 -6.85912061e+00 3.44053476e-01 2.59319703e-05 9.53522308e-03 -5.10373729e-01 8.59899840e-01
1317357772.027169943 5.56041311e+01 -7.23631396e+00 3.44109316e-01 -2.19537815e-03 9.21474521e-03 -5.33121284e-01 8.45985795e-01
1317357772.131328106 5.57411501e+01 -7.60778577e+00 3.45583654e-01 -4.01476898e-03 1.05085517e-02 -5.56272285e-01 8.30923942e-01
1317357772.235440016 5.58634294e+01 -8.02979908e+00 3.40468685e-01 -5.51886504e-03 1.07747212e-02 -5.76315397e-01 8.17137694e-01
1317357772.339500904 5.59685525e+01 -8.46102450e+00 3.65426668e-01 -7.57583150e-03 1.04919466e-02 -5.96899384e-01 8.02211725e-01
1317357772.443519115 5.60615425e+01 -8.90651886e+00 3.74600347e-01 -8.02868080e-03 1.07807967e-02 -6.14891880e-01 7.88496855e-01
1317357772.547439098 5.61349186e+01 -9.35018323e+00 3.76210830e-01 -7.09544161e-03 1.36851670e-02 -6.30480238e-01 7.76052215e-01
1317357772.651329994 5.61967911e+01 -9.85202274e+00 3.75546860e-01 -6.59479608e-03 1.38696453e-02 -6.44139171e-01 7.64754124e-01
1317357772.755202055 5.62342564e+01 -1.03600781e+01 3.43596090e-01 -4.27213503e-03 1.58534183e-02 -6.58052987e-01 7.52792590e-01
1317357772.859025002 5.62630082e+01 -1.08955287e+01 3.51336514e-01 -3.96788880e-03 1.44490474e-02 -6.69687361e-01 7.42491966e-01
1317357772.962822914 5.62918075e+01 -1.14610968e+01 3.41303239e-01 -2.16744908e-03 1.57089360e-02 -6.81125649e-01 7.31994796e-01
1317357773.066574097 5.63092802e+01 -1.20273653e+01 3.44443603e-01 -4.14563025e-03 1.58837938e-02 -6.90159797e-01 7.23470782e-01
1317357773.170277119 5.63285402e+01 -1.25907351e+01 3.29685004e-01 -6.60212812e-03 1.78092208e-02 -6.99375624e-01 7.14501910e-01
1317357773.273956060 5.63225498e+01 -1.31979894e+01 3.16986434e-01 -6.59141248e-03 1.65260861e-02 -7.05041296e-01 7.08943025e-01
1317357773.377633095 5.63297286e+01 -1.38083601e+01 2.75966647e-01 -6.51519521e-03 1.69676560e-02 -7.11736843e-01 7.02211021e-01
1317357773.481311083 5.63021165e+01 -1.44351357e+01 2.83156192e-01 -6.99184322e-03 1.64590911e-02 -7.16581420e-01 6.97274179e-01
1317357773.585012913 5.62851356e+01 -1.50619781e+01 2.87622264e-01 -8.51779049e-03 1.90611674e-02 -7.22841346e-01 6.90698565e-01
1317357773.688739061 5.62477710e+01 -1.57318827e+01 2.83327828e-01 -8.84274720e-03 1.82257737e-02 -7.26671306e-01 6.86686566e-01
1317357773.792490959 5.61896439e+01 -1.64424928e+01 2.63725136e-01 -1.02870767e-02 1.88371394e-02 -7.31740098e-01 6.81245746e-01
1317357773.896241903 5.61157717e+01 -1.71993457e+01 2.11022259e-01 -7.32360074e-03 1.45279357e-02 -7.36755570e-01 6.75963412e-01
1317357773.999944925 5.60431567e+01 -1.79287291e+01 2.09533401e-01 -6.49022039e-03 1.28260334e-02 -7.38945057e-01 6.73612331e-01
1317357774.103625059 5.59461603e+01 -1.86764758e+01 2.18419063e-01 -4.53377780e-03 1.27876273e-02 -7.42072678e-01 6.70182111e-01
1317357774.207304001 5.58684214e+01 -1.94315106e+01 2.14721160e-01 -7.34824469e-03 1.50905835e-02 -7.42749675e-01 6.69358796e-01
1317357774.311007977 5.57771096e+01 -2.02089836e+01 2.11883912e-01 -4.58008975e-03 1.37830985e-02 -7.42100477e-01 6.70131279e-01
1317357774.414736032 5.57090705e+01 -2.10177751e+01 2.05645968e-01 -3.40192715e-03 1.18120062e-02 -7.40326829e-01 6.72134726e-01
1317357774.518460989 5.56538352e+01 -2.18103056e+01 2.13636729e-01 -3.58383079e-03 1.09155745e-02 -7.38566396e-01 6.74082848e-01
1317357774.622211933 5.56198549e+01 -2.26526542e+01 1.90077625e-01 7.39268484e-04 7.86165691e-03 -7.36398989e-01 6.76501424e-01
1317357774.725963116 5.55548438e+01 -2.34892585e+01 1.79086984e-01 1.81943501e-03 6.73378946e-03 -7.34689342e-01 6.78367833e-01
1317357774.829714060 5.54772079e+01 -2.43499151e+01 1.87631631e-01 4.51777073e-03 4.37525761e-03 -7.33241923e-01 6.79938769e-01
1317357774.933489084 5.53833168e+01 -2.51827004e+01 1.82404982e-01 6.29808322e-03 4.25862760e-03 -7.32632451e-01 6.80582023e-01
1317357775.037261963 5.53244150e+01 -2.60390031e+01 1.81728338e-01 7.55270791e-03 4.65742711e-03 -7.31668979e-01 6.81602355e-01
1317357775.141060114 5.52406433e+01 -2.68137986e+01 1.66443026e-01 9.86426756e-03 5.76133781e-03 -7.30772166e-01 6.82525856e-01
1317357775.244883060 5.51969847e+01 -2.76476470e+01 1.63112823e-01 9.47069820e-03 7.53288220e-03 -7.29713001e-01 6.83646471e-01
1317357775.348706961 5.51590911e+01 -2.84321073e+01 1.58022169e-01 9.22941346e-03 1.07772179e-02 -7.28406265e-01 6.84998528e-01
1317357775.452555895 5.51214799e+01 -2.92700415e+01 1.47704585e-01 8.35807709e-03 1.30739024e-02 -7.27478404e-01 6.85955091e-01
1317357775.556399107 5.51144120e+01 -3.00323132e+01 1.33445152e-01 8.80081115e-03 1.62012337e-02 -7.24763509e-01 6.88750987e-01
1317357775.660221100 5.50815144e+01 -3.08703413e+01 1.37076407e-01 8.52320978e-03 1.54463533e-02 -7.23151044e-01 6.90464578e-01
1317357775.764066935 5.50590531e+01 -3.16457778e+01 1.28527799e-01 6.52472512e-03 1.14845855e-02 -7.21301794e-01 6.92494949e-01
1317357775.867938042 5.50262365e+01 -3.24764542e+01 1.30721005e-01 4.29753511e-03 1.01665708e-02 -7.19763215e-01 6.94131894e-01
1317357775.971812010 5.50078620e+01 -3.32582035e+01 1.08908127e-01 4.82952183e-03 7.55654629e-03 -7.19081505e-01 6.94867875e-01
1317357776.075683117 5.49791601e+01 -3.41036135e+01 9.69023764e-02 6.35905725e-03 7.12035572e-03 -7.18497930e-01 6.95463578e-01
1317357776.179550886 5.49452783e+01 -3.49167704e+01 9.28662338e-02 5.92373645e-03 6.47080742e-03 -7.18498205e-01 6.95473485e-01
1317357776.283446074 5.49289115e+01 -3.57452244e+01 8.87565291e-02 4.43621707e-03 7.03434216e-03 -7.18523024e-01 6.95453451e-01
1317357776.387341022 5.49333069e+01 -3.65608464e+01 5.52662631e-02 1.78836698e-03 1.05497037e-02 -7.18488955e-01 6.95456057e-01
1317357776.491235018 5.49054323e+01 -3.73929003e+01 5.90393217e-02 9.84103033e-04 1.13513841e-02 -7.17406996e-01 6.96561110e-01
1317357776.595177889 5.48939997e+01 -3.82273779e+01 4.62536917e-02 -1.51758512e-04 1.43530472e-02 -7.17420157e-01 6.96492846e-01
1317357776.699121952 5.48652216e+01 -3.90996764e+01 5.77066554e-02 -1.30192280e-03 1.33423025e-02 -7.17024784e-01 6.96918752e-01
1317357776.803040028 5.48440953e+01 -3.99615767e+01 5.76803241e-02 -4.42005549e-03 1.18461981e-02 -7.16832774e-01 6.97130479e-01
1317357776.906960011 5.48066341e+01 -4.08419438e+01 7.33618668e-02 -3.16063688e-03 7.98435097e-03 -7.17498140e-01 6.96507487e-01
1317357777.010853052 5.47883833e+01 -4.17148393e+01 1.10912925e-01 -2.33371404e-03 5.37383502e-03 -7.17240422e-01 6.96801157e-01
1317357777.114747047 5.47347373e+01 -4.25975138e+01 9.25292669e-02 4.23341063e-04 1.73087831e-03 -7.18641430e-01 6.95378545e-01
1317357777.218667984 5.47054894e+01 -4.34726056e+01 1.12059641e-01 -5.44752910e-06 2.11543577e-03 -7.18351976e-01 6.95676623e-01
1317357777.322609901 5.46744610e+01 -4.43388878e+01 9.58947470e-02 -1.45734550e-04 4.60739413e-03 -7.19947053e-01 6.94013682e-01
1317357777.426552057 5.46394448e+01 -4.52320428e+01 1.09707463e-01 1.42615023e-03 4.30391305e-03 -7.20423684e-01 6.93519400e-01
1317357777.530471087 5.45736950e+01 -4.61804310e+01 4.25605683e-02 3.21094704e-03 4.04115354e-03 -7.20646456e-01 6.93283524e-01
1317357777.634365082 5.45247848e+01 -4.71624295e+01 -5.16280615e-03 3.69430716e-03 5.31072125e-03 -7.21119197e-01 6.92780811e-01
1317357777.738261938 5.44903272e+01 -4.81045256e+01 1.20099094e-03 4.33927918e-03 3.32631198e-03 -7.20767746e-01 6.93155078e-01
1317357777.842186928 5.44442918e+01 -4.90779823e+01 -4.99094237e-04 7.05702261e-03 2.82425153e-03 -7.20568301e-01 6.93342300e-01
1317357777.946079969 5.43910175e+01 -5.01021629e+01 6.19872085e-03 4.89871650e-03 7.08615912e-03 -7.21921465e-01 6.91921374e-01
1317357778.049945116 5.43492196e+01 -5.10749414e+01 1.30822222e-02 5.62355107e-03 8.11453518e-03 -7.21367163e-01 6.92482452e-01
1317357778.153790951 5.42959471e+01 -5.21054958e+01 3.76687952e-03 5.20947300e-03 8.01725380e-03 -7.21684507e-01 6.92156093e-01
1317357778.257637978 5.42558827e+01 -5.30758279e+01 -1.83612686e-02 7.92537897e-03 6.28225713e-03 -7.21704258e-01 6.92127652e-01
1317357778.361509085 5.42269081e+01 -5.40656581e+01 -8.28565517e-03 6.17339090e-03 8.06085361e-03 -7.21146867e-01 6.92707809e-01
1317357778.465379000 5.42019564e+01 -5.50836624e+01 -3.16985430e-02 3.90331237e-03 9.18359145e-03 -7.21805082e-01 6.92024457e-01
1317357778.569228888 5.41639640e+01 -5.61068785e+01 -4.00024947e-02 4.24629792e-03 1.06475796e-02 -7.21359911e-01 6.92465506e-01
1317357778.673074961 5.41296693e+01 -5.71747709e+01 -4.39374279e-02 3.63587505e-03 1.24805117e-02 -7.21512249e-01 6.92279634e-01
1317357778.776943922 5.40934414e+01 -5.82123673e+01 -4.99228722e-02 3.33659846e-03 1.19616885e-02 -7.21056037e-01 6.92765455e-01
1317357778.880790949 5.40271711e+01 -5.92871119e+01 -7.22531961e-02 3.85892542e-03 9.74136263e-03 -7.21504506e-01 6.92330457e-01
1317357778.984637022 5.39855757e+01 -6.03403693e+01 -6.80508662e-02 2.80947906e-03 9.45332024e-03 -7.21713896e-01 6.92121228e-01
1317357779.088510036 5.39539323e+01 -6.14038098e+01 -8.78574387e-02 4.09702112e-03 9.19583324e-03 -7.22379525e-01 6.91423511e-01
1317357779.192404985 5.38774665e+01 -6.24742902e+01 -1.46481080e-01 8.22829728e-03 1.00546057e-02 -7.24414149e-01 6.89242585e-01
1317357779.296324015 5.38313491e+01 -6.35648699e+01 -1.52024672e-01 9.23284658e-03 1.09533372e-02 -7.25297098e-01 6.88286931e-01
1317357779.400243044 5.37760584e+01 -6.46637235e+01 -1.74569842e-01 1.24140439e-02 6.63400009e-03 -7.27408049e-01 6.86060793e-01
1317357779.504158974 5.37074499e+01 -6.57618295e+01 -1.85157246e-01 1.34077283e-02 5.39086948e-03 -7.28200918e-01 6.85211350e-01
1317357779.608078003 5.36108260e+01 -6.68710112e+01 -1.95516548e-01 1.28253847e-02 8.44431274e-03 -7.29691476e-01 6.83604091e-01
1317357779.711996078 5.35361192e+01 -6.79558867e+01 -2.01769781e-01 1.43079415e-02 7.39905876e-03 -7.30775169e-01 6.82428157e-01
1317357779.815890074 5.34453164e+01 -6.89846895e+01 -2.23349666e-01 1.44325531e-02 5.69338052e-03 -7.31929217e-01 6.81204014e-01
1317357779.919786930 5.33746571e+01 -7.00644729e+01 -2.43250271e-01 1.02408298e-02 6.05367780e-03 -7.32475746e-01 6.80689180e-01
1317357780.023680925 5.32696726e+01 -7.10843474e+01 -3.02183824e-01 9.37582669e-03 6.65705298e-03 -7.33732941e-01 6.79340672e-01
1317357780.127527952 5.31857001e+01 -7.21772529e+01 -3.06484793e-01 9.26502061e-03 6.43721859e-03 -7.33331954e-01 6.79777145e-01
1317357780.231328011 5.31196982e+01 -7.32453284e+01 -3.23662323e-01 9.63387547e-03 6.69384125e-03 -7.32292123e-01 6.80889586e-01
1317357780.335100889 5.30388638e+01 -7.43391159e+01 -3.30615235e-01 8.96247244e-03 9.08307377e-03 -7.31400224e-01 6.81829073e-01
1317357780.438875914 5.29647253e+01 -7.53968766e+01 -3.25630716e-01 1.49969004e-02 6.15083649e-03 -7.30292769e-01 6.82941968e-01
1317357780.542627096 5.28889111e+01 -7.64859323e+01 -3.33629470e-01 1.51421616e-02 7.09513845e-03 -7.28934771e-01 6.84378896e-01
1317357780.646378040 5.28253619e+01 -7.75229827e+01 -3.49805074e-01 1.64649351e-02 7.81126451e-03 -7.28226883e-01 6.85093787e-01
1317357780.750152111 5.27684698e+01 -7.85764302e+01 -3.59749919e-01 1.49329020e-02 6.16825542e-03 -7.28172653e-01 6.85203290e-01
1317357780.853926897 5.27454178e+01 -7.95952358e+01 -3.90671651e-01 1.68395281e-02 1.49320796e-03 -7.27202140e-01 6.86215162e-01
1317357780.957726955 5.26935507e+01 -8.06536321e+01 -3.83961958e-01 1.67622217e-02 2.33537649e-03 -7.27415675e-01 6.85988345e-01
1317357781.061526060 5.26725111e+01 -8.16770533e+01 -4.34873187e-01 2.05077316e-02 7.05899605e-04 -7.26742044e-01 6.86603915e-01
1317357781.165297985 5.26052249e+01 -8.27061130e+01 -4.37780400e-01 2.01819665e-02 -2.52755702e-04 -7.27387142e-01 6.85930441e-01
1317357781.269072056 5.25646689e+01 -8.37352051e+01 -4.32914373e-01 1.76034597e-02 -9.27600261e-04 -7.28019531e-01 6.85329717e-01
1317357781.372848988 5.25355956e+01 -8.47948330e+01 -4.61247536e-01 1.78115907e-02 -1.32402807e-03 -7.25158498e-01 6.88350308e-01
1317357781.476600885 5.24921728e+01 -8.58338282e+01 -4.72646744e-01 1.74060911e-02 -1.27346041e-03 -7.25347156e-01 6.88161979e-01
1317357781.580327034 5.24861610e+01 -8.69769611e+01 -5.20812997e-01 1.75111786e-02 -5.41742756e-04 -7.20841518e-01 6.92878468e-01
1317357781.684029102 5.24553387e+01 -8.80440902e+01 -5.21104055e-01 1.56520800e-02 3.74490809e-03 -7.19414843e-01 6.94394176e-01
1317357781.787755966 5.24329620e+01 -8.91789049e+01 -5.53357857e-01 1.35749819e-02 6.60632889e-03 -7.16828452e-01 6.97086111e-01
1317357781.891530991 5.24126801e+01 -9.02563645e+01 -5.67585093e-01 9.79339711e-03 8.30710857e-03 -7.16157626e-01 6.97820418e-01
1317357781.995304108 5.24074062e+01 -9.13770021e+01 -6.07267664e-01 4.93051237e-03 7.54671308e-03 -7.14874419e-01 6.99194753e-01
1317357782.099103928 5.23881601e+01 -9.24273582e+01 -5.99226574e-01 -3.47357586e-04 5.10370829e-03 -7.14570092e-01 6.99545149e-01
1317357782.202903986 5.23619031e+01 -9.35513076e+01 -6.32538798e-01 4.40226863e-03 6.07431589e-05 -7.13201887e-01 7.00944852e-01
1317357782.306704044 5.23594653e+01 -9.46442950e+01 -6.23618420e-01 6.48595953e-03 1.55250806e-03 -7.11368266e-01 7.02787815e-01
1317357782.410526991 5.23613374e+01 -9.57708908e+01 -5.98940589e-01 1.11758333e-02 -4.67938685e-04 -7.08631219e-01 7.05490381e-01
1317357782.514348984 5.23771319e+01 -9.68301449e+01 -5.96192534e-01 1.31276486e-02 8.61367218e-04 -7.09447858e-01 7.04635125e-01
1317357782.618171930 5.23888029e+01 -9.79528161e+01 -6.47798973e-01 1.53249893e-02 4.67817000e-03 -7.10864576e-01 7.03146368e-01
1317357782.721992970 5.23842277e+01 -9.90177707e+01 -6.44385706e-01 1.54503771e-02 4.61374491e-03 -7.11841445e-01 7.02155080e-01
1317357782.825815916 5.22887844e+01 -1.00100078e+02 -6.80126912e-01 1.43795359e-02 8.07116776e-03 -7.16730379e-01 6.97155398e-01
1317357782.929615021 5.22621559e+01 -1.01181692e+02 -6.94353151e-01 1.37030510e-02 9.23913221e-03 -7.17716753e-01 6.96139014e-01
1317357783.033412933 5.22046640e+01 -1.02299510e+02 -7.24303814e-01 1.06967459e-02 1.26328271e-02 -7.17319048e-01 6.96548185e-01
1317357783.137208939 5.21794326e+01 -1.03364350e+02 -7.29494522e-01 6.05502677e-03 1.02726028e-02 -7.17701434e-01 6.96248851e-01
1317357783.240984917 5.21702719e+01 -1.04426675e+02 -7.74903124e-01 5.88988021e-03 6.64258313e-03 -7.17552122e-01 6.96448231e-01
1317357783.344784975 5.21476695e+01 -1.05505286e+02 -7.63015966e-01 3.73774284e-03 5.79157437e-03 -7.17352913e-01 6.96675882e-01
1317357783.448606968 5.21312406e+01 -1.06593692e+02 -7.48270973e-01 2.93949062e-03 9.82000822e-03 -7.18444390e-01 6.95508868e-01
1317357783.552406073 5.21054134e+01 -1.07704285e+02 -7.74071863e-01 7.37602166e-03 1.06426300e-02 -7.20203865e-01 6.93641638e-01
1317357783.656204939 5.20669422e+01 -1.08832994e+02 -7.91572236e-01 7.90061979e-03 1.44238933e-02 -7.19843240e-01 6.93941814e-01
1317357783.760004997 5.20195432e+01 -1.09928131e+02 -8.02484917e-01 1.18312419e-02 1.50003693e-02 -7.20024018e-01 6.93686113e-01
1317357783.863779068 5.19885641e+01 -1.11025701e+02 -8.24649328e-01 1.23321078e-02 1.45735915e-02 -7.19356777e-01 6.94378396e-01
1317357783.967556000 5.19351102e+01 -1.11999479e+02 -9.21523998e-01 9.76555898e-03 1.60156802e-02 -7.19127055e-01 6.94625374e-01
1317357784.071332932 5.18720632e+01 -1.13057679e+02 -9.15645316e-01 3.15479271e-03 1.22640645e-02 -7.17747037e-01 6.96188790e-01
1317357784.175105095 5.18360717e+01 -1.14104149e+02 -9.13394550e-01 -1.69806042e-03 8.96963478e-03 -7.17184153e-01 6.96823904e-01
1317357784.278902054 5.17870104e+01 -1.15065079e+02 -9.27272185e-01 -6.21739473e-04 1.00625775e-02 -7.19230726e-01 6.94698150e-01
1317357784.382725000 5.17465389e+01 -1.16139659e+02 -9.15674547e-01 1.13685684e-03 1.22842191e-02 -7.18149772e-01 6.95779211e-01
1317357784.486524105 5.16816136e+01 -1.17118447e+02 -9.14768772e-01 7.39143725e-03 1.12286158e-02 -7.19054519e-01 6.94823634e-01
1317357784.590323925 5.16534497e+01 -1.18191849e+02 -9.03056140e-01 5.92554166e-03 1.63755467e-02 -7.17587333e-01 6.96250780e-01
1317357784.694147110 5.16065228e+01 -1.19143217e+02 -9.89690242e-01 1.14181183e-02 1.73579593e-02 -7.19124787e-01 6.94570276e-01
1317357784.797993898 5.15702030e+01 -1.20182287e+02 -1.00077205e+00 1.07117712e-02 2.03254095e-02 -7.19123101e-01 6.94502773e-01
1317357784.901865959 5.15274682e+01 -1.21132549e+02 -1.07012070e+00 1.63971522e-02 2.00812202e-02 -7.20489415e-01 6.92981155e-01
1317357785.005759954 5.14977672e+01 -1.22136670e+02 -1.08061382e+00 1.24084999e-02 1.90933103e-02 -7.20307965e-01 6.93280542e-01
1317357785.109654903 5.14327377e+01 -1.23054149e+02 -1.12680896e+00 1.55143347e-02 1.44618681e-02 -7.22861275e-01 6.90667603e-01
1317357785.213526011 5.13869762e+01 -1.24055623e+02 -1.13648224e+00 1.43022627e-02 1.29513833e-02 -7.22565242e-01 6.91033413e-01
1317357785.317420959 5.13406273e+01 -1.24979973e+02 -1.18438725e+00 1.38105212e-02 9.06809248e-03 -7.23611947e-01 6.90009267e-01
1317357785.421313047 5.12915114e+01 -1.25985939e+02 -1.19900970e+00 1.36415814e-02 7.72450905e-03 -7.22787292e-01 6.90892734e-01
1317357785.525182962 5.12475562e+01 -1.26955394e+02 -1.20490563e+00 1.47608125e-02 7.45200434e-03 -7.23344741e-01 6.90289050e-01
1317357785.629054070 5.12344596e+01 -1.27935277e+02 -1.24165582e+00 1.49410522e-02 7.33994931e-03 -7.22835000e-01 6.90820131e-01
1317357785.732949018 5.12242138e+01 -1.28859575e+02 -1.27169248e+00 1.35815215e-02 1.15740217e-02 -7.24536914e-01 6.89004967e-01
1317357785.836868048 5.11808422e+01 -1.29840531e+02 -1.26580150e+00 1.43534502e-02 1.67974857e-02 -7.25030395e-01 6.88362367e-01
1317357785.940813065 5.11293409e+01 -1.30769992e+02 -1.27360402e+00 1.36437785e-02 2.33295280e-02 -7.25243324e-01 6.87961992e-01
1317357786.044755936 5.10885308e+01 -1.31706469e+02 -1.28900156e+00 1.16054096e-02 2.44555359e-02 -7.25365786e-01 6.87831170e-01
1317357786.148653984 5.10396979e+01 -1.32566510e+02 -1.32978123e+00 1.02036407e-02 2.42642988e-02 -7.24905064e-01 6.88345681e-01
1317357786.252547979 5.09817291e+01 -1.33440547e+02 -1.36477564e+00 6.46949420e-03 2.24382504e-02 -7.25173455e-01 6.88170132e-01
1317357786.356437922 5.09545387e+01 -1.34220245e+02 -1.43114875e+00 6.61050423e-03 1.78330832e-02 -7.24370014e-01 6.89149015e-01
1317357786.460309982 5.08982348e+01 -1.35081423e+02 -1.44206430e+00 6.67869448e-03 1.57656644e-02 -7.23444138e-01 6.90170571e-01
1317357786.564181089 5.08738050e+01 -1.35881570e+02 -1.44603446e+00 5.79563093e-03 1.35262433e-02 -7.22435914e-01 6.91281276e-01
1317357786.668050051 5.08382717e+01 -1.36702998e+02 -1.44212711e+00 8.31313336e-03 1.26665192e-02 -7.20502809e-01 6.93286487e-01
1317357786.771943092 5.08252848e+01 -1.37470604e+02 -1.46300090e+00 1.43395232e-02 1.01282339e-02 -7.19852617e-01 6.93904897e-01
1317357786.875859976 5.08047770e+01 -1.38245007e+02 -1.46516777e+00 1.40867029e-02 1.02209006e-02 -7.17993698e-01 6.95831982e-01
1317357786.979782104 5.08101886e+01 -1.38946936e+02 -1.50143529e+00 1.65653939e-02 7.19907805e-03 -7.14525402e-01 6.99376302e-01
1317357787.083724976 5.08134681e+01 -1.39686268e+02 -1.50377584e+00 1.49395701e-02 6.40239570e-03 -7.12087063e-01 7.01903009e-01
1317357787.187691927 5.08179179e+01 -1.40338002e+02 -1.51838892e+00 1.31588659e-02 1.03539849e-02 -7.09794269e-01 7.04210008e-01
1317357787.291682959 5.08015209e+01 -1.40938890e+02 -1.52488493e+00 1.17585989e-02 1.18021468e-02 -7.10588182e-01 7.03410891e-01
1317357787.395697117 5.08011481e+01 -1.41592070e+02 -1.53092178e+00 9.22722590e-03 1.48848638e-02 -7.08886156e-01 7.05105465e-01
1317357787.499711037 5.07943353e+01 -1.42090347e+02 -1.55977225e+00 6.12363432e-03 1.66727425e-02 -7.08389042e-01 7.05598672e-01
1317357787.603750944 5.07887069e+01 -1.42618332e+02 -1.56407958e+00 5.68914306e-03 1.46550117e-02 -7.06940257e-01 7.07098535e-01
1317357787.707838058 5.07862170e+01 -1.43185079e+02 -1.57256673e+00 3.40437549e-03 1.38020761e-02 -7.05894862e-01 7.08173959e-01
1317357787.811949015 5.07967999e+01 -1.43621156e+02 -1.56711402e+00 5.92424199e-03 1.05307025e-02 -7.06117076e-01 7.07992007e-01
1317357787.916058064 5.08090655e+01 -1.44158520e+02 -1.56750641e+00 4.44101834e-03 1.26271901e-02 -7.06147520e-01 7.07938212e-01
1317357788.020168066 5.08341172e+01 -1.44642329e+02 -1.56501418e+00 3.74320772e-03 1.60335484e-02 -7.07303048e-01 7.06718694e-01
1317357788.124279022 5.08381961e+01 -1.45182909e+02 -1.56463161e+00 6.08852122e-03 1.67241387e-02 -7.07894239e-01 7.06094171e-01
1317357788.228389978 5.08187121e+01 -1.45641246e+02 -1.56627015e+00 8.61093730e-03 1.67278768e-02 -7.10421483e-01 7.03524943e-01
1317357788.332499981 5.08084643e+01 -1.46156111e+02 -1.56545337e+00 9.92562943e-03 1.52631567e-02 -7.10846182e-01 7.03111814e-01
1317357788.436585903 5.07883848e+01 -1.46626972e+02 -1.56371077e+00 1.08322051e-02 1.55966544e-02 -7.12572588e-01 7.01341368e-01
1317357788.540652037 5.07830822e+01 -1.47135581e+02 -1.56958504e+00 9.85584063e-03 1.54734102e-02 -7.13840483e-01 7.00067997e-01
1317357788.644714117 5.07766506e+01 -1.47648205e+02 -1.58874604e+00 8.49994776e-03 1.50475853e-02 -7.14238164e-01 6.99689336e-01
1317357788.748776913 5.07679297e+01 -1.48120620e+02 -1.61952506e+00 7.82486483e-03 1.61104367e-02 -7.14862517e-01 6.99035627e-01
1317357788.852840900 5.07503757e+01 -1.48628033e+02 -1.62757645e+00 8.45941237e-03 1.70191310e-02 -7.16030239e-01 6.97810494e-01
1317357788.956902027 5.07448560e+01 -1.49116670e+02 -1.64651792e+00 6.26485924e-03 1.99563554e-02 -7.16774362e-01 6.96991399e-01
1317357789.060966015 5.07323454e+01 -1.49610758e+02 -1.66127986e+00 7.38540510e-03 2.05633613e-02 -7.17180194e-01 6.96545169e-01
1317357789.165007114 5.07186569e+01 -1.50087961e+02 -1.68583524e+00 8.53909133e-03 2.15544760e-02 -7.18407348e-01 6.95236197e-01
1317357789.269021034 5.07096925e+01 -1.50579016e+02 -1.69805418e+00 9.09749846e-03 2.22222546e-02 -7.18867289e-01 6.94732487e-01
1317357789.373033047 5.06896296e+01 -1.51061471e+02 -1.70969014e+00 8.79233491e-03 2.27512846e-02 -7.19038434e-01 6.94542155e-01
1317357789.477024078 5.06840956e+01 -1.51529480e+02 -1.72491697e+00 7.26849642e-03 2.41161986e-02 -7.18939784e-01 6.94615840e-01
1317357789.580991030 5.06764936e+01 -1.52016426e+02 -1.73105160e+00 6.76006749e-03 2.46994577e-02 -7.17902473e-01 6.95672536e-01
1317357789.684909105 5.06490541e+01 -1.52497467e+02 -1.72956327e+00 6.17631892e-03 2.34664109e-02 -7.16977253e-01 6.96674098e-01
1317357789.788779974 5.06447489e+01 -1.52978932e+02 -1.73223796e+00 6.12534660e-03 2.26226611e-02 -7.14078673e-01 6.99673026e-01
1317357789.892626047 5.06432169e+01 -1.53492111e+02 -1.75245347e+00 6.92828644e-03 2.26082093e-02 -7.10779465e-01 7.03017368e-01
1317357789.996402025 5.06346022e+01 -1.53963996e+02 -1.77493298e+00 6.94497113e-03 2.22147819e-02 -7.05526740e-01 7.08300989e-01
1317357790.100080967 5.06409574e+01 -1.54426726e+02 -1.81257409e+00 7.01913979e-03 2.01099877e-02 -6.97517970e-01 7.16250656e-01
1317357790.203687906 5.06456609e+01 -1.54890286e+02 -1.83449678e+00 8.09584989e-03 1.76662638e-02 -6.87332456e-01 7.26082953e-01
1317357790.307270050 5.06886121e+01 -1.55337699e+02 -1.83543907e+00 8.76936048e-03 1.71160941e-02 -6.73676295e-01 7.38776277e-01
1317357790.410876989 5.07588401e+01 -1.55765974e+02 -1.82988938e+00 9.19701062e-03 1.79479729e-02 -6.57706661e-01 7.53004139e-01
1317357790.514530897 5.08477139e+01 -1.56139490e+02 -1.83659019e+00 8.24570141e-03 1.80177642e-02 -6.42150502e-01 7.66322452e-01
1317357790.618207932 5.09495982e+01 -1.56552917e+02 -1.85316353e+00 7.36367849e-03 1.66685664e-02 -6.25403261e-01 7.80088903e-01
1317357790.721911907 5.10767156e+01 -1.56950302e+02 -1.83109899e+00 1.10012787e-02 1.22365920e-02 -6.08851348e-01 7.93113658e-01
1317357790.825639009 5.12159835e+01 -1.57342037e+02 -1.83282282e+00 1.18322102e-02 1.12321527e-02 -5.91772332e-01 8.05940038e-01
1317357790.929389954 5.13667865e+01 -1.57712581e+02 -1.82763425e+00 1.15159443e-02 1.14519485e-02 -5.73943004e-01 8.18734184e-01
1317357791.033166885 5.15654258e+01 -1.58076992e+02 -1.83402070e+00 8.33695603e-03 1.36699211e-02 -5.57911233e-01 8.29746156e-01
1317357791.136941910 5.17560897e+01 -1.58432870e+02 -1.84651042e+00 5.81735051e-03 1.37063330e-02 -5.39986258e-01 8.41542118e-01
1317357791.240741014 5.19603893e+01 -1.58789869e+02 -1.85741819e+00 3.59371302e-03 1.22458750e-02 -5.21036425e-01 8.53439024e-01
1317357791.344538927 5.22080022e+01 -1.59110591e+02 -1.87362234e+00 1.01848260e-03 7.98197609e-03 -5.01896706e-01 8.64890136e-01
1317357791.448312044 5.24495128e+01 -1.59464355e+02 -1.87563789e+00 1.34810338e-03 7.04434392e-03 -4.82642161e-01 8.75788276e-01
1317357791.552110910 5.27335381e+01 -1.59815990e+02 -1.87517150e+00 1.60832301e-03 7.90730236e-03 -4.63825935e-01 8.85889603e-01
1317357791.655934095 5.30700593e+01 -1.60152463e+02 -1.88091701e+00 -1.00175693e-03 9.63800281e-03 -4.45474223e-01 8.95242326e-01
1317357791.759782076 5.33823210e+01 -1.60485149e+02 -1.87429393e+00 -2.90145079e-03 9.74377875e-03 -4.26480781e-01 9.04439486e-01
1317357791.863651991 5.37128390e+01 -1.60820719e+02 -1.87577105e+00 -4.17798351e-03 9.77527964e-03 -4.07773339e-01 9.13021299e-01
1317357791.967559099 5.40539672e+01 -1.61150754e+02 -1.89716491e+00 -3.58308519e-03 8.09564817e-03 -3.90872315e-01 9.20402333e-01
1317357792.071502924 5.44067203e+01 -1.61483488e+02 -1.90032543e+00 -1.86461187e-03 5.43563106e-03 -3.74416737e-01 9.27242732e-01
1317357792.175479889 5.47441735e+01 -1.61794340e+02 -1.88940976e+00 -2.48746496e-03 5.62715883e-03 -3.59398935e-01 9.33163733e-01
1317357792.279493093 5.51472003e+01 -1.62107764e+02 -1.88631239e+00 -5.05104736e-03 6.66442581e-03 -3.45061062e-01 9.38542986e-01
1317357792.383557081 5.55747643e+01 -1.62423165e+02 -1.89030502e+00 -6.62050926e-03 9.32319448e-03 -3.32663452e-01 9.42976285e-01
1317357792.487668037 5.59853723e+01 -1.62733786e+02 -1.93017008e+00 -7.27621114e-03 1.14131322e-02 -3.25052358e-01 9.45599155e-01
1317357792.591800928 5.64315125e+01 -1.63065366e+02 -1.94020977e+00 -4.92177573e-03 1.14931784e-02 -3.17269072e-01 9.48253141e-01
1317357792.695983887 5.68884943e+01 -1.63404152e+02 -1.94124402e+00 -2.65791312e-03 1.11092577e-02 -3.09479718e-01 9.50837433e-01
1317357792.800190926 5.73582869e+01 -1.63729860e+02 -1.93134492e+00 -1.08765091e-03 1.20827984e-02 -3.03887610e-01 9.52630644e-01
1317357792.904373884 5.78562525e+01 -1.64069955e+02 -1.92781631e+00 -6.54954787e-04 1.30112777e-02 -2.98503471e-01 9.54319630e-01
1317357793.008517027 5.83798474e+01 -1.64421589e+02 -1.94726846e+00 6.65935996e-04 1.26165810e-02 -2.92851644e-01 9.56074418e-01
1317357793.112627983 5.89021702e+01 -1.64722212e+02 -1.96975349e+00 4.15939915e-03 1.27291865e-02 -2.88861480e-01 9.57277239e-01
1317357793.216732025 5.94372836e+01 -1.65069616e+02 -1.96552058e+00 6.26841648e-03 1.06145789e-02 -2.83670773e-01 9.58842495e-01
1317357793.320872068 5.99721234e+01 -1.65417606e+02 -1.96319095e+00 5.48803583e-03 8.65447073e-03 -2.79552507e-01 9.60075714e-01
1317357793.425004959 6.05312565e+01 -1.65748191e+02 -1.99275971e+00 7.00111218e-03 8.58985086e-03 -2.77912125e-01 9.60542581e-01
1317357793.529159069 6.11171225e+01 -1.66105375e+02 -1.99853440e+00 3.43269896e-03 7.40951784e-03 -2.75720617e-01 9.61203130e-01
1317357793.633389950 6.17173307e+01 -1.66450518e+02 -2.01272367e+00 2.33310546e-03 8.75710888e-03 -2.75377235e-01 9.61293529e-01
1317357793.737646103 6.23410845e+01 -1.66827114e+02 -2.02479176e+00 1.07799038e-03 9.97965644e-03 -2.76892877e-01 9.60848364e-01
1317357793.841881037 6.29769759e+01 -1.67220054e+02 -2.01278447e+00 -2.46765569e-04 1.09078268e-02 -2.78296078e-01 9.60433366e-01
1317357793.946086884 6.36270139e+01 -1.67569424e+02 -2.04862685e+00 -4.89969979e-03 1.17530354e-02 -2.78612008e-01 9.60319326e-01
1317357794.050302982 6.42845758e+01 -1.67966973e+02 -2.05894281e+00 -5.15480635e-03 1.25668734e-02 -2.80532248e-01 9.59748488e-01
1317357794.154485941 6.49479676e+01 -1.68385211e+02 -2.06495787e+00 -4.84495130e-03 1.22707911e-02 -2.82852716e-01 9.59072622e-01
1317357794.258655071 6.55796876e+01 -1.68788425e+02 -2.08823574e+00 -5.88582751e-03 1.43180482e-02 -2.85784100e-01 9.58168982e-01
1317357794.362814903 6.62625389e+01 -1.69227943e+02 -2.09382602e+00 -7.81293937e-03 1.53482819e-02 -2.88610511e-01 9.57291680e-01
1317357794.466927052 6.69360466e+01 -1.69683812e+02 -2.10302763e+00 -1.16383312e-02 1.57307442e-02 -2.91047808e-01 9.56508373e-01
1317357794.571038008 6.75914659e+01 -1.70159579e+02 -2.13972524e+00 -1.04238391e-02 1.53336672e-02 -2.95183829e-01 9.55260556e-01
1317357794.675122976 6.82835411e+01 -1.70632928e+02 -2.13663958e+00 -1.03117779e-02 1.40886303e-02 -2.96885339e-01 9.54753514e-01
1317357794.779186010 6.89777203e+01 -1.71168652e+02 -2.14882888e+00 -8.90139914e-03 1.48494058e-02 -3.01114806e-01 9.53430718e-01
1317357794.883249044 6.97022273e+01 -1.71670568e+02 -2.16303530e+00 -8.43063984e-03 1.76189551e-02 -3.02941744e-01 9.52808898e-01
1317357794.987287045 7.04311039e+01 -1.72182844e+02 -2.17453725e+00 -6.87554665e-03 1.97200820e-02 -3.03047022e-01 9.52746739e-01
1317357795.091326952 7.11139334e+01 -1.72686428e+02 -2.21608430e+00 -5.23752665e-04 1.59673878e-02 -3.04737070e-01 9.52302518e-01
1317357795.195365906 7.18110994e+01 -1.73189280e+02 -2.22563408e+00 -1.15741776e-03 1.11950898e-02 -3.05587948e-01 9.52097336e-01
1317357795.299416065 7.24936232e+01 -1.73698987e+02 -2.25754918e+00 -2.10412565e-03 7.99986190e-03 -3.07000800e-01 9.51673307e-01
1317357795.403453112 7.32065257e+01 -1.74216476e+02 -2.25540804e+00 -1.25163661e-03 7.91840630e-03 -3.07944554e-01 9.51370529e-01
1317357795.507457018 7.39269218e+01 -1.74743667e+02 -2.25214650e+00 3.43699192e-04 9.54138197e-03 -3.08662539e-01 9.51123694e-01
1317357795.611473083 7.46024370e+01 -1.75266852e+02 -2.28518936e+00 2.62217596e-03 1.00599626e-02 -3.11637690e-01 9.50144132e-01
1317357795.715462923 7.53122197e+01 -1.75793190e+02 -2.29835335e+00 4.20595750e-03 9.91677497e-03 -3.11919550e-01 9.50047452e-01
1317357795.819428921 7.60077525e+01 -1.76292780e+02 -2.30205575e+00 8.11563156e-03 9.14791918e-03 -3.12738772e-01 9.49760450e-01
1317357795.923394918 7.67087585e+01 -1.76820262e+02 -2.30009092e+00 8.47566849e-03 9.07776482e-03 -3.12490972e-01 9.49839539e-01
1317357796.027363062 7.73998091e+01 -1.77333046e+02 -2.30452832e+00 8.67474510e-03 7.69075487e-03 -3.11944344e-01 9.50029646e-01
1317357796.131330967 7.80150593e+01 -1.77793566e+02 -2.33042772e+00 1.00502921e-02 7.00666643e-03 -3.11655100e-01 9.50116307e-01
1317357796.235272884 7.87019560e+01 -1.78309436e+02 -2.32571670e+00 1.00907627e-02 7.94284851e-03 -3.11455454e-01 9.50173978e-01
1317357796.339225054 7.93520988e+01 -1.78787674e+02 -2.32933018e+00 8.53588488e-03 1.16885467e-02 -3.11031867e-01 9.50289269e-01
1317357796.443192959 8.00490704e+01 -1.79274574e+02 -2.34636797e+00 8.55798797e-03 1.55905452e-02 -3.10932611e-01 9.50265546e-01
1317357796.547154903 8.07257831e+01 -1.79771400e+02 -2.36976972e+00 1.11507913e-02 1.73462120e-02 -3.10499391e-01 9.50349881e-01
1317357796.651119947 8.13617675e+01 -1.80199626e+02 -2.37710814e+00 1.35424331e-02 1.57620272e-02 -3.11164850e-01 9.50128727e-01
1317357796.755091906 8.20092623e+01 -1.80671564e+02 -2.39909777e+00 1.41333784e-02 1.43505185e-02 -3.12727998e-01 9.49629143e-01
1317357796.859072924 8.25924966e+01 -1.81093019e+02 -2.41305784e+00 1.29184308e-02 1.13000578e-02 -3.13786425e-01 9.49338455e-01
1317357796.963066101 8.32045362e+01 -1.81537620e+02 -2.41605435e+00 1.13081673e-02 9.29111907e-03 -3.15508455e-01 9.48809894e-01
1317357797.067063093 8.37289684e+01 -1.81981238e+02 -2.42707074e+00 1.47726987e-02 6.72268066e-03 -3.17546732e-01 9.48103710e-01
1317357797.171072006 8.43090129e+01 -1.82421919e+02 -2.43039311e+00 1.51970834e-02 8.05128566e-03 -3.19501711e-01 9.47429619e-01
1317357797.275054932 8.48455986e+01 -1.82813552e+02 -2.42778610e+00 1.59994455e-02 1.01449693e-02 -3.20118149e-01 9.47188190e-01
1317357797.379026890 8.53608048e+01 -1.83217532e+02 -2.44067138e+00 1.99232248e-02 1.08885330e-02 -3.21630011e-01 9.46593176e-01
1317357797.482997894 8.58491943e+01 -1.83612764e+02 -2.44262907e+00 2.33967482e-02 1.08898453e-02 -3.23068919e-01 9.46023508e-01
1317357797.586985111 8.62865569e+01 -1.83941421e+02 -2.44222503e+00 2.49124885e-02 1.04899572e-02 -3.25184583e-01 9.45264151e-01
1317357797.690960884 8.67221384e+01 -1.84299073e+02 -2.45712019e+00 2.45572310e-02 9.57708703e-03 -3.27337179e-01 9.44539884e-01
1317357797.794898033 8.70829248e+01 -1.84605937e+02 -2.46883324e+00 2.62678846e-02 8.35146715e-03 -3.30281455e-01 9.43479948e-01
1317357797.898840904 8.74771350e+01 -1.84928497e+02 -2.47568200e+00 2.71350260e-02 7.80439668e-03 -3.32791969e-01 9.42577470e-01
1317357798.002780914 8.78141138e+01 -1.85219278e+02 -2.47664133e+00 3.09486608e-02 7.71254948e-03 -3.35472991e-01 9.41509729e-01
1317357798.106720924 8.81609724e+01 -1.85505749e+02 -2.48084650e+00 3.07791043e-02 8.33701364e-03 -3.37132980e-01 9.40916837e-01
1317357798.210640907 8.84918821e+01 -1.85774948e+02 -2.48309441e+00 2.98307036e-02 8.88583648e-03 -3.38960118e-01 9.40285706e-01
1317357798.314558983 8.87847802e+01 -1.86001400e+02 -2.47225458e+00 2.97855424e-02 1.13547594e-02 -3.40586933e-01 9.39672513e-01
1317357798.418453932 8.90855050e+01 -1.86261165e+02 -2.47270706e+00 3.14985042e-02 1.19203077e-02 -3.42195956e-01 9.39024855e-01
1317357798.522350073 8.93429948e+01 -1.86452027e+02 -2.48819536e+00 2.88811437e-02 1.28851189e-02 -3.42160028e-01 9.39109349e-01
1317357798.626267910 8.96153254e+01 -1.86680889e+02 -2.49047922e+00 2.77506941e-02 1.29266678e-02 -3.43566564e-01 9.38629222e-01
1317357798.730187893 8.98870770e+01 -1.86879153e+02 -2.50052547e+00 2.60299535e-02 1.19153853e-02 -3.43534254e-01 9.38703724e-01
1317357798.834106922 9.01503970e+01 -1.87084382e+02 -2.49828469e+00 2.48307823e-02 1.11273023e-02 -3.44849225e-01 9.38263624e-01
1317357798.938024998 9.04043785e+01 -1.87285558e+02 -2.50179881e+00 2.31483005e-02 1.12059423e-02 -3.45727117e-01 9.37982592e-01
1317357799.041944027 9.06637037e+01 -1.87483937e+02 -2.52102375e+00 2.00614332e-02 1.21039972e-02 -3.46174527e-01 9.37877513e-01
1317357799.145862103 9.09186640e+01 -1.87696074e+02 -2.52921121e+00 1.79607030e-02 1.26070779e-02 -3.47193213e-01 9.37536851e-01
1317357799.249754906 9.11667385e+01 -1.87902812e+02 -2.53496749e+00 1.68349520e-02 1.31851073e-02 -3.48033523e-01 9.37238179e-01
1317357799.353626013 9.13720033e+01 -1.88095968e+02 -2.54694616e+00 1.68052822e-02 1.01395279e-02 -3.49952977e-01 9.36561630e-01
1317357799.457499027 9.16288280e+01 -1.88307725e+02 -2.54145750e+00 1.51418771e-02 1.06864791e-02 -3.50623638e-01 9.36333054e-01
1317357799.561346054 9.18595909e+01 -1.88528391e+02 -2.52998991e+00 1.45897910e-02 1.00932801e-02 -3.51471334e-01 9.36030536e-01
1317357799.665175915 9.21085371e+01 -1.88732397e+02 -2.53078997e+00 1.39683794e-02 1.04345920e-02 -3.50417564e-01 9.36431276e-01
1317357799.768974066 9.23284361e+01 -1.88943273e+02 -2.53630006e+00 1.42487074e-02 1.02507979e-02 -3.48932175e-01 9.36983582e-01
1317357799.872764111 9.25386199e+01 -1.89158312e+02 -2.55583059e+00 1.51939365e-02 1.08797291e-02 -3.47248001e-01 9.37587117e-01
1317357799.976543903 9.27801794e+01 -1.89376616e+02 -2.56090972e+00 1.50081713e-02 1.05524395e-02 -3.45340671e-01 9.38298045e-01
1317357800.080296040 9.30313328e+01 -1.89601864e+02 -2.55662997e+00 1.38624714e-02 9.39841707e-03 -3.43625846e-01 9.38957283e-01
1317357800.184072018 9.32623754e+01 -1.89793785e+02 -2.56526565e+00 1.32866471e-02 3.93668447e-03 -3.40681280e-01 9.40076717e-01
1317357800.287847042 9.35374500e+01 -1.90011798e+02 -2.56951262e+00 1.26772938e-02 2.37578768e-03 -3.37546359e-01 9.41220536e-01
1317357800.391616106 9.38272953e+01 -1.90235818e+02 -2.57110462e+00 1.24543544e-02 3.20493931e-03 -3.33969944e-01 9.42495991e-01
1317357800.495394945 9.41354201e+01 -1.90446153e+02 -2.58542209e+00 1.30582143e-02 5.05089570e-03 -3.29373057e-01 9.44096055e-01
1317357800.599143982 9.44255437e+01 -1.90699985e+02 -2.58151015e+00 1.40721977e-02 5.57591375e-03 -3.24399530e-01 9.45799042e-01
1317357800.702893019 9.47496602e+01 -1.90961380e+02 -2.58087993e+00 1.37759650e-02 5.57552304e-03 -3.19642570e-01 9.47421640e-01
1317357800.806643009 9.50813582e+01 -1.91152812e+02 -2.58455777e+00 1.34724192e-02 4.60897089e-03 -3.13447902e-01 9.49498638e-01
1317357800.910392046 9.54387162e+01 -1.91416400e+02 -2.57555664e+00 1.33000756e-02 5.46450893e-03 -3.08589265e-01 9.51086701e-01
1317357801.014142036 9.58085068e+01 -1.91678410e+02 -2.57809755e+00 1.34540028e-02 5.71443357e-03 -3.03764414e-01 9.52635038e-01
1317357801.117892027 9.61723065e+01 -1.91920705e+02 -2.60694367e+00 1.39079904e-02 7.38950459e-03 -2.98123936e-01 9.54397235e-01
1317357801.221666098 9.65625966e+01 -1.92199333e+02 -2.61530411e+00 1.37895105e-02 7.30515623e-03 -2.93916072e-01 9.55703838e-01
1317357801.325465918 9.69782059e+01 -1.92458680e+02 -2.62254790e+00 1.31257560e-02 7.89421646e-03 -2.90581904e-01 9.56727523e-01
1317357801.429313898 9.74205967e+01 -1.92693244e+02 -2.63440733e+00 1.17953993e-02 9.33934384e-03 -2.87084255e-01 9.57787177e-01
1317357801.533207893 9.78644741e+01 -1.92974388e+02 -2.63506727e+00 1.05391670e-02 8.63248342e-03 -2.85325107e-01 9.58333966e-01
1317357801.637125969 9.83238010e+01 -1.93279103e+02 -2.64270276e+00 8.90816471e-03 7.44955187e-03 -2.83777052e-01 9.58819969e-01
1317357801.741045952 9.88309312e+01 -1.93567050e+02 -2.68935490e+00 7.80928999e-03 8.59337348e-03 -2.81364916e-01 9.59530590e-01
1317357801.844964981 9.93331812e+01 -1.93898084e+02 -2.69860692e+00 5.99482519e-03 7.08563115e-03 -2.80196021e-01 9.59897935e-01
1317357801.948882103 9.98622860e+01 -1.94243413e+02 -2.70268296e+00 3.56624798e-03 7.78668475e-03 -2.79759125e-01 9.60032021e-01
1317357802.052824974 1.00419925e+02 -1.94566174e+02 -2.69456670e+00 1.68456204e-03 7.64849269e-03 -2.78803872e-01 9.60316127e-01
1317357802.156769037 1.00991449e+02 -1.94907908e+02 -2.69257730e+00 -1.55420030e-03 6.07185261e-03 -2.78805397e-01 9.60327167e-01
1317357802.260688066 1.01566215e+02 -1.95264387e+02 -2.70714240e+00 -3.93064389e-03 6.04242122e-03 -2.78107588e-01 9.60522883e-01
1317357802.364604950 1.02146674e+02 -1.95611984e+02 -2.70498026e+00 -6.31919380e-03 6.60161361e-03 -2.77977346e-01 9.60544159e-01
1317357802.468549013 1.02735801e+02 -1.95985665e+02 -2.71988852e+00 -7.04725258e-03 1.12705343e-02 -2.77363512e-01 9.60673094e-01
1317357802.572515965 1.03360296e+02 -1.96333252e+02 -2.74410533e+00 -7.18079839e-03 1.77123809e-02 -2.77065311e-01 9.60660981e-01
1317357802.676481962 1.03988155e+02 -1.96732201e+02 -2.76491463e+00 -5.97058769e-03 1.79542143e-02 -2.76880918e-01 9.60717938e-01
1317357802.780472994 1.04628932e+02 -1.97145568e+02 -2.77439349e+00 -4.63405236e-03 1.53067930e-02 -2.77306540e-01 9.60648380e-01
1317357802.884464025 1.05289049e+02 -1.97548396e+02 -2.78956724e+00 -5.21360833e-03 1.39197570e-02 -2.78373621e-01 9.60357843e-01
1317357802.988429070 1.05972108e+02 -1.97985953e+02 -2.80709111e+00 -5.41127562e-03 1.35478055e-02 -2.78155591e-01 9.60425240e-01
1317357803.092396021 1.06668629e+02 -1.98437748e+02 -2.81329908e+00 -3.73434208e-03 1.16805876e-02 -2.77589007e-01 9.60621654e-01
1317357803.196362972 1.07400751e+02 -1.98908758e+02 -2.83220185e+00 -3.51742910e-03 9.40460883e-03 -2.80581870e-01 9.59777576e-01
1317357803.300304890 1.08107080e+02 -1.99364870e+02 -2.82286597e+00 -4.41008018e-03 9.09731060e-03 -2.80744157e-01 9.59729393e-01
1317357803.404223919 1.08840162e+02 -1.99859140e+02 -2.83151553e+00 -6.97347844e-03 1.38957927e-02 -2.83519054e-01 9.58840562e-01
1317357803.508145094 1.09555397e+02 -2.00318010e+02 -2.83218389e+00 -8.96330403e-03 1.76229091e-02 -2.83654978e-01 9.58722559e-01
1317357803.612063885 1.10298011e+02 -2.00798884e+02 -2.84352797e+00 -1.06216592e-02 1.90373577e-02 -2.83992382e-01 9.58578680e-01
1317357803.715982914 1.11036175e+02 -2.01280231e+02 -2.87322317e+00 -1.11721365e-02 2.05426107e-02 -2.86742253e-01 9.57722332e-01
1317357803.819924116 1.11798090e+02 -2.01793839e+02 -2.88988890e+00 -1.02667515e-02 1.99684526e-02 -2.87366507e-01 9.57557489e-01
1317357803.923866987 1.12591061e+02 -2.02316736e+02 -2.94960242e+00 -7.14989176e-03 1.62494228e-02 -2.88805701e-01 9.57223121e-01
1317357804.027786970 1.13368327e+02 -2.02845155e+02 -2.93618811e+00 -8.34035131e-03 1.58991351e-02 -2.89176086e-01 9.57107542e-01
1317357804.131681919 1.14202858e+02 -2.03393472e+02 -2.98373358e+00 -4.13251679e-03 1.53632222e-02 -2.90017911e-01 9.56888972e-01
1317357804.235552073 1.15027351e+02 -2.03936770e+02 -2.97927863e+00 -6.36685309e-03 1.69943861e-02 -2.89791471e-01 9.56917738e-01
1317357804.339421034 1.15848185e+02 -2.04458399e+02 -3.01853566e+00 -6.04653777e-03 1.58411069e-02 -2.89934442e-01 9.56896294e-01
1317357804.443291903 1.16677252e+02 -2.04990592e+02 -3.02595390e+00 -7.40567912e-03 1.34898226e-02 -2.89866184e-01 9.56943455e-01
1317357804.547175884 1.17532436e+02 -2.05528870e+02 -3.07781324e+00 -9.36527140e-03 1.29481087e-02 -2.89399091e-01 9.57075130e-01
1317357804.651024103 1.18391440e+02 -2.06090612e+02 -3.07290252e+00 -1.40614635e-02 1.50942765e-02 -2.87613313e-01 9.57524423e-01
1317357804.754833937 1.19264048e+02 -2.06673393e+02 -3.11902051e+00 -7.80078578e-03 1.80742088e-02 -2.87080698e-01 9.57704100e-01
1317357804.858656883 1.20140538e+02 -2.07236180e+02 -3.13618043e+00 -7.73475298e-03 2.13761805e-02 -2.85770925e-01 9.58028293e-01
1317357804.962480068 1.21028956e+02 -2.07818753e+02 -3.16342558e+00 -5.08175189e-03 2.04226672e-02 -2.85803111e-01 9.58057238e-01
1317357805.066301107 1.21910022e+02 -2.08374468e+02 -3.17299588e+00 -4.69762578e-03 1.94236108e-02 -2.84475918e-01 9.58474886e-01
1317357805.170099020 1.22769153e+02 -2.08915513e+02 -3.17983448e+00 -6.98221338e-03 1.83879074e-02 -2.83511792e-01 9.58767019e-01
1317357805.273850918 1.23577460e+02 -2.09463476e+02 -3.24747517e+00 -1.44687835e-03 1.71109586e-02 -2.83180480e-01 9.58912893e-01
1317357805.377603054 1.24426662e+02 -2.10012984e+02 -3.26932864e+00 -4.99665274e-04 1.80726699e-02 -2.80794951e-01 9.59597481e-01
1317357805.481379032 1.25200005e+02 -2.10568118e+02 -3.29197311e+00 1.45422064e-04 2.16444473e-02 -2.81388680e-01 9.59349732e-01
1317357805.585175991 1.26070748e+02 -2.11100722e+02 -3.30430267e+00 -3.69736026e-03 2.39791146e-02 -2.80196427e-01 9.59636022e-01
1317357805.688973904 1.26956635e+02 -2.11640554e+02 -3.35683640e+00 -5.57804104e-03 2.55633936e-02 -2.79924121e-01 9.59665507e-01
1317357805.792748928 1.27865129e+02 -2.12202305e+02 -3.39740649e+00 -6.55192689e-03 2.58010157e-02 -2.80001154e-01 9.59630519e-01
1317357805.896548986 1.28750427e+02 -2.12743888e+02 -3.42243781e+00 -8.74665366e-03 2.55604339e-02 -2.79797967e-01 9.59678726e-01
1317357806.000346899 1.29623377e+02 -2.13298246e+02 -3.44440343e+00 -1.00843722e-02 2.42181928e-02 -2.81082783e-01 9.59324895e-01
1317357806.104120970 1.30483292e+02 -2.13837149e+02 -3.46418108e+00 -1.28517486e-02 2.18127388e-02 -2.80381942e-01 9.59554586e-01
1317357806.207895994 1.31317511e+02 -2.14380408e+02 -3.47242563e+00 -1.44823066e-02 2.28715601e-02 -2.80208803e-01 9.59557284e-01
1317357806.311671972 1.32165833e+02 -2.14917401e+02 -3.46871835e+00 -1.62658447e-02 2.34068801e-02 -2.79964549e-01 9.59587094e-01
1317357806.415471077 1.33019138e+02 -2.15450267e+02 -3.48450945e+00 -1.83395557e-02 2.39236020e-02 -2.78766358e-01 9.59885743e-01
1317357806.519269943 1.33848876e+02 -2.15967607e+02 -3.48883939e+00 -1.71365315e-02 2.15768778e-02 -2.76961275e-01 9.60485934e-01
1317357806.623066902 1.34707054e+02 -2.16493246e+02 -3.48856832e+00 -1.84629379e-02 2.37374615e-02 -2.76120492e-01 9.60652448e-01
1317357806.726866961 1.35542735e+02 -2.17028372e+02 -3.54765189e+00 -1.40177773e-02 2.28164586e-02 -2.76471302e-01 9.60649015e-01
1317357806.830641031 1.36381482e+02 -2.17537742e+02 -3.56240851e+00 -1.42412531e-02 2.40752134e-02 -2.76644058e-01 9.60565269e-01
1317357806.934416056 1.37235226e+02 -2.18063909e+02 -3.58086701e+00 -1.35987777e-02 2.54121979e-02 -2.75219758e-01 9.60949207e-01
1317357807.038191080 1.38062784e+02 -2.18618877e+02 -3.61094618e+00 -1.26526760e-02 2.45561362e-02 -2.77402247e-01 9.60356652e-01
1317357807.141988993 1.38909296e+02 -2.19144968e+02 -3.62824676e+00 -1.27928130e-02 2.26034363e-02 -2.77375567e-01 9.60410445e-01
1317357807.245786905 1.39740241e+02 -2.19678302e+02 -3.66950884e+00 -7.79112592e-03 2.08202694e-02 -2.77863116e-01 9.60363423e-01
1317357807.349586964 1.40601631e+02 -2.20217296e+02 -3.68664439e+00 -8.00840892e-03 1.94727416e-02 -2.77499595e-01 9.60495004e-01
1317357807.453385115 1.41459441e+02 -2.20732534e+02 -3.69046020e+00 -9.03224358e-03 2.04117049e-02 -2.76846057e-01 9.60655006e-01
1317357807.557183981 1.42270343e+02 -2.21269388e+02 -3.74133105e+00 -5.36912838e-03 2.00330146e-02 -2.79124643e-01 9.60030877e-01
1317357807.660983086 1.43094351e+02 -2.21782128e+02 -3.75203752e+00 -3.18362721e-03 2.16800626e-02 -2.80076818e-01 9.59727469e-01
1317357807.764781952 1.43872036e+02 -2.22294835e+02 -3.75933945e+00 -2.15719151e-03 2.21521417e-02 -2.81846147e-01 9.59201427e-01
1317357807.868580103 1.44703304e+02 -2.22816543e+02 -3.78269070e+00 -1.86968527e-03 2.20946761e-02 -2.82056154e-01 9.59141624e-01
1317357807.972403049 1.45449160e+02 -2.23350147e+02 -3.82821435e+00 -8.81802693e-04 2.09913722e-02 -2.85006006e-01 9.58295446e-01
1317357808.076275110 1.46273089e+02 -2.23871991e+02 -3.84758392e+00 -1.84059051e-03 1.69308985e-02 -2.86926048e-01 9.57801336e-01
1317357808.180145025 1.47082191e+02 -2.24419003e+02 -3.86926133e+00 -5.05864603e-03 1.57069363e-02 -2.89179383e-01 9.57132690e-01
1317357808.284015894 1.47887769e+02 -2.24951697e+02 -3.87400360e+00 -9.63014158e-03 1.79698578e-02 -2.91067376e-01 9.56485299e-01
1317357808.387861967 1.48701368e+02 -2.25481338e+02 -3.89483914e+00 -1.00478702e-02 1.96354985e-02 -2.92509179e-01 9.56008299e-01
1317357808.491708040 1.49470598e+02 -2.26021790e+02 -3.91985767e+00 -9.27072417e-03 2.09777926e-02 -2.95350887e-01 9.55113522e-01
1317357808.595555067 1.50280509e+02 -2.26551332e+02 -3.93218677e+00 -1.14087147e-02 2.09819031e-02 -2.96273902e-01 9.54804365e-01
1317357808.699377060 1.51045829e+02 -2.27074922e+02 -3.96167727e+00 -1.44925575e-02 2.27940138e-02 -2.98758362e-01 9.53946456e-01
1317357808.803177118 1.51834704e+02 -2.27618928e+02 -3.98143542e+00 -1.43798872e-02 2.29472577e-02 -2.99525934e-01 9.53703758e-01
1317357808.906977892 1.52574292e+02 -2.28162574e+02 -3.99790259e+00 -1.04778780e-02 2.15327857e-02 -3.01564743e-01 9.53144931e-01
1317357809.010776043 1.53350045e+02 -2.28713291e+02 -3.99184251e+00 -1.08353516e-02 2.07477141e-02 -3.02116523e-01 9.52983596e-01
1317357809.114550114 1.54090633e+02 -2.29292206e+02 -4.01795998e+00 -8.26263800e-03 2.08736639e-02 -3.03734111e-01 9.52492314e-01
1317357809.218348980 1.54877152e+02 -2.29854683e+02 -4.03030836e+00 -6.10336147e-03 2.30305749e-02 -3.03571970e-01 9.52510578e-01
1317357809.322146893 1.55633750e+02 -2.30406383e+02 -4.06833345e+00 -2.74722770e-03 2.29926530e-02 -3.03321468e-01 9.52606885e-01
1317357809.425921917 1.56415464e+02 -2.30955923e+02 -4.08410553e+00 -2.96501348e-03 2.38199655e-02 -3.03486540e-01 9.52533327e-01
1317357809.529700041 1.57193834e+02 -2.31500288e+02 -4.11574300e+00 -5.39948818e-03 2.45744942e-02 -3.03751017e-01 9.52419161e-01
1317357809.633497000 1.57954738e+02 -2.32027288e+02 -4.15908126e+00 -4.87810209e-03 2.36792294e-02 -3.04444137e-01 9.52223328e-01
1317357809.737340927 1.58720386e+02 -2.32559064e+02 -4.18080208e+00 -6.07626805e-03 2.26104446e-02 -3.04600532e-01 9.52192398e-01
1317357809.841188908 1.59499645e+02 -2.33093767e+02 -4.21224155e+00 -8.15650671e-03 2.18345992e-02 -3.05695483e-01 9.51843996e-01
1317357809.945010900 1.60284033e+02 -2.33646059e+02 -4.23060746e+00 -6.66391960e-03 2.32067932e-02 -3.05436205e-01 9.51906383e-01
1317357810.048831940 1.61039301e+02 -2.34195930e+02 -4.28520776e+00 -3.28097870e-03 2.30034735e-02 -3.05819763e-01 9.51805835e-01
1317357810.152682066 1.61809508e+02 -2.34742752e+02 -4.32080672e+00 -3.01592466e-03 2.24948407e-02 -3.05645586e-01 9.51874814e-01
1317357810.256529093 1.62584753e+02 -2.35332699e+02 -4.35263855e+00 -1.32519785e-03 2.09691902e-02 -3.07737088e-01 9.51239413e-01
1317357810.360351086 1.63338929e+02 -2.35882536e+02 -4.36307507e+00 -1.55145682e-03 1.98407470e-02 -3.08148321e-01 9.51130144e-01
1317357810.464173079 1.64085738e+02 -2.36442705e+02 -4.35409486e+00 -7.53043758e-04 1.92966815e-02 -3.09627117e-01 9.50661938e-01
1317357810.567994118 1.64833127e+02 -2.36974193e+02 -4.37491702e+00 -2.09399292e-03 1.81304711e-02 -3.10102621e-01 9.50527888e-01
1317357810.671817064 1.65560656e+02 -2.37514236e+02 -4.40492957e+00 1.05244838e-03 1.90346712e-02 -3.11604500e-01 9.50020636e-01
1317357810.775671005 1.66323492e+02 -2.38071107e+02 -4.43005585e+00 1.65897084e-03 2.01927469e-02 -3.11411951e-01 9.50058997e-01
1317357810.879517078 1.67101463e+02 -2.38638995e+02 -4.47268944e+00 2.88858918e-03 1.94999619e-02 -3.11919819e-01 9.49903908e-01
1317357810.983335018 1.67840491e+02 -2.39195905e+02 -4.47692032e+00 4.17354690e-03 1.91045202e-02 -3.12057695e-01 9.49861882e-01
1317357811.087157011 1.68579505e+02 -2.39749028e+02 -4.49435575e+00 6.04304506e-03 1.88160675e-02 -3.12069541e-01 9.49853693e-01
1317357811.190979004 1.69296499e+02 -2.40271915e+02 -4.50991941e+00 6.61439605e-03 1.82783854e-02 -3.12241616e-01 9.49803834e-01
1317357811.294826031 1.69957788e+02 -2.40783135e+02 -4.54206957e+00 1.06780493e-02 1.83096263e-02 -3.12752244e-01 9.49598215e-01
1317357811.398672104 1.70650711e+02 -2.41295310e+02 -4.56955100e+00 1.22467992e-02 1.92815879e-02 -3.12570612e-01 9.49619844e-01
1317357811.502473116 1.71326748e+02 -2.41795681e+02 -4.58857274e+00 1.40463696e-02 2.09821199e-02 -3.11154637e-01 9.50023811e-01
1317357811.606247902 1.71968361e+02 -2.42257313e+02 -4.62852635e+00 1.69727127e-02 2.07767262e-02 -3.09372624e-01 9.50562378e-01
1317357811.710020065 1.72614234e+02 -2.42712494e+02 -4.64525024e+00 1.64352220e-02 1.82531248e-02 -3.06898400e-01 9.51425288e-01
1317357811.813819885 1.73205784e+02 -2.43127034e+02 -4.65231519e+00 1.57682046e-02 1.62495448e-02 -3.03424514e-01 9.52586416e-01
1317357811.917619944 1.73810292e+02 -2.43547123e+02 -4.66869891e+00 1.60211138e-02 1.57555502e-02 -3.00785157e-01 9.53427174e-01
1317357812.021419048 1.74409311e+02 -2.43943184e+02 -4.69010399e+00 1.53112223e-02 1.61138626e-02 -2.98186104e-01 9.54248897e-01
1317357812.125289917 1.74953339e+02 -2.44262310e+02 -4.70956710e+00 1.39379809e-02 1.60858209e-02 -2.94690937e-01 9.55355552e-01
1317357812.229232073 1.75519319e+02 -2.44621353e+02 -4.71827361e+00 1.33381972e-02 1.60639317e-02 -2.93801965e-01 9.55638241e-01
1317357812.333245039 1.76035060e+02 -2.44942754e+02 -4.71429545e+00 6.29814117e-03 1.81705934e-02 -2.95938058e-01 9.55013523e-01
1317357812.437356949 1.76567723e+02 -2.45297703e+02 -4.72926932e+00 4.18651395e-03 1.83255809e-02 -3.00638332e-01 9.53552956e-01
1317357812.541516066 1.77079702e+02 -2.45658014e+02 -4.75879858e+00 4.34244472e-03 1.91938553e-02 -3.07047132e-01 9.51490829e-01
1317357812.645699024 1.77547590e+02 -2.46006735e+02 -4.75993917e+00 3.77739671e-03 2.29725096e-02 -3.15454407e-01 9.48655107e-01
1317357812.749932051 1.78028108e+02 -2.46374344e+02 -4.78619302e+00 4.24990886e-03 2.52254010e-02 -3.25981899e-01 9.45029851e-01
1317357812.854211092 1.78453754e+02 -2.46775596e+02 -4.80848848e+00 5.64221765e-03 2.44620575e-02 -3.40542911e-01 9.39893770e-01
1317357812.958512068 1.78896135e+02 -2.47157267e+02 -4.83041198e+00 5.70885121e-03 2.46660022e-02 -3.54240525e-01 9.34811557e-01
1317357813.062792063 1.79294698e+02 -2.47540668e+02 -4.84744925e+00 6.50959988e-03 2.32839175e-02 -3.68935806e-01 9.29140385e-01
1317357813.167021036 1.79656660e+02 -2.47963917e+02 -4.85884402e+00 6.77566577e-03 1.98519315e-02 -3.86397671e-01 9.22093721e-01
1317357813.271224976 1.79990199e+02 -2.48350520e+02 -4.85864071e+00 6.61058512e-03 1.55079872e-02 -4.00876272e-01 9.15977083e-01
1317357813.375407934 1.80319471e+02 -2.48766004e+02 -4.85869539e+00 8.54286692e-03 1.32621722e-02 -4.15902442e-01 9.09272398e-01
1317357813.479496002 1.80654790e+02 -2.49179672e+02 -4.87053735e+00 8.57572722e-03 1.29052714e-02 -4.28118473e-01 9.03589776e-01
1317357813.583488941 1.80997506e+02 -2.49609973e+02 -4.88376074e+00 9.64598056e-03 1.30909660e-02 -4.37576881e-01 8.99033956e-01
1317357813.687383890 1.81293534e+02 -2.50045486e+02 -4.91141713e+00 1.40181201e-02 1.13781511e-02 -4.45247002e-01 8.95225746e-01
1317357813.791182995 1.81620474e+02 -2.50473674e+02 -4.91971103e+00 1.72956765e-02 1.18034142e-02 -4.48822225e-01 8.93375704e-01
1317357813.894910097 1.81927089e+02 -2.50924993e+02 -4.91710215e+00 1.82465312e-02 1.19083262e-02 -4.51292503e-01 8.92110045e-01
1317357813.998589039 1.82252134e+02 -2.51345239e+02 -4.93055625e+00 1.62741046e-02 1.32648697e-02 -4.50317033e-01 8.92621849e-01
1317357814.102243900 1.82568379e+02 -2.51753018e+02 -4.94229593e+00 1.46033028e-02 1.49192345e-02 -4.47757276e-01 8.93911395e-01
1317357814.205898046 1.82823443e+02 -2.52189101e+02 -4.97031605e+00 1.28317193e-02 1.71401614e-02 -4.45947382e-01 8.94803048e-01
1317357814.309600115 1.83135379e+02 -2.52594213e+02 -4.99649064e+00 1.22275491e-02 1.87412616e-02 -4.41470970e-01 8.96996452e-01
1317357814.413326979 1.83440249e+02 -2.52998659e+02 -5.01126622e+00 1.27424519e-02 1.91095614e-02 -4.36178094e-01 8.99567187e-01
1317357814.517076969 1.83727017e+02 -2.53414752e+02 -5.02119296e+00 1.36924297e-02 2.06476153e-02 -4.31219818e-01 9.01906681e-01
1317357814.620826960 1.84039865e+02 -2.53829404e+02 -5.03459814e+00 1.49221533e-02 2.07078226e-02 -4.26421379e-01 9.04164434e-01
1317357814.724554062 1.84368154e+02 -2.54244416e+02 -5.04273996e+00 1.47182034e-02 2.06089646e-02 -4.20747255e-01 9.06824345e-01
1317357814.828279972 1.84721655e+02 -2.54638553e+02 -5.03973384e+00 1.35577769e-02 2.13527988e-02 -4.13109541e-01 9.10330023e-01
1317357814.932008028 1.85081455e+02 -2.55040644e+02 -5.07286040e+00 1.30926352e-02 2.11187346e-02 -4.05634961e-01 9.13697357e-01
1317357815.035712004 1.85496486e+02 -2.55414427e+02 -5.09554895e+00 1.48010575e-02 2.03278077e-02 -3.96722379e-01 9.17594171e-01
1317357815.139436007 1.85877337e+02 -2.55819703e+02 -5.10893270e+00 1.68844632e-02 1.84902937e-02 -3.88112057e-01 9.21271977e-01
1317357815.243185997 1.86279346e+02 -2.56220450e+02 -5.12631477e+00 1.76183021e-02 1.79112223e-02 -3.79699449e-01 9.24768680e-01
1317357815.346915007 1.86772191e+02 -2.56565123e+02 -5.15262896e+00 1.73318136e-02 1.79138248e-02 -3.70402588e-01 9.28536820e-01
1317357815.450640917 1.87191576e+02 -2.56968651e+02 -5.18286372e+00 1.70685818e-02 1.67234508e-02 -3.61303113e-01 9.32142183e-01
1317357815.554369926 1.87669360e+02 -2.57348371e+02 -5.21356116e+00 1.87150040e-02 1.49854467e-02 -3.51421703e-01 9.35910237e-01
1317357815.658119917 1.88143777e+02 -2.57740357e+02 -5.22221036e+00 2.01003197e-02 1.46260331e-02 -3.42585585e-01 9.39157693e-01
1317357815.761892080 1.88632346e+02 -2.58126873e+02 -5.23708938e+00 2.04138848e-02 1.47764044e-02 -3.34053247e-01 9.42217257e-01
1317357815.865668058 1.89167200e+02 -2.58472037e+02 -5.25411595e+00 1.89420741e-02 1.42465573e-02 -3.24412322e-01 9.45618781e-01
1317357815.969440937 1.89708265e+02 -2.58863371e+02 -5.26629342e+00 1.76613672e-02 1.44259477e-02 -3.15955535e-01 9.48499904e-01
1317357816.073237896 1.90259249e+02 -2.59237450e+02 -5.29793386e+00 1.76084767e-02 1.45716744e-02 -3.08304301e-01 9.51013178e-01
1317357816.177038908 1.90865194e+02 -2.59562421e+02 -5.31754707e+00 1.75279742e-02 1.54606858e-02 -2.99674229e-01 9.53755259e-01
1317357816.280862093 1.91446893e+02 -2.59947045e+02 -5.33293653e+00 1.77640878e-02 1.59408687e-02 -2.91666016e-01 9.56222391e-01
1317357816.384708881 1.92047654e+02 -2.60325262e+02 -5.34377459e+00 1.68364235e-02 1.61396918e-02 -2.84060099e-01 9.58522772e-01
1317357816.488508940 1.92648418e+02 -2.60645931e+02 -5.36227828e+00 1.46493943e-02 1.44656984e-02 -2.73847555e-01 9.61552731e-01
1317357816.592305899 1.93268734e+02 -2.61007400e+02 -5.37499308e+00 1.36700843e-02 1.32152296e-02 -2.65927346e-01 9.63805547e-01
1317357816.696105003 1.93877780e+02 -2.61368032e+02 -5.39413129e+00 1.19786421e-02 1.40942082e-02 -2.57402646e-01 9.66127188e-01
1317357816.799881935 1.94553023e+02 -2.61729666e+02 -5.39807371e+00 1.10893436e-02 1.41750723e-02 -2.48444572e-01 9.68478905e-01
1317357816.903677940 1.95249290e+02 -2.62083194e+02 -5.38333849e+00 9.32248042e-03 1.39948358e-02 -2.39450035e-01 9.70763059e-01
1317357817.007476091 1.95966200e+02 -2.62435945e+02 -5.39443696e+00 7.40434929e-03 1.40476753e-02 -2.30264611e-01 9.72998483e-01
1317357817.111252069 1.96643000e+02 -2.62747764e+02 -5.40462282e+00 4.32313642e-03 1.49720694e-02 -2.20744687e-01 9.75207122e-01
1317357817.215049982 1.97383961e+02 -2.63064752e+02 -5.41729914e+00 1.17791321e-03 1.57936712e-02 -2.11160102e-01 9.77323173e-01
1317357817.318850040 1.98105811e+02 -2.63359856e+02 -5.47770033e+00 -1.46020133e-04 1.85166128e-02 -2.00868859e-01 9.79443115e-01
1317357817.422648907 1.98870435e+02 -2.63658422e+02 -5.49559244e+00 -2.99654847e-03 1.72899078e-02 -1.91492728e-01 9.81337157e-01
1317357817.526448011 1.99645157e+02 -2.63942325e+02 -5.51551396e+00 -6.00165948e-03 1.48370680e-02 -1.80804651e-01 9.83388794e-01
1317357817.630247116 2.00380594e+02 -2.64180420e+02 -5.56936865e+00 -6.88953598e-03 1.40430643e-02 -1.71953299e-01 9.84980908e-01
1317357817.734093904 2.01195716e+02 -2.64449159e+02 -5.58893490e+00 -8.46076916e-03 1.45600718e-02 -1.61815240e-01 9.86677378e-01
1317357817.837939024 2.02024224e+02 -2.64690592e+02 -5.63882180e+00 -6.83518474e-03 1.54588539e-02 -1.54271812e-01 9.87883856e-01
1317357817.941785097 2.02881289e+02 -2.64956229e+02 -5.65686943e+00 -4.98049933e-03 1.54037753e-02 -1.47329416e-01 9.88954985e-01
1317357818.045681000 2.03746252e+02 -2.65213742e+02 -5.66730812e+00 -4.55067175e-03 1.49420858e-02 -1.40990369e-01 9.89887742e-01
1317357818.149600983 2.04656128e+02 -2.65477187e+02 -5.70314644e+00 -3.53276757e-03 1.43643616e-02 -1.35310279e-01 9.90692845e-01
1317357818.253519058 2.05545959e+02 -2.65717757e+02 -5.72249869e+00 -8.76927837e-03 1.46730406e-02 -1.27351477e-01 9.91710342e-01
1317357818.357438087 2.06445119e+02 -2.65976464e+02 -5.73764789e+00 -5.14000518e-03 1.56377192e-02 -1.21784117e-01 9.92420108e-01
1317357818.461380959 2.07370710e+02 -2.66196423e+02 -5.75392050e+00 -9.16102588e-05 1.53662016e-02 -1.14921670e-01 9.93255698e-01
1317357818.565372944 2.08305015e+02 -2.66420779e+02 -5.78213996e+00 5.60194272e-03 1.18341156e-02 -1.09842434e-01 9.93862773e-01
1317357818.669388056 2.09227837e+02 -2.66591599e+02 -5.81786272e+00 8.92747596e-03 7.82451239e-03 -1.07699051e-01 9.94112665e-01
1317357818.773423910 2.10184041e+02 -2.66794897e+02 -5.82331633e+00 8.19024374e-03 8.86608833e-03 -1.05590780e-01 9.94336412e-01
1317357818.877511024 2.11196062e+02 -2.67007939e+02 -5.85067123e+00 1.03431589e-02 1.18194856e-02 -1.06154781e-01 9.94225569e-01
1317357818.981599092 2.12213410e+02 -2.67231822e+02 -5.85335685e+00 1.50803855e-02 1.48178529e-02 -1.06495220e-01 9.94088417e-01
1317357819.085635900 2.13182312e+02 -2.67448539e+02 -5.83510740e+00 1.40168404e-02 1.55265053e-02 -1.06069837e-01 9.94138645e-01
1317357819.189625978 2.14207458e+02 -2.67678217e+02 -5.85592078e+00 1.76555607e-02 1.50099849e-02 -1.05060724e-01 9.94195768e-01
1317357819.293595076 2.15193085e+02 -2.67877462e+02 -5.91412337e+00 2.30160420e-02 1.54546364e-02 -1.04359861e-01 9.94153125e-01
1317357819.397537947 2.16175791e+02 -2.68092023e+02 -5.94325426e+00 2.39322715e-02 1.45001583e-02 -1.02702714e-01 9.94318432e-01
1317357819.501456976 2.17195413e+02 -2.68289522e+02 -5.96312109e+00 2.37261319e-02 1.32075617e-02 -9.99477049e-02 9.94622083e-01
1317357819.605400085 2.18180356e+02 -2.68458696e+02 -6.00060532e+00 2.21551430e-02 1.20535468e-02 -9.67716663e-02 9.94986988e-01
1317357819.709342003 2.19239131e+02 -2.68647961e+02 -6.01790258e+00 2.06758345e-02 1.36112594e-02 -9.51566427e-02 9.95154489e-01
1317357819.813285112 2.20319901e+02 -2.68821551e+02 -6.05215581e+00 1.93321284e-02 1.79889180e-02 -9.28055732e-02 9.95334011e-01
1317357819.917227030 2.21385308e+02 -2.69025459e+02 -6.10077550e+00 2.07555190e-02 2.07015775e-02 -9.18484584e-02 9.95341406e-01
1317357820.021147013 2.22452496e+02 -2.69255038e+02 -6.10979802e+00 2.23937130e-02 1.81721606e-02 -9.22454829e-02 9.95318575e-01
1317357820.125067949 2.23518116e+02 -2.69463106e+02 -6.13254640e+00 2.54891010e-02 1.60573187e-02 -9.15926270e-02 9.95340775e-01
1317357820.228960991 2.24519848e+02 -2.69678075e+02 -6.18949168e+00 2.59129792e-02 1.63296727e-02 -9.21410507e-02 9.95274779e-01
1317357820.332854986 2.25565560e+02 -2.69878144e+02 -6.20743885e+00 2.72325648e-02 1.56471993e-02 -9.14107251e-02 9.95317855e-01
1317357820.436774015 2.26548390e+02 -2.70032023e+02 -6.24564855e+00 2.92061181e-02 1.85618026e-02 -8.94610739e-02 9.95388958e-01
1317357820.540666103 2.27576825e+02 -2.70205092e+02 -6.28911850e+00 2.89630911e-02 1.79997456e-02 -8.84042080e-02 9.95500801e-01
1317357820.644560099 2.28558461e+02 -2.70355567e+02 -6.31816214e+00 2.97147512e-02 1.93402123e-02 -8.63538778e-02 9.95633465e-01
1317357820.748456955 2.29589263e+02 -2.70530995e+02 -6.36603251e+00 2.88743602e-02 2.09108295e-02 -8.57043073e-02 9.95682570e-01
1317357820.852303982 2.30586728e+02 -2.70687082e+02 -6.38722846e+00 3.02965936e-02 2.00479320e-02 -8.35855772e-02 9.95838164e-01
1317357820.956149101 2.31591201e+02 -2.70849345e+02 -6.41026944e+00 3.06637182e-02 1.66168442e-02 -8.33847307e-02 9.95906925e-01
1317357821.060020924 2.32575906e+02 -2.71006785e+02 -6.41367124e+00 3.01268428e-02 1.25370559e-02 -8.19929524e-02 9.96098565e-01
1317357821.163893938 2.33600852e+02 -2.71158031e+02 -6.43380854e+00 2.52760992e-02 1.15427051e-02 -8.05480728e-02 9.96363334e-01
1317357821.267764091 2.34609039e+02 -2.71302148e+02 -6.46799150e+00 2.60591638e-02 1.64186400e-02 -7.89360946e-02 9.96403754e-01
1317357821.371634960 2.35638634e+02 -2.71456942e+02 -6.50195726e+00 2.52976242e-02 1.87390274e-02 -7.83853868e-02 9.96425918e-01
1317357821.475506067 2.36663114e+02 -2.71603530e+02 -6.53792805e+00 2.59813241e-02 2.08184287e-02 -7.73901313e-02 9.96444846e-01
1317357821.579377890 2.37684939e+02 -2.71740982e+02 -6.52926619e+00 2.77048741e-02 1.80809099e-02 -7.47327244e-02 9.96654675e-01
1317357821.683271885 2.38715849e+02 -2.71885191e+02 -6.55229717e+00 2.68520619e-02 1.53846772e-02 -7.35356193e-02 9.96812315e-01
1317357821.787189007 2.39705945e+02 -2.72002802e+02 -6.58351949e+00 2.63950215e-02 1.27589757e-02 -7.21167810e-02 9.96965236e-01
1317357821.891083002 2.40709578e+02 -2.72132487e+02 -6.58724064e+00 2.57304052e-02 8.82056591e-03 -7.19911221e-02 9.97034313e-01
1317357821.994980097 2.41668453e+02 -2.72249223e+02 -6.59901009e+00 2.30362096e-02 9.87709991e-03 -7.05341199e-02 9.97194421e-01
1317357822.098897934 2.42700081e+02 -2.72368343e+02 -6.62200141e+00 2.12171838e-02 1.26008279e-02 -6.94639231e-02 9.97279205e-01
1317357822.202816010 2.43723670e+02 -2.72499357e+02 -6.62561321e+00 2.06842430e-02 1.63895164e-02 -6.91251282e-02 9.97258874e-01
1317357822.306734085 2.44714935e+02 -2.72633911e+02 -6.60896261e+00 2.35290286e-02 1.62412123e-02 -6.72211282e-02 9.97328395e-01
1317357822.410650969 2.45723580e+02 -2.72756866e+02 -6.61718907e+00 2.38100786e-02 1.38239082e-02 -6.68543529e-02 9.97382813e-01
1317357822.514547110 2.46727085e+02 -2.72892550e+02 -6.63216811e+00 1.95862725e-02 1.02925494e-02 -6.70684379e-02 9.97503016e-01
1317357822.618443012 2.47672692e+02 -2.73016231e+02 -6.69178165e+00 1.94917281e-02 1.33075917e-02 -6.78475824e-02 9.97416506e-01
1317357822.722335100 2.48691189e+02 -2.73152774e+02 -6.71814556e+00 1.87658655e-02 1.40253495e-02 -6.72023156e-02 9.97464275e-01
1317357822.826208115 2.49690510e+02 -2.73277879e+02 -6.73355577e+00 1.92613394e-02 1.64275546e-02 -6.66760876e-02 9.97453475e-01
1317357822.930079937 2.50610104e+02 -2.73381387e+02 -6.74861334e+00 1.93159872e-02 1.69195725e-02 -6.49983592e-02 9.97554928e-01
1317357823.033925056 2.51603902e+02 -2.73512756e+02 -6.75124483e+00 1.99797120e-02 1.60377442e-02 -6.46610356e-02 9.97578344e-01
1317357823.137748957 2.52531218e+02 -2.73615917e+02 -6.78534789e+00 1.62699631e-02 1.72125574e-02 -6.30707844e-02 9.97727965e-01
1317357823.241595984 2.53522270e+02 -2.73733352e+02 -6.81043347e+00 1.52008217e-02 1.80520499e-02 -6.23586478e-02 9.97774753e-01
1317357823.345441103 2.54533006e+02 -2.73853278e+02 -6.83261910e+00 1.53477422e-02 1.83693456e-02 -6.17204117e-02 9.97806396e-01
1317357823.449261904 2.55533030e+02 -2.73951864e+02 -6.83790562e+00 1.31866521e-02 1.86495164e-02 -6.12968162e-02 9.97858210e-01
1317357823.553064108 2.56519139e+02 -2.74045846e+02 -6.85978996e+00 1.18815400e-02 1.77927251e-02 -5.99377291e-02 9.97972804e-01
1317357823.656863928 2.57499116e+02 -2.74161082e+02 -6.88087079e+00 1.23732995e-02 1.74729769e-02 -5.97126386e-02 9.97985971e-01
1317357823.760660887 2.58454910e+02 -2.74274093e+02 -6.89483337e+00 1.14977001e-02 1.80393429e-02 -5.87012629e-02 9.98046365e-01
1317357823.864435911 2.59433931e+02 -2.74378950e+02 -6.92176251e+00 9.20900688e-03 1.83461350e-02 -5.84680378e-02 9.98078204e-01
1317357823.968235016 2.60376937e+02 -2.74502372e+02 -6.95112458e+00 1.03457402e-02 1.92446289e-02 -5.84585566e-02 9.98050704e-01
1317357824.072033882 2.61332775e+02 -2.74606811e+02 -6.97804306e+00 1.10232574e-02 2.00611162e-02 -5.90779353e-02 9.97990900e-01
1317357824.175807953 2.62259497e+02 -2.74704451e+02 -7.01046742e+00 1.20305632e-02 1.90665964e-02 -5.95573235e-02 9.97970268e-01
1317357824.279583931 2.63212620e+02 -2.74802579e+02 -7.03711182e+00 9.90082215e-03 1.86021046e-02 -5.92771349e-02 9.98019116e-01
1317357824.383359909 2.64151437e+02 -2.74894016e+02 -7.09788715e+00 7.77004950e-03 2.09760740e-02 -5.92679930e-02 9.97991451e-01
1317357824.487133026 2.65121698e+02 -2.75006954e+02 -7.12305578e+00 5.09004516e-03 2.21131286e-02 -5.94068787e-02 9.97975913e-01
1317357824.590907097 2.66076556e+02 -2.75099798e+02 -7.14304527e+00 3.05406052e-03 2.28582288e-02 -5.94865867e-02 9.97962685e-01
1317357824.694680929 2.67017272e+02 -2.75214397e+02 -7.16415106e+00 -8.90314084e-04 2.29916980e-02 -5.99194518e-02 9.97937998e-01
1317357824.798487902 2.67955231e+02 -2.75305758e+02 -7.18518475e+00 -2.83824998e-03 2.01429553e-02 -6.00098974e-02 9.97990490e-01
1317357824.902287006 2.68890836e+02 -2.75410503e+02 -7.20872243e+00 -5.34277033e-03 1.82332487e-02 -5.96014122e-02 9.98041420e-01
1317357825.006078959 2.69800207e+02 -2.75503136e+02 -7.24640829e+00 -4.64813704e-03 1.95580481e-02 -5.70689002e-02 9.98167831e-01
1317357825.109875917 2.70739448e+02 -2.75596462e+02 -7.24730702e+00 -6.05447277e-03 2.02276355e-02 -5.63528659e-02 9.98187628e-01
1317357825.213674068 2.71710216e+02 -2.75696434e+02 -7.25996914e+00 -4.36156607e-03 2.07566075e-02 -5.54302801e-02 9.98237258e-01
1317357825.317522049 2.72665474e+02 -2.75786170e+02 -7.28359348e+00 -6.21034179e-03 2.06689739e-02 -5.58365267e-02 9.98206646e-01
1317357825.421392918 2.73594990e+02 -2.75893021e+02 -7.31799974e+00 -1.11591960e-02 2.24388247e-02 -5.79695335e-02 9.98003760e-01
1317357825.525262117 2.74478290e+02 -2.75975670e+02 -7.33726426e+00 -1.51759274e-02 2.04462929e-02 -5.91102638e-02 9.97926659e-01
1317357825.629111052 2.75339416e+02 -2.76089312e+02 -7.39834864e+00 -1.96319811e-02 2.08324824e-02 -6.22688191e-02 9.97648830e-01
1317357825.732959032 2.76209833e+02 -2.76179634e+02 -7.40345788e+00 -2.45623704e-02 2.15781198e-02 -6.16066100e-02 9.97564885e-01
1317357825.836806059 2.77022504e+02 -2.76269421e+02 -7.45237254e+00 -2.86131051e-02 2.66748736e-02 -6.16251172e-02 9.97332485e-01
1317357825.940654039 2.77878206e+02 -2.76354762e+02 -7.48613016e+00 -2.93819699e-02 2.88210111e-02 -6.14740985e-02 9.97259738e-01
1317357826.044523954 2.78709370e+02 -2.76459406e+02 -7.51007949e+00 -2.74199406e-02 2.80297847e-02 -6.33091307e-02 9.97223361e-01
1317357826.148391962 2.79530735e+02 -2.76554552e+02 -7.54294743e+00 -2.84117332e-02 2.49495521e-02 -6.44786434e-02 9.97202486e-01
1317357826.252280951 2.80334230e+02 -2.76681275e+02 -7.58931414e+00 -3.03226656e-02 2.24994420e-02 -6.98455278e-02 9.96842973e-01
1317357826.356200933 2.81143685e+02 -2.76784250e+02 -7.60688247e+00 -3.05148857e-02 2.24958059e-02 -7.28133463e-02 9.96624803e-01
1317357826.460171938 2.81879146e+02 -2.76928139e+02 -7.62437612e+00 -2.35329579e-02 2.05989787e-02 -7.75382457e-02 9.96498722e-01
1317357826.564187050 2.82655781e+02 -2.77045046e+02 -7.66517957e+00 -2.47919004e-02 2.24413122e-02 -8.28547315e-02 9.96000423e-01
1317357826.668203115 2.83394088e+02 -2.77193484e+02 -7.67882567e+00 -2.49130286e-02 2.43899997e-02 -8.92448404e-02 9.95399331e-01
1317357826.772239923 2.84160754e+02 -2.77336674e+02 -7.71328537e+00 -2.62676679e-02 2.49881859e-02 -9.42850043e-02 9.94884887e-01
1317357826.876277924 2.84896278e+02 -2.77493206e+02 -7.73470723e+00 -2.76084061e-02 2.49809270e-02 -1.01146027e-01 9.94174638e-01
1317357826.980293036 2.85644948e+02 -2.77658768e+02 -7.75953949e+00 -2.68791648e-02 2.31511914e-02 -1.07296714e-01 9.93593955e-01
1317357827.084307909 2.86364536e+02 -2.77865101e+02 -7.74057380e+00 -2.07727753e-02 2.20221553e-02 -1.15050259e-01 9.92898260e-01
1317357827.188301086 2.87083632e+02 -2.78041392e+02 -7.75857851e+00 -2.01744228e-02 2.21560796e-02 -1.20445822e-01 9.92267557e-01
1317357827.292243004 2.87755643e+02 -2.78269259e+02 -7.76049025e+00 -9.82143630e-03 2.46611025e-02 -1.27664249e-01 9.91462157e-01
1317357827.396181107 2.88392208e+02 -2.78453074e+02 -7.78475719e+00 -7.54831058e-03 2.66018069e-02 -1.33510760e-01 9.90661518e-01
1317357827.500124931 2.89068340e+02 -2.78648299e+02 -7.80095223e+00 -7.25029359e-03 2.80348490e-02 -1.38015763e-01 9.90006631e-01
1317357827.604022980 2.89698668e+02 -2.78840458e+02 -7.82003098e+00 -4.11950421e-03 2.70981262e-02 -1.41885243e-01 9.89503562e-01
1317357827.707894087 2.90367522e+02 -2.79038064e+02 -7.84594701e+00 -3.43714618e-03 2.70202790e-02 -1.45352894e-01 9.89004867e-01
1317357827.811764002 2.90999070e+02 -2.79233686e+02 -7.89211902e+00 -2.22612711e-03 2.74276922e-02 -1.45791966e-01 9.88932490e-01
1317357827.915610075 2.91640399e+02 -2.79426707e+02 -7.93035642e+00 2.04594711e-06 2.84627736e-02 -1.46148168e-01 9.88853166e-01
1317357828.019412041 2.92217960e+02 -2.79630997e+02 -7.97315054e+00 3.88032718e-03 3.06979822e-02 -1.45499034e-01 9.88874415e-01
1317357828.123186111 2.92748104e+02 -2.79816041e+02 -7.97697708e+00 6.86862757e-03 3.05945569e-02 -1.46559342e-01 9.88704786e-01
1317357828.226934910 2.93321189e+02 -2.79988093e+02 -7.99555720e+00 6.34411801e-03 3.09027052e-02 -1.45024182e-01 9.88925054e-01
1317357828.330686092 2.93822058e+02 -2.80158298e+02 -7.98857860e+00 1.09861192e-02 3.14792610e-02 -1.45201995e-01 9.88840099e-01
1317357828.434437990 2.94343204e+02 -2.80315547e+02 -8.01001860e+00 1.28248140e-02 3.12732758e-02 -1.43087130e-01 9.89132741e-01
1317357828.538187981 2.94815175e+02 -2.80457292e+02 -8.02395037e+00 1.65073980e-02 3.02414807e-02 -1.41742245e-01 9.89303843e-01
1317357828.641961098 2.95302735e+02 -2.80593177e+02 -8.03456229e+00 1.68809509e-02 2.99424312e-02 -1.40010603e-01 9.89553190e-01
1317357828.745738029 2.95707328e+02 -2.80713722e+02 -8.05547078e+00 1.79228851e-02 2.88984451e-02 -1.39930643e-01 9.89577215e-01
1317357828.849510908 2.96163573e+02 -2.80837351e+02 -8.07131701e+00 2.01287459e-02 2.82970639e-02 -1.38502322e-01 9.89753109e-01
1317357828.953284979 2.96561294e+02 -2.80969687e+02 -8.10554761e+00 1.88834244e-02 2.69270767e-02 -1.39388548e-01 9.89691458e-01
1317357829.057086945 2.96986143e+02 -2.81095342e+02 -8.11940765e+00 1.97409615e-02 2.59420881e-02 -1.38773211e-01 9.89787502e-01
1317357829.160883904 2.97377266e+02 -2.81206674e+02 -8.13411358e+00 2.10397698e-02 2.45433036e-02 -1.38223571e-01 9.89873325e-01
1317357829.264683008 2.97762964e+02 -2.81314216e+02 -8.14437692e+00 2.16203468e-02 2.53776407e-02 -1.36948151e-01 9.90017040e-01
1317357829.368480921 2.98112783e+02 -2.81412970e+02 -8.15944317e+00 2.35942269e-02 2.50334085e-02 -1.35024667e-01 9.90244909e-01
1317357829.472255945 2.98464448e+02 -2.81512029e+02 -8.16403416e+00 2.38495857e-02 2.51161188e-02 -1.32449071e-01 9.90584485e-01
1317357829.576030970 2.98755887e+02 -2.81585395e+02 -8.17259726e+00 2.46544974e-02 2.48688082e-02 -1.29011483e-01 9.91024589e-01
1317357829.679780960 2.99072847e+02 -2.81669862e+02 -8.17819017e+00 2.65694565e-02 2.32551244e-02 -1.26554167e-01 9.91331078e-01
1317357829.783531904 2.99365933e+02 -2.81750532e+02 -8.18786330e+00 2.77808294e-02 2.18782484e-02 -1.22786011e-01 9.91802986e-01
1317357829.887283087 2.99617469e+02 -2.81808406e+02 -8.20896958e+00 2.71427754e-02 1.91246475e-02 -1.17253967e-01 9.92546737e-01
1317357829.991008997 2.99865395e+02 -2.81864824e+02 -8.21389613e+00 2.80155454e-02 1.82634709e-02 -1.10547298e-01 9.93308044e-01
1317357830.094734907 3.00086766e+02 -2.81912618e+02 -8.21705636e+00 2.80653235e-02 1.74129880e-02 -1.03605296e-01 9.94069951e-01
1317357830.198462009 3.00279495e+02 -2.81919256e+02 -8.23591149e+00 2.76262229e-02 1.65349490e-02 -9.63519297e-02 9.94826464e-01
1317357830.302213907 3.00476846e+02 -2.81951385e+02 -8.24896686e+00 2.67592648e-02 1.63067324e-02 -8.88473393e-02 9.95552200e-01
1317357830.405965090 3.00568538e+02 -2.81922108e+02 -8.24030806e+00 2.51680652e-02 1.73842319e-02 -7.99653220e-02 9.96328211e-01
1317357830.509721994 3.00724529e+02 -2.81941051e+02 -8.24294460e+00 2.43256752e-02 1.74537049e-02 -7.25005813e-02 9.96918901e-01
1317357830.613497019 3.00889299e+02 -2.81960765e+02 -8.24660905e+00 2.39185004e-02 1.74879142e-02 -6.51451593e-02 9.97435806e-01
1317357830.717237949 3.00992777e+02 -2.81950397e+02 -8.24205891e+00 2.40193452e-02 1.78009776e-02 -5.68658563e-02 9.97934101e-01
1317357830.820991039 3.01156621e+02 -2.81980983e+02 -8.24208320e+00 2.41307670e-02 1.77192288e-02 -4.82950881e-02 9.98384355e-01
1317357830.924767017 3.01323912e+02 -2.81983787e+02 -8.24388100e+00 2.28023071e-02 1.81852220e-02 -3.88101834e-02 9.98820866e-01
1317357831.028541088 3.01443463e+02 -2.81970172e+02 -8.23544710e+00 2.12553014e-02 1.89018891e-02 -2.95487807e-02 9.99158546e-01
1317357831.132314920 3.01610698e+02 -2.81962409e+02 -8.24482412e+00 1.97912616e-02 1.84065066e-02 -1.96756067e-02 9.99441032e-01
1317357831.236088037 3.01752724e+02 -2.81953319e+02 -8.25305349e+00 1.94281683e-02 1.84670876e-02 -9.99496090e-03 9.99590723e-01
1317357831.339862108 3.01879404e+02 -2.81895362e+02 -8.26395128e+00 2.03155050e-02 1.61921205e-02 8.70093889e-04 9.99662112e-01
1317357831.443639040 3.02039717e+02 -2.81888894e+02 -8.25747281e+00 2.00978138e-02 1.52506574e-02 1.12842381e-02 9.99618008e-01
1317357831.547415018 3.02198293e+02 -2.81869095e+02 -8.26227716e+00 1.85138704e-02 1.46058583e-02 2.20417393e-02 9.99478898e-01
1317357831.651165009 3.02302664e+02 -2.81797530e+02 -8.25285571e+00 1.59242437e-02 1.52033262e-02 3.46556575e-02 9.99156776e-01
1317357831.754890919 3.02495490e+02 -2.81765684e+02 -8.26379120e+00 1.43366851e-02 1.54667235e-02 4.84665241e-02 9.98602141e-01
1317357831.858592987 3.02694249e+02 -2.81735587e+02 -8.28051681e+00 1.49318665e-02 1.69772611e-02 6.32947267e-02 9.97738738e-01
1317357831.962272882 3.02868957e+02 -2.81676275e+02 -8.27105607e+00 1.59657920e-02 1.83247289e-02 7.90094030e-02 9.96577549e-01
1317357832.065953016 3.03101039e+02 -2.81613383e+02 -8.26419960e+00 1.56341951e-02 1.87226527e-02 9.53037167e-02 9.95149354e-01
1317357832.169631958 3.03331142e+02 -2.81537419e+02 -8.26714307e+00 1.46850338e-02 1.90015222e-02 1.11975963e-01 9.93420694e-01
1317357832.273336887 3.03552348e+02 -2.81389885e+02 -8.27489553e+00 1.36984377e-02 1.93981154e-02 1.30651797e-01 9.91143871e-01
1317357832.377037048 3.03801411e+02 -2.81296746e+02 -8.28210106e+00 1.40140315e-02 2.01266294e-02 1.49234100e-01 9.88497703e-01
1317357832.480714083 3.04072907e+02 -2.81179061e+02 -8.28498893e+00 1.28147909e-02 1.93726215e-02 1.68637863e-01 9.85404361e-01
1317357832.584368944 3.04351414e+02 -2.81053757e+02 -8.28747293e+00 1.20672136e-02 1.97402027e-02 1.89317297e-01 9.81643351e-01
1317357832.688024044 3.04614689e+02 -2.80872016e+02 -8.29952360e+00 1.37149908e-02 2.01137958e-02 2.11048221e-01 9.77172443e-01
1317357832.791677952 3.04899811e+02 -2.80693131e+02 -8.30037904e+00 1.47333869e-02 2.00474397e-02 2.34722328e-01 9.71744028e-01
1317357832.895330906 3.05191967e+02 -2.80504732e+02 -8.30538842e+00 1.58394107e-02 1.95315417e-02 2.58116094e-01 9.65786578e-01
1317357832.999010086 3.05499906e+02 -2.80283793e+02 -8.30968239e+00 1.66886501e-02 1.99233463e-02 2.81391607e-01 9.59241009e-01
1317357833.102691889 3.05800043e+02 -2.80036070e+02 -8.32345901e+00 1.86559558e-02 1.94684558e-02 3.05563050e-01 9.51789975e-01
1317357833.206346989 3.06099678e+02 -2.79765331e+02 -8.32772234e+00 1.99448862e-02 1.84782063e-02 3.30143187e-01 9.43539206e-01
1317357833.310000896 3.06403963e+02 -2.79482560e+02 -8.32691908e+00 2.05591395e-02 1.68863050e-02 3.55685569e-01 9.34226926e-01
1317357833.413703918 3.06705216e+02 -2.79136805e+02 -8.33200334e+00 2.18283434e-02 1.66257442e-02 3.80552013e-01 9.24352353e-01
1317357833.517457008 3.06998345e+02 -2.78775039e+02 -8.33002625e+00 2.29456380e-02 1.67192717e-02 4.05163998e-01 9.13803096e-01
1317357833.621232986 3.07280829e+02 -2.78410304e+02 -8.33162179e+00 2.36728756e-02 1.60228303e-02 4.29005471e-01 9.02849473e-01
1317357833.725028992 3.07596933e+02 -2.77994262e+02 -8.33991242e+00 2.48261280e-02 1.52864145e-02 4.51072866e-01 8.92010795e-01
1317357833.828852892 3.07871327e+02 -2.77556880e+02 -8.33106366e+00 2.69559166e-02 1.60704209e-02 4.72185802e-01 8.80940230e-01
1317357833.932698011 3.08154108e+02 -2.77072641e+02 -8.32920491e+00 2.77261047e-02 1.76299629e-02 4.92506006e-01 8.69688612e-01
1317357834.036569118 3.08400746e+02 -2.76586826e+02 -8.31812075e+00 2.79185895e-02 1.77424333e-02 5.11430275e-01 8.58687855e-01
1317357834.140465021 3.08654360e+02 -2.76069760e+02 -8.33297237e+00 2.89691342e-02 1.99650229e-02 5.28056802e-01 8.48479935e-01
1317357834.244455099 3.08879573e+02 -2.75512573e+02 -8.32383116e+00 2.59655226e-02 1.77678337e-02 5.43402720e-01 8.38882340e-01
1317357834.348567009 3.09117166e+02 -2.74931156e+02 -8.32769910e+00 2.35883808e-02 1.62172746e-02 5.56122509e-01 8.30607214e-01
1317357834.452725887 3.09337454e+02 -2.74348673e+02 -8.32366111e+00 2.34946272e-02 1.50246726e-02 5.66034247e-01 8.23909882e-01
1317357834.556907892 3.09515818e+02 -2.73770824e+02 -8.33417053e+00 2.42317562e-02 1.46080145e-02 5.73094956e-01 8.19000366e-01
1317357834.661089897 3.09750448e+02 -2.73118627e+02 -8.33685011e+00 2.33750084e-02 1.18038489e-02 5.81019742e-01 8.13468093e-01
1317357834.765252113 3.09982967e+02 -2.72418454e+02 -8.33559073e+00 2.31523801e-02 9.93200273e-03 5.88087522e-01 8.08404842e-01
1317357834.869400024 3.10166159e+02 -2.71721892e+02 -8.32493720e+00 2.27540855e-02 9.86439425e-03 5.94083918e-01 8.04020674e-01
1317357834.973558903 3.10372301e+02 -2.70995751e+02 -8.31888510e+00 2.32916302e-02 9.45502703e-03 5.99318689e-01 8.00115749e-01
1317357835.077750921 3.10572325e+02 -2.70255118e+02 -8.30264845e+00 2.25963457e-02 8.82839470e-03 6.04172167e-01 7.96484437e-01
1317357835.181931973 3.10774036e+02 -2.69494152e+02 -8.28487836e+00 2.27717685e-02 8.75208719e-03 6.07860501e-01 7.93668986e-01
1317357835.286113977 3.10994791e+02 -2.68737850e+02 -8.25870040e+00 2.24281285e-02 7.85544556e-03 6.08304848e-01 7.93347643e-01
1317357835.390320063 3.11206833e+02 -2.67938448e+02 -8.23466873e+00 2.22100530e-02 7.86131737e-03 6.10787295e-01 7.91444119e-01
1317357835.494528055 3.11419831e+02 -2.67131620e+02 -8.20714275e+00 2.20033122e-02 8.34503045e-03 6.12559475e-01 7.90074113e-01
1317357835.598733902 3.11642929e+02 -2.66299783e+02 -8.18759238e+00 2.12348200e-02 8.28914224e-03 6.13856898e-01 7.89088133e-01
1317357835.702918053 3.11815136e+02 -2.65527174e+02 -8.13977971e+00 2.32914142e-02 1.05651224e-02 6.14284104e-01 7.88670355e-01
1317357835.807075977 3.12023050e+02 -2.64673463e+02 -8.12258408e+00 2.36915495e-02 1.13247255e-02 6.15847216e-01 7.87427881e-01
1317357835.911211967 3.12254331e+02 -2.63798641e+02 -8.10730217e+00 2.28159955e-02 1.11856839e-02 6.16449431e-01 7.86984377e-01
1317357836.015299082 3.12475206e+02 -2.62922119e+02 -8.12083661e+00 2.39215267e-02 1.26262452e-02 6.17640785e-01 7.85995037e-01
1317357836.119335890 3.12699626e+02 -2.61995587e+02 -8.10664273e+00 2.38424381e-02 1.29532746e-02 6.19166331e-01 7.84790931e-01
1317357836.223352909 3.12913635e+02 -2.61069902e+02 -8.09593650e+00 2.38372852e-02 1.38940488e-02 6.20823008e-01 7.83465080e-01
1317357836.327373981 3.13143023e+02 -2.60153412e+02 -8.10129232e+00 2.33987796e-02 1.42232703e-02 6.20506602e-01 7.83723008e-01
1317357836.431385994 3.13350987e+02 -2.59218963e+02 -8.09563405e+00 2.28355783e-02 1.38875133e-02 6.22583001e-01 7.82097232e-01
1317357836.535372972 3.13552293e+02 -2.58283887e+02 -8.08117111e+00 2.29213577e-02 1.35838793e-02 6.23786337e-01 7.81140637e-01
1317357836.639362097 3.13815817e+02 -2.57309401e+02 -8.05946253e+00 2.36700756e-02 1.30999003e-02 6.23167966e-01 7.81619989e-01
1317357836.743375063 3.14028405e+02 -2.56342229e+02 -8.04534146e+00 2.38403978e-02 1.27104776e-02 6.25247739e-01 7.79958553e-01
1317357836.847368956 3.14232876e+02 -2.55367585e+02 -8.02508566e+00 2.14833188e-02 1.17357543e-02 6.26408051e-01 7.79110835e-01
1317357836.951337099 3.14440651e+02 -2.54373574e+02 -8.00487355e+00 1.96767910e-02 1.32936811e-02 6.27222020e-01 7.78478413e-01
1317357837.055325985 3.14657689e+02 -2.53371448e+02 -7.98273271e+00 1.80527222e-02 1.30143633e-02 6.27552665e-01 7.78255985e-01
1317357837.159317017 3.14928678e+02 -2.52328615e+02 -7.95577804e+00 1.82109429e-02 1.22629811e-02 6.26539822e-01 7.79080120e-01
1317357837.263309002 3.15146267e+02 -2.51295305e+02 -7.94185629e+00 1.77698192e-02 1.24769583e-02 6.26619805e-01 7.79022579e-01
1317357837.367299080 3.15370092e+02 -2.50256146e+02 -7.92796315e+00 1.72436994e-02 1.35192475e-02 6.27221823e-01 7.78532382e-01
1317357837.471266031 3.15719358e+02 -2.49169673e+02 -7.90758888e+00 1.68119055e-02 1.52928498e-02 6.23801662e-01 7.81252184e-01
1317357837.575207949 3.15945140e+02 -2.48147558e+02 -7.89777933e+00 1.73789644e-02 1.50306131e-02 6.24894037e-01 7.80371382e-01
1317357837.679150105 3.16161555e+02 -2.47166824e+02 -7.88523804e+00 1.81790153e-02 1.46044530e-02 6.24834035e-01 7.80409292e-01
1317357837.783140898 3.16421947e+02 -2.46204694e+02 -7.88937040e+00 1.90646754e-02 1.50772994e-02 6.22175213e-01 7.82500618e-01
1317357837.887130976 3.16631569e+02 -2.45216650e+02 -7.88235102e+00 1.81390438e-02 1.49044958e-02 6.22203304e-01 7.82503597e-01
1317357837.991075993 3.16857492e+02 -2.44218682e+02 -7.87067086e+00 1.51001635e-02 1.36083829e-02 6.22170647e-01 7.82617712e-01
1317357838.095020056 3.17094133e+02 -2.43355294e+02 -7.84411110e+00 1.29197394e-02 1.25247078e-02 6.19708677e-01 7.84625623e-01
1317357838.198961973 3.17318739e+02 -2.42346492e+02 -7.82783661e+00 1.04608605e-02 1.12146827e-02 6.20294181e-01 7.84219313e-01
1317357838.302877903 3.17540260e+02 -2.41361915e+02 -7.81077556e+00 7.97377378e-03 9.08007038e-03 6.21254820e-01 7.83515424e-01
1317357838.406795979 3.17760659e+02 -2.40363519e+02 -7.79452953e+00 7.02999724e-03 9.19386190e-03 6.22647345e-01 7.82416984e-01
1317357838.510714054 3.17999648e+02 -2.39406249e+02 -7.77312123e+00 5.16613830e-03 7.83068568e-03 6.22412782e-01 7.82632941e-01
1317357838.614609003 3.18205503e+02 -2.38409395e+02 -7.77106077e+00 4.90103988e-03 7.33739322e-03 6.24620026e-01 7.80878970e-01
1317357838.718481064 3.18401708e+02 -2.37399622e+02 -7.76257958e+00 4.54421901e-03 6.98163683e-03 6.27968048e-01 7.78194537e-01
1317357838.822328091 3.18607723e+02 -2.36442481e+02 -7.73658452e+00 4.45620324e-03 6.08946891e-03 6.30462272e-01 7.76183215e-01
1317357838.926152945 3.18794125e+02 -2.35488018e+02 -7.72747794e+00 6.95981740e-03 6.05012568e-03 6.33889494e-01 7.73368648e-01
1317357839.029927015 3.18962756e+02 -2.34534313e+02 -7.72210977e+00 8.25257100e-03 5.87114953e-03 6.37757414e-01 7.70170699e-01
1317357839.133651972 3.19122479e+02 -2.33572957e+02 -7.70808786e+00 7.26868398e-03 6.76586568e-03 6.42612813e-01 7.66126727e-01
1317357839.237330914 3.19312959e+02 -2.32715568e+02 -7.69338446e+00 5.54674305e-03 5.20851320e-03 6.44636373e-01 7.64451471e-01
1317357839.340961933 3.19452221e+02 -2.31780993e+02 -7.67793435e+00 7.80686419e-03 4.66764144e-03 6.51451170e-01 7.58636038e-01
1317357839.444617987 3.19580879e+02 -2.30871083e+02 -7.66085939e+00 9.61450090e-03 3.58357559e-03 6.58959745e-01 7.52108220e-01
1317357839.548273087 3.19764382e+02 -2.30069410e+02 -7.62517961e+00 1.04823489e-02 3.00441438e-03 6.63978675e-01 7.47671995e-01
1317357839.651904106 3.19838516e+02 -2.29131151e+02 -7.60346510e+00 9.03445439e-03 2.14568372e-03 6.75113426e-01 7.37655500e-01
1317357839.755558968 3.19889436e+02 -2.28222242e+02 -7.57860695e+00 8.09144253e-03 2.27613812e-03 6.85448851e-01 7.28072264e-01
1317357839.859235048 3.19909525e+02 -2.27328764e+02 -7.55495877e+00 7.01479519e-03 1.95560001e-03 6.95942053e-01 7.18061019e-01
1317357839.962937117 3.20012476e+02 -2.26554440e+02 -7.52460726e+00 6.93786997e-03 1.67609660e-03 7.02594433e-01 7.11554720e-01
1317357840.066664934 3.19998557e+02 -2.25667138e+02 -7.50638425e+00 8.15118798e-03 3.90423183e-04 7.13040498e-01 7.01075355e-01
1317357840.170368910 3.19955004e+02 -2.24800602e+02 -7.47804876e+00 9.91558794e-03 -1.76010064e-03 7.23680116e-01 6.90062079e-01
1317357840.274048090 3.19936645e+02 -2.24002493e+02 -7.43811953e+00 1.12013797e-02 -4.35656637e-03 7.33541965e-01 6.79537884e-01
1317357840.377751112 3.19851239e+02 -2.23137247e+02 -7.40298972e+00 1.06116907e-02 -6.37090883e-03 7.45049491e-01 6.66894339e-01
1317357840.481477976 3.19711530e+02 -2.22275338e+02 -7.36290864e+00 7.76566031e-03 -7.29531882e-03 7.56716443e-01 6.53656406e-01
1317357840.585206985 3.19621472e+02 -2.21525159e+02 -7.34697093e+00 4.67819184e-03 -5.13059588e-03 7.66205397e-01 6.42558231e-01
1317357840.688958883 3.19461135e+02 -2.20676546e+02 -7.31526705e+00 2.41607463e-03 -5.78853171e-03 7.76826460e-01 6.29683497e-01
1317357840.792756081 3.19271602e+02 -2.19836820e+02 -7.28405154e+00 2.39718183e-03 -8.14847251e-03 7.87339568e-01 6.16461077e-01
1317357840.896552086 3.19031384e+02 -2.19088123e+02 -7.28788062e+00 6.07263883e-03 -7.29863436e-03 7.96564230e-01 6.04479347e-01
1317357841.000349998 3.18791808e+02 -2.18280365e+02 -7.26439622e+00 6.51175672e-03 -8.51962708e-03 8.06573510e-01 5.91036535e-01
1317357841.104195118 3.18533732e+02 -2.17444180e+02 -7.22872383e+00 4.35123494e-03 -1.00542551e-02 8.16825511e-01 5.76780776e-01
1317357841.208066940 3.18222620e+02 -2.16629308e+02 -7.21526718e+00 3.58193290e-03 -7.03275444e-03 8.26612054e-01 5.62716822e-01
1317357841.311964035 3.17888203e+02 -2.15810584e+02 -7.18727641e+00 2.29906548e-03 -5.46940024e-03 8.35695761e-01 5.49160627e-01
1317357841.415884018 3.17529533e+02 -2.15016104e+02 -7.16144254e+00 1.51024019e-03 -5.80838999e-03 8.42852766e-01 5.38110766e-01
1317357841.519850016 3.17145655e+02 -2.14217840e+02 -7.13854982e+00 1.66247250e-03 -6.34422051e-03 8.49689264e-01 5.27242963e-01
1317357841.623840094 3.16672564e+02 -2.13414823e+02 -7.11817831e+00 3.78406469e-03 -6.47247327e-03 8.55552224e-01 5.17662227e-01
1317357841.727828979 3.16216187e+02 -2.12604550e+02 -7.10320436e+00 3.72310590e-03 -6.52643676e-03 8.61047985e-01 5.08468201e-01
1317357841.831867933 3.15762704e+02 -2.11787616e+02 -7.08934963e+00 3.36092013e-03 -5.97077497e-03 8.66373416e-01 4.99349735e-01
1317357841.935930967 3.15330497e+02 -2.10983430e+02 -7.08170106e+00 8.27020568e-03 -2.28747684e-03 8.67482284e-01 4.97394068e-01
1317357842.039968967 3.14848288e+02 -2.10153223e+02 -7.03970460e+00 9.86063856e-03 -2.70812473e-03 8.71205852e-01 4.90811366e-01
1317357842.143984079 3.14334979e+02 -2.09284951e+02 -6.99515197e+00 1.21724859e-02 -6.40122164e-03 8.74914716e-01 4.84081703e-01
1317357842.248020887 3.13886370e+02 -2.08449506e+02 -6.94651185e+00 1.44570583e-02 -9.79963801e-03 8.74711773e-01 4.84328684e-01
1317357842.352061033 3.13390147e+02 -2.07619069e+02 -6.89233324e+00 1.41214943e-02 -1.06632316e-02 8.77666394e-01 4.78945279e-01
1317357842.456108093 3.12875923e+02 -2.06792519e+02 -6.85374302e+00 1.08746386e-02 -1.14821269e-02 8.80816586e-01 4.73193455e-01
1317357842.560169935 3.12331552e+02 -2.05971232e+02 -6.82871475e+00 8.43137392e-03 -1.01100492e-02 8.83214579e-01 4.68784286e-01
1317357842.664200068 3.11844189e+02 -2.05136012e+02 -6.81886168e+00 4.36328763e-03 -9.58753898e-03 8.82381727e-01 4.70416336e-01
1317357842.768215895 3.11275436e+02 -2.04301889e+02 -6.80264770e+00 4.19030199e-03 -9.33212062e-03 8.83712041e-01 4.67919205e-01
1317357842.872231007 3.10679753e+02 -2.03449307e+02 -6.75931392e+00 5.28313594e-03 -1.09836764e-02 8.85574669e-01 4.64337112e-01
1317357842.976246119 3.10075375e+02 -2.02584133e+02 -6.73088887e+00 5.11697767e-03 -1.17132210e-02 8.87439588e-01 4.60746778e-01
1317357843.080262899 3.09500699e+02 -2.01757951e+02 -6.75153871e+00 6.15657145e-03 -6.77481735e-03 8.87092803e-01 4.61500333e-01
1317357843.184278965 3.08875999e+02 -2.00882290e+02 -6.71304142e+00 6.77224586e-03 -6.58237904e-03 8.88343970e-01 4.59081474e-01
1317357843.288294077 3.08240869e+02 -1.99974465e+02 -6.68463358e+00 7.53094490e-03 -5.33450517e-03 8.89196895e-01 4.57431646e-01
1317357843.392308950 3.07594358e+02 -1.99059998e+02 -6.65052172e+00 7.92970475e-03 -4.89304155e-03 8.89872586e-01 4.56113974e-01
1317357843.496321917 3.06991309e+02 -1.98137362e+02 -6.58843387e+00 1.10463919e-02 -2.16177944e-03 8.87989148e-01 4.59726633e-01
1317357843.600311995 3.06329544e+02 -1.97218784e+02 -6.54235021e+00 9.80702389e-03 -4.11506078e-03 8.88786082e-01 4.58198853e-01
1317357843.704278946 3.05639102e+02 -1.96253140e+02 -6.49590900e+00 8.88798657e-03 -5.04407947e-03 8.90536509e-01 4.54796973e-01
1317357843.808247089 3.05103939e+02 -1.95302951e+02 -6.50270577e+00 1.06588597e-02 1.41192172e-03 8.88286820e-01 4.59163283e-01
1317357843.912213087 3.04436125e+02 -1.94364477e+02 -6.45709119e+00 1.04302826e-02 -8.02207399e-05 8.88768620e-01 4.58237431e-01
1317357844.016150951 3.03766956e+02 -1.93426716e+02 -6.42100779e+00 1.12322228e-02 -1.26547550e-03 8.89437238e-01 4.56917536e-01
1317357844.120070934 3.03099626e+02 -1.92509875e+02 -6.38527502e+00 1.16283346e-02 -1.62961498e-03 8.90170947e-01 4.55475369e-01
1317357844.223993063 3.02548064e+02 -1.91665312e+02 -6.38533365e+00 9.99492481e-03 5.88766986e-05 8.89134502e-01 4.57536813e-01
1317357844.327887058 3.01863588e+02 -1.90730814e+02 -6.35330187e+00 9.52104263e-03 -2.20515259e-04 8.89791333e-01 4.56268216e-01
1317357844.431782961 3.01298061e+02 -1.89876361e+02 -6.37471423e+00 1.09778773e-02 2.30130144e-04 8.88428111e-01 4.58884435e-01
1317357844.535702944 3.00570911e+02 -1.88880219e+02 -6.32070069e+00 7.92766975e-03 -4.37470887e-03 8.91035224e-01 4.53843855e-01
1317357844.639596939 2.99854668e+02 -1.87910191e+02 -6.28051489e+00 6.89239679e-03 -6.14591558e-03 8.92254932e-01 4.51437547e-01
1317357844.743464947 2.99211298e+02 -1.86956357e+02 -6.26970608e+00 8.21720656e-03 -4.60302059e-03 8.90836297e-01 4.54226795e-01
1317357844.847337008 2.98497080e+02 -1.85998271e+02 -6.24078685e+00 9.54499678e-03 -3.38641151e-03 8.90730955e-01 4.54418080e-01
1317357844.951210022 2.97771708e+02 -1.84996486e+02 -6.19981377e+00 9.78999965e-03 -2.87568598e-03 8.92815827e-01 4.50306325e-01
1317357845.055079937 2.97073798e+02 -1.83965236e+02 -6.18572523e+00 9.28043150e-03 2.01531760e-05 8.93342977e-01 4.49279645e-01
1317357845.158947945 2.96334655e+02 -1.82944968e+02 -6.14039775e+00 7.77867266e-03 -7.87994603e-04 8.95003137e-01 4.45991318e-01
1317357845.262816906 2.95566189e+02 -1.81950337e+02 -6.10674693e+00 6.48713673e-03 6.65074796e-04 8.96788839e-01 4.42410729e-01
1317357845.366686106 2.94962461e+02 -1.80952625e+02 -6.06780187e+00 6.23150080e-03 2.22472682e-03 8.95984880e-01 4.44035263e-01
1317357845.470551968 2.94213548e+02 -1.79971537e+02 -6.02038850e+00 4.05634874e-03 -1.79394529e-03 8.96735664e-01 4.42544321e-01
1317357845.574450016 2.93444820e+02 -1.79000044e+02 -5.97340119e+00 4.52091467e-03 -4.37629065e-03 8.96903560e-01 4.42181425e-01
1317357845.678375006 2.92872149e+02 -1.78065760e+02 -5.93852267e+00 6.06466592e-03 -8.18324618e-03 8.93824422e-01 4.48301412e-01
1317357845.782293081 2.92138994e+02 -1.77117033e+02 -5.89875749e+00 6.13636673e-03 -8.56324897e-03 8.93493123e-01 4.48953289e-01
1317357845.886209011 2.91418115e+02 -1.76156001e+02 -5.83828343e+00 2.56893058e-03 -1.35792035e-02 8.93571690e-01 4.48707746e-01
1317357845.990129948 2.90860869e+02 -1.75210386e+02 -5.83569873e+00 7.50325373e-04 -1.01544960e-02 8.91144955e-01 4.53604444e-01
1317357846.094026089 2.90154512e+02 -1.74272502e+02 -5.78991981e+00 -1.86506610e-03 -1.36131725e-02 8.91650422e-01 4.52515998e-01
1317357846.197891951 2.89572957e+02 -1.73420139e+02 -5.80480607e+00 1.92711627e-03 -6.49994367e-03 8.90832827e-01 4.54280652e-01
1317357846.301739931 2.88872564e+02 -1.72482066e+02 -5.77696963e+00 3.17553004e-03 -5.80324230e-03 8.91669132e-01 4.52639368e-01
1317357846.405567884 2.88171228e+02 -1.71523096e+02 -5.73755834e+00 4.34110562e-03 -3.86579116e-03 8.92803090e-01 4.50409650e-01
1317357846.509362936 2.87573525e+02 -1.70664636e+02 -5.71824106e+00 6.95975141e-03 8.57521516e-04 8.92505507e-01 4.50981980e-01
1317357846.613136053 2.86915067e+02 -1.69745827e+02 -5.66864562e+00 6.87263601e-03 1.85680265e-03 8.92159815e-01 4.51663796e-01
1317357846.716891050 2.86322596e+02 -1.68791322e+02 -5.64425857e+00 1.07141448e-02 4.79115547e-03 8.90968956e-01 4.53912514e-01
1317357846.820642948 2.85647336e+02 -1.67845507e+02 -5.60199421e+00 1.00789136e-02 3.33307144e-03 8.90866190e-01 4.54141760e-01
1317357846.924392939 2.84950095e+02 -1.66907354e+02 -5.56839424e+00 7.88781534e-03 1.95501502e-03 8.91888333e-01 4.52182663e-01
1317357847.028119087 2.84287161e+02 -1.65971006e+02 -5.56426655e+00 6.68280447e-03 2.68558721e-03 8.92486168e-01 4.51017258e-01
1317357847.131867886 2.83572507e+02 -1.65008755e+02 -5.53749345e+00 6.63197736e-03 2.00140317e-03 8.94261206e-01 4.47491795e-01
1317357847.235620975 2.82866828e+02 -1.64074867e+02 -5.50517770e+00 6.69032091e-03 1.49656673e-03 8.94694886e-01 4.46625191e-01
1317357847.339348078 2.82153003e+02 -1.63219516e+02 -5.49174130e+00 8.04798231e-03 3.26214007e-03 8.95639939e-01 4.44695050e-01
1317357847.443074942 2.81466369e+02 -1.62271909e+02 -5.46821189e+00 1.00593235e-02 3.60503622e-03 8.97032730e-01 4.41834919e-01
1317357847.546823978 2.80838445e+02 -1.61333229e+02 -5.44073963e+00 1.31886691e-02 7.18807850e-03 8.97181140e-01 4.41407286e-01
1317357847.650572062 2.80138525e+02 -1.60411568e+02 -5.39870363e+00 1.26219088e-02 6.96842000e-03 8.97524424e-01 4.40728983e-01
1317357847.754300117 2.79428641e+02 -1.59514943e+02 -5.36137920e+00 1.08178669e-02 8.67732777e-03 8.97407551e-01 4.40984540e-01
1317357847.858052969 2.78800170e+02 -1.58636832e+02 -5.32681131e+00 9.43500636e-03 1.25883750e-02 8.95782958e-01 4.44213243e-01
1317357847.961853027 2.78097334e+02 -1.57727026e+02 -5.30053718e+00 6.74344954e-03 1.18732890e-02 8.95883030e-01 4.44080114e-01
1317357848.065675020 2.77465384e+02 -1.56864519e+02 -5.26930347e+00 7.66102469e-03 1.38222892e-02 8.93597282e-01 4.48591297e-01
1317357848.169497013 2.76762288e+02 -1.55919937e+02 -5.24938199e+00 1.07752421e-02 1.48804189e-02 8.93913256e-01 4.47863324e-01
1317357848.273320913 2.76036067e+02 -1.54956644e+02 -5.21980809e+00 1.45013564e-02 1.44631590e-02 8.95037547e-01 4.45520276e-01
1317357848.377144098 2.75336455e+02 -1.54008435e+02 -5.20579620e+00 1.55573360e-02 1.40598304e-02 8.96884074e-01 4.41768321e-01
1317357848.480967045 2.74611463e+02 -1.53055818e+02 -5.16644586e+00 1.46117176e-02 1.48208181e-02 8.97290127e-01 4.40950415e-01
1317357848.584763050 2.73871801e+02 -1.52128542e+02 -5.13482262e+00 1.31884923e-02 1.63147825e-02 8.97809777e-01 4.39883502e-01
1317357848.688561916 2.73247139e+02 -1.51264403e+02 -5.12924022e+00 1.19335254e-02 1.73101035e-02 8.96972528e-01 4.41586046e-01
1317357848.792361021 2.72569305e+02 -1.50377894e+02 -5.10742422e+00 1.31547742e-02 2.03608567e-02 8.96730793e-01 4.41912065e-01
1317357848.896135092 2.72018823e+02 -1.49555412e+02 -5.10396936e+00 1.55776240e-02 2.25340917e-02 8.94303829e-01 4.46620883e-01
1317357848.999908924 2.71355461e+02 -1.48617788e+02 -5.07092740e+00 1.92063513e-02 2.45492447e-02 8.94802272e-01 4.45373264e-01
1317357849.103682041 2.70668167e+02 -1.47690806e+02 -5.03780113e+00 1.95920039e-02 2.48601824e-02 8.94828619e-01 4.45286276e-01
1317357849.207457066 2.70097667e+02 -1.46832862e+02 -5.03288487e+00 1.90547908e-02 2.67244749e-02 8.93707890e-01 4.47447120e-01
1317357849.311235905 2.69407813e+02 -1.45883941e+02 -5.00496807e+00 1.73293029e-02 2.67711669e-02 8.94493302e-01 4.45942522e-01
1317357849.415011883 2.68688044e+02 -1.44956586e+02 -4.97000725e+00 1.46009581e-02 2.41751201e-02 8.95219480e-01 4.44729646e-01
1317357849.518784046 2.68001884e+02 -1.44060826e+02 -4.95287641e+00 1.33820691e-02 2.27188512e-02 8.95077418e-01 4.45130531e-01
1317357849.622558117 2.67273259e+02 -1.43135871e+02 -4.92278946e+00 1.49521644e-02 2.03616232e-02 8.95048234e-01 4.45253293e-01
1317357849.726334095 2.66586839e+02 -1.42239536e+02 -4.89796483e+00 1.70394050e-02 1.85858715e-02 8.95362048e-01 4.44624590e-01
1317357849.830106020 2.65879515e+02 -1.41392899e+02 -4.86482020e+00 1.44310964e-02 1.72815585e-02 8.95277061e-01 4.44940530e-01
1317357849.933881998 2.65158806e+02 -1.40454885e+02 -4.85381570e+00 1.35233407e-02 2.00314532e-02 8.95615023e-01 4.44172930e-01
1317357850.037658930 2.64445174e+02 -1.39513966e+02 -4.81515691e+00 1.57376298e-02 2.20672283e-02 8.96018182e-01 4.43189329e-01
1317357850.141433001 2.63835178e+02 -1.38674098e+02 -4.83849724e+00 2.10100840e-02 2.57648500e-02 8.94977399e-01 4.44870997e-01
1317357850.245208979 2.63132126e+02 -1.37768609e+02 -4.80493234e+00 2.21531892e-02 2.47717249e-02 8.94981028e-01 4.44864651e-01
1317357850.348980904 2.62431037e+02 -1.36838952e+02 -4.77030540e+00 1.96351544e-02 2.68896790e-02 8.95861810e-01 4.43083540e-01
1317357850.452754021 2.61810566e+02 -1.35964022e+02 -4.77528486e+00 1.47013329e-02 2.71583763e-02 8.95814238e-01 4.43354424e-01
1317357850.556555986 2.61106160e+02 -1.35037928e+02 -4.75042747e+00 1.47456012e-02 2.50388922e-02 8.96533473e-01 4.42021893e-01
1317357850.660353899 2.60457252e+02 -1.34186500e+02 -4.72183887e+00 1.66147316e-02 2.23024682e-02 8.97846973e-01 4.39428451e-01
1317357850.764153957 2.59760527e+02 -1.33275808e+02 -4.69580653e+00 1.62700119e-02 1.65146149e-02 8.99134882e-01 4.37057226e-01
1317357850.867974043 2.59048955e+02 -1.32333000e+02 -4.66486805e+00 1.57308477e-02 1.41649246e-02 9.00515577e-01 4.34308175e-01
1317357850.971795082 2.58388506e+02 -1.31475656e+02 -4.65685639e+00 1.50083395e-02 1.23041368e-02 9.00421145e-01 4.34586147e-01
1317357851.075596094 2.57662301e+02 -1.30560538e+02 -4.61473372e+00 1.49972508e-02 1.17219777e-02 9.00257878e-01 4.34940722e-01
1317357851.179397106 2.56936986e+02 -1.29640018e+02 -4.57930039e+00 1.57200808e-02 1.28052350e-02 9.00595441e-01 4.34185164e-01
1317357851.283220053 2.56329265e+02 -1.28736616e+02 -4.54233986e+00 1.69031210e-02 1.75161525e-02 8.97743457e-01 4.39845604e-01
1317357851.387042046 2.55640936e+02 -1.27847124e+02 -4.51193882e+00 1.54399953e-02 1.70379939e-02 8.97390131e-01 4.40638475e-01
1317357851.490888119 2.54934191e+02 -1.26939051e+02 -4.48191796e+00 1.38644488e-02 1.64876680e-02 8.97030070e-01 4.41444207e-01
1317357851.594757080 2.54309931e+02 -1.26044669e+02 -4.48003886e+00 1.12330986e-02 1.56428553e-02 8.94971780e-01 4.45706890e-01
1317357851.698628902 2.53606846e+02 -1.25119610e+02 -4.45269237e+00 9.57963085e-03 1.43051250e-02 8.94951728e-01 4.45830684e-01
1317357851.802476883 2.52904197e+02 -1.24206824e+02 -4.42802074e+00 9.29501559e-03 1.45135821e-02 8.94793546e-01 4.46147363e-01
1317357851.906300068 2.52244715e+02 -1.23298330e+02 -4.41198182e+00 1.13471619e-02 1.54608215e-02 8.94867395e-01 4.45919891e-01
1317357852.010122061 2.51529674e+02 -1.22364608e+02 -4.38042843e+00 1.49161108e-02 1.66332569e-02 8.95602009e-01 4.44294818e-01
1317357852.113945007 2.50801379e+02 -1.21444954e+02 -4.34507511e+00 1.56480450e-02 1.94440730e-02 8.96306930e-01 4.42731243e-01
1317357852.217768908 2.50097637e+02 -1.20541274e+02 -4.31175013e+00 1.45659274e-02 2.05716055e-02 8.96278766e-01 4.42774227e-01
1317357852.321589947 2.49407572e+02 -1.19647237e+02 -4.29897511e+00 1.39660357e-02 2.12481771e-02 8.95333811e-01 4.44669351e-01
1317357852.425386906 2.48704785e+02 -1.18722289e+02 -4.28042014e+00 1.47414961e-02 2.06653686e-02 8.95209904e-01 4.44921182e-01
1317357852.529186010 2.48041723e+02 -1.17861208e+02 -4.25743018e+00 1.34314047e-02 1.59600600e-02 8.94346134e-01 4.46889099e-01
1317357852.633011103 2.47341045e+02 -1.16959900e+02 -4.22703996e+00 1.48449700e-02 1.78845478e-02 8.94362271e-01 4.46739184e-01
1317357852.736810923 2.46634539e+02 -1.16039218e+02 -4.20134907e+00 1.63351037e-02 1.94599558e-02 8.94689408e-01 4.45965623e-01
1317357852.840585947 2.45945155e+02 -1.15142282e+02 -4.19631679e+00 1.63897397e-02 2.45146334e-02 8.95013093e-01 4.45064008e-01
1317357852.944381952 2.45244662e+02 -1.14238531e+02 -4.16876823e+00 1.31681107e-02 2.41902043e-02 8.95130688e-01 4.44952229e-01
1317357853.048204899 2.44557156e+02 -1.13354524e+02 -4.12817549e+00 1.26873938e-02 2.61315724e-02 8.95036295e-01 4.45046291e-01
1317357853.152028084 2.43845476e+02 -1.12441077e+02 -4.10071518e+00 1.30873868e-02 2.45709640e-02 8.94912187e-01 4.45373064e-01
1317357853.255851984 2.43239638e+02 -1.11578131e+02 -4.08510220e+00 1.12318142e-02 1.62510022e-02 8.94302017e-01 4.47027575e-01
1317357853.359674931 2.42535386e+02 -1.10686470e+02 -4.06690477e+00 1.02518194e-02 1.46279737e-02 8.94480871e-01 4.46749252e-01
1317357853.463470936 2.41901776e+02 -1.09821713e+02 -4.05866735e+00 9.31662728e-03 1.59671104e-02 8.94902212e-01 4.45879225e-01
1317357853.567246914 2.41234972e+02 -1.08937056e+02 -4.03364508e+00 8.04239252e-03 1.66963613e-02 8.95196518e-01 4.45286140e-01
1317357853.671045065 2.40605884e+02 -1.08075009e+02 -4.02496396e+00 8.54198845e-03 1.74327453e-02 8.94784496e-01 4.46076047e-01
1317357853.774844885 2.39927334e+02 -1.07181560e+02 -4.00807434e+00 9.68961857e-03 1.72526887e-02 8.95109542e-01 4.45406964e-01
1317357853.878644943 2.39284222e+02 -1.06322925e+02 -4.00760833e+00 1.04089509e-02 1.66817902e-02 8.94930302e-01 4.45772505e-01
1317357853.982467890 2.38612013e+02 -1.05423493e+02 -3.98081553e+00 1.13168777e-02 1.65122037e-02 8.95478872e-01 4.44653647e-01
1317357854.086287975 2.37938192e+02 -1.04502148e+02 -3.95305770e+00 1.02681768e-02 1.69021594e-02 8.96409057e-01 4.42786273e-01
1317357854.190087080 2.37271523e+02 -1.03591342e+02 -3.90767133e+00 6.86725879e-03 1.44745636e-02 8.96442501e-01 4.42870375e-01
1317357854.293888092 2.36570085e+02 -1.02673551e+02 -3.88873028e+00 4.14266889e-03 1.30592958e-02 8.96802591e-01 4.42218730e-01
1317357854.397686005 2.35936530e+02 -1.01760342e+02 -3.87356822e+00 1.71022808e-03 1.32027916e-02 8.95760813e-01 4.44336953e-01
1317357854.501483917 2.35270282e+02 -1.00822776e+02 -3.87184445e+00 1.83804127e-03 1.31137854e-02 8.95909672e-01 4.44038861e-01
1317357854.605282068 2.34647327e+02 -9.99654265e+01 -3.88204566e+00 5.51696025e-03 1.60397988e-02 8.95280727e-01 4.45179411e-01
1317357854.709080935 2.33994115e+02 -9.90694646e+01 -3.86493285e+00 6.08081728e-03 1.79945038e-02 8.95833320e-01 4.43984103e-01
1317357854.812927008 2.33304482e+02 -9.81517527e+01 -3.83841820e+00 6.67247732e-03 1.89826659e-02 8.96871311e-01 4.41833666e-01
1317357854.916771889 2.32695786e+02 -9.73259138e+01 -3.81909154e+00 1.02098103e-02 2.28644581e-02 8.95859624e-01 4.43631052e-01
1317357855.020572901 2.31994404e+02 -9.63957320e+01 -3.80724067e+00 1.08008662e-02 2.44406106e-02 8.96372692e-01 4.42495191e-01
1317357855.124346972 2.31368603e+02 -9.56225300e+01 -3.81506987e+00 1.45006343e-02 2.65212756e-02 8.94684346e-01 4.45675078e-01
1317357855.228122950 2.30699467e+02 -9.47330762e+01 -3.79636473e+00 1.49654746e-02 2.66261998e-02 8.94873782e-01 4.45272944e-01
1317357855.331896067 2.29985957e+02 -9.38212224e+01 -3.77215232e+00 1.26557092e-02 2.62781564e-02 8.95655452e-01 4.43791171e-01
1317357855.435647011 2.29350198e+02 -9.29938112e+01 -3.78933350e+00 1.04390685e-02 2.88882364e-02 8.94412593e-01 4.46186743e-01
1317357855.539400101 2.28689649e+02 -9.20987555e+01 -3.77251620e+00 1.21107879e-02 2.88367520e-02 8.94661319e-01 4.45648846e-01
1317357855.643173933 2.28070431e+02 -9.13114976e+01 -3.73414990e+00 1.21926118e-02 2.42230733e-02 8.94635449e-01 4.45973090e-01
1317357855.746949911 2.27409092e+02 -9.04321380e+01 -3.71749112e+00 1.24555984e-02 2.12688337e-02 8.94816999e-01 4.45752210e-01
1317357855.850723982 2.26824342e+02 -8.96279642e+01 -3.71915910e+00 9.51400859e-03 2.09284392e-02 8.94706152e-01 4.46063208e-01
1317357855.954521894 2.26158080e+02 -8.87613362e+01 -3.69554665e+00 8.30472802e-03 2.35411253e-02 8.94875829e-01 4.45616537e-01
1317357856.058345079 2.25487308e+02 -8.78655703e+01 -3.67390320e+00 1.00821470e-02 2.54629275e-02 8.95174260e-01 4.44874179e-01
1317357856.162168026 2.24848611e+02 -8.70330849e+01 -3.63955205e+00 1.60780054e-02 2.56211404e-02 8.95292081e-01 4.44451510e-01
1317357856.265969038 2.24175198e+02 -8.61490442e+01 -3.61015060e+00 2.10106680e-02 2.42300184e-02 8.95083343e-01 4.44744046e-01
1317357856.369769096 2.23480715e+02 -8.52576764e+01 -3.61762985e+00 2.14225563e-02 2.36893704e-02 8.96598690e-01 4.41690703e-01
1317357856.473566055 2.22776583e+02 -8.43699493e+01 -3.57674534e+00 1.86339497e-02 2.35817492e-02 8.97077027e-01 4.40850865e-01
1317357856.577366114 2.22079695e+02 -8.34977727e+01 -3.58838896e+00 1.21893120e-02 2.18808145e-02 8.98252375e-01 4.38765680e-01
1317357856.681164980 2.21357918e+02 -8.25931922e+01 -3.56630501e+00 7.50306421e-03 1.78865196e-02 8.98615237e-01 4.38308604e-01
1317357856.784939051 2.20701873e+02 -8.17430827e+01 -3.55085984e+00 4.29357448e-03 1.53973261e-02 8.98033525e-01 4.39636526e-01
1317357856.888715029 2.20006132e+02 -8.08731137e+01 -3.51801401e+00 5.28052491e-03 1.22565674e-02 8.98159697e-01 4.39466780e-01
1317357856.992464066 2.19426435e+02 -8.00686911e+01 -3.52780345e+00 7.26467865e-03 8.65857063e-03 8.97185967e-01 4.41508317e-01
1317357857.096215963 2.18731912e+02 -7.91815284e+01 -3.50302662e+00 7.97812844e-03 8.05622485e-03 8.97664128e-01 4.40534403e-01
1317357857.199991941 2.18122557e+02 -7.83852234e+01 -3.51587937e+00 8.72829085e-03 1.34601096e-02 8.97421320e-01 4.40882769e-01
1317357857.303766012 2.17429314e+02 -7.74940951e+01 -3.50253007e+00 8.23841923e-03 1.32468428e-02 8.98057460e-01 4.39601465e-01
1317357857.407537937 2.16733101e+02 -7.66073202e+01 -3.48116817e+00 8.80730989e-03 1.58091134e-02 8.98141752e-01 4.39333468e-01
1317357857.511312008 2.16064091e+02 -7.57797134e+01 -3.46418408e+00 8.96627609e-03 1.62597098e-02 8.98135430e-01 4.39326732e-01
1317357857.615112066 2.15356192e+02 -7.49109716e+01 -3.41153196e+00 5.31139548e-03 1.02005610e-02 8.97934670e-01 4.39978484e-01
1317357857.718910933 2.14765205e+02 -7.40756932e+01 -3.38623334e+00 4.92855405e-03 9.69089515e-03 8.97360926e-01 4.41163421e-01
1317357857.822686911 2.14070535e+02 -7.32045413e+01 -3.34139281e+00 1.87987525e-03 6.53537018e-03 8.97757724e-01 4.40437083e-01
1317357857.926459074 2.13473914e+02 -7.24149899e+01 -3.32971449e+00 3.07266182e-04 4.21747222e-03 8.97411415e-01 4.41174421e-01
1317357858.030210018 2.12788905e+02 -7.15487985e+01 -3.28783742e+00 -1.25842899e-03 2.85060516e-04 8.97650747e-01 4.40705652e-01
1317357858.133963108 2.12187641e+02 -7.07320520e+01 -3.28456826e+00 -4.09347583e-04 3.25574280e-03 8.97715263e-01 4.40563888e-01
1317357858.237689018 2.11523397e+02 -6.98499223e+01 -3.25688529e+00 9.85973719e-05 3.54330749e-03 8.99368683e-01 4.37176631e-01
1317357858.341414928 2.10918595e+02 -6.90396346e+01 -3.25591734e+00 1.65099620e-03 4.76022625e-03 8.99315595e-01 4.37271168e-01
1317357858.445164919 2.10229203e+02 -6.81826334e+01 -3.24037783e+00 6.87523522e-04 4.82416579e-03 8.99969109e-01 4.35926435e-01
1317357858.548914909 2.09628856e+02 -6.73651640e+01 -3.27436187e+00 4.25525593e-03 9.78766339e-03 8.99762174e-01 4.36250071e-01
1317357858.652692080 2.08960126e+02 -6.64864387e+01 -3.25626717e+00 3.70633664e-03 9.37111684e-03 9.00811244e-01 4.34093939e-01
1317357858.756467104 2.08358366e+02 -6.56752976e+01 -3.25274189e+00 5.55651913e-03 1.19985708e-02 8.99538893e-01 4.36640514e-01
1317357858.860240936 2.07688851e+02 -6.48267821e+01 -3.22777463e+00 4.26712001e-03 8.74624285e-03 8.99378415e-01 4.37062651e-01
1317357858.964040995 2.07120128e+02 -6.40260121e+01 -3.21184866e+00 5.08898714e-03 1.18646643e-02 8.98351276e-01 4.39088051e-01
1317357859.067838907 2.06468327e+02 -6.31666610e+01 -3.18126970e+00 6.03946121e-03 1.10470850e-02 8.99243030e-01 4.37268178e-01
1317357859.171636105 2.05833602e+02 -6.23322064e+01 -3.15750586e+00 6.56038116e-03 1.13130347e-02 8.98862850e-01 4.38034878e-01
1317357859.275461912 2.05279244e+02 -6.15632842e+01 -3.12931340e+00 9.21197853e-03 1.55210641e-02 8.98010477e-01 4.39603707e-01
1317357859.379260063 2.04622570e+02 -6.07352752e+01 -3.09265226e+00 8.83332003e-03 1.52103275e-02 8.97960298e-01 4.39724824e-01
1317357859.483056068 2.03992680e+02 -5.99179889e+01 -3.07012893e+00 6.92662141e-03 1.25223988e-02 8.97970357e-01 4.39823203e-01
1317357859.586877108 2.03490069e+02 -5.92325235e+01 -3.08418698e+00 9.32548672e-03 1.84740562e-02 8.96195267e-01 4.43176927e-01
1317357859.690700054 2.02856172e+02 -5.84105773e+01 -3.05696800e+00 1.03918888e-02 2.01118032e-02 8.96614156e-01 4.42233625e-01
1317357859.794501066 2.02311731e+02 -5.77203741e+01 -3.05833015e+00 9.10862090e-03 2.05319611e-02 8.95314892e-01 4.44867077e-01
1317357859.898277998 2.01692767e+02 -5.68990265e+01 -3.03327287e+00 9.14369468e-03 2.11033935e-02 8.95728537e-01 4.44006113e-01
1317357860.002051115 2.01173980e+02 -5.62079586e+01 -3.05427466e+00 1.00489049e-02 2.38874472e-02 8.95315326e-01 4.44678397e-01
1317357860.105846882 2.00598409e+02 -5.54147568e+01 -3.03887347e+00 9.19648389e-03 2.35563341e-02 8.95162149e-01 4.45022754e-01
1317357860.209645987 2.00022543e+02 -5.46360357e+01 -3.01380471e+00 8.55640780e-03 2.33888768e-02 8.95239530e-01 4.44888673e-01
1317357860.313395023 1.99513584e+02 -5.39319303e+01 -3.01422195e+00 9.05214856e-03 2.31537252e-02 8.95565205e-01 4.44235216e-01
1317357860.417099953 1.98945051e+02 -5.31787013e+01 -2.99581322e+00 9.78511098e-03 2.21111756e-02 8.96300796e-01 4.42786890e-01
1317357860.520806074 1.98473644e+02 -5.26250919e+01 -2.99071242e+00 9.25935284e-03 2.29826036e-02 8.97298553e-01 4.40728228e-01
1317357860.624531031 1.97914038e+02 -5.18804086e+01 -2.97335528e+00 9.28603813e-03 2.47014411e-02 8.99036863e-01 4.37077026e-01
1317357860.728281021 1.97374700e+02 -5.11766710e+01 -2.95842057e+00 7.98003648e-03 2.47894655e-02 9.00558165e-01 4.33954828e-01
1317357860.832057953 1.96935901e+02 -5.06421530e+01 -2.95879739e+00 5.71932310e-03 2.40894033e-02 9.01209846e-01 4.32675170e-01
1317357860.935858965 1.96402324e+02 -4.99780429e+01 -2.94075193e+00 5.37095855e-03 2.23611042e-02 9.02511077e-01 4.30052195e-01
1317357861.039701939 1.95874941e+02 -4.93270464e+01 -2.93545311e+00 5.75850912e-03 1.99675077e-02 9.03292588e-01 4.28521455e-01
1317357861.143572092 1.95518966e+02 -4.89397311e+01 -2.92729556e+00 6.92118332e-03 1.86131326e-02 9.02499537e-01 4.30232768e-01
1317357861.247467995 1.95017613e+02 -4.83573580e+01 -2.91500481e+00 6.21001079e-03 1.63835921e-02 9.02750708e-01 4.29807134e-01
1317357861.351382971 1.94543534e+02 -4.77619219e+01 -2.89428057e+00 2.24718465e-03 1.34620621e-02 9.02782398e-01 4.29880988e-01
1317357861.455327988 1.94157103e+02 -4.73475553e+01 -2.89809833e+00 -1.79430655e-04 1.22672693e-02 9.02443496e-01 4.30633508e-01
1317357861.559297085 1.93714401e+02 -4.68234128e+01 -2.88553206e+00 -2.12678736e-03 9.36937501e-03 9.01676531e-01 4.32304436e-01
1317357861.663311005 1.93278480e+02 -4.62966234e+01 -2.87409538e+00 -3.18950776e-03 5.65579785e-03 9.00377223e-01 4.35061715e-01
1317357861.767373085 1.92938762e+02 -4.59026735e+01 -2.87121718e+00 -7.25970141e-04 2.48368882e-03 8.97789905e-01 4.40416384e-01
1317357861.871459007 1.92522863e+02 -4.53741194e+01 -2.87160514e+00 9.53447217e-04 8.20299399e-04 8.95532368e-01 4.44994602e-01
1317357861.975620031 1.92146068e+02 -4.48723134e+01 -2.86279109e+00 2.00906773e-03 1.21733253e-03 8.91786804e-01 4.52449752e-01
1317357862.079849958 1.91790270e+02 -4.43833410e+01 -2.86753315e+00 4.01648918e-03 3.87668098e-03 8.86790639e-01 4.62137644e-01
1317357862.184128046 1.91428826e+02 -4.38592736e+01 -2.84199905e+00 5.31586981e-03 2.90633638e-03 8.80531980e-01 4.73948022e-01
1317357862.288455009 1.91074553e+02 -4.33005162e+01 -2.82969448e+00 6.29001136e-03 2.29284517e-03 8.73323856e-01 4.87094058e-01
1317357862.392828941 1.90745129e+02 -4.27358034e+01 -2.83025167e+00 4.87584485e-03 3.98987267e-03 8.64306522e-01 5.02925983e-01
1317357862.497252941 1.90538582e+02 -4.21596964e+01 -2.87372733e+00 3.58799027e-03 1.02647862e-02 8.53104353e-01 5.21626996e-01
1317357862.601675987 1.90304215e+02 -4.15636004e+01 -2.86108188e+00 2.81474236e-03 1.64247596e-02 8.40909277e-01 5.40919488e-01
1317357862.706049919 1.90082639e+02 -4.09626069e+01 -2.83519309e+00 2.82716598e-03 1.95521836e-02 8.27596296e-01 5.60976016e-01
1317357862.810400963 1.89992611e+02 -4.03230527e+01 -2.84794778e+00 3.54098213e-03 1.93795047e-02 8.12388350e-01 5.82783892e-01
1317357862.914705038 1.89810799e+02 -3.97276135e+01 -2.85487322e+00 5.32533070e-03 1.76715509e-02 7.98734897e-01 6.01399968e-01
1317357863.018935919 1.89637394e+02 -3.91102229e+01 -2.86414519e+00 6.26786625e-03 1.88475399e-02 7.84669868e-01 6.19595579e-01
1317357863.123166084 1.89520201e+02 -3.85284444e+01 -2.85491020e+00 6.76610959e-03 1.85245944e-02 7.69651711e-01 6.38159309e-01
1317357863.227372885 1.89533504e+02 -3.79534592e+01 -2.83884364e+00 6.40110395e-03 1.46974004e-02 7.52982758e-01 6.57844950e-01
1317357863.331506014 1.89462327e+02 -3.73114444e+01 -2.84370334e+00 5.09572871e-03 1.02016323e-02 7.38134741e-01 6.74556939e-01
1317357863.435616016 1.89403606e+02 -3.66365191e+01 -2.85569015e+00 3.80419177e-03 9.51147693e-03 7.23555236e-01 6.90190466e-01
1317357863.539654016 1.89445388e+02 -3.60490360e+01 -2.85438051e+00 4.68710769e-03 1.08929227e-02 7.07757820e-01 7.06355607e-01
1317357863.643598080 1.89459554e+02 -3.54114770e+01 -2.85253999e+00 5.56651654e-03 1.03310472e-02 6.94081724e-01 7.19800558e-01
1317357863.747520924 1.89516747e+02 -3.47545288e+01 -2.85484195e+00 9.76730526e-03 9.36935925e-03 6.80738031e-01 7.32401903e-01
1317357863.851391077 1.89574002e+02 -3.40852718e+01 -2.85629706e+00 1.16020610e-02 9.62767147e-03 6.69180857e-01 7.42946620e-01
1317357863.955212116 1.89813069e+02 -3.34555613e+01 -2.82525424e+00 1.52928144e-02 1.14653424e-02 6.54293763e-01 7.55998907e-01
1317357864.059035063 1.89921303e+02 -3.28062995e+01 -2.81330374e+00 1.49997877e-02 1.30463486e-02 6.42476543e-01 7.66047447e-01
1317357864.162858009 1.90045941e+02 -3.21358169e+01 -2.80179008e+00 1.47314208e-02 1.35218747e-02 6.30160299e-01 7.76207538e-01
1317357864.266727924 1.90188196e+02 -3.14748969e+01 -2.80487647e+00 1.64431786e-02 1.38533209e-02 6.17543363e-01 7.86242902e-01
1317357864.370623112 1.90500192e+02 -3.08827580e+01 -2.81038151e+00 1.71563502e-02 1.26537743e-02 6.01176459e-01 7.98831901e-01
1317357864.474517107 1.90708480e+02 -3.02168341e+01 -2.78978508e+00 1.69292824e-02 1.21711944e-02 5.87467645e-01 8.08979003e-01
1317357864.578459978 1.90916169e+02 -2.95475277e+01 -2.78645189e+00 1.36895291e-02 1.03171587e-02 5.73406935e-01 8.19091350e-01
1317357864.682425976 1.91183555e+02 -2.88823693e+01 -2.78785077e+00 1.35520454e-02 9.46122810e-03 5.58459998e-01 8.29366781e-01
1317357864.786392927 1.91527834e+02 -2.82934119e+01 -2.79025404e+00 1.32960535e-02 8.85869513e-03 5.40824978e-01 8.40983402e-01
1317357864.890383005 1.91825014e+02 -2.76333126e+01 -2.78174414e+00 1.35066367e-02 8.21827800e-03 5.24193212e-01 8.51452586e-01
1317357864.994374037 1.92153627e+02 -2.69930936e+01 -2.77766911e+00 1.32950331e-02 7.94317419e-03 5.07762113e-01 8.61358105e-01
1317357865.098366022 1.92495295e+02 -2.63482897e+01 -2.76657734e+00 1.34456281e-02 7.51603696e-03 4.90393399e-01 8.71365043e-01
1317357865.202357054 1.92922358e+02 -2.57716214e+01 -2.77757444e+00 1.00769886e-02 9.12561841e-03 4.72691356e-01 8.81123181e-01
1317357865.306324005 1.93341012e+02 -2.51326257e+01 -2.78107777e+00 8.69650481e-03 9.77897995e-03 4.55945212e-01 8.89911628e-01
1317357865.410290003 1.93801293e+02 -2.45169169e+01 -2.77720577e+00 7.29139348e-03 1.21574568e-02 4.38493436e-01 8.98622578e-01
1317357865.514256001 1.94287140e+02 -2.39042583e+01 -2.77502660e+00 5.65363668e-03 1.31516110e-02 4.21926812e-01 9.06516870e-01
1317357865.618206024 1.94862420e+02 -2.33813713e+01 -2.79291800e+00 1.38443274e-03 1.41307776e-02 4.03863910e-01 9.14708886e-01
1317357865.722075939 1.95408018e+02 -2.28008230e+01 -2.79642407e+00 4.81835623e-04 1.34969608e-02 3.90197260e-01 9.20632227e-01
1317357865.825870991 1.95956702e+02 -2.22263098e+01 -2.81262621e+00 7.34032632e-04 1.14781938e-02 3.77783566e-01 9.25822494e-01
1317357865.929621935 1.96530212e+02 -2.16778530e+01 -2.80590515e+00 3.97296799e-03 1.00058682e-02 3.65812961e-01 9.30626120e-01
1317357866.033371925 1.97191161e+02 -2.12024953e+01 -2.77005513e+00 6.34820607e-03 5.53430745e-03 3.55189942e-01 9.34756212e-01
1317357866.137124062 1.97759454e+02 -2.06730384e+01 -2.76316288e+00 6.06843244e-03 3.67568944e-03 3.45618012e-01 9.38348471e-01
1317357866.240845919 1.98354196e+02 -2.01593134e+01 -2.77019307e+00 7.25037255e-03 3.86027254e-03 3.37404051e-01 9.41324087e-01
1317357866.344569921 1.98973864e+02 -1.96686262e+01 -2.75127081e+00 9.14503395e-03 6.28876551e-03 3.29881308e-01 9.43957172e-01
1317357866.448251009 1.99633411e+02 -1.91488694e+01 -2.75186772e+00 1.11562943e-02 1.01932998e-02 3.25565921e-01 9.45398574e-01
1317357866.551909924 2.00356752e+02 -1.86933116e+01 -2.77175451e+00 1.43443070e-02 1.36882994e-02 3.21796390e-01 9.46601265e-01
1317357866.655612946 2.01024402e+02 -1.81697460e+01 -2.78431845e+00 1.56679872e-02 1.43171219e-02 3.19570666e-01 9.47324719e-01
1317357866.759315014 2.01686330e+02 -1.76444027e+01 -2.77931799e+00 1.75997494e-02 1.38409021e-02 3.16232547e-01 9.48417448e-01
1317357866.863018990 2.02417233e+02 -1.71669536e+01 -2.83972519e+00 1.62287470e-02 1.38530176e-02 3.12782322e-01 9.49585142e-01
1317357866.966744900 2.03092476e+02 -1.66605979e+01 -2.83545660e+00 1.73363587e-02 1.36416837e-02 3.11643161e-01 9.49943101e-01
1317357867.070445061 2.03809010e+02 -1.61689071e+01 -2.83141554e+00 1.87223091e-02 1.45547562e-02 3.09966727e-01 9.50451610e-01
1317357867.174123049 2.04508884e+02 -1.56617591e+01 -2.83257002e+00 1.58474866e-02 1.55138955e-02 3.09674901e-01 9.50583837e-01
1317357867.277801991 2.05264217e+02 -1.50981155e+01 -2.85189848e+00 1.36111305e-02 1.65582431e-02 3.11752582e-01 9.49921518e-01
1317357867.381481886 2.06002791e+02 -1.45315928e+01 -2.86457771e+00 1.32397589e-02 1.86530000e-02 3.12275909e-01 9.49716027e-01
1317357867.485184908 2.06735798e+02 -1.39769130e+01 -2.87589404e+00 1.02975175e-02 1.69527104e-02 3.12143496e-01 9.49827882e-01
1317357867.588936090 2.07467401e+02 -1.33997984e+01 -2.88239345e+00 6.24282791e-03 1.30757005e-02 3.14330760e-01 9.49202943e-01
1317357867.692686081 2.08191319e+02 -1.28691177e+01 -2.89138016e+00 3.46350037e-03 1.02759862e-02 3.11982817e-01 9.50025858e-01
1317357867.796462059 2.08914546e+02 -1.23440814e+01 -2.89237291e+00 5.31005621e-03 9.77690686e-03 3.11102758e-01 9.50311154e-01
1317357867.900238991 2.09618172e+02 -1.16779713e+01 -2.91028019e+00 1.18171812e-02 1.08308315e-02 3.15828198e-01 9.48680977e-01
1317357868.003989935 2.10332001e+02 -1.11241241e+01 -2.90106240e+00 1.44452310e-02 1.07384524e-02 3.15705535e-01 9.48686479e-01
1317357868.107789040 2.11043713e+02 -1.05601702e+01 -2.90808227e+00 1.29785559e-02 1.02907924e-02 3.16370703e-01 9.48491030e-01
1317357868.211586952 2.11716276e+02 -9.96551449e+00 -2.90618844e+00 1.91165269e-02 1.29283781e-02 3.20667332e-01 9.46910702e-01
1317357868.315361977 2.12447861e+02 -9.39465918e+00 -2.89314796e+00 2.07670661e-02 1.18871539e-02 3.19209525e-01 9.47382026e-01
1317357868.419161081 2.13199545e+02 -8.84146363e+00 -2.89118479e+00 2.29499436e-02 1.03312464e-02 3.17916120e-01 9.47784736e-01
1317357868.522957087 2.13921067e+02 -8.21572814e+00 -2.91645700e+00 2.55315591e-02 1.15989199e-02 3.21001332e-01 9.46663483e-01
1317357868.626777887 2.14680734e+02 -7.65381273e+00 -2.90059005e+00 2.46773645e-02 1.29770627e-02 3.20264435e-01 9.46917797e-01
1317357868.730601072 2.15456292e+02 -7.08393380e+00 -2.89395822e+00 2.40219092e-02 1.55180590e-02 3.18265121e-01 9.47570288e-01
1317357868.834424973 2.16243364e+02 -6.54916590e+00 -2.90661409e+00 2.06757804e-02 1.80630133e-02 3.16184255e-01 9.48300457e-01
1317357868.938273907 2.16972930e+02 -5.97514145e+00 -2.90315938e+00 1.97278429e-02 2.05201089e-02 3.12574421e-01 9.49466676e-01
1317357869.042131901 2.17716487e+02 -5.41884518e+00 -2.91213657e+00 1.96323066e-02 2.15315312e-02 3.11702001e-01 9.49733030e-01
1317357869.145989895 2.18458341e+02 -4.85448227e+00 -2.94271055e+00 1.83199485e-02 2.17213146e-02 3.10040685e-01 9.50298552e-01
1317357869.249811888 2.19208932e+02 -4.28941996e+00 -2.95376687e+00 1.89832955e-02 2.02279492e-02 3.08021315e-01 9.50974939e-01
1317357869.353658915 2.19957646e+02 -3.70477157e+00 -2.96889001e+00 1.81510154e-02 1.79754338e-02 3.05242280e-01 9.51932022e-01
1317357869.457505941 2.20647996e+02 -3.11062834e+00 -3.00158412e+00 1.93677168e-02 1.71549038e-02 3.06512414e-01 9.51514971e-01
1317357869.561327934 2.21429943e+02 -2.51267779e+00 -2.99936593e+00 1.92464633e-02 1.78194984e-02 3.03587066e-01 9.52442614e-01
1317357869.665122986 2.22209652e+02 -1.94804398e+00 -3.00463725e+00 2.05017555e-02 1.95897913e-02 3.02627016e-01 9.52687151e-01
1317357869.768898010 2.22983927e+02 -1.38411650e+00 -3.00895500e+00 2.36802492e-02 1.76478401e-02 3.02451762e-01 9.52707054e-01
1317357869.872700930 2.23688281e+02 -8.16898762e-01 -3.01978114e+00 2.06595711e-02 1.07722142e-02 3.07393333e-01 9.51297262e-01
1317357869.976524115 2.24436632e+02 -2.70876167e-01 -3.03072656e+00 2.07217939e-02 6.36272620e-03 3.09148202e-01 9.50766802e-01
1317357870.080318928 2.25179896e+02 2.84859068e-01 -3.03544022e+00 2.07670237e-02 5.62503318e-03 3.09199387e-01 9.50753821e-01
1317357870.184113979 2.25845702e+02 8.40038890e-01 -3.06032463e+00 1.89300582e-02 1.00256109e-02 3.13782765e-01 9.49253136e-01
1317357870.287938118 2.26619958e+02 1.42660902e+00 -3.07999128e+00 2.00728026e-02 1.47787222e-02 3.14580406e-01 9.48903494e-01
1317357870.391766071 2.27272634e+02 1.90985962e+00 -3.08395636e+00 1.64881992e-02 1.88761249e-02 3.17565733e-01 9.47904972e-01
1317357870.495589018 2.28003866e+02 2.46438524e+00 -3.10023074e+00 1.64767132e-02 2.00602954e-02 3.17625864e-01 9.47860704e-01
1317357870.599437952 2.28712595e+02 3.00698154e+00 -3.10616530e+00 1.76191566e-02 1.99737665e-02 3.18365267e-01 9.47593885e-01
1317357870.703272104 2.29307244e+02 3.47403830e+00 -3.11052175e+00 1.57869904e-02 1.85427445e-02 3.18389855e-01 9.47647001e-01
1317357870.807105064 2.30021965e+02 4.00900227e+00 -3.12951657e+00 1.66992270e-02 1.89914336e-02 3.18269722e-01 9.47662833e-01
1317357870.910973072 2.30745982e+02 4.56677582e+00 -3.16020439e+00 1.63286711e-02 1.88486798e-02 3.18542354e-01 9.47580535e-01
1317357871.014844894 2.31368921e+02 5.03511897e+00 -3.16753966e+00 1.30482952e-02 2.19757839e-02 3.18512980e-01 9.47573896e-01
1317357871.118741989 2.32112593e+02 5.59804212e+00 -3.19209044e+00 1.43812090e-02 2.46453605e-02 3.17761199e-01 9.47741319e-01
1317357871.222660065 2.32846200e+02 6.14683216e+00 -3.22213980e+00 1.63905538e-02 2.74790444e-02 3.17606461e-01 9.47682641e-01
1317357871.326577902 2.33508080e+02 6.64751308e+00 -3.23503840e+00 1.44792095e-02 2.60892751e-02 3.17980634e-01 9.47627574e-01
1317357871.430495977 2.34208556e+02 7.19044808e+00 -3.25287060e+00 1.47422512e-02 2.41584388e-02 3.16749377e-01 9.48086952e-01
1317357871.534415007 2.34932695e+02 7.74149492e+00 -3.26182955e+00 1.46800788e-02 2.46381651e-02 3.15428538e-01 9.48515837e-01
1317357871.638335943 2.35635536e+02 8.29405722e+00 -3.28571709e+00 1.34142148e-02 2.56575237e-02 3.12947502e-01 9.49329032e-01
1317357871.742232084 2.36231813e+02 8.77751330e+00 -3.26108710e+00 1.58567457e-02 2.55709641e-02 3.13714578e-01 9.49040491e-01
1317357871.846126080 2.36950494e+02 9.32340258e+00 -3.27036148e+00 1.75563420e-02 2.69001140e-02 3.13928512e-01 9.48903076e-01
1317357871.950042963 2.37677414e+02 9.87364045e+00 -3.29523489e+00 1.65671247e-02 2.50935518e-02 3.14575131e-01 9.48756202e-01
1317357872.053961992 2.38258354e+02 1.03732357e+01 -3.28366832e+00 1.21479025e-02 2.40831415e-02 3.17927235e-01 9.47731346e-01
1317357872.157882929 2.38970123e+02 1.09221448e+01 -3.29913629e+00 1.10999731e-02 2.48757594e-02 3.19247164e-01 9.47279914e-01
1317357872.261801958 2.39676782e+02 1.14593439e+01 -3.32663590e+00 1.18310475e-02 2.65767998e-02 3.19044091e-01 9.47293285e-01
1317357872.365719080 2.40309973e+02 1.19663958e+01 -3.34822009e+00 1.26382913e-02 2.76699302e-02 3.21836150e-01 9.46306579e-01
1317357872.469638109 2.41013215e+02 1.25261783e+01 -3.36878142e+00 1.29091464e-02 2.77900128e-02 3.22153762e-01 9.46191325e-01
1317357872.573580027 2.41735042e+02 1.30688548e+01 -3.38943608e+00 1.41915006e-02 2.56277205e-02 3.21762909e-01 9.46366975e-01
1317357872.677522898 2.42325189e+02 1.34578512e+01 -3.45031003e+00 1.80009639e-02 2.53184536e-02 3.21279390e-01 9.46474772e-01
1317357872.781465054 2.43003369e+02 1.39699311e+01 -3.47001422e+00 1.94148008e-02 2.43725074e-02 3.20376518e-01 9.46777658e-01
1317357872.885432005 2.43670788e+02 1.44740829e+01 -3.48121854e+00 1.87383011e-02 2.42898503e-02 3.20403768e-01 9.46784191e-01
1317357872.989398956 2.44344445e+02 1.50091025e+01 -3.49508714e+00 1.85570605e-02 2.59308740e-02 3.20437786e-01 9.46732724e-01
1317357873.093364000 2.44934365e+02 1.54472551e+01 -3.54723933e+00 1.76988183e-02 3.01901243e-02 3.19946369e-01 9.46789115e-01
1317357873.197308064 2.45631023e+02 1.59765148e+01 -3.57517658e+00 1.69700900e-02 3.25183904e-02 3.20713766e-01 9.46465663e-01
1317357873.301249981 2.46305828e+02 1.64782867e+01 -3.58913024e+00 1.87345093e-02 3.42489163e-02 3.20243059e-01 9.46530725e-01
1317357873.405215979 2.46999455e+02 1.69928166e+01 -3.62226638e+00 1.91353997e-02 3.34622386e-02 3.17385662e-01 9.47512774e-01
1317357873.509182930 2.47595207e+02 1.74498529e+01 -3.61552685e+00 2.51165415e-02 3.46852695e-02 3.18649573e-01 9.46904716e-01
1317357873.613126993 2.48288792e+02 1.79894695e+01 -3.63837719e+00 2.67502309e-02 3.51827134e-02 3.19407840e-01 9.46586094e-01
1317357873.717068911 2.48986856e+02 1.85103454e+01 -3.66602446e+00 2.89490435e-02 3.54861288e-02 3.19695014e-01 9.46413116e-01
1317357873.821008921 2.49628703e+02 1.90211507e+01 -3.69956241e+00 2.96272079e-02 3.45882254e-02 3.19886829e-01 9.46360555e-01
1317357873.924952030 2.50311654e+02 1.95694663e+01 -3.73377203e+00 3.13281039e-02 3.35704123e-02 3.19639590e-01 9.46425967e-01
1317357874.028898954 2.50978341e+02 2.01101695e+01 -3.77306706e+00 3.32936666e-02 3.33413457e-02 3.18440666e-01 9.46771054e-01
1317357874.132841110 2.51570894e+02 2.06336637e+01 -3.81471031e+00 2.95342504e-02 3.23270900e-02 3.17810814e-01 9.47142531e-01
1317357874.236784935 2.52255933e+02 2.11757973e+01 -3.83444097e+00 2.83268826e-02 3.35335077e-02 3.15906906e-01 9.47774192e-01
1317357874.340703964 2.52959276e+02 2.17102904e+01 -3.85841882e+00 2.70148393e-02 3.28306514e-02 3.15013046e-01 9.48134551e-01
1317357874.444622993 2.53621005e+02 2.22197050e+01 -3.88830474e+00 2.79285307e-02 3.18292066e-02 3.14420104e-01 9.48339020e-01
1317357874.548566103 2.54233368e+02 2.26649230e+01 -3.91164355e+00 2.50322009e-02 2.97230693e-02 3.14042905e-01 9.48613189e-01
1317357874.652512074 2.54916246e+02 2.32119652e+01 -3.93588395e+00 2.40408830e-02 2.94120667e-02 3.12944347e-01 9.49011487e-01
1317357874.756428003 2.55604193e+02 2.37361529e+01 -3.96082595e+00 2.32605976e-02 2.88380373e-02 3.12506190e-01 9.49192917e-01
1317357874.860343933 2.56224911e+02 2.41760904e+01 -3.97665907e+00 1.68137802e-02 2.74222712e-02 3.14877473e-01 9.48587104e-01
1317357874.964297056 2.56920146e+02 2.46839659e+01 -3.99643406e+00 1.62844019e-02 2.62624299e-02 3.14252992e-01 9.48836214e-01
1317357875.068239927 2.57614645e+02 2.51907890e+01 -4.02458471e+00 1.62217652e-02 2.57215357e-02 3.12594382e-01 9.49399815e-01
1317357875.172173023 2.58321366e+02 2.57064159e+01 -4.04764176e+00 1.60276754e-02 2.65251614e-02 3.12363844e-01 9.49456876e-01
1317357875.276113987 2.58948337e+02 2.62267188e+01 -4.04427334e+00 1.42799522e-02 2.78123014e-02 3.15954189e-01 9.48259199e-01
1317357875.380059958 2.59639723e+02 2.67253410e+01 -4.06901773e+00 1.42184994e-02 2.90057175e-02 3.15867975e-01 9.48253091e-01
1317357875.484025955 2.60305051e+02 2.72151699e+01 -4.08970813e+00 1.39453928e-02 2.96203063e-02 3.15682988e-01 9.48299749e-01
1317357875.587991953 2.60957081e+02 2.76962373e+01 -4.11306114e+00 1.40057969e-02 2.97391882e-02 3.16022969e-01 9.48181892e-01
1317357875.691956997 2.61560973e+02 2.81808510e+01 -4.13692717e+00 1.23563440e-02 2.92310329e-02 3.18069532e-01 9.47536089e-01
1317357875.795898914 2.62221528e+02 2.86739100e+01 -4.16051007e+00 1.15094953e-02 2.85589717e-02 3.18110728e-01 9.47553419e-01
1317357875.899820089 2.62864559e+02 2.91684337e+01 -4.18648227e+00 1.08085798e-02 2.74263255e-02 3.17495026e-01 9.47801603e-01
1317357876.003765106 2.63373954e+02 2.96056407e+01 -4.19471673e+00 1.16771648e-02 2.63982655e-02 3.19000981e-01 9.47314704e-01
1317357876.107707024 2.63996671e+02 3.00707804e+01 -4.21089331e+00 9.88848529e-03 2.65611943e-02 3.19169936e-01 9.47273600e-01
1317357876.211648941 2.64604903e+02 3.05412971e+01 -4.23329849e+00 8.55746400e-03 2.68359768e-02 3.19365317e-01 9.47212962e-01
1317357876.315592051 2.65200736e+02 3.09956134e+01 -4.25006265e+00 7.88218847e-03 2.67231549e-02 3.19577027e-01 9.47150605e-01
1317357876.419533968 2.65756705e+02 3.14544744e+01 -4.26704371e+00 7.99123091e-03 2.68733280e-02 3.18495575e-01 9.47509648e-01
1317357876.523475885 2.66341358e+02 3.19007241e+01 -4.28619903e+00 8.24104912e-03 2.71282322e-02 3.17781014e-01 9.47740139e-01
1317357876.627418995 2.66912996e+02 3.23303573e+01 -4.30109491e+00 8.03990888e-03 2.74920234e-02 3.18017818e-01 9.47651949e-01
1317357876.731420040 2.67472317e+02 3.27821728e+01 -4.32266512e+00 7.59765743e-03 2.74491110e-02 3.16464404e-01 9.48176726e-01
1317357876.835386992 2.67976984e+02 3.32410002e+01 -4.34737658e+00 8.06472629e-03 2.78539127e-02 3.15272297e-01 9.48558116e-01
1317357876.939321041 2.68515174e+02 3.36301596e+01 -4.37300286e+00 7.59115244e-03 2.89471810e-02 3.14985870e-01 9.48624445e-01
1317357877.043289900 2.69042199e+02 3.40188889e+01 -4.39369775e+00 7.40014527e-03 3.08844828e-02 3.14259220e-01 9.48805844e-01
1317357877.147255898 2.69530390e+02 3.43959711e+01 -4.40919581e+00 7.44669575e-03 3.19380245e-02 3.13962440e-01 9.48868851e-01
1317357877.251220942 2.70020551e+02 3.47748630e+01 -4.44349809e+00 6.62019330e-03 3.19448834e-02 3.12820719e-01 9.49251756e-01
1317357877.355187893 2.70504363e+02 3.51201301e+01 -4.46632878e+00 7.09457097e-03 3.02532628e-02 3.11632448e-01 9.49694490e-01
1317357877.459155083 2.70943164e+02 3.54357000e+01 -4.48594324e+00 8.04246365e-03 2.94201472e-02 3.10985410e-01 9.49925180e-01
1317357877.563147068 2.71366246e+02 3.57417763e+01 -4.50654739e+00 8.49794953e-03 2.90235474e-02 3.10016806e-01 9.50249966e-01
1317357877.667135954 2.71744648e+02 3.60259105e+01 -4.52237453e+00 8.71128873e-03 2.80939271e-02 3.10327243e-01 9.50174640e-01
1317357877.771125078 2.72107658e+02 3.62836369e+01 -4.52663547e+00 9.18950474e-03 2.74768506e-02 3.09908763e-01 9.50324752e-01
1317357877.875117064 2.72466920e+02 3.65245490e+01 -4.53323883e+00 7.39163070e-03 2.54894649e-02 3.09712804e-01 9.50459694e-01
1317357877.979106903 2.72778005e+02 3.67567945e+01 -4.54153278e+00 6.38787508e-03 2.45437538e-02 3.08925584e-01 9.50748012e-01
1317357878.083122969 2.73042050e+02 3.69334153e+01 -4.56147763e+00 6.20149567e-03 2.59277777e-02 3.06759615e-01 9.51413596e-01
1317357878.187115908 2.73311583e+02 3.71253690e+01 -4.58000475e+00 7.22294889e-03 2.60899477e-02 3.05999217e-01 9.51646795e-01
1317357878.291080952 2.73573821e+02 3.72881660e+01 -4.59577992e+00 9.50355556e-03 2.63503549e-02 3.04956885e-01 9.51954116e-01
1317357878.395071983 2.73812535e+02 3.74178247e+01 -4.59672203e+00 1.07346532e-02 2.75208773e-02 3.04132349e-01 9.52171667e-01
1317357878.499062061 2.73887992e+02 3.74834476e+01 -4.59493178e+00 1.01286557e-02 2.81785712e-02 3.04684066e-01 9.51982667e-01
1317357878.603029966 2.74044822e+02 3.75919075e+01 -4.60294686e+00 1.00935341e-02 2.71391806e-02 3.04166861e-01 9.52178610e-01
1317357878.707020998 2.74185965e+02 3.76974415e+01 -4.60679674e+00 9.46809707e-03 2.58305438e-02 3.03456698e-01 9.52447988e-01
1317357878.811011076 2.74305636e+02 3.77841136e+01 -4.60462610e+00 8.52038213e-03 2.56227356e-02 3.02688404e-01 9.52706990e-01
1317357878.914978027 2.74454707e+02 3.78872602e+01 -4.60760506e+00 6.82333779e-03 2.46516545e-02 3.01373676e-01 9.53162969e-01
1317357879.018944979 2.74503241e+02 3.79359087e+01 -4.60976062e+00 5.63095868e-03 2.48883646e-02 2.99399463e-01 9.53786571e-01
1317357879.122934103 2.74629896e+02 3.79986439e+01 -4.61501643e+00 6.39734118e-03 2.33439420e-02 2.98089905e-01 9.54230865e-01
1317357879.226923943 2.74744532e+02 3.80733158e+01 -4.61844705e+00 6.52492470e-03 2.31401147e-02 2.97233034e-01 9.54502218e-01
1317357879.330890894 2.74851757e+02 3.81418121e+01 -4.61599754e+00 7.42219165e-03 2.30304679e-02 2.96092309e-01 9.54852791e-01
1317357879.434883118 2.74910336e+02 3.82325573e+01 -4.60079028e+00 7.80811945e-03 2.40125918e-02 2.92954305e-01 9.55792971e-01
1317357879.538875103 2.75004008e+02 3.83005421e+01 -4.60644433e+00 7.99907247e-03 2.34467808e-02 2.91851804e-01 9.56142661e-01
1317357879.642842054 2.75100036e+02 3.83477558e+01 -4.61162874e+00 7.44882485e-03 2.24278787e-02 2.91447437e-01 9.56294880e-01
1317357879.746833086 2.75198856e+02 3.83985385e+01 -4.61573335e+00 8.01776794e-03 2.14816808e-02 2.90977866e-01 9.56454983e-01
1317357879.850824118 2.75293516e+02 3.84633841e+01 -4.61946936e+00 8.81379091e-03 2.10123593e-02 2.90777009e-01 9.56519487e-01
1317357879.954765081 2.75417039e+02 3.85456629e+01 -4.62552882e+00 9.96826850e-03 2.10890619e-02 2.91101489e-01 9.56407763e-01
1317357880.058706999 2.75532152e+02 3.85939664e+01 -4.63118141e+00 1.01116172e-02 2.05190223e-02 2.92523705e-01 9.55984627e-01
1317357880.162650108 2.75670250e+02 3.86555691e+01 -4.63906923e+00 9.94062197e-03 2.00794742e-02 2.94170053e-01 9.55490439e-01
1317357880.266566992 2.75815169e+02 3.87362612e+01 -4.65587239e+00 9.78720292e-03 1.96558776e-02 2.96154613e-01 9.54887586e-01
1317357880.370485067 2.76005223e+02 3.88716926e+01 -4.67781822e+00 1.00270090e-02 1.93364865e-02 2.99391467e-01 9.53881706e-01
1317357880.474406004 2.76155764e+02 3.89641060e+01 -4.69437358e+00 9.99365047e-03 1.85213736e-02 3.01811453e-01 9.53135317e-01
1317357880.578325033 2.76286120e+02 3.90563849e+01 -4.70845274e+00 1.01958368e-02 1.78932730e-02 3.05303182e-01 9.52032480e-01
1317357880.682218075 2.76438188e+02 3.91507816e+01 -4.72349508e+00 1.04222288e-02 1.75439336e-02 3.09489301e-01 9.50683943e-01
1317357880.786067963 2.76636097e+02 3.93381732e+01 -4.73506557e+00 1.17889310e-02 1.60921393e-02 3.15994975e-01 9.48551127e-01
1317357880.889894962 2.76803771e+02 3.94209096e+01 -4.73758920e+00 1.21872215e-02 1.51958313e-02 3.23226357e-01 9.46121176e-01
1317357880.993665934 2.76953807e+02 3.95304058e+01 -4.73589293e+00 1.26983292e-02 1.47732342e-02 3.32275496e-01 9.42981176e-01
1317357881.097392082 2.77125100e+02 3.96942463e+01 -4.73159164e+00 1.30582090e-02 1.47805921e-02 3.42791234e-01 9.39204550e-01
1317357881.201128006 2.77323154e+02 3.98793084e+01 -4.73011482e+00 1.31275758e-02 1.47233249e-02 3.53498382e-01 9.35227130e-01
1317357881.304828882 2.77519770e+02 4.00893616e+01 -4.72378218e+00 1.35821680e-02 1.46521780e-02 3.65596437e-01 9.30559017e-01
1317357881.408498049 2.77605466e+02 4.03558690e+01 -4.68505180e+00 1.47826039e-02 1.50459030e-02 3.81069749e-01 9.24305654e-01
1317357881.512152910 2.77819486e+02 4.05780295e+01 -4.68661735e+00 1.48948911e-02 1.58110182e-02 3.96126393e-01 9.17939015e-01
1317357881.615783930 2.78041699e+02 4.08302881e+01 -4.69257485e+00 1.48732746e-02 1.66392204e-02 4.13321997e-01 9.10311402e-01
1317357881.719414949 2.78243961e+02 4.10907177e+01 -4.69231990e+00 1.47480333e-02 1.75670661e-02 4.32349596e-01 9.01414289e-01
1317357881.823045015 2.78251968e+02 4.13939872e+01 -4.64462591e+00 1.51460846e-02 1.80645530e-02 4.54423112e-01 8.90473977e-01
1317357881.926676035 2.78438499e+02 4.16795789e+01 -4.64189684e+00 1.33739424e-02 1.88545362e-02 4.74353333e-01 8.80030999e-01
1317357882.030329943 2.78627006e+02 4.19809225e+01 -4.65048193e+00 1.27519098e-02 1.97379491e-02 4.94043555e-01 8.69119536e-01
1317357882.134010077 2.78802308e+02 4.23242670e+01 -4.64894579e+00 1.14739866e-02 2.16626083e-02 5.13478551e-01 8.57752211e-01
1317357882.237714052 2.78960077e+02 4.26798395e+01 -4.64561200e+00 9.93174688e-03 2.31126686e-02 5.33896468e-01 8.45175560e-01
1317357882.341464996 2.78973172e+02 4.29632938e+01 -4.68507131e+00 5.51679754e-03 2.41458161e-02 5.55813271e-01 8.30938116e-01
1317357882.445240974 2.79096411e+02 4.33720191e+01 -4.69015437e+00 4.99950630e-03 2.36279997e-02 5.75925337e-01 8.17145476e-01
1317357882.549038887 2.79207798e+02 4.37807773e+01 -4.69484161e+00 4.58039313e-03 2.29699178e-02 5.95961356e-01 8.02671455e-01
1317357882.652834892 2.79280749e+02 4.42149000e+01 -4.70446961e+00 4.52598571e-03 2.22869179e-02 6.17237883e-01 7.86447840e-01
1317357882.756611109 2.79333795e+02 4.46604440e+01 -4.71821966e+00 4.12865674e-03 2.16738403e-02 6.38751964e-01 7.69096306e-01
1317357882.860410929 2.79276393e+02 4.50401157e+01 -4.75431222e+00 4.11643648e-03 2.36655361e-02 6.59548229e-01 7.51278331e-01
1317357882.964210033 2.79310266e+02 4.54902411e+01 -4.76273033e+00 4.77719157e-03 2.35269099e-02 6.79757191e-01 7.33044217e-01
1317357883.068006992 2.79336750e+02 4.59877955e+01 -4.77827843e+00 6.31628234e-03 2.37385772e-02 6.99141637e-01 7.14561093e-01
1317357883.171828032 2.79338500e+02 4.64747601e+01 -4.77638491e+00 7.36557534e-03 2.48495987e-02 7.18387934e-01 6.95159710e-01
1317357883.275651932 2.79316905e+02 4.69747282e+01 -4.78080077e+00 7.33266703e-03 2.47403486e-02 7.37824705e-01 6.74498963e-01
1317357883.379475117 2.79079812e+02 4.75046414e+01 -4.79682214e+00 8.17819243e-03 2.45032821e-02 7.57873872e-01 6.51889485e-01
1317357883.483297110 2.78960569e+02 4.80515098e+01 -4.80583823e+00 9.52536670e-03 2.44423138e-02 7.75884573e-01 6.30329255e-01
1317357883.587121010 2.78814723e+02 4.85930016e+01 -4.80882337e+00 1.17921089e-02 2.42336044e-02 7.93934838e-01 6.07405261e-01
1317357883.690968990 2.78644150e+02 4.91317946e+01 -4.79594559e+00 1.29204525e-02 2.29650814e-02 8.10764138e-01 5.84779599e-01
1317357883.794866085 2.78426261e+02 4.96787936e+01 -4.80502137e+00 1.21327096e-02 2.27729415e-02 8.26874133e-01 5.61794765e-01
1317357883.898807049 2.77984928e+02 5.01178434e+01 -4.83994965e+00 8.82903710e-03 2.56374476e-02 8.43058224e-01 5.37138344e-01
1317357884.002820969 2.77716060e+02 5.06810538e+01 -4.83360447e+00 9.27892638e-03 2.72786542e-02 8.55601815e-01 5.16831995e-01
1317357884.106883049 2.77425146e+02 5.12291983e+01 -4.82491099e+00 9.89738432e-03 2.70010102e-02 8.67231240e-01 4.97074404e-01
1317357884.210995913 2.77092610e+02 5.17741204e+01 -4.82600399e+00 1.06170151e-02 2.62691634e-02 8.77171392e-01 4.79340754e-01
1317357884.315202951 2.76529647e+02 5.22225573e+01 -4.82071472e+00 1.28946129e-02 2.32147958e-02 8.86367798e-01 4.62219567e-01
1317357884.419482946 2.76122841e+02 5.27728779e+01 -4.82059009e+00 1.27328821e-02 2.01375038e-02 8.92798514e-01 4.49825708e-01
1317357884.523833036 2.75700156e+02 5.33268683e+01 -4.82429704e+00 1.08103904e-02 1.97499369e-02 8.97595487e-01 4.40244725e-01
1317357884.628228903 2.75235441e+02 5.38931872e+01 -4.82178623e+00 8.60874197e-03 2.12180124e-02 9.00370011e-01 4.34522185e-01
1317357884.732650995 2.74760077e+02 5.44934846e+01 -4.81704845e+00 7.54262680e-03 2.23658004e-02 9.01861604e-01 4.31379794e-01
1317357884.837099075 2.74146226e+02 5.49504606e+01 -4.84555213e+00 8.21671947e-03 2.43663031e-02 9.03523093e-01 4.27767215e-01
1317357884.941544056 2.73647912e+02 5.55487427e+01 -4.86872672e+00 1.20994323e-02 2.63391277e-02 9.03204316e-01 4.28231034e-01
1317357885.045989990 2.73139551e+02 5.61950337e+01 -4.86650140e+00 1.44774256e-02 3.03932473e-02 9.01890114e-01 4.30651688e-01
1317357885.150413990 2.72618029e+02 5.68358112e+01 -4.85138831e+00 1.42597186e-02 3.10124246e-02 9.00382668e-01 4.33757929e-01
1317357885.254765034 2.71997671e+02 5.73543128e+01 -4.83755387e+00 1.45336165e-02 3.07767560e-02 8.99692937e-01 4.35194421e-01
1317357885.359042883 2.71467662e+02 5.80365576e+01 -4.83589597e+00 1.82368901e-02 3.14966122e-02 8.99134712e-01 4.36156106e-01
1317357885.463296890 2.70913145e+02 5.87399082e+01 -4.81493031e+00 2.23470721e-02 2.95621107e-02 8.98653114e-01 4.37091833e-01
1317357885.567503929 2.70347304e+02 5.94698229e+01 -4.81222716e+00 2.40635910e-02 2.56775484e-02 8.98452546e-01 4.37658119e-01
1317357885.671641111 2.69704105e+02 6.00400523e+01 -4.81731338e+00 2.30024665e-02 2.18148598e-02 8.98400429e-01 4.38031583e-01
1317357885.775752068 2.69077801e+02 6.08315812e+01 -4.80621768e+00 1.90660854e-02 1.90039782e-02 8.99182856e-01 4.36744233e-01
1317357885.879837990 2.68437632e+02 6.16386255e+01 -4.80594163e+00 1.48078790e-02 1.76823054e-02 9.00056055e-01 4.35163373e-01
1317357885.983899117 2.67798025e+02 6.24484432e+01 -4.79101769e+00 1.02422327e-02 1.90580800e-02 9.00865086e-01 4.33559665e-01
1317357886.087964058 2.67144546e+02 6.31943514e+01 -4.79156448e+00 6.98274104e-03 2.24267549e-02 9.01943951e-01 4.31213857e-01
1317357886.192003965 2.66489232e+02 6.40134820e+01 -4.79209491e+00 4.67265991e-03 2.62914429e-02 9.02069903e-01 4.30763063e-01
1317357886.296015978 2.65819645e+02 6.48277666e+01 -4.78565106e+00 3.64259443e-03 2.70711034e-02 9.02330088e-01 4.30179380e-01
1317357886.400031090 2.65168373e+02 6.56416126e+01 -4.79329615e+00 3.74371470e-03 2.53517304e-02 9.02324385e-01 4.30295223e-01
1317357886.503998995 2.64543310e+02 6.63937663e+01 -4.72587805e+00 6.84524188e-03 2.21648945e-02 9.03245356e-01 4.28497010e-01
1317357886.607916117 2.63849134e+02 6.72087118e+01 -4.71468797e+00 8.61268101e-03 2.04863352e-02 9.03893966e-01 4.27178921e-01
1317357886.711836100 2.63191395e+02 6.80109026e+01 -4.70549350e+00 1.00095220e-02 1.90368691e-02 9.05201647e-01 4.24437729e-01
1317357886.815754890 2.62520067e+02 6.88466179e+01 -4.69409518e+00 1.05542512e-02 1.77998330e-02 9.06248665e-01 4.22238239e-01
1317357886.919671059 2.61850123e+02 6.96735215e+01 -4.68344656e+00 9.26450802e-03 1.80159597e-02 9.07903465e-01 4.18689494e-01
1317357887.023565054 2.61156683e+02 7.03376653e+01 -4.69345752e+00 5.02157270e-03 1.73648133e-02 9.09712365e-01 4.14845344e-01
1317357887.127460957 2.60467496e+02 7.11582368e+01 -4.68768399e+00 2.79062030e-03 1.60176346e-02 9.10847952e-01 4.12421697e-01
1317357887.231406927 2.59759670e+02 7.19585274e+01 -4.68468222e+00 1.85309435e-03 1.55609499e-02 9.11951889e-01 4.09997775e-01
1317357887.335375071 2.59013952e+02 7.27654927e+01 -4.67967913e+00 5.37487985e-04 1.40664197e-02 9.12342697e-01 4.09185350e-01
1317357887.439341068 2.58296464e+02 7.35615559e+01 -4.67732690e+00 -8.96639908e-04 1.25438546e-02 9.12978348e-01 4.07814153e-01
1317357887.543282986 2.57572403e+02 7.42690953e+01 -4.65743856e+00 8.71976597e-05 1.24368481e-02 9.13702597e-01 4.06193159e-01
1317357887.647226095 2.56837400e+02 7.50813703e+01 -4.65179864e+00 1.37053413e-04 1.12092785e-02 9.13765340e-01 4.06087721e-01
1317357887.751193047 2.56106200e+02 7.59006986e+01 -4.64042057e+00 -8.54045100e-05 1.06645703e-02 9.13888214e-01 4.05825815e-01
1317357887.855159998 2.55355272e+02 7.67173589e+01 -4.63301679e+00 -3.35762951e-04 9.63151047e-03 9.13987829e-01 4.05627131e-01
1317357887.959101915 2.54574014e+02 7.74533069e+01 -4.59312672e+00 -8.66418608e-04 5.32835306e-03 9.14392020e-01 4.04793887e-01
1317357888.063044071 2.53820293e+02 7.82601400e+01 -4.58984533e+00 -4.75421461e-04 2.46131541e-03 9.14567877e-01 4.04424671e-01
1317357888.167035103 2.53062184e+02 7.90805929e+01 -4.59429602e+00 -4.34442975e-04 -1.91806232e-04 9.14634147e-01 4.04282268e-01
1317357888.271050930 2.52273968e+02 7.99416505e+01 -4.58224370e+00 -1.38154160e-03 -9.37630059e-04 9.14616233e-01 4.04319625e-01
1317357888.375065088 2.51470770e+02 8.08123687e+01 -4.57044476e+00 -2.67029609e-03 -6.13713955e-04 9.14103212e-01 4.05472329e-01
1317357888.479054928 2.50701932e+02 8.15694926e+01 -4.60399795e+00 -5.26814240e-03 -1.06820806e-03 9.13850982e-01 4.06014148e-01
1317357888.583043098 2.49950060e+02 8.24203679e+01 -4.60398288e+00 -5.06602533e-03 -1.90470046e-03 9.13448642e-01 4.06918033e-01
1317357888.687035084 2.49190301e+02 8.32317395e+01 -4.59245493e+00 -5.26125044e-03 -2.84167203e-03 9.12518761e-01 4.08991143e-01
1317357888.791027069 2.48463887e+02 8.40535550e+01 -4.58789580e+00 -6.55287592e-03 -4.92178413e-03 9.11639346e-01 4.10909405e-01
1317357888.895018101 2.47734386e+02 8.47995261e+01 -4.57804804e+00 -4.51197109e-03 -2.20977984e-03 9.10903255e-01 4.12589408e-01
1317357888.998984098 2.46995325e+02 8.56256937e+01 -4.57314543e+00 -4.64000129e-03 -2.96998813e-03 9.10077329e-01 4.14401865e-01
1317357889.102927923 2.46260706e+02 8.64682853e+01 -4.56502001e+00 -4.47526562e-03 -2.72694850e-03 9.09051128e-01 4.16651632e-01
1317357889.206868887 2.45510007e+02 8.73139499e+01 -4.55767207e+00 -4.04434737e-03 -2.27835737e-03 9.08445153e-01 4.17978296e-01
1317357889.310811043 2.44771123e+02 8.81804273e+01 -4.54558701e+00 -4.44023306e-03 -1.66651813e-03 9.07722896e-01 4.19543383e-01
1317357889.414753914 2.44137789e+02 8.89384844e+01 -4.58287371e+00 -4.17850458e-03 4.04056874e-03 9.06621163e-01 4.21905536e-01
1317357889.518697977 2.43391191e+02 8.98055171e+01 -4.59081930e+00 -4.13598083e-03 4.62643394e-03 9.05709061e-01 4.23854441e-01
1317357889.622591972 2.42640916e+02 9.06891593e+01 -4.58479941e+00 -3.97926778e-03 4.67467273e-03 9.04714422e-01 4.25974327e-01
1317357889.726486921 2.41943163e+02 9.15640450e+01 -4.61013840e+00 -4.13025806e-03 4.15947204e-03 9.03648942e-01 4.28233848e-01
1317357889.830384016 2.41195474e+02 9.24517270e+01 -4.60293862e+00 -1.82700848e-03 2.65760403e-03 9.02956578e-01 4.29719696e-01
1317357889.934252977 2.40460631e+02 9.33671287e+01 -4.59057735e+00 -2.13293664e-03 5.36354425e-04 9.02133234e-01 4.31451956e-01
1317357890.038099051 2.39704171e+02 9.42981715e+01 -4.57964444e+00 -3.12987653e-03 1.39413889e-03 9.01399026e-01 4.32975815e-01
1317357890.141896963 2.39038588e+02 9.53164919e+01 -4.56725716e+00 -3.07167459e-03 2.62854925e-05 8.99200051e-01 4.37526950e-01
1317357890.245675087 2.38309469e+02 9.62445410e+01 -4.54807246e+00 -4.44050708e-03 -1.40028594e-03 8.98612261e-01 4.38718960e-01
1317357890.349450111 2.37592920e+02 9.71608899e+01 -4.52834418e+00 -4.96804169e-03 -2.56613209e-03 8.98368190e-01 4.39207614e-01
1317357890.453223944 2.36879703e+02 9.80936460e+01 -4.51226578e+00 -5.82150625e-03 -3.94761590e-03 8.98449922e-01 4.39019663e-01
1317357890.556973934 2.36149339e+02 9.90021613e+01 -4.49577314e+00 -5.62199938e-03 -4.26324614e-03 8.98207861e-01 4.39514342e-01
1317357890.660722971 2.35456905e+02 1.00011191e+02 -4.50072264e+00 -6.04374133e-03 -3.59658520e-03 8.97268805e-01 4.41428622e-01
1317357890.764472008 2.34745323e+02 1.00961346e+02 -4.49067817e+00 -6.10918061e-03 -3.51329083e-03 8.97286097e-01 4.41393243e-01
1317357890.868199110 2.34051613e+02 1.01915022e+02 -4.47818576e+00 -5.51358886e-03 -2.00303792e-03 8.97082544e-01 4.41824056e-01
1317357890.971927881 2.33327189e+02 1.02863267e+02 -4.46264776e+00 -6.99330567e-03 -1.26161821e-03 8.96897584e-01 4.42181213e-01
1317357891.075654030 2.32600420e+02 1.03806615e+02 -4.45734085e+00 -9.20002428e-03 -2.15165102e-03 8.96743571e-01 4.42449656e-01
1317357891.179404974 2.31882607e+02 1.04650734e+02 -4.48141856e+00 -7.51693066e-03 7.18705695e-04 8.97044351e-01 4.41876014e-01
1317357891.283157110 2.31146372e+02 1.05591174e+02 -4.47745517e+00 -7.27894227e-03 6.08854745e-04 8.97348072e-01 4.41263055e-01
1317357891.386909962 2.30421111e+02 1.06525820e+02 -4.48353544e+00 -6.48845054e-03 4.38435963e-04 8.97410515e-01 4.41148586e-01
1317357891.490660906 2.29698862e+02 1.07456807e+02 -4.48130738e+00 -6.20379416e-03 4.93443940e-04 8.97435246e-01 4.41102311e-01
1317357891.594388962 2.29001619e+02 1.08391803e+02 -4.48960275e+00 -3.79905316e-03 4.52417082e-03 8.97237474e-01 4.41508793e-01
1317357891.698137045 2.28257573e+02 1.09353267e+02 -4.48836651e+00 -4.95921564e-03 5.38989533e-03 8.97427516e-01 4.41101132e-01
1317357891.801909924 2.27531444e+02 1.10299139e+02 -4.48230132e+00 -6.15575431e-03 5.25381465e-03 8.97709693e-01 4.40513123e-01
1317357891.905685902 2.26787114e+02 1.11257721e+02 -4.46953696e+00 -7.08816586e-03 4.02583127e-03 8.97784806e-01 4.40358937e-01
1317357892.009462118 2.26025178e+02 1.12152772e+02 -4.48457536e+00 -6.41798772e-03 4.69555255e-03 8.97842189e-01 4.40245573e-01
1317357892.113236904 2.25323564e+02 1.13065192e+02 -4.48120487e+00 -5.70139567e-03 4.28315017e-03 8.97882466e-01 4.40177493e-01
1317357892.217036009 2.24624082e+02 1.13964592e+02 -4.47434158e+00 -7.07392127e-03 3.00449866e-03 8.97850250e-01 4.40233871e-01
1317357892.320858002 2.23917411e+02 1.14892044e+02 -4.47453411e+00 -8.19796752e-03 2.86020525e-03 8.97784382e-01 4.40349652e-01
1317357892.424679041 2.23249698e+02 1.15793556e+02 -4.44024228e+00 -8.86175061e-03 2.24286358e-03 8.97342340e-01 4.41240484e-01
1317357892.528505087 2.22511387e+02 1.16721418e+02 -4.44338834e+00 -9.74022910e-03 2.18109439e-03 8.97439451e-01 4.41024718e-01
1317357892.632328033 2.21779744e+02 1.17660460e+02 -4.44874837e+00 -1.13928107e-02 2.72628410e-04 8.97254209e-01 4.41367211e-01
1317357892.736149073 2.21059930e+02 1.18599859e+02 -4.45690279e+00 -1.15448116e-02 -2.00971992e-03 8.97132496e-01 4.41606117e-01
1317357892.839976072 2.20430159e+02 1.19429205e+02 -4.47047660e+00 -1.01462196e-02 -1.40953890e-03 8.96280187e-01 4.43369928e-01
1317357892.943797112 2.19736180e+02 1.20326271e+02 -4.48123418e+00 -9.79798592e-03 -2.98867877e-03 8.96717955e-01 4.42483872e-01
1317357893.047616959 2.19040407e+02 1.21233932e+02 -4.47184498e+00 -1.03656321e-02 -3.48313756e-03 8.97091603e-01 4.41709269e-01
1317357893.151413918 2.18324509e+02 1.22168425e+02 -4.47128121e+00 -1.10793335e-02 -3.60399349e-03 8.97082282e-01 4.41709903e-01
1317357893.255213022 2.17593042e+02 1.23118661e+02 -4.49279351e+00 -1.01189247e-02 1.09151840e-03 8.96736907e-01 4.42446986e-01
1317357893.359010935 2.16878334e+02 1.24050283e+02 -4.49597476e+00 -1.08661695e-02 1.73537015e-03 8.96964810e-01 4.41964982e-01
1317357893.462810040 2.16137640e+02 1.24983700e+02 -4.49757946e+00 -1.10243997e-02 1.58863378e-03 8.97212545e-01 4.41458478e-01
1317357893.566656113 2.15425997e+02 1.25896753e+02 -4.51669308e+00 -1.15837414e-02 1.83002750e-04 8.97588748e-01 4.40681544e-01
1317357893.670502901 2.14714003e+02 1.26762057e+02 -4.55462629e+00 -1.14844182e-02 2.89111876e-03 8.97685985e-01 4.40476585e-01
1317357893.774324894 2.14006998e+02 1.27679238e+02 -4.56254135e+00 -1.03046212e-02 -1.66479079e-04 8.98248728e-01 4.39366601e-01
1317357893.878149986 2.13294971e+02 1.28614130e+02 -4.56505991e+00 -9.57601445e-03 -2.76449313e-03 8.98680931e-01 4.38489727e-01
1317357893.981972933 2.12608506e+02 1.29552485e+02 -4.53121204e+00 -6.04278998e-03 -4.50829181e-05 8.98922354e-01 4.38066302e-01
1317357894.085793972 2.11860539e+02 1.30515112e+02 -4.52972901e+00 -4.93087637e-03 1.45879409e-03 8.99246000e-01 4.37413066e-01
1317357894.189618111 2.11098622e+02 1.31491658e+02 -4.53212452e+00 -5.24722438e-03 1.46342223e-03 8.99718406e-01 4.36436840e-01
1317357894.293417931 2.10324046e+02 1.32469250e+02 -4.52651082e+00 -6.22545896e-03 3.77422243e-03 8.99743987e-01 4.36357372e-01
1317357894.397214890 2.09608576e+02 1.33431703e+02 -4.55964371e+00 -7.63547479e-03 1.62259081e-03 8.99210067e-01 4.37447507e-01
1317357894.501039028 2.08848411e+02 1.34389309e+02 -4.54982015e+00 -6.55371026e-03 2.00850654e-04 8.99098527e-01 4.37697210e-01
1317357894.604836941 2.08100994e+02 1.35341677e+02 -4.53974819e+00 -6.38186132e-03 -2.18858778e-03 8.99424320e-01 4.37024456e-01
1317357894.708621979 2.07348156e+02 1.36354049e+02 -4.53986761e+00 -3.73597526e-03 1.33259241e-03 8.98482953e-01 4.38990489e-01
1317357894.812375069 2.06563248e+02 1.37345903e+02 -4.51437042e+00 -5.28441307e-03 5.86752930e-04 8.98122757e-01 4.39712684e-01
1317357894.916138887 2.05788724e+02 1.38326276e+02 -4.50885521e+00 -8.14775252e-03 2.17941110e-04 8.98733048e-01 4.38420433e-01
1317357895.019936085 2.05064696e+02 1.39237848e+02 -4.53286997e+00 -1.35931595e-02 -3.15234045e-03 8.98488169e-01 4.38775910e-01
1317357895.123711109 2.04280958e+02 1.40219521e+02 -4.54386965e+00 -1.58935575e-02 -7.54479575e-03 8.98703316e-01 4.38204087e-01
1317357895.227483988 2.03498206e+02 1.41178485e+02 -4.56754357e+00 -1.56661684e-02 -1.13843768e-02 8.98556350e-01 4.38430671e-01
1317357895.331235886 2.02731082e+02 1.42145024e+02 -4.58257871e+00 -1.41638915e-02 -1.25119682e-02 8.99338434e-01 4.36844612e-01
1317357895.434986115 2.01972887e+02 1.43093447e+02 -4.58468757e+00 -1.43683345e-02 -1.39798081e-02 9.00101441e-01 4.35218924e-01
1317357895.538737059 2.01179978e+02 1.44070660e+02 -4.58705760e+00 -1.46901305e-02 -1.50456859e-02 9.00593116e-01 4.34154198e-01
1317357895.642465115 2.00375818e+02 1.45069475e+02 -4.59213556e+00 -1.23099879e-02 -1.19395520e-02 9.00560666e-01 4.34391986e-01
1317357895.746190071 1.99581313e+02 1.46056631e+02 -4.59675408e+00 -1.38208978e-02 -1.07026476e-02 9.00991150e-01 4.33485160e-01
1317357895.849941015 1.98800924e+02 1.47039367e+02 -4.60340769e+00 -1.54795145e-02 -1.04827860e-02 9.01733168e-01 4.31888632e-01
1317357895.953716040 1.97976863e+02 1.48137609e+02 -4.61135368e+00 -1.46814081e-02 -7.38749174e-03 9.00714798e-01 4.34099912e-01
1317357896.057490110 1.97190683e+02 1.49121529e+02 -4.61322259e+00 -1.53078025e-02 -9.38884488e-03 9.00299718e-01 4.34899917e-01
1317357896.161289930 1.96426107e+02 1.50076850e+02 -4.61217633e+00 -1.57154180e-02 -1.10609200e-02 9.00372742e-01 4.34694843e-01
1317357896.265089035 1.95649911e+02 1.51068799e+02 -4.61150267e+00 -1.65180052e-02 -1.25322228e-02 9.00795024e-01 4.33749264e-01
1317357896.368865013 1.94913397e+02 1.52129035e+02 -4.60573318e+00 -1.74981420e-02 -1.05450580e-02 8.99913045e-01 4.35590551e-01
1317357896.472666025 1.94117892e+02 1.53128638e+02 -4.61376863e+00 -1.92847819e-02 -1.07866417e-02 8.99704910e-01 4.35939011e-01
1317357896.576463938 1.93343923e+02 1.54100932e+02 -4.61617783e+00 -2.08315507e-02 -1.14962387e-02 8.99436671e-01 4.36402976e-01
1317357896.680237055 1.92575461e+02 1.55060274e+02 -4.62366697e+00 -2.04995506e-02 -1.33173300e-02 8.99253192e-01 4.36744907e-01
1317357896.784012079 1.91822339e+02 1.56007927e+02 -4.63213770e+00 -1.92199241e-02 -1.44737552e-02 8.99530417e-01 4.36195064e-01
1317357896.887763977 1.91128719e+02 1.56946585e+02 -4.66858409e+00 -1.88202708e-02 -1.18640264e-02 8.99392027e-01 4.36576481e-01
1317357896.991489887 1.90380811e+02 1.57898425e+02 -4.67615685e+00 -1.83801535e-02 -1.08584281e-02 8.99493701e-01 4.36411900e-01
1317357897.095187902 1.89641065e+02 1.58850560e+02 -4.69107736e+00 -1.77829583e-02 -9.88396523e-03 8.99818190e-01 4.35790431e-01
1317357897.198892117 1.88908015e+02 1.59823226e+02 -4.70026271e+00 -1.23155189e-02 -2.84745271e-03 8.98842289e-01 4.38089900e-01
1317357897.302623034 1.88157751e+02 1.60783907e+02 -4.70707567e+00 -1.23038002e-02 -2.40025992e-03 8.99038547e-01 4.37690011e-01
1317357897.406375885 1.87409765e+02 1.61739224e+02 -4.71503024e+00 -1.30975924e-02 -9.24036831e-04 8.99517212e-01 4.36687972e-01
1317357897.510148048 1.86672806e+02 1.62679680e+02 -4.72801810e+00 -1.29219120e-02 3.19784101e-04 8.99896927e-01 4.35911048e-01
1317357897.613919973 1.85909154e+02 1.63725499e+02 -4.74590961e+00 -1.00355991e-02 3.62219131e-03 8.99157036e-01 4.37496047e-01
1317357897.717698097 1.85151580e+02 1.64662031e+02 -4.75227024e+00 -1.03367072e-02 3.57903146e-03 8.99405378e-01 4.36978613e-01
1317357897.821471930 1.84386060e+02 1.65615931e+02 -4.76149390e+00 -1.26309938e-02 3.76020913e-03 8.99509423e-01 4.36702549e-01
1317357897.925245047 1.83613066e+02 1.66554495e+02 -4.78315160e+00 -1.61823404e-02 3.44395648e-03 8.99392089e-01 4.36829649e-01
1317357898.029020071 1.82791845e+02 1.67548409e+02 -4.79569398e+00 -1.69057122e-02 2.51206365e-03 8.98642170e-01 4.38349331e-01
1317357898.132795095 1.82043306e+02 1.68483481e+02 -4.82290768e+00 -1.52209863e-02 5.76548668e-04 8.98610026e-01 4.38483762e-01
1317357898.236596107 1.81304683e+02 1.69405232e+02 -4.83849647e+00 -1.40295480e-02 -1.47870049e-03 8.98586965e-01 4.38568640e-01
1317357898.340394974 1.80566136e+02 1.70302597e+02 -4.85865297e+00 -1.41141345e-02 -2.92593740e-03 8.98888035e-01 4.37941241e-01
1317357898.444166899 1.79844035e+02 1.71212408e+02 -4.87937820e+00 -1.18200597e-02 -2.62869481e-03 8.99006994e-01 4.37766834e-01
1317357898.547940969 1.79085411e+02 1.72244561e+02 -4.90217283e+00 -9.68161420e-03 -3.08538103e-03 8.98229434e-01 4.39409411e-01
1317357898.651741028 1.78338655e+02 1.73190202e+02 -4.90154977e+00 -8.18078411e-03 -2.54485455e-03 8.98805502e-01 4.38263925e-01
1317357898.755538940 1.77602771e+02 1.74116554e+02 -4.90135354e+00 -8.59289291e-03 -8.13025608e-05 8.99124271e-01 4.37609073e-01
1317357898.859339952 1.76858672e+02 1.75049747e+02 -4.90732188e+00 -1.17827565e-02 6.86973380e-04 8.99265523e-01 4.37243884e-01
1317357898.963160992 1.76110219e+02 1.76062720e+02 -4.93284159e+00 -1.52335997e-02 1.25851257e-03 8.98623366e-01 4.38454558e-01
1317357899.066958904 1.75399934e+02 1.76955838e+02 -4.94478384e+00 -1.47294786e-02 -3.80052594e-04 8.98818019e-01 4.38074270e-01
1317357899.170757055 1.74681772e+02 1.77859524e+02 -4.96248243e+00 -1.51266516e-02 -9.63093913e-04 8.99258655e-01 4.37154581e-01
1317357899.274557114 1.73908471e+02 1.78970454e+02 -4.93183909e+00 -1.35938499e-02 2.13633893e-03 8.98565035e-01 4.38624579e-01
1317357899.378356934 1.73181300e+02 1.79887119e+02 -4.93861354e+00 -1.30338391e-02 1.39688425e-03 8.98581500e-01 4.38610826e-01
1317357899.482177973 1.72470928e+02 1.80752786e+02 -4.94214173e+00 -1.34600949e-02 1.59667032e-03 8.98695204e-01 4.38364240e-01
1317357899.586023092 1.71781766e+02 1.81623964e+02 -4.95353343e+00 -1.42556425e-02 1.48246181e-03 8.98534421e-01 4.38668978e-01
1317357899.689870119 1.71087736e+02 1.82621549e+02 -4.95095123e+00 -1.40056207e-02 1.95036257e-03 8.97511051e-01 4.40765189e-01
1317357899.793694019 1.70420012e+02 1.83469345e+02 -4.95654271e+00 -1.51824487e-02 1.71720128e-03 8.97543528e-01 4.40661049e-01
1317357899.897492886 1.69781917e+02 1.84279839e+02 -4.97715280e+00 -1.56397281e-02 1.33406207e-03 8.98184189e-01 4.39339029e-01
1317357900.001292944 1.69097453e+02 1.85301894e+02 -4.97980165e+00 -1.50997708e-02 2.39394496e-03 8.96649618e-01 4.42476812e-01
1317357900.105114937 1.68489676e+02 1.86077048e+02 -4.99350210e+00 -1.54962029e-02 9.05727960e-04 8.96816708e-01 4.42129889e-01
1317357900.208961964 1.67885974e+02 1.86825300e+02 -4.99364692e+00 -1.55932530e-02 5.46294769e-04 8.96956473e-01 4.41843454e-01
1317357900.312809944 1.67281292e+02 1.87579179e+02 -4.99993408e+00 -1.52592246e-02 8.02821716e-04 8.96974899e-01 4.41817317e-01
1317357900.416632891 1.66663884e+02 1.88470244e+02 -4.98927882e+00 -1.44143402e-02 -3.48312578e-06 8.96644629e-01 4.42516256e-01
1317357900.520454884 1.66077706e+02 1.89219214e+02 -4.98254413e+00 -1.28376746e-02 4.29946354e-04 8.97718765e-01 4.40381685e-01
1317357900.624253988 1.65504131e+02 1.89959592e+02 -4.98942729e+00 -1.16994601e-02 -6.80811891e-04 8.99359850e-01 4.37052079e-01
1317357900.728053093 1.64904403e+02 1.90775771e+02 -4.98768487e+00 -1.12862767e-02 -7.42495724e-04 8.99985239e-01 4.35773609e-01
1317357900.831851959 1.64315817e+02 1.91473745e+02 -4.98738437e+00 -1.07503497e-02 -9.37639127e-04 9.01191841e-01 4.33286068e-01
1317357900.935676098 1.63737713e+02 1.92165534e+02 -4.98794366e+00 -1.13242107e-02 -1.62766809e-03 9.01981182e-01 4.31623748e-01
1317357901.039521933 1.63216364e+02 1.92944111e+02 -4.99613471e+00 -1.05277111e-02 1.86383528e-03 9.01320909e-01 4.33019991e-01
1317357901.143343925 1.62644923e+02 1.93642849e+02 -4.99976054e+00 -1.06136600e-02 2.53351803e-03 9.01974567e-01 4.31651263e-01
1317357901.247191906 1.62056350e+02 1.94326638e+02 -5.00099673e+00 -1.01020434e-02 3.52974203e-03 9.02721400e-01 4.30092506e-01
1317357901.351037025 1.61463858e+02 1.95007803e+02 -4.99954397e+00 -9.87320860e-03 2.93025634e-03 9.03566157e-01 4.28324798e-01
1317357901.454883099 1.60933239e+02 1.95715372e+02 -4.99781475e+00 -9.70561272e-03 3.71263455e-04 9.02362477e-01 4.30868452e-01
1317357901.558779001 1.60357938e+02 1.96403978e+02 -5.00396648e+00 -1.05808796e-02 -7.51796467e-04 9.02236124e-01 4.31111884e-01
1317357901.662673950 1.59784107e+02 1.97085687e+02 -5.00694193e+00 -1.08511790e-02 -1.98256340e-03 9.02346455e-01 4.30870277e-01
1317357901.766567945 1.59220734e+02 1.97771036e+02 -5.00718407e+00 -1.01832210e-02 -2.77778902e-03 9.02113621e-01 4.31369448e-01
1317357901.870460987 1.58669090e+02 1.98565733e+02 -5.04410011e+00 -1.10157742e-02 -5.08770284e-03 9.00555302e-01 4.34572107e-01
1317357901.974354982 1.58116465e+02 1.99269562e+02 -5.04735980e+00 -1.09532853e-02 -5.36013970e-03 9.00493488e-01 4.34698484e-01
1317357902.078274012 1.57555836e+02 1.99974558e+02 -5.05442139e+00 -1.15237739e-02 -4.59214948e-03 9.00539657e-01 4.34596871e-01
1317357902.182169914 1.57000907e+02 2.00684696e+02 -5.05752978e+00 -1.22063257e-02 -4.35512429e-03 9.00919349e-01 4.33792999e-01
1317357902.286065102 1.56422002e+02 2.01421488e+02 -5.07068063e+00 -9.65376707e-03 -3.91620023e-03 9.01015726e-01 4.33661308e-01
1317357902.389983892 1.55888406e+02 2.02241863e+02 -5.07211907e+00 -7.66685004e-03 -2.38971594e-03 8.99690499e-01 4.36454483e-01
1317357902.493902922 1.55289477e+02 2.02950677e+02 -5.06991960e+00 -9.17503797e-03 -4.45142248e-03 8.99493147e-01 4.36815845e-01
1317357902.597820997 1.54683704e+02 2.03701450e+02 -5.08106836e+00 -1.05551155e-02 -4.30698396e-03 8.99503486e-01 4.36764831e-01
1317357902.701765060 1.54092724e+02 2.04438904e+02 -5.08546151e+00 -1.02370506e-02 -4.51777935e-03 8.99541885e-01 4.36691184e-01
1317357902.805706024 1.53438477e+02 2.05287038e+02 -5.07314893e+00 -9.55083870e-03 -4.25422195e-03 8.98780002e-01 4.38275245e-01
1317357902.909626007 1.52821100e+02 2.06067932e+02 -5.07707721e+00 -1.18071293e-02 -3.48823726e-03 8.98522498e-01 4.38754766e-01
1317357903.013546944 1.52205384e+02 2.06849608e+02 -5.08875752e+00 -1.29690349e-02 -1.78268445e-03 8.98473379e-01 4.38832785e-01
1317357903.117464066 1.51580975e+02 2.07633539e+02 -5.08676353e+00 -1.32842905e-02 -1.18094388e-03 8.98217289e-01 4.39349331e-01
1317357903.221383095 1.50959139e+02 2.08430443e+02 -5.09676448e+00 -1.41462166e-02 -2.02899531e-03 8.98062124e-01 4.39636428e-01
1317357903.325300932 1.50308910e+02 2.09281086e+02 -5.12417186e+00 -1.53332163e-02 1.55929546e-04 8.97455952e-01 4.40837478e-01
1317357903.429219007 1.49693609e+02 2.10081005e+02 -5.13651413e+00 -1.51902460e-02 3.76586525e-04 8.97255929e-01 4.41249264e-01
1317357903.533138037 1.49063075e+02 2.10895034e+02 -5.15581859e+00 -1.46387896e-02 -1.74833196e-03 8.97001575e-01 4.41781421e-01
1317357903.637032032 1.48442306e+02 2.11688649e+02 -5.16628143e+00 -1.35064955e-02 -2.79878897e-03 8.96860846e-01 4.42097686e-01
1317357903.740904093 1.47867446e+02 2.12560288e+02 -5.18289321e+00 -1.24397770e-02 -1.78824114e-03 8.96113398e-01 4.43647194e-01
1317357903.844774961 1.47237917e+02 2.13380672e+02 -5.19509964e+00 -1.33261705e-02 -2.92440801e-03 8.95995819e-01 4.43852851e-01
1317357903.948621035 1.46589696e+02 2.14187093e+02 -5.20329796e+00 -1.44494091e-02 -3.18659316e-03 8.95907411e-01 4.43994337e-01
1317357904.052443981 1.45948031e+02 2.15025833e+02 -5.21063520e+00 -1.45584311e-02 -3.64220763e-03 8.95814574e-01 4.44174554e-01
1317357904.156266928 1.45379515e+02 2.15888904e+02 -5.23680530e+00 -1.42742466e-02 -5.13696437e-03 8.94476071e-01 4.46858385e-01
1317357904.260097980 1.44742864e+02 2.16760204e+02 -5.24782333e+00 -1.25633109e-02 -5.78104326e-03 8.94661331e-01 4.46530901e-01
1317357904.363941908 1.44117657e+02 2.17609332e+02 -5.25087920e+00 -1.24120209e-02 -6.98691697e-03 8.95651774e-01 4.44527867e-01
1317357904.467781067 1.43454747e+02 2.18473352e+02 -5.25313913e+00 -1.24896776e-02 -8.33914651e-03 8.95753098e-01 4.44298159e-01
1317357904.571604013 1.42830616e+02 2.19422549e+02 -5.27301852e+00 -1.27071284e-02 -7.67890805e-03 8.94030267e-01 4.47760478e-01
1317357904.675427914 1.42159218e+02 2.20307576e+02 -5.27734023e+00 -1.35966694e-02 -9.41097734e-03 8.93910222e-01 4.47940932e-01
1317357904.779249907 1.41482128e+02 2.21188563e+02 -5.28199892e+00 -1.50368850e-02 -9.70709694e-03 8.94319923e-01 4.47069949e-01
1317357904.883050919 1.40790652e+02 2.22088599e+02 -5.28770339e+00 -1.59529001e-02 -1.04615687e-02 8.94505044e-01 4.46650632e-01
1317357904.986824989 1.40082442e+02 2.23098997e+02 -5.34572018e+00 -1.73826328e-02 -7.76438827e-03 8.93701071e-01 4.48258803e-01
1317357905.090599060 1.39397059e+02 2.23996769e+02 -5.35603097e+00 -1.82211400e-02 -9.29096120e-03 8.93760006e-01 4.48078922e-01
1317357905.194374084 1.38729078e+02 2.24877515e+02 -5.37623345e+00 -1.77837478e-02 -1.06318678e-02 8.94244837e-01 4.47098281e-01
1317357905.298124075 1.38058645e+02 2.25789342e+02 -5.40593915e+00 -1.35636921e-02 -6.45396244e-03 8.94017592e-01 4.47779988e-01
1317357905.401876926 1.37385921e+02 2.26685264e+02 -5.41494143e+00 -1.05524069e-02 -8.01553674e-03 8.94957555e-01 4.45954451e-01
1317357905.505655050 1.36681516e+02 2.27611621e+02 -5.41468031e+00 -7.90553974e-03 -8.73410510e-03 8.95348263e-01 4.45210856e-01
1317357905.609405994 1.35993640e+02 2.28541656e+02 -5.45166099e+00 -7.32991857e-03 -3.98827278e-03 8.94988838e-01 4.46010477e-01
1317357905.713129997 1.35284030e+02 2.29505336e+02 -5.44856900e+00 -8.47477178e-03 -2.38729998e-03 8.95571990e-01 4.44829506e-01
1317357905.816854000 1.34553992e+02 2.30467029e+02 -5.45125750e+00 -9.56010546e-03 -1.47260430e-03 8.96195190e-01 4.43554526e-01
1317357905.920603037 1.33794843e+02 2.31518510e+02 -5.47723859e+00 -1.02046545e-02 2.61284709e-05 8.95818152e-01 4.44303615e-01
1317357906.024357080 1.33064254e+02 2.32467224e+02 -5.49040848e+00 -1.16298488e-02 -1.14851546e-03 8.96588387e-01 4.42710618e-01
1317357906.128108978 1.32305400e+02 2.33439839e+02 -5.50123024e+00 -1.19365847e-02 -5.79780841e-04 8.96627398e-01 4.42624548e-01
1317357906.231883049 1.31549483e+02 2.34428001e+02 -5.51151520e+00 -1.22609582e-02 -1.58830802e-03 8.96671881e-01 4.42523089e-01
1317357906.335658073 1.30765043e+02 2.35434396e+02 -5.50761893e+00 -1.03338641e-02 6.96660032e-04 8.97019622e-01 4.41869352e-01
1317357906.439434052 1.29977495e+02 2.36419345e+02 -5.52462976e+00 -1.07192131e-02 -7.01762464e-04 8.97491814e-01 4.40900272e-01
1317357906.543206930 1.29209981e+02 2.37374509e+02 -5.52495109e+00 -1.08410724e-02 2.95897367e-04 8.98442535e-01 4.38957167e-01
1317357906.646981001 1.28432993e+02 2.38329870e+02 -5.53856443e+00 -8.65948273e-03 5.06878227e-03 8.98989014e-01 4.37856225e-01
1317357906.750757933 1.27641601e+02 2.39303081e+02 -5.54828883e+00 -9.31369172e-03 5.15637192e-03 8.99542637e-01 4.36703230e-01
1317357906.854557037 1.26853720e+02 2.40277234e+02 -5.55185280e+00 -9.89924397e-03 6.33678207e-03 9.00101828e-01 4.35521009e-01
1317357906.958378077 1.26066516e+02 2.41245729e+02 -5.55653374e+00 -1.05651751e-02 5.73572330e-03 9.00681650e-01 4.34313302e-01
1317357907.062197924 1.25245043e+02 2.42168964e+02 -5.59027755e+00 -1.06499572e-02 5.64773427e-03 9.01547606e-01 4.32511959e-01
1317357907.165997028 1.24437627e+02 2.43150386e+02 -5.60512252e+00 -1.05621917e-02 5.88525276e-03 9.01416778e-01 4.32783543e-01
1317357907.269797087 1.23633833e+02 2.44116884e+02 -5.61964950e+00 -8.67769614e-03 8.77923353e-03 9.01524798e-01 4.32551340e-01
1317357907.373621941 1.22880441e+02 2.45123492e+02 -5.63262818e+00 -8.62916772e-03 7.74454348e-03 9.01050491e-01 4.33559190e-01
1317357907.477444887 1.22083568e+02 2.46108179e+02 -5.64900830e+00 -9.25082607e-03 5.69333828e-03 9.01247966e-01 4.33167534e-01
1317357907.581268072 1.21247512e+02 2.47099115e+02 -5.65861595e+00 -9.41306417e-03 5.68964359e-03 9.01148821e-01 4.33370309e-01
1317357907.685112953 1.20432085e+02 2.48090679e+02 -5.65960721e+00 -9.81373420e-03 4.53867830e-03 9.01238680e-01 4.33188102e-01
1317357907.788957119 1.19671481e+02 2.49124985e+02 -5.69107296e+00 -1.23666497e-02 1.68583099e-03 9.01436031e-01 4.32732373e-01
1317357907.892779112 1.18870187e+02 2.50148400e+02 -5.69771638e+00 -1.26613660e-02 1.19114162e-03 9.02013875e-01 4.31519686e-01
1317357907.996581078 1.18080886e+02 2.51144975e+02 -5.69678203e+00 -1.24620033e-02 4.00939070e-03 9.02246503e-01 4.31021893e-01
1317357908.100357056 1.17315334e+02 2.52171947e+02 -5.70594765e+00 -1.41936840e-02 4.70048565e-03 9.02332182e-01 4.30781939e-01
1317357908.204130888 1.16528103e+02 2.53169622e+02 -5.71978724e+00 -1.50340979e-02 5.56057446e-03 9.02813252e-01 4.29733973e-01
1317357908.307907104 1.15704527e+02 2.54166134e+02 -5.73742048e+00 -1.49280605e-02 4.12958377e-03 9.03099467e-01 4.29152016e-01
1317357908.411680937 1.14886689e+02 2.55163790e+02 -5.74332208e+00 -1.46036728e-02 3.74238288e-03 9.03091757e-01 4.29182951e-01
1317357908.515431881 1.14162050e+02 2.56135577e+02 -5.77117979e+00 -1.38798190e-02 9.16861881e-03 9.02572804e-01 4.30215784e-01
1317357908.619184971 1.13339737e+02 2.57124137e+02 -5.80305844e+00 -1.61764037e-02 9.53827097e-03 9.02481698e-01 4.30318638e-01
1317357908.722935915 1.12533255e+02 2.58086091e+02 -5.83955260e+00 -1.71703182e-02 7.49852773e-03 9.02201315e-01 4.30908041e-01
1317357908.826661110 1.11753168e+02 2.59034418e+02 -5.86966945e+00 -1.42929330e-02 6.12773139e-03 9.02265678e-01 4.30899999e-01
1317357908.930386066 1.11037489e+02 2.59936245e+02 -5.92813530e+00 -1.08478969e-02 6.91397837e-03 9.01517978e-01 4.32550407e-01
1317357909.034137011 1.10250997e+02 2.60919971e+02 -5.94791793e+00 -9.07786189e-03 8.32798968e-03 9.01876054e-01 4.31819198e-01
1317357909.137890100 1.09463091e+02 2.61895616e+02 -5.95638867e+00 -9.08741187e-03 9.71121510e-03 9.02097028e-01 4.31328254e-01
1317357909.241640091 1.08674542e+02 2.62875314e+02 -5.97117528e+00 -1.21336929e-02 6.46592658e-03 9.01808477e-01 4.31917164e-01
1317357909.345416069 1.08014257e+02 2.63740167e+02 -5.99903786e+00 -1.37118587e-02 6.99804374e-03 9.00991776e-01 4.33562951e-01
1317357909.449191093 1.07214475e+02 2.64739802e+02 -6.01915048e+00 -1.42662614e-02 6.90847398e-03 9.01089290e-01 4.33343788e-01
1317357909.552941084 1.06403270e+02 2.65727146e+02 -6.03638717e+00 -1.45415511e-02 6.54763802e-03 9.01189421e-01 4.33131966e-01
1317357909.656666994 1.05605680e+02 2.66725393e+02 -6.05690831e+00 -1.48688433e-02 5.43801305e-03 9.01077799e-01 4.33368371e-01
1317357909.760392904 1.04849874e+02 2.67617168e+02 -6.10084041e+00 -1.68224403e-02 3.91053304e-03 9.01160537e-01 4.33141317e-01
1317357909.864098072 1.04069635e+02 2.68586578e+02 -6.12212754e+00 -1.76338807e-02 1.67010556e-03 9.00795466e-01 4.33882225e-01
1317357909.967799902 1.03297634e+02 2.69565771e+02 -6.14690443e+00 -1.83789073e-02 -4.79576674e-04 9.01355635e-01 4.32689270e-01
1317357910.071527004 1.02524003e+02 2.70547211e+02 -6.16524662e+00 -1.85089795e-02 -5.76052926e-04 9.01585742e-01 4.32203928e-01
1317357910.175254107 1.01858721e+02 2.71480823e+02 -6.19142445e+00 -1.59178830e-02 5.07445927e-03 9.00449826e-01 4.34638909e-01
1317357910.278978109 1.01088316e+02 2.72434578e+02 -6.21181931e+00 -1.58219881e-02 5.16698530e-03 9.00766631e-01 4.33984381e-01
1317357910.382700920 1.00329993e+02 2.73373386e+02 -6.23502491e+00 -1.58322917e-02 4.56257913e-03 9.00856920e-01 4.33803332e-01
1317357910.486442089 9.95734691e+01 2.74336975e+02 -6.25713940e+00 -1.56759483e-02 2.42734508e-03 9.00782990e-01 4.33979697e-01
1317357910.590193987 9.89546019e+01 2.75213473e+02 -6.29395199e+00 -1.49248775e-02 2.91267213e-03 9.00062491e-01 4.35495438e-01
1317357910.693928003 9.81725318e+01 2.76184383e+02 -6.31143539e+00 -1.41384562e-02 1.80223493e-03 9.00333104e-01 4.34967997e-01
1317357910.798357010 9.73922938e+01 2.77168152e+02 -6.32677019e+00 -1.53653557e-02 -3.06606981e-04 9.00390768e-01 4.34810622e-01
1317357910.902136087 9.66318355e+01 2.78067512e+02 -6.33467369e+00 -1.50365212e-02 2.06183719e-03 9.00005274e-01 4.35614690e-01
1317357911.005229950 9.58652052e+01 2.79032562e+02 -6.35090532e+00 -1.69005313e-02 -8.15510457e-04 9.00059507e-01 4.35438390e-01
1317357911.108983040 9.50975894e+01 2.79989384e+02 -6.36955956e+00 -1.83056826e-02 -3.53926146e-03 9.00262246e-01 4.34948577e-01
1317357911.212730885 9.43439434e+01 2.80944977e+02 -6.39057796e+00 -1.95705681e-02 -7.10445064e-03 9.00314993e-01 4.34740649e-01
1317357911.316478014 9.35663088e+01 2.81936337e+02 -6.41124655e+00 -1.68389500e-02 -5.33428898e-03 8.99584034e-01 4.36390377e-01
1317357911.420231104 9.28186859e+01 2.82910627e+02 -6.44227405e+00 -1.80723424e-02 -8.16345835e-03 8.99561832e-01 4.36343053e-01
1317357911.523998976 9.20440714e+01 2.83848050e+02 -6.45704866e+00 -1.84003981e-02 -7.98993032e-03 9.00256190e-01 4.34898125e-01
1317357911.627747059 9.12767922e+01 2.84800356e+02 -6.46506709e+00 -1.82862933e-02 -7.04740819e-03 9.00875429e-01 4.33635108e-01
1317357911.731520891 9.05030962e+01 2.85717265e+02 -6.48668364e+00 -1.69281292e-02 -3.40755527e-03 9.00460923e-01 4.34594010e-01
1317357911.835330009 8.97428427e+01 2.86670186e+02 -6.50048481e+00 -1.65612082e-02 -5.35561543e-03 9.00862246e-01 4.33755989e-01
1317357911.939114094 8.89699247e+01 2.87630584e+02 -6.52047335e+00 -1.69956231e-02 -6.95940539e-03 9.00686821e-01 4.34080598e-01
1317357912.042882919 8.81781162e+01 2.88552572e+02 -6.51736754e+00 -1.36012304e-02 -5.74773449e-04 9.00940245e-01 4.33729583e-01
1317357912.146648884 8.73939487e+01 2.89521531e+02 -6.53575815e+00 -1.36678766e-02 4.07820234e-05 9.00988145e-01 4.33628354e-01
1317357912.250401020 8.66021221e+01 2.90501213e+02 -6.55647842e+00 -1.37418410e-02 2.25146504e-04 9.00954794e-01 4.33695250e-01
1317357912.354126930 8.58421284e+01 2.91464826e+02 -6.56908077e+00 -1.41615088e-02 -4.07318220e-04 9.01149499e-01 4.33276893e-01
1317357912.457859039 8.50470311e+01 2.92480060e+02 -6.61391939e+00 -1.32790680e-02 2.13675635e-03 9.01287945e-01 4.33011710e-01
1317357912.561614990 8.42507387e+01 2.93462914e+02 -6.63971062e+00 -1.39854375e-02 -8.23126180e-04 9.01253973e-01 4.33064666e-01
1317357912.665380001 8.34511361e+01 2.94427681e+02 -6.65695124e+00 -1.44749859e-02 2.09998319e-04 9.01487024e-01 4.32563957e-01
1317357912.769134045 8.26282867e+01 2.95445527e+02 -6.69158103e+00 -1.52326028e-02 1.72891100e-03 9.00827854e-01 4.33905699e-01
1317357912.872888088 8.18464657e+01 2.96438464e+02 -6.70777402e+00 -1.62532878e-02 1.58939582e-03 9.00967600e-01 4.33578930e-01
1317357912.976654053 8.10496823e+01 2.97418617e+02 -6.73228291e+00 -1.81501827e-02 -1.40916973e-03 9.00475880e-01 4.34524769e-01
1317357913.080424070 8.02425638e+01 2.98415304e+02 -6.74728390e+00 -1.99792325e-02 -1.75631707e-03 9.00483048e-01 4.34428389e-01
1317357913.184175014 7.94671996e+01 2.99463272e+02 -6.76757808e+00 -2.07858857e-02 3.82500470e-03 8.99653699e-01 4.36092352e-01
1317357913.287913084 7.86693185e+01 3.00481033e+02 -6.79417896e+00 -2.31344395e-02 1.68222243e-03 8.99208167e-01 4.36905756e-01
1317357913.391645908 7.78674262e+01 3.01474844e+02 -6.81963522e+00 -2.57325198e-02 -1.02665732e-03 8.99450937e-01 4.36262302e-01
1317357913.495374918 7.70611750e+01 3.02468383e+02 -6.84740971e+00 -2.87729266e-02 -3.32428731e-03 8.99738917e-01 4.35466357e-01
1317357913.599117041 7.63336099e+01 3.03470030e+02 -6.85746400e+00 -2.91134275e-02 -3.03664898e-03 8.99539240e-01 4.35858168e-01
1317357913.702852011 7.55398523e+01 3.04460322e+02 -6.89742330e+00 -2.60162553e-02 -2.82932914e-03 8.99618980e-01 4.35890859e-01
1317357913.806579113 7.47615418e+01 3.05445013e+02 -6.92761112e+00 -2.32249487e-02 -4.84424348e-03 8.99846359e-01 4.35561322e-01
1317357913.910379887 7.39796280e+01 3.06411821e+02 -6.97444720e+00 -2.24115523e-02 -5.07943974e-03 9.00402374e-01 4.34450787e-01
1317357914.014189959 7.31990757e+01 3.07379939e+02 -6.99238795e+00 -2.34614419e-02 -3.73749409e-03 9.01433218e-01 4.32265826e-01
1317357914.117963076 7.24643643e+01 3.08316107e+02 -7.01222756e+00 -2.26414766e-02 -2.10407130e-03 9.00902178e-01 4.33426120e-01
1317357914.221703053 7.16614676e+01 3.09288283e+02 -7.04183989e+00 -2.46674223e-02 -3.64858070e-03 9.00520882e-01 4.34097163e-01
1317357914.325433969 7.08512281e+01 3.10265815e+02 -7.08012125e+00 -2.72768421e-02 -4.15618418e-03 9.00717562e-01 4.33528054e-01
1317357914.429179907 7.01151958e+01 3.11202779e+02 -7.15129147e+00 -2.75764939e-02 -2.49514994e-03 8.99707060e-01 4.35615102e-01
1317357914.532905102 6.93543127e+01 3.12146756e+02 -7.17383645e+00 -2.86660113e-02 -4.33952698e-03 8.99761579e-01 4.35417650e-01
1317357914.636643887 6.85882391e+01 3.13092893e+02 -7.20373804e+00 -2.88194449e-02 -6.02800407e-03 9.00019058e-01 4.34854915e-01
1317357914.740406990 6.79307723e+01 3.14069576e+02 -7.22440784e+00 -2.90478813e-02 -8.15750566e-03 8.98331142e-01 4.38281684e-01
1317357914.844156981 6.72051821e+01 3.14976583e+02 -7.26021807e+00 -2.93023975e-02 -8.85435083e-03 8.98037878e-01 4.38851842e-01
1317357914.947882891 6.64761861e+01 3.15895852e+02 -7.30539795e+00 -3.05562822e-02 -9.30387648e-03 8.97923470e-01 4.38991109e-01
1317357915.051634073 6.58042483e+01 3.16750810e+02 -7.34167449e+00 -2.82541452e-02 -3.04664484e-03 8.98061945e-01 4.38950071e-01
1317357915.155407906 6.50944973e+01 3.17645801e+02 -7.37095956e+00 -2.83744733e-02 -5.27447962e-04 8.98033911e-01 4.39009915e-01
1317357915.259181976 6.44093779e+01 3.18529383e+02 -7.40362279e+00 -2.99704781e-02 6.71655371e-04 8.97989395e-01 4.38994722e-01
1317357915.362957954 6.37486913e+01 3.19388141e+02 -7.46917010e+00 -2.85627632e-02 3.82041188e-03 8.97666305e-01 4.39732621e-01
1317357915.466732025 6.30909475e+01 3.20217333e+02 -7.49157546e+00 -2.69206538e-02 4.19655106e-03 8.97984423e-01 4.39182927e-01
1317357915.570483923 6.24411975e+01 3.21039222e+02 -7.52012537e+00 -2.22473113e-02 9.63654840e-04 8.99118624e-01 4.37138226e-01
1317357915.674235106 6.18081593e+01 3.21797070e+02 -7.54245958e+00 -1.73185456e-02 -2.23325498e-03 9.00727685e-01 4.34033083e-01
1317357915.777986050 6.11588421e+01 3.22590013e+02 -7.55612093e+00 -1.60247298e-02 -3.53305151e-03 9.01006566e-01 4.33494975e-01
1317357915.881712914 6.05206565e+01 3.23377372e+02 -7.56795725e+00 -1.82726588e-02 -3.86237717e-03 9.01655687e-01 4.32051170e-01
1317357915.985461950 5.98415396e+01 3.24148452e+02 -7.59719817e+00 -2.21428771e-02 -3.21275414e-03 9.01780079e-01 4.31615639e-01
1317357916.089211941 5.91810476e+01 3.24930130e+02 -7.61806874e+00 -2.46473189e-02 -1.44395359e-03 9.01819064e-01 4.31407928e-01
1317357916.192961931 5.85158315e+01 3.25726324e+02 -7.64293304e+00 -2.66213814e-02 -2.95167369e-03 9.02160478e-01 4.30568301e-01
1317357916.296737909 5.78836969e+01 3.26497328e+02 -7.67181184e+00 -2.87820854e-02 -4.36231234e-03 9.02221414e-01 4.30289532e-01
1317357916.400511980 5.72840122e+01 3.27324235e+02 -7.68564735e+00 -3.06265423e-02 -5.66002085e-03 9.00425369e-01 4.33894150e-01
1317357916.504287958 5.66718975e+01 3.28059444e+02 -7.71478404e+00 -3.07406558e-02 -6.69674836e-03 9.00360749e-01 4.34005400e-01
1317357916.608110905 5.60869877e+01 3.28766846e+02 -7.74055235e+00 -2.92735668e-02 -8.90719379e-03 9.00189285e-01 4.34422573e-01
1317357916.711982012 5.55286549e+01 3.29511779e+02 -7.75010265e+00 -2.59954815e-02 -9.35784418e-03 8.99198811e-01 4.36667108e-01
1317357916.815876007 5.49585736e+01 3.30176407e+02 -7.76575034e+00 -2.40193364e-02 -7.80693011e-03 8.98341548e-01 4.38571073e-01
1317357916.919820070 5.44171454e+01 3.30842454e+02 -7.77799708e+00 -2.30717269e-02 -8.89317788e-03 8.96939972e-01 4.41460410e-01
1317357917.023833990 5.39451644e+01 3.31503621e+02 -7.79879594e+00 -2.12991331e-02 -7.18929065e-03 8.94302204e-01 4.46898454e-01
1317357917.127921104 5.34350108e+01 3.32161090e+02 -7.81652154e+00 -2.02976545e-02 -6.94719456e-03 8.90480656e-01 4.54515064e-01
1317357917.232080936 5.29514712e+01 3.32800200e+02 -7.81715007e+00 -1.95765460e-02 -7.08066032e-03 8.87017720e-01 4.61265854e-01
1317357917.336281061 5.25630338e+01 3.33466881e+02 -7.82112789e+00 -2.06478273e-02 -7.73883451e-03 8.81025613e-01 4.72554384e-01
1317357917.440489054 5.21697977e+01 3.34089947e+02 -7.82395746e+00 -2.04726083e-02 -6.73106051e-03 8.74355678e-01 4.84806882e-01
1317357917.544723034 5.18218033e+01 3.34710771e+02 -7.82786977e+00 -2.13060294e-02 -3.81421338e-03 8.66031773e-01 4.99520242e-01
1317357917.649003029 5.15172405e+01 3.35315680e+02 -7.83738042e+00 -2.26350323e-02 -1.36416886e-03 8.57341996e-01 5.14247505e-01
1317357917.753283978 5.13648484e+01 3.35957750e+02 -7.83463202e+00 -2.39881579e-02 1.00821905e-03 8.45706708e-01 5.33107602e-01
1317357917.857559919 5.11259910e+01 3.36545991e+02 -7.84762462e+00 -2.45787102e-02 2.88621463e-03 8.35589789e-01 5.48796193e-01
1317357917.961884975 5.09021447e+01 3.37116101e+02 -7.85621352e+00 -2.40795897e-02 3.81889180e-03 8.24173937e-01 5.65811727e-01
1317357918.066212893 5.09467246e+01 3.37689818e+02 -7.88258843e+00 -2.42940888e-02 6.98995442e-03 8.08057675e-01 5.88560729e-01
1317357918.170540094 5.08041362e+01 3.38279305e+02 -7.89316044e+00 -2.42569062e-02 7.23199193e-03 7.94342426e-01 6.06942676e-01
1317357918.274889946 5.06686309e+01 3.38877957e+02 -7.91337739e+00 -2.37502629e-02 9.10310117e-03 7.79795534e-01 6.25517373e-01
1317357918.379199028 5.05960701e+01 3.39372422e+02 -7.94561340e+00 -2.33595273e-02 1.15941486e-02 7.65059721e-01 6.43431062e-01
1317357918.483431101 5.05340149e+01 3.39981133e+02 -7.95732401e+00 -1.96483009e-02 1.41426699e-02 7.49148376e-01 6.61959697e-01
1317357918.587654114 5.05090075e+01 3.40576062e+02 -7.97559957e+00 -1.92251522e-02 1.34069424e-02 7.32555691e-01 6.80303467e-01
1317357918.691860914 5.04869330e+01 3.41148386e+02 -7.99061582e+00 -1.91523582e-02 1.38933614e-02 7.15571285e-01 6.98138882e-01
1317357918.796020985 5.05624051e+01 3.41689928e+02 -8.01335542e+00 -1.96719200e-02 1.78728672e-02 6.98018798e-01 7.15586007e-01
1317357918.900182962 5.06343867e+01 3.42282317e+02 -8.04613459e+00 -2.11325380e-02 1.97151713e-02 6.80822868e-01 7.31877688e-01
1317357919.004309893 5.07346354e+01 3.42870953e+02 -8.06053739e+00 -2.12467358e-02 2.24686435e-02 6.63498843e-01 7.47537973e-01
1317357919.108396053 5.08714473e+01 3.43474312e+02 -8.08573409e+00 -2.17114466e-02 2.28846857e-02 6.45808776e-01 7.62847252e-01
1317357919.212460041 5.11110745e+01 3.44000435e+02 -8.13115498e+00 -2.21914988e-02 2.19908176e-02 6.25847284e-01 7.79319651e-01
1317357919.316521883 5.12808233e+01 3.44600050e+02 -8.17464674e+00 -2.22142658e-02 2.19192079e-02 6.07670860e-01 7.93575580e-01
1317357919.420558929 5.14802427e+01 3.45192677e+02 -8.22208721e+00 -1.96408236e-02 2.30416199e-02 5.90042317e-01 8.06804429e-01
1317357919.524571896 5.17358781e+01 3.45691526e+02 -8.23965844e+00 -1.68752497e-02 2.27425765e-02 5.72223172e-01 8.19608835e-01
1317357919.628571033 5.20060686e+01 3.46268767e+02 -8.26170816e+00 -1.54731358e-02 2.19552905e-02 5.55224388e-01 8.31266760e-01
1317357919.732542038 5.22924895e+01 3.46869438e+02 -8.29118472e+00 -1.46675702e-02 2.02628461e-02 5.38750162e-01 8.42094141e-01
1317357919.836477995 5.26143769e+01 3.47454166e+02 -8.32247897e+00 -1.41912460e-02 1.97135321e-02 5.22810096e-01 8.52103039e-01
1317357919.940383911 5.28868938e+01 3.47983003e+02 -8.36692717e+00 -1.53041739e-02 2.09008626e-02 5.05141188e-01 8.62647852e-01
1317357920.044308901 5.32544006e+01 3.48571971e+02 -8.39049539e+00 -1.76650744e-02 2.12916827e-02 4.88715979e-01 8.72004186e-01
1317357920.148180008 5.36710341e+01 3.49183769e+02 -8.42794187e+00 -1.90765264e-02 2.09686176e-02 4.72800225e-01 8.80713546e-01
1317357920.251995087 5.41054035e+01 3.49783312e+02 -8.45545170e+00 -2.05807464e-02 1.92302893e-02 4.57831746e-01 8.88592551e-01
1317357920.355820894 5.46015157e+01 3.50367024e+02 -8.50215100e+00 -2.17424206e-02 1.74802381e-02 4.41979417e-01 8.96591269e-01
1317357920.459600925 5.50758109e+01 3.50978000e+02 -8.53606858e+00 -2.37636180e-02 1.52426365e-02 4.30136123e-01 9.02322486e-01
1317357920.563275099 5.55708427e+01 3.51599225e+02 -8.56687237e+00 -2.60863591e-02 1.31508793e-02 4.19770417e-01 9.07160048e-01
1317357920.666933060 5.61108210e+01 3.52229269e+02 -8.59535729e+00 -2.87827111e-02 1.24872816e-02 4.10755464e-01 9.11205560e-01
1317357920.770612955 5.66469231e+01 3.52819013e+02 -8.60382841e+00 -3.34035501e-02 1.12528524e-02 4.01442032e-01 9.15205917e-01
1317357920.874319077 5.72043223e+01 3.53425108e+02 -8.62554502e+00 -3.58047120e-02 9.19691743e-03 3.94040884e-01 9.18349182e-01
1317357920.978020906 5.77887463e+01 3.54042472e+02 -8.65693610e+00 -3.69408490e-02 8.75733295e-03 3.86238344e-01 9.21617396e-01
1317357921.081715107 5.84088053e+01 3.54660300e+02 -8.68283522e+00 -3.81034074e-02 8.60159265e-03 3.78427238e-01 9.24806449e-01
1317357921.185442924 5.90602108e+01 3.55292669e+02 -8.71582095e+00 -3.88533864e-02 8.27873047e-03 3.71681219e-01 9.27510080e-01
1317357921.289122105 5.96424692e+01 3.55895554e+02 -8.73507380e+00 -3.94466325e-02 6.89601043e-03 3.64787336e-01 9.30229331e-01
1317357921.392775059 6.02961803e+01 3.56507972e+02 -8.76770165e+00 -3.82793275e-02 7.23486682e-03 3.60894144e-01 9.31792770e-01
1317357921.496453047 6.09528863e+01 3.57120114e+02 -8.79144062e+00 -3.76799669e-02 7.02892423e-03 3.57472775e-01 9.33136662e-01
1317357921.600142002 6.16497404e+01 3.57753547e+02 -8.82201498e+00 -3.77608408e-02 6.41329957e-03 3.55021140e-01 9.34073326e-01
1317357921.703849077 6.23807552e+01 3.58336261e+02 -8.90424274e+00 -3.86566583e-02 7.10157746e-03 3.51649466e-01 9.35306305e-01
1317357921.807575941 6.31199308e+01 3.58984741e+02 -8.94177357e+00 -3.84243430e-02 6.82037987e-03 3.49520348e-01 9.36115686e-01
1317357921.911298037 6.38873251e+01 3.59641312e+02 -8.98237599e+00 -3.62977651e-02 8.01857332e-03 3.47118160e-01 9.37084392e-01
1317357922.015014887 6.46713069e+01 3.60327118e+02 -9.01098648e+00 -3.50921545e-02 9.03366957e-03 3.45717853e-01 9.37638576e-01
1317357922.118742943 6.54623410e+01 3.60963415e+02 -9.08243492e+00 -3.64935774e-02 1.03041007e-02 3.44173561e-01 9.38139971e-01
1317357922.222523928 6.62427054e+01 3.61625380e+02 -9.12002517e+00 -3.57747524e-02 1.12003423e-02 3.43218590e-01 9.38507176e-01
1317357922.326325893 6.70241974e+01 3.62295145e+02 -9.14487703e+00 -3.55649380e-02 1.15888994e-02 3.42835803e-01 9.38650332e-01
1317357922.430128098 6.78528263e+01 3.62977826e+02 -9.17977265e+00 -3.57925039e-02 1.11404808e-02 3.42093683e-01 9.38917834e-01
1317357922.533946037 6.86356364e+01 3.63636294e+02 -9.21042533e+00 -3.41181494e-02 1.14993291e-02 3.41530141e-01 9.39180962e-01
1317357922.637768030 6.94176090e+01 3.64287210e+02 -9.24103576e+00 -3.35922227e-02 1.11491510e-02 3.40696082e-01 9.39507019e-01
1317357922.741590023 7.02103910e+01 3.64971641e+02 -9.25755654e+00 -3.54013460e-02 1.03942354e-02 3.40499886e-01 9.39520374e-01
1317357922.845412016 7.09602481e+01 3.65622610e+02 -9.30590624e+00 -3.96800883e-02 1.10689728e-02 3.39431647e-01 9.39728219e-01
1317357922.949234962 7.17576667e+01 3.66301640e+02 -9.33164161e+00 -4.15029386e-02 1.08071093e-02 3.38006003e-01 9.40166291e-01
1317357923.053059101 7.25647157e+01 3.66980024e+02 -9.36168948e+00 -4.15516732e-02 1.06224823e-02 3.36711467e-01 9.40630644e-01
1317357923.156883001 7.33963489e+01 3.67612693e+02 -9.42157657e+00 -3.93768474e-02 1.29041985e-02 3.35036983e-01 9.41293347e-01
1317357923.260704994 7.42023841e+01 3.68273878e+02 -9.45142831e+00 -4.05168555e-02 1.21681320e-02 3.34822298e-01 9.41331158e-01
1317357923.364506006 7.50303860e+01 3.68936638e+02 -9.48314979e+00 -4.16757798e-02 1.10628444e-02 3.35067707e-01 9.41206871e-01
1317357923.468303919 7.58421862e+01 3.69597294e+02 -9.52401037e+00 -4.15678982e-02 1.06277894e-02 3.34928732e-01 9.41266118e-01
1317357923.572129965 7.66305897e+01 3.70171022e+02 -9.60025093e+00 -3.93556006e-02 1.14960462e-02 3.34095576e-01 9.41647027e-01
1317357923.675930023 7.74178113e+01 3.70815808e+02 -9.63745160e+00 -4.11159429e-02 1.13712588e-02 3.33666665e-01 9.41725401e-01
1317357923.779727936 7.82158359e+01 3.71468452e+02 -9.67149882e+00 -4.09582378e-02 1.12519295e-02 3.33268484e-01 9.41874691e-01
1317357923.883527040 7.89688038e+01 3.72019864e+02 -9.75686360e+00 -3.93440116e-02 1.42348025e-02 3.32237944e-01 9.42267142e-01
1317357923.987302065 7.97797139e+01 3.72688524e+02 -9.79611220e+00 -4.02215380e-02 1.42022462e-02 3.31874525e-01 9.42358649e-01
1317357924.091075897 8.05783579e+01 3.73339248e+02 -9.82195368e+00 -4.03669066e-02 1.41008247e-02 3.30424600e-01 9.42863332e-01
1317357924.194849968 8.12793493e+01 3.73866009e+02 -9.85553132e+00 -3.86993900e-02 1.64169324e-02 3.27097914e-01 9.44054975e-01
1317357924.298649073 8.20605029e+01 3.74479667e+02 -9.88019335e+00 -3.93461141e-02 1.56392559e-02 3.27001967e-01 9.44074685e-01
1317357924.402472019 8.28242508e+01 3.75083822e+02 -9.89827972e+00 -4.35702671e-02 1.41503170e-02 3.27229915e-01 9.43833663e-01
1317357924.506295919 8.34839358e+01 3.75571541e+02 -9.91876102e+00 -4.22698493e-02 1.46000660e-02 3.25077976e-01 9.44629243e-01
1317357924.610117912 8.42315430e+01 3.76156839e+02 -9.95172420e+00 -4.31647074e-02 1.39223680e-02 3.24227457e-01 9.44891280e-01
1317357924.713964939 8.49707193e+01 3.76743770e+02 -9.98501055e+00 -4.45469215e-02 1.32871142e-02 3.22602311e-01 9.45392391e-01
1317357924.817812920 8.55118917e+01 3.77169993e+02 -1.00313192e+01 -4.38962118e-02 1.32589336e-02 3.20065699e-01 9.46284984e-01
1317357924.921658039 8.62146593e+01 3.77719375e+02 -1.00558666e+01 -4.63339865e-02 1.20525716e-02 3.17664549e-01 9.46993734e-01
1317357925.025552034 8.69466820e+01 3.78264419e+02 -1.00846341e+01 -4.67457028e-02 1.12916458e-02 3.15432112e-01 9.47728822e-01
1317357925.129471064 8.75171491e+01 3.78694599e+02 -1.01311067e+01 -4.40018865e-02 1.12799718e-02 3.11102946e-01 9.49290026e-01
1317357925.233412981 8.82023086e+01 3.79220909e+02 -1.01461698e+01 -4.56964811e-02 1.12198093e-02 3.06434761e-01 9.50727976e-01
1317357925.337378979 8.88794600e+01 3.79701008e+02 -1.01690641e+01 -4.68037830e-02 1.06312926e-02 3.01047904e-01 9.52400410e-01
1317357925.441370964 8.94702038e+01 3.80080695e+02 -1.02038835e+01 -4.57897741e-02 1.19964409e-02 2.95078136e-01 9.54299888e-01
1317357925.545409918 9.01217755e+01 3.80510366e+02 -1.02252873e+01 -4.75197296e-02 1.10900027e-02 2.88618349e-01 9.56199945e-01
1317357925.649471998 9.07921456e+01 3.80930788e+02 -1.02446431e+01 -4.79704425e-02 1.09530102e-02 2.81189455e-01 9.58389982e-01
1317357925.753536940 9.13701907e+01 3.81240255e+02 -1.02859135e+01 -4.46663486e-02 1.57751268e-02 2.70657828e-01 9.61509440e-01
1317357925.857623100 9.20333524e+01 3.81620498e+02 -1.03133115e+01 -4.32999066e-02 1.81526689e-02 2.60378117e-01 9.64364472e-01
1317357925.961733103 9.26934231e+01 3.81964659e+02 -1.03303417e+01 -4.13683494e-02 1.90758421e-02 2.49158874e-01 9.67390628e-01
1317357926.065865040 9.33112830e+01 3.82233624e+02 -1.03777792e+01 -3.77498039e-02 2.03853086e-02 2.36262241e-01 9.70741750e-01
1317357926.170001984 9.39636455e+01 3.82556418e+02 -1.04049284e+01 -3.42789770e-02 1.98198135e-02 2.22463896e-01 9.74136511e-01
1317357926.274138927 9.46327301e+01 3.82848843e+02 -1.04265749e+01 -2.97599505e-02 1.87214279e-02 2.07790737e-01 9.77541234e-01
1317357926.378297091 9.52920534e+01 3.83058151e+02 -1.04441260e+01 -2.53242832e-02 1.79409834e-02 1.89692009e-01 9.81353017e-01
1317357926.482455969 9.59589699e+01 3.83310985e+02 -1.04609015e+01 -2.30390833e-02 1.84874696e-02 1.73512023e-01 9.84388639e-01
1317357926.586615086 9.66207138e+01 3.83531683e+02 -1.04794918e+01 -2.09005641e-02 1.91557182e-02 1.55906477e-01 9.87364874e-01
1317357926.690773010 9.72693435e+01 3.83725907e+02 -1.04944739e+01 -1.98952448e-02 1.92652461e-02 1.37981334e-01 9.90047565e-01
1317357926.794929981 9.78852858e+01 3.83852974e+02 -1.05241197e+01 -1.70727659e-02 2.01660548e-02 1.17427645e-01 9.92729872e-01
1317357926.899090052 9.85257568e+01 3.83992295e+02 -1.05434164e+01 -1.80414383e-02 1.95689655e-02 9.78764149e-02 9.94842585e-01
1317357927.003249884 9.91431783e+01 3.84100105e+02 -1.05573945e+01 -1.95878484e-02 1.81967928e-02 7.72822508e-02 9.96650714e-01
1317357927.107431889 9.97140456e+01 3.84083881e+02 -1.05969366e+01 -1.95069838e-02 1.69392517e-02 5.34439628e-02 9.98236586e-01
1317357927.211663008 1.00319233e+02 3.84124055e+02 -1.05997734e+01 -1.92350134e-02 1.56976234e-02 2.84093220e-02 9.99288001e-01
1317357927.315917015 1.00941475e+02 3.84122931e+02 -1.06180739e+01 -1.87824315e-02 1.45387228e-02 2.12122608e-03 9.99715633e-01
1317357927.420147896 1.01510243e+02 3.83957460e+02 -1.06125681e+01 -1.51500792e-02 1.34969675e-02 -2.47197226e-02 9.99488490e-01
1317357927.524332047 1.02122772e+02 3.83889824e+02 -1.06186939e+01 -1.57464428e-02 1.35751447e-02 -5.04481888e-02 9.98510263e-01
1317357927.628490925 1.02723246e+02 3.83797707e+02 -1.06210586e+01 -1.65081125e-02 1.33806450e-02 -7.63074715e-02 9.96857869e-01
1317357927.732626915 1.03295813e+02 3.83625913e+02 -1.06290566e+01 -1.69923213e-02 1.28670381e-02 -1.02390363e-01 9.94515919e-01
1317357927.836690903 1.03878361e+02 3.83464903e+02 -1.06322437e+01 -1.77849392e-02 1.16542944e-02 -1.27355793e-01 9.91629152e-01
1317357927.940754890 1.04455122e+02 3.83287174e+02 -1.06423478e+01 -1.92411424e-02 1.09730663e-02 -1.52254283e-01 9.88093115e-01
1317357928.044807911 1.05029144e+02 3.83084764e+02 -1.06411987e+01 -1.92781888e-02 9.37774483e-03 -1.76519757e-01 9.84063608e-01
1317357928.148776054 1.05586393e+02 3.82841034e+02 -1.06430295e+01 -2.06807696e-02 8.09596823e-03 -1.98587480e-01 9.79831503e-01
1317357928.252701044 1.06136834e+02 3.82552846e+02 -1.06397530e+01 -2.32179516e-02 9.43558137e-03 -2.19540669e-01 9.75281391e-01
1317357928.356591940 1.06700768e+02 3.82257356e+02 -1.06317080e+01 -2.58864893e-02 1.09263907e-02 -2.39228894e-01 9.70556562e-01
1317357928.460442066 1.07260507e+02 3.81941503e+02 -1.06345311e+01 -2.78379396e-02 1.34979168e-02 -2.57828219e-01 9.65695327e-01
1317357928.564266920 1.07774169e+02 3.81553294e+02 -1.06115748e+01 -2.78575435e-02 1.26291024e-02 -2.75331637e-01 9.60862609e-01
1317357928.668061972 1.08317878e+02 3.81169854e+02 -1.05934339e+01 -2.81100127e-02 1.22569347e-02 -2.91478182e-01 9.56085804e-01
1317357928.771835089 1.08853881e+02 3.80775323e+02 -1.05748307e+01 -2.85968040e-02 1.15903042e-02 -3.06956349e-01 9.51223259e-01
1317357928.875586033 1.09403644e+02 3.80368174e+02 -1.05641120e+01 -3.18708194e-02 1.07374887e-02 -3.21464457e-01 9.46324236e-01
1317357928.979337931 1.09928347e+02 3.79912645e+02 -1.05377739e+01 -3.36066759e-02 9.33605321e-03 -3.34862194e-01 9.41621336e-01
1317357929.083065987 1.10464603e+02 3.79448217e+02 -1.05205890e+01 -3.37184086e-02 1.03292223e-02 -3.47683775e-01 9.36948434e-01
1317357929.186768055 1.10993246e+02 3.78955706e+02 -1.04975829e+01 -3.28422888e-02 1.01526446e-02 -3.58797544e-01 9.32782199e-01
1317357929.290468931 1.11526912e+02 3.78468787e+02 -1.05158997e+01 -2.92773704e-02 9.15676713e-03 -3.68325949e-01 9.29190500e-01
1317357929.394124985 1.12075422e+02 3.77956878e+02 -1.04990607e+01 -2.81321080e-02 8.05387888e-03 -3.76224551e-01 9.26066308e-01
1317357929.497755051 1.12611086e+02 3.77419726e+02 -1.04872320e+01 -2.75960357e-02 7.33700808e-03 -3.83133848e-01 9.23251364e-01
1317357929.601408005 1.13112474e+02 3.76879860e+02 -1.05010291e+01 -2.78217347e-02 8.71174323e-03 -3.89509129e-01 9.20561076e-01
1317357929.705064058 1.13659058e+02 3.76332066e+02 -1.04896344e+01 -2.68933309e-02 8.40510153e-03 -3.94716971e-01 9.18370631e-01
1317357929.808721066 1.14172064e+02 3.75786437e+02 -1.04737998e+01 -2.56156243e-02 8.60458451e-03 -3.98844283e-01 9.16620444e-01
1317357929.912424088 1.14650414e+02 3.75225394e+02 -1.04989716e+01 -2.39146239e-02 9.01000206e-03 -4.04235944e-01 9.14297661e-01
1317357930.016149998 1.15183105e+02 3.74643198e+02 -1.04761321e+01 -2.35539939e-02 8.65872269e-03 -4.08267605e-01 9.12517287e-01
1317357930.119853020 1.15725239e+02 3.74034501e+02 -1.04660886e+01 -2.46346042e-02 9.13506697e-03 -4.11429531e-01 9.11062801e-01
1317357930.223556042 1.16265132e+02 3.73415032e+02 -1.04573074e+01 -2.41360749e-02 8.49025280e-03 -4.15093884e-01 9.09418734e-01
1317357930.327281952 1.16774003e+02 3.72808716e+02 -1.04751512e+01 -2.47684070e-02 9.67459866e-03 -4.19668422e-01 9.07287906e-01
1317357930.431009054 1.17338840e+02 3.72155744e+02 -1.04630674e+01 -2.56734389e-02 9.81948346e-03 -4.22326807e-01 9.06026777e-01
1317357930.534737110 1.17911332e+02 3.71430635e+02 -1.04823159e+01 -2.58091030e-02 1.13704158e-02 -4.26421901e-01 9.04084601e-01
1317357930.638438940 1.18471158e+02 3.70747262e+02 -1.04766603e+01 -2.52492158e-02 1.07449394e-02 -4.29549157e-01 9.02626470e-01
1317357930.742141008 1.19028160e+02 3.70064442e+02 -1.04577585e+01 -2.61503476e-02 1.06230503e-02 -4.32189403e-01 9.01341018e-01
1317357930.845866919 1.19568295e+02 3.69355491e+02 -1.04279502e+01 -2.88500135e-02 1.14685929e-02 -4.37177908e-01 8.98839043e-01
1317357930.949594975 1.20129672e+02 3.68609143e+02 -1.04072476e+01 -3.07714983e-02 1.23642009e-02 -4.39665762e-01 8.97549029e-01
1317357931.053297997 1.20657051e+02 3.67881374e+02 -1.03968390e+01 -3.08302544e-02 1.22818699e-02 -4.41872316e-01 8.96463891e-01
1317357931.157000065 1.21217357e+02 3.67141783e+02 -1.03823558e+01 -2.90913445e-02 1.07227403e-02 -4.42790097e-01 8.96089084e-01
1317357931.260699987 1.21764811e+02 3.66418843e+02 -1.03589211e+01 -3.02844510e-02 1.09178609e-02 -4.43708402e-01 8.95592824e-01
1317357931.364403963 1.22262636e+02 3.65732735e+02 -1.03763641e+01 -2.75610469e-02 1.06142837e-02 -4.44150950e-01 8.95465052e-01
1317357931.468132019 1.22815120e+02 3.65003216e+02 -1.03546235e+01 -2.84820556e-02 1.01713768e-02 -4.44414287e-01 8.95310704e-01
1317357931.571835995 1.23251198e+02 3.64346224e+02 -1.03348406e+01 -2.67190830e-02 8.48738555e-03 -4.48059299e-01 8.93564166e-01
1317357931.675539017 1.23803750e+02 3.63593830e+02 -1.02984045e+01 -2.89550368e-02 7.16758045e-03 -4.47901367e-01 8.93585249e-01
1317357931.779241085 1.24342257e+02 3.62846460e+02 -1.02726472e+01 -2.99288416e-02 7.54722333e-03 -4.47179887e-01 8.93911322e-01
1317357931.882942915 1.24858451e+02 3.62110949e+02 -1.02642610e+01 -2.54465008e-02 7.23883760e-03 -4.48139429e-01 8.93572116e-01
1317357931.986673117 1.25407862e+02 3.61373229e+02 -1.02312768e+01 -2.53257645e-02 7.70413720e-03 -4.46711939e-01 8.94286137e-01
1317357932.090399027 1.25945939e+02 3.60667101e+02 -1.02066452e+01 -2.05827347e-02 5.48550042e-03 -4.46025809e-01 8.94766583e-01
1317357932.194098949 1.26496685e+02 3.59943955e+02 -1.01819946e+01 -2.01604173e-02 5.20516158e-03 -4.44667597e-01 8.95453624e-01
1317357932.297801971 1.27059532e+02 3.59262292e+02 -1.01763053e+01 -1.48899010e-02 1.99528045e-03 -4.43453329e-01 8.96171554e-01
1317357932.401505947 1.27619932e+02 3.58528318e+02 -1.01487516e+01 -1.51520788e-02 1.87605438e-03 -4.41329330e-01 8.97215313e-01
1317357932.505207062 1.28186541e+02 3.57806094e+02 -1.01124097e+01 -1.36412916e-02 9.83926647e-04 -4.38725222e-01 8.98517182e-01
1317357932.608957052 1.28749017e+02 3.57099425e+02 -1.00940478e+01 -9.58391376e-03 -1.27466736e-03 -4.36880795e-01 8.99467451e-01
1317357932.712735891 1.29324377e+02 3.56385274e+02 -1.00687274e+01 -9.48456770e-03 -9.44411057e-04 -4.34293159e-01 9.00721157e-01
1317357932.816510916 1.29913556e+02 3.55714254e+02 -1.00619364e+01 -9.67569624e-03 -9.62642052e-05 -4.31139045e-01 9.02233615e-01
1317357932.920283079 1.30473593e+02 3.55010545e+02 -1.00290499e+01 -1.04456628e-02 5.53376041e-04 -4.29202302e-01 9.03147810e-01
1317357933.024058104 1.31035072e+02 3.54335221e+02 -9.99779716e+00 -1.09794585e-02 4.60204622e-04 -4.27820827e-01 9.03796758e-01
1317357933.127856016 1.31603085e+02 3.53695565e+02 -1.00001942e+01 -1.39387417e-02 2.10556632e-03 -4.26028138e-01 9.04600080e-01
1317357933.231678963 1.32163193e+02 3.53032140e+02 -9.96546008e+00 -1.43675461e-02 2.28378249e-03 -4.25293298e-01 9.04938655e-01
1317357933.335478067 1.32707477e+02 3.52381672e+02 -9.95073991e+00 -1.30160180e-02 2.01183244e-03 -4.24399550e-01 9.05379234e-01
1317357933.439276934 1.33273515e+02 3.51714048e+02 -9.91912314e+00 -1.20329679e-02 1.57764971e-03 -4.23964676e-01 9.05597412e-01
1317357933.543100119 1.33858913e+02 3.51045899e+02 -9.88993135e+00 -1.22564851e-02 1.32942111e-03 -4.23373134e-01 9.05871514e-01
1317357933.646922112 1.34471870e+02 3.50389475e+02 -9.87954882e+00 -1.28799246e-02 1.19514928e-03 -4.21668886e-01 9.06657615e-01
1317357933.750745058 1.35051720e+02 3.49720703e+02 -9.85272918e+00 -1.25216533e-02 8.83849683e-04 -4.21832425e-01 9.06586914e-01
1317357933.854569912 1.35641478e+02 3.49025060e+02 -9.81875148e+00 -1.32086545e-02 5.46601104e-04 -4.22049659e-01 9.06476320e-01
1317357933.958417892 1.36228185e+02 3.48331085e+02 -9.79847236e+00 -1.29906463e-02 7.99522988e-04 -4.22759026e-01 9.06148669e-01
1317357934.062288046 1.36848223e+02 3.47622127e+02 -9.79620205e+00 -1.42022545e-02 1.51828354e-03 -4.22909959e-01 9.06059136e-01
1317357934.166157961 1.37421428e+02 3.46944812e+02 -9.76372912e+00 -1.47804122e-02 1.41762774e-03 -4.24048591e-01 9.05517709e-01
1317357934.270028114 1.37980768e+02 3.46238963e+02 -9.78158199e+00 -1.52925157e-02 2.00135003e-03 -4.25260236e-01 9.04939703e-01
1317357934.373872995 1.38556916e+02 3.45555040e+02 -9.75305432e+00 -1.53039859e-02 2.16459665e-03 -4.26739090e-01 9.04242695e-01
1317357934.477720022 1.39143148e+02 3.44860820e+02 -9.72207245e+00 -1.51020992e-02 1.72770691e-03 -4.28437883e-01 9.03443369e-01
1317357934.581592083 1.39667490e+02 3.44232519e+02 -9.71945831e+00 -1.54885890e-02 2.01686504e-03 -4.29644044e-01 9.02863241e-01
1317357934.685440063 1.40214073e+02 3.43546348e+02 -9.69719410e+00 -1.67045174e-02 2.47297588e-03 -4.30600125e-01 9.02384827e-01
1317357934.789263964 1.40753625e+02 3.42886316e+02 -9.69006049e+00 -2.00890014e-02 5.12150706e-03 -4.31985146e-01 9.01642410e-01
1317357934.893085003 1.41302873e+02 3.42185674e+02 -9.66260746e+00 -1.97331209e-02 5.18765192e-03 -4.32972639e-01 9.01176113e-01
1317357934.996906996 1.41815167e+02 3.41529462e+02 -9.66916989e+00 -1.96095894e-02 5.83653657e-03 -4.32956051e-01 9.01182810e-01
1317357935.100707054 1.42380276e+02 3.40815429e+02 -9.64124931e+00 -2.00850996e-02 6.31403853e-03 -4.32976599e-01 9.01159246e-01
1317357935.204482079 1.42933650e+02 3.40106287e+02 -9.60918622e+00 -2.05783828e-02 6.67281970e-03 -4.32172786e-01 9.01531301e-01
1317357935.308254957 1.43480372e+02 3.39430855e+02 -9.59126108e+00 -1.92979890e-02 6.47118710e-03 -4.31110804e-01 9.02069391e-01
1317357935.412005901 1.44042608e+02 3.38747807e+02 -9.55404020e+00 -2.02241422e-02 6.81707659e-03 -4.29756034e-01 9.02692784e-01
1317357935.515758991 1.44601437e+02 3.38126356e+02 -9.55583494e+00 -1.86425203e-02 5.38553836e-03 -4.27241353e-01 9.03929355e-01
1317357935.619509935 1.45177184e+02 3.37443687e+02 -9.52539068e+00 -1.95178826e-02 6.01048881e-03 -4.25169797e-01 9.04883180e-01
1317357935.723258972 1.45748666e+02 3.36767962e+02 -9.49705571e+00 -2.02753097e-02 7.04708804e-03 -4.23521496e-01 9.05631709e-01
1317357935.827033043 1.46339061e+02 3.36096336e+02 -9.48429152e+00 -1.94928241e-02 6.46046936e-03 -4.22597419e-01 9.06084827e-01
1317357935.930809021 1.46909444e+02 3.35400753e+02 -9.46548949e+00 -2.00390185e-02 7.70334361e-03 -4.21495414e-01 9.06576369e-01
1317357936.034581900 1.47489188e+02 3.34698106e+02 -9.47845028e+00 -1.89631629e-02 7.53442243e-03 -4.21412586e-01 9.06639434e-01
1317357936.138356924 1.48071438e+02 3.34024379e+02 -9.44910512e+00 -1.83510355e-02 7.59979721e-03 -4.20077190e-01 9.07270983e-01
1317357936.242157936 1.48599365e+02 3.33397549e+02 -9.47704796e+00 -1.50960082e-02 7.15014146e-03 -4.19914867e-01 9.07409770e-01
1317357936.345978975 1.49166870e+02 3.32741585e+02 -9.44701778e+00 -1.30419257e-02 6.05763456e-03 -4.20146824e-01 9.07342195e-01
1317357936.449826002 1.49755485e+02 3.32075900e+02 -9.41920468e+00 -1.22548685e-02 5.85872400e-03 -4.20147355e-01 9.07354227e-01
1317357936.553672075 1.50325698e+02 3.31484791e+02 -9.41570913e+00 -8.85760316e-03 6.64499439e-03 -4.19703541e-01 9.07593700e-01
1317357936.657471895 1.50897616e+02 3.30810272e+02 -9.40816164e+00 -8.79912547e-03 6.92796313e-03 -4.19898486e-01 9.07501978e-01
1317357936.761271000 1.51442105e+02 3.30194567e+02 -9.42161274e+00 -1.14869560e-02 8.37571024e-03 -4.19717830e-01 9.07543299e-01
1317357936.865093946 1.52027513e+02 3.29526669e+02 -9.41405621e+00 -1.17187316e-02 8.59349972e-03 -4.19857826e-01 9.07473542e-01
1317357936.968893051 1.52533844e+02 3.28896652e+02 -9.40101029e+00 -1.62462453e-02 1.03693052e-02 -4.19598618e-01 9.07505117e-01
1317357937.072691917 1.53100173e+02 3.28250951e+02 -9.38905904e+00 -1.52426976e-02 9.47321492e-03 -4.18925617e-01 9.07843183e-01
1317357937.176537037 1.53661843e+02 3.27608332e+02 -9.37702572e+00 -1.18418367e-02 7.87003899e-03 -4.19116193e-01 9.07821266e-01
1317357937.280383110 1.54197938e+02 3.27027310e+02 -9.35434617e+00 -1.31807142e-02 6.47974283e-03 -4.18769470e-01 9.07973795e-01
1317357937.384229898 1.54763471e+02 3.26375752e+02 -9.33889062e+00 -1.50458134e-02 7.35912369e-03 -4.18215772e-01 9.08193281e-01
1317357937.488076925 1.55285800e+02 3.25757941e+02 -9.33078901e+00 -1.72434793e-02 8.44045724e-03 -4.17148999e-01 9.08635314e-01
1317357937.591923952 1.55841385e+02 3.25103393e+02 -9.31255650e+00 -1.84974882e-02 9.19278277e-03 -4.15512200e-01 9.09353038e-01
1317357937.695795059 1.56384505e+02 3.24436533e+02 -9.30110686e+00 -2.63061395e-02 1.38070711e-02 -4.13267690e-01 9.10124809e-01
1317357937.799665928 1.56950938e+02 3.23793145e+02 -9.27004326e+00 -2.72234855e-02 1.43075334e-02 -4.12293465e-01 9.10531864e-01
1317357937.903537035 1.57486391e+02 3.23177505e+02 -9.26203573e+00 -2.43055350e-02 1.23303267e-02 -4.11260127e-01 9.11110483e-01
1317357938.007409096 1.58067482e+02 3.22545299e+02 -9.24088766e+00 -2.38426575e-02 1.12938477e-02 -4.10040156e-01 9.11685827e-01
1317357938.111279011 1.58653729e+02 3.21906891e+02 -9.21128182e+00 -2.29367656e-02 1.19023089e-02 -4.08452532e-01 9.12413705e-01
1317357938.215173006 1.59236146e+02 3.21285271e+02 -9.20603449e+00 -1.68493187e-02 8.93894381e-03 -4.07665858e-01 9.12931949e-01
1317357938.319068909 1.59834761e+02 3.20618028e+02 -9.18994395e+00 -1.65746620e-02 8.17218493e-03 -4.06671654e-01 9.13387465e-01
1317357938.422962904 1.60447510e+02 3.19979287e+02 -9.19668056e+00 -1.85650110e-02 6.91495997e-03 -4.06135604e-01 9.13598049e-01
1317357938.526881933 1.61062484e+02 3.19306514e+02 -9.17871493e+00 -2.00391008e-02 6.70953404e-03 -4.05063230e-01 9.14044417e-01
1317357938.630822897 1.61662772e+02 3.18619581e+02 -9.19234661e+00 -2.66899602e-02 7.68768184e-03 -4.06045211e-01 9.13430803e-01
1317357938.734765053 1.62291422e+02 3.17938575e+02 -9.17134561e+00 -2.70920530e-02 8.74347243e-03 -4.06458967e-01 9.13225427e-01
1317357938.838710070 1.62926007e+02 3.17257101e+02 -9.16154973e+00 -2.76122074e-02 1.01427345e-02 -4.06978576e-01 9.12963926e-01
1317357938.942676067 1.63553737e+02 3.16566932e+02 -9.14237335e+00 -2.91182311e-02 1.07864927e-02 -4.07991568e-01 9.12457484e-01
1317357939.046617985 1.64171916e+02 3.15879944e+02 -9.12985508e+00 -2.86385271e-02 9.76383073e-03 -4.09178425e-01 9.11952586e-01
1317357939.150585890 1.64783979e+02 3.15211903e+02 -9.13498178e+00 -2.98327831e-02 9.67766896e-03 -4.11450222e-01 9.10892454e-01
1317357939.254580021 1.65434191e+02 3.14496079e+02 -9.11991957e+00 -3.00517329e-02 9.50971727e-03 -4.13853844e-01 9.09797480e-01
1317357939.358568907 1.65977102e+02 3.13830147e+02 -9.11420665e+00 -2.96798375e-02 9.09439732e-03 -4.18994213e-01 9.07458125e-01
1317357939.462579966 1.66596126e+02 3.13110293e+02 -9.09564481e+00 -2.98090620e-02 9.35499473e-03 -4.21827455e-01 9.06137684e-01
1317357939.566570997 1.67206422e+02 3.12388572e+02 -9.07709813e+00 -3.09688466e-02 9.72795520e-03 -4.25033965e-01 9.04595172e-01
1317357939.670538902 1.67776381e+02 3.11689239e+02 -9.06056032e+00 -3.13071863e-02 9.54477339e-03 -4.28315120e-01 9.03036497e-01
1317357939.774482012 1.68365622e+02 3.10948928e+02 -9.03412254e+00 -3.35748585e-02 1.02240849e-02 -4.30764358e-01 9.01781717e-01
1317357939.878398895 1.68945663e+02 3.10214028e+02 -9.00605866e+00 -3.51724600e-02 1.14733324e-02 -4.32489400e-01 9.00879670e-01
1317357939.982299089 1.69559213e+02 3.09431416e+02 -8.96769888e+00 -3.77289820e-02 1.30491812e-02 -4.33023628e-01 9.00498073e-01
1317357940.086170912 1.70162487e+02 3.08676976e+02 -8.93278075e+00 -3.74779114e-02 1.31805324e-02 -4.33759787e-01 9.00152280e-01
1317357940.190040112 1.70751312e+02 3.07914198e+02 -8.92331134e+00 -3.56513421e-02 1.36188961e-02 -4.35325541e-01 8.99463830e-01
1317357940.293910980 1.71354833e+02 3.07169355e+02 -8.90416217e+00 -3.62183571e-02 1.38040879e-02 -4.35943560e-01 8.99138972e-01
1317357940.397753954 1.71960652e+02 3.06399450e+02 -8.87468908e+00 -3.64167899e-02 1.36037138e-02 -4.36725870e-01 8.98754288e-01
1317357940.501604080 1.72553745e+02 3.05663177e+02 -8.89429538e+00 -2.85370975e-02 1.16400706e-02 -4.37849724e-01 8.98519761e-01
1317357940.605477095 1.73136371e+02 3.04928770e+02 -8.87549243e+00 -2.89690405e-02 1.21280690e-02 -4.38531293e-01 8.98167028e-01
1317357940.709343910 1.73719933e+02 3.04204468e+02 -8.88330857e+00 -2.59184872e-02 1.12767663e-02 -4.39080865e-01 8.98002818e-01
1317357940.813213110 1.74284637e+02 3.03471795e+02 -8.86154989e+00 -2.71984178e-02 1.12778343e-02 -4.39500873e-01 8.97759455e-01
1317357940.917083979 1.74864730e+02 3.02731033e+02 -8.84187281e+00 -2.75722733e-02 1.11637115e-02 -4.40790235e-01 8.97117110e-01
1317357941.020977974 1.75399138e+02 3.02026879e+02 -8.83186576e+00 -2.80375740e-02 1.18187160e-02 -4.43528209e-01 8.95743792e-01
1317357941.124874115 1.75960012e+02 3.01275796e+02 -8.81153759e+00 -2.71089237e-02 1.15157603e-02 -4.45422271e-01 8.94836015e-01
1317357941.228744984 1.76504778e+02 3.00541009e+02 -8.78718535e+00 -2.44701258e-02 1.04293565e-02 -4.47356573e-01 8.93960032e-01
1317357941.332638025 1.77042325e+02 2.99816649e+02 -8.75193566e+00 -2.08276622e-02 7.53697522e-03 -4.49399082e-01 8.93056475e-01
1317357941.436533928 1.77544326e+02 2.99115577e+02 -8.71280848e+00 -1.04708874e-02 2.29699124e-03 -4.51276272e-01 8.92319904e-01
1317357941.540380001 1.78094584e+02 2.98377182e+02 -8.66872216e+00 -5.67433284e-03 7.48728288e-04 -4.52681072e-01 8.91654130e-01
1317357941.644226074 1.78621326e+02 2.97688656e+02 -8.63235633e+00 -4.99756594e-03 9.98803346e-04 -4.52181735e-01 8.91911265e-01
1317357941.748073101 1.79153650e+02 2.96970830e+02 -8.59055040e+00 -4.19852124e-03 1.78072809e-03 -4.51335766e-01 8.92342551e-01
1317357941.851870060 1.79674154e+02 2.96259965e+02 -8.56344187e+00 -3.77420874e-03 7.96255300e-04 -4.51439057e-01 8.92293617e-01
1317357941.955646992 1.80196054e+02 2.95605438e+02 -8.60116750e+00 -1.37330674e-02 4.83929964e-03 -4.49895307e-01 8.92962595e-01
1317357942.059421062 1.80710764e+02 2.94899402e+02 -8.58067317e+00 -1.28656136e-02 4.20345510e-03 -4.48806509e-01 8.93526454e-01
1317357942.163175106 1.81207864e+02 2.94236759e+02 -8.62562037e+00 -1.63542354e-02 6.48453114e-03 -4.46909827e-01 8.94406002e-01
1317357942.266926050 1.81732761e+02 2.93538322e+02 -8.60579317e+00 -1.33611644e-02 4.77263188e-03 -4.45291301e-01 8.95273343e-01
1317357942.370721102 1.82268331e+02 2.92836435e+02 -8.60921586e+00 -1.21957591e-02 4.45090200e-03 -4.41151422e-01 8.97338774e-01
1317357942.474541903 1.82801455e+02 2.92151970e+02 -8.59508656e+00 -1.00622260e-02 4.33059475e-03 -4.37735226e-01 8.99037190e-01
1317357942.578366041 1.83397671e+02 2.91473252e+02 -8.58900063e+00 -4.49887626e-03 3.61971537e-03 -4.32573692e-01 9.01580090e-01
1317357942.682166100 1.83958398e+02 2.90786133e+02 -8.55448882e+00 -4.33393593e-04 1.96089976e-03 -4.29180895e-01 9.03216323e-01
1317357942.785965919 1.84581513e+02 2.90117125e+02 -8.55657117e+00 -2.86390307e-03 3.74674174e-03 -4.24124633e-01 9.05591550e-01
1317357942.889765024 1.85162262e+02 2.89430025e+02 -8.54101326e+00 -3.20503843e-03 3.14641148e-03 -4.20998027e-01 9.07050433e-01
1317357942.993540049 1.85763258e+02 2.88740203e+02 -8.52710117e+00 -2.84510278e-03 3.11278375e-03 -4.17453638e-01 9.08688437e-01
1317357943.097340107 1.86398682e+02 2.88056995e+02 -8.51456657e+00 -4.09454250e-03 5.93721021e-03 -4.13299918e-01 9.10566396e-01
1317357943.201138020 1.87024671e+02 2.87371800e+02 -8.50398415e+00 -2.59528432e-03 4.73235251e-03 -4.10224591e-01 9.11968560e-01
1317357943.304936886 1.87629012e+02 2.86735331e+02 -8.51224566e+00 -6.96601378e-03 6.49389573e-03 -4.05708128e-01 9.13953072e-01
1317357943.408760071 1.88240487e+02 2.86089902e+02 -8.49230934e+00 -1.05689264e-02 7.75338778e-03 -4.03149321e-01 9.15040331e-01
1317357943.512607098 1.88824221e+02 2.85469357e+02 -8.50106929e+00 -1.60777808e-02 9.64586803e-03 -4.01083117e-01 9.15849767e-01
1317357943.616477013 1.89460036e+02 2.84805073e+02 -8.49585168e+00 -1.67189713e-02 9.54275199e-03 -4.00244034e-01 9.16206377e-01
1317357943.720347881 1.90098236e+02 2.84142350e+02 -8.48083895e+00 -1.77266534e-02 9.67702691e-03 -3.99396167e-01 9.16555957e-01
1317357943.824219942 1.90737597e+02 2.83489127e+02 -8.49535693e+00 -2.20385229e-02 1.26933835e-02 -3.97321216e-01 9.17327113e-01
1317357943.928088903 1.91379648e+02 2.82801999e+02 -8.48218699e+00 -2.08648376e-02 1.21433380e-02 -3.96617681e-01 9.17666395e-01
1317357944.031981945 1.92017756e+02 2.82155610e+02 -8.48127614e+00 -2.38375323e-02 1.39793168e-02 -3.95800196e-01 9.17920778e-01
1317357944.135904074 1.92661470e+02 2.81478705e+02 -8.48802812e+00 -2.49873116e-02 1.53948860e-02 -3.95846858e-01 9.17847426e-01
1317357944.239845037 1.93301817e+02 2.80810066e+02 -8.47329175e+00 -2.85307300e-02 1.71280049e-02 -3.96199870e-01 9.17561056e-01
1317357944.343787909 1.93948235e+02 2.80138203e+02 -8.45333525e+00 -3.14444466e-02 1.82193531e-02 -3.96927625e-01 9.17130178e-01
1317357944.447731018 1.94520448e+02 2.79532057e+02 -8.48662065e+00 -3.43823662e-02 1.99390278e-02 -3.98395936e-01 9.16351988e-01
1317357944.551721096 1.95145087e+02 2.78865364e+02 -8.48429799e+00 -3.57636568e-02 1.94962533e-02 -3.99720726e-01 9.15731510e-01
1317357944.655689001 1.95749422e+02 2.78194102e+02 -8.47925655e+00 -3.18837448e-02 1.66303647e-02 -4.04039164e-01 9.14034579e-01
1317357944.759630919 1.96357423e+02 2.77528373e+02 -8.46838945e+00 -3.15983774e-02 1.63619223e-02 -4.06358024e-01 9.13020803e-01
1317357944.863598108 1.96963778e+02 2.76857963e+02 -8.45434802e+00 -3.28770062e-02 1.68082594e-02 -4.09536039e-01 9.11546388e-01
1317357944.967564106 1.97517010e+02 2.76175268e+02 -8.45398116e+00 -3.18063626e-02 1.57982132e-02 -4.15243519e-01 9.09016827e-01
1317357945.071530104 1.98103356e+02 2.75500547e+02 -8.44221995e+00 -3.29977110e-02 1.55498275e-02 -4.19218054e-01 9.07152455e-01
1317357945.175497055 1.98687140e+02 2.74807938e+02 -8.42786718e+00 -3.36472058e-02 1.56406005e-02 -4.23182015e-01 9.05284607e-01
1317357945.279463053 1.99212045e+02 2.74077543e+02 -8.41523965e+00 -3.48366916e-02 1.69359120e-02 -4.32096104e-01 9.00995304e-01
1317357945.383407116 1.99767938e+02 2.73350656e+02 -8.38566678e+00 -3.54415071e-02 1.82501633e-02 -4.36329381e-01 8.98903500e-01
1317357945.487349987 2.00315954e+02 2.72628855e+02 -8.37224572e+00 -3.54771805e-02 1.79619896e-02 -4.40399643e-01 8.96920783e-01
1317357945.591291904 2.00851121e+02 2.71908777e+02 -8.33671879e+00 -3.47013675e-02 1.65034288e-02 -4.46066673e-01 8.94174466e-01
1317357945.695209026 2.01377619e+02 2.71192623e+02 -8.30783195e+00 -3.48952870e-02 1.68998449e-02 -4.49760868e-01 8.92307052e-01
1317357945.799127102 2.01861361e+02 2.70508102e+02 -8.28252152e+00 -3.46245500e-02 1.62901138e-02 -4.52996124e-01 8.90690903e-01
1317357945.902998924 2.02379499e+02 2.69791169e+02 -8.26661448e+00 -3.27210318e-02 1.58912173e-02 -4.54403827e-01 8.90052788e-01
1317357946.006820917 2.02880028e+02 2.69088588e+02 -8.24254121e+00 -3.00824119e-02 1.52785253e-02 -4.55381323e-01 8.89656937e-01
1317357946.110646009 2.03322893e+02 2.68441216e+02 -8.24854376e+00 -2.65246170e-02 1.43037491e-02 -4.57916409e-01 8.88484333e-01
1317357946.214467049 2.03813203e+02 2.67739778e+02 -8.23229483e+00 -2.46087118e-02 1.42626850e-02 -4.59087700e-01 8.87935511e-01
1317357946.318289995 2.04272472e+02 2.67047500e+02 -8.24427350e+00 -1.81137503e-02 1.10404768e-02 -4.62043554e-01 8.86603493e-01
1317357946.422091007 2.04748273e+02 2.66376847e+02 -8.22723862e+00 -1.86538391e-02 1.08904142e-02 -4.61298478e-01 8.86982044e-01
1317357946.525866032 2.05199563e+02 2.65723870e+02 -8.20749966e+00 -1.79672834e-02 1.09486895e-02 -4.61142668e-01 8.87076515e-01
1317357946.629642010 2.05598706e+02 2.65091400e+02 -8.19987916e+00 -1.62103722e-02 1.04366330e-02 -4.63378569e-01 8.85950677e-01
1317357946.733417034 2.06035629e+02 2.64452655e+02 -8.18718943e+00 -1.38246032e-02 9.51260776e-03 -4.63153748e-01 8.86119065e-01
1317357946.837188959 2.06475988e+02 2.63816650e+02 -8.17376129e+00 -1.34067734e-02 9.26201688e-03 -4.62387837e-01 8.86528038e-01
1317357946.940965891 2.06877969e+02 2.63251088e+02 -8.15248364e+00 -1.49741172e-02 9.39509031e-03 -4.61770746e-01 8.86823142e-01
1317357947.044761896 2.07283042e+02 2.62682099e+02 -8.14307712e+00 -1.45756807e-02 8.94641290e-03 -4.61548037e-01 8.86950349e-01
1317357947.148560047 2.07632589e+02 2.62157926e+02 -8.14969187e+00 -1.05699621e-02 7.35954496e-03 -4.61804857e-01 8.86888035e-01
1317357947.252335072 2.07990583e+02 2.61637399e+02 -8.14236231e+00 -9.74828799e-03 6.97267992e-03 -4.61649812e-01 8.86981287e-01
1317357947.356108904 2.08338009e+02 2.61133916e+02 -8.13500641e+00 -8.74798759e-03 6.60735914e-03 -4.61370925e-01 8.87139608e-01
1317357947.459884882 2.08606215e+02 2.60767385e+02 -8.13677424e+00 -6.80538423e-03 6.30563085e-03 -4.61076995e-01 8.87311631e-01
1317357947.563637018 2.08916760e+02 2.60293700e+02 -8.13217174e+00 -7.09493557e-03 5.21718296e-03 -4.60660726e-01 8.87532613e-01
1317357947.667365074 2.09209057e+02 2.59886643e+02 -8.11887069e+00 -6.41846428e-03 4.49918518e-03 -4.59133228e-01 8.88332843e-01
1317357947.771090031 2.09517577e+02 2.59451104e+02 -8.10831018e+00 -6.86094831e-03 4.39714798e-03 -4.57003400e-01 8.89427617e-01
1317357947.874814034 2.09799220e+02 2.59040569e+02 -8.10835077e+00 -6.66103399e-03 4.62700916e-03 -4.54179791e-01 8.90873133e-01
1317357947.978518009 2.10072186e+02 2.58690236e+02 -8.10615253e+00 -7.43621980e-03 6.03674634e-03 -4.50631463e-01 8.92658695e-01
1317357948.082196951 2.10347847e+02 2.58308737e+02 -8.09977519e+00 -6.54950074e-03 6.47005284e-03 -4.45531782e-01 8.95218786e-01
1317357948.185852051 2.10627175e+02 2.57959266e+02 -8.08450719e+00 -6.19187362e-03 5.97870586e-03 -4.38570548e-01 8.98655546e-01
1317357948.289484024 2.10900513e+02 2.57651670e+02 -8.05750361e+00 -4.39576192e-03 3.72642985e-03 -4.28827730e-01 9.03367904e-01
1317357948.393090010 2.11202541e+02 2.57321430e+02 -8.04867876e+00 -5.93418537e-03 2.74130063e-03 -4.17053450e-01 9.08858455e-01
1317357948.496696949 2.11511320e+02 2.57010561e+02 -8.04186665e+00 -7.13139710e-03 2.47490354e-03 -4.03602594e-01 9.14903254e-01
1317357948.600352049 2.11841522e+02 2.56732557e+02 -8.03085322e+00 -6.35346664e-03 2.81340797e-03 -3.87330302e-01 9.21914831e-01
1317357948.704004049 2.12166536e+02 2.56434503e+02 -8.02748355e+00 -7.80472912e-03 3.94565211e-03 -3.70583450e-01 9.28758001e-01
1317357948.807660103 2.12491338e+02 2.56156889e+02 -8.02080066e+00 -9.21028764e-03 6.56320076e-03 -3.53116599e-01 9.35510963e-01
1317357948.911365986 2.12845653e+02 2.55926335e+02 -7.99957338e+00 -8.16745744e-03 8.43514228e-03 -3.33955907e-01 9.42515567e-01
1317357949.015068054 2.13186541e+02 2.55685856e+02 -7.99478208e+00 -9.10112327e-03 1.05364974e-02 -3.14827550e-01 9.49046767e-01
1317357949.118771076 2.13525718e+02 2.55480411e+02 -7.97797946e+00 -1.13696252e-02 1.32777391e-02 -2.94570572e-01 9.55469838e-01
1317357949.222520113 2.13890779e+02 2.55283423e+02 -7.97732355e+00 -1.33758527e-02 1.34942047e-02 -2.73039686e-01 9.61815119e-01
1317357949.326270103 2.14300885e+02 2.55150345e+02 -7.99664353e+00 -1.47807681e-02 1.28822970e-02 -2.50759373e-01 9.67850873e-01
1317357949.430011034 2.14665589e+02 2.55002135e+02 -7.99937275e+00 -1.50394239e-02 1.27554890e-02 -2.29461892e-01 9.73117852e-01
1317357949.533739090 2.15030198e+02 2.54861717e+02 -8.00761831e+00 -1.48501390e-02 1.33401354e-02 -2.08511229e-01 9.77816231e-01
1317357949.637475014 2.15458075e+02 2.54848068e+02 -8.03256172e+00 -1.56341522e-02 1.37858445e-02 -1.84623538e-01 9.82588252e-01
1317357949.741225958 2.15847528e+02 2.54745068e+02 -8.03595814e+00 -1.61041109e-02 1.35700994e-02 -1.62980036e-01 9.86404591e-01
1317357949.844979048 2.16219020e+02 2.54657743e+02 -8.03631929e+00 -1.66803644e-02 1.26724623e-02 -1.41770069e-01 9.89677938e-01
1317357949.948753119 2.16617780e+02 2.54587665e+02 -8.04258065e+00 -1.61317347e-02 1.14132297e-02 -1.19794255e-01 9.92602056e-01
1317357950.052500963 2.17027969e+02 2.54541363e+02 -8.05528708e+00 -1.46685029e-02 1.06799617e-02 -9.66812058e-02 9.95149998e-01
1317357950.156229019 2.17436503e+02 2.54516365e+02 -8.05848285e+00 -1.26026136e-02 1.03394945e-02 -7.36617599e-02 9.97150046e-01
1317357950.259979963 2.17872024e+02 2.54502842e+02 -8.05039947e+00 -1.19693335e-02 9.93053569e-03 -4.95000190e-02 9.98653027e-01
1317357950.363730907 2.18344082e+02 2.54509232e+02 -8.04581895e+00 -1.33355204e-02 1.00097179e-02 -2.41229478e-02 9.99569934e-01
1317357950.467458010 2.18818137e+02 2.54545605e+02 -8.05414477e+00 -1.62552110e-02 1.05692687e-02 2.00018938e-03 9.99810011e-01
1317357950.571186066 2.19267326e+02 2.54622278e+02 -8.10158729e+00 -1.76856330e-02 1.30196279e-02 2.81300997e-02 9.99363000e-01
1317357950.674936056 2.19764216e+02 2.54681167e+02 -8.11954504e+00 -1.47236681e-02 1.31409522e-02 5.24925794e-02 9.98426291e-01
1317357950.778733015 2.20292589e+02 2.54784307e+02 -8.12520947e+00 -1.19730189e-02 1.54081988e-02 7.65514622e-02 9.96874670e-01
1317357950.882580042 2.20816079e+02 2.54905952e+02 -8.12677532e+00 -1.13714554e-02 1.89420101e-02 9.98167399e-02 9.94760528e-01
1317357950.986474991 2.21342627e+02 2.55067267e+02 -8.14967146e+00 -1.13568739e-02 1.99051008e-02 1.22254306e-01 9.92234193e-01
1317357951.090418100 2.21893545e+02 2.55248205e+02 -8.18117433e+00 -1.14234226e-02 2.05738665e-02 1.42260479e-01 9.89549482e-01
1317357951.194360971 2.22466677e+02 2.55464674e+02 -8.21756120e+00 -1.05130910e-02 2.18149272e-02 1.60162049e-01 9.86793647e-01
1317357951.298304081 2.23037005e+02 2.55673032e+02 -8.25873983e+00 -6.23769006e-03 2.40769932e-02 1.78260300e-01 9.83668976e-01
1317357951.402296066 2.23635462e+02 2.55916133e+02 -8.27056976e+00 -2.21953401e-03 2.43652835e-02 1.96016259e-01 9.80295380e-01
1317357951.506283998 2.24250308e+02 2.56202656e+02 -8.29530914e+00 -2.53911971e-04 2.35435270e-02 2.13438165e-01 9.76672815e-01
1317357951.610253096 2.24871666e+02 2.56518434e+02 -8.32438348e+00 1.07695706e-03 2.24735942e-02 2.29761476e-01 9.72986866e-01
1317357951.714268923 2.25439345e+02 2.56857999e+02 -8.35368403e+00 2.31561358e-03 2.03138048e-02 2.46948318e-01 9.68812941e-01
1317357951.818305969 2.26059973e+02 2.57227149e+02 -8.38705779e+00 1.36312417e-03 1.98428811e-02 2.61653240e-01 9.64956986e-01
1317357951.922367096 2.26701847e+02 2.57615867e+02 -8.41159411e+00 4.86831560e-04 2.03405637e-02 2.75723797e-01 9.61021546e-01
1317357952.026478052 2.27334385e+02 2.58026011e+02 -8.43019398e+00 2.81005680e-05 2.34712117e-02 2.88372013e-01 9.57230737e-01
1317357952.130589008 2.27950433e+02 2.58472413e+02 -8.47014069e+00 5.36677165e-04 2.71097633e-02 3.00710919e-01 9.53329804e-01
1317357952.234724045 2.28599624e+02 2.58932617e+02 -8.50836694e+00 -8.23957072e-04 2.80306796e-02 3.09882427e-01 9.50361238e-01
1317357952.338882923 2.29254783e+02 2.59400342e+02 -8.54778202e+00 -6.74684595e-04 2.72016037e-02 3.18131423e-01 9.47656064e-01
1317357952.443017960 2.29837052e+02 2.59916387e+02 -8.58646964e+00 1.84563262e-03 2.65411025e-02 3.26941044e-01 9.44670163e-01
1317357952.547152996 2.30492371e+02 2.60435712e+02 -8.62402939e+00 1.74316659e-03 2.58137916e-02 3.33584135e-01 9.42365234e-01
1317357952.651335955 2.31175483e+02 2.60978307e+02 -8.66193665e+00 4.36855901e-04 2.62319349e-02 3.38667739e-01 9.40540194e-01
1317357952.755542040 2.31807744e+02 2.61595305e+02 -8.72797890e+00 -1.85290454e-03 2.81620382e-02 3.42969165e-01 9.38922584e-01
1317357952.859747887 2.32505769e+02 2.62197796e+02 -8.76325535e+00 -3.92106269e-03 3.11980778e-02 3.44978246e-01 9.38083853e-01
1317357952.964001894 2.33226154e+02 2.62817266e+02 -8.81374729e+00 -6.23423801e-03 3.12117962e-02 3.45900152e-01 9.37731328e-01
1317357953.068281889 2.33952492e+02 2.63516913e+02 -8.85770350e+00 -4.77068133e-03 2.92689678e-02 3.47095419e-01 9.37360837e-01
1317357953.172537088 2.34696678e+02 2.64159332e+02 -8.89838205e+00 -5.13582100e-03 2.55031258e-02 3.45029559e-01 9.38231217e-01
1317357953.276767969 2.35435679e+02 2.64792292e+02 -8.93807901e+00 -6.87843860e-03 2.37086321e-02 3.43781829e-01 9.38725009e-01
1317357953.380975962 2.36158868e+02 2.65446552e+02 -8.96337529e+00 -7.16345838e-03 2.43925895e-02 3.42555682e-01 9.39153497e-01
1317357953.485181093 2.36897755e+02 2.66059908e+02 -9.00075088e+00 -6.06990946e-03 2.46099309e-02 3.40712431e-01 9.39825807e-01
1317357953.589361906 2.37616568e+02 2.66639643e+02 -9.03969876e+00 -1.48933862e-03 2.47152651e-02 3.37986611e-01 9.40825163e-01
1317357953.693496943 2.38396368e+02 2.67267976e+02 -9.07858667e+00 -1.94280769e-03 2.43086804e-02 3.35890483e-01 9.41585311e-01
1317357953.797609091 2.39175850e+02 2.67892219e+02 -9.11276103e+00 -2.82245689e-03 2.78040137e-02 3.33005316e-01 9.42510705e-01
1317357953.901695967 2.39992949e+02 2.68541182e+02 -9.16645848e+00 -3.40776605e-03 3.22470008e-02 3.29502446e-01 9.43597720e-01
1317357954.005733967 2.40747368e+02 2.69113195e+02 -9.23402497e+00 4.87846044e-04 3.49338900e-02 3.27178199e-01 9.44316584e-01
1317357954.109750986 2.41513706e+02 2.69720139e+02 -9.28239531e+00 3.22849761e-03 3.25157668e-02 3.25595677e-01 9.44944314e-01
1317357954.213768959 2.42293694e+02 2.70339013e+02 -9.32515742e+00 4.76692521e-03 2.77878990e-02 3.23223758e-01 9.45902485e-01
1317357954.317759991 2.43061863e+02 2.70953325e+02 -9.35822645e+00 2.88696919e-03 2.63488382e-02 3.21195658e-01 9.46641830e-01
1317357954.421724081 2.43776133e+02 2.71505009e+02 -9.40714947e+00 -2.34292713e-03 2.80922500e-02 3.18368176e-01 9.47547910e-01
1317357954.525690079 2.44544237e+02 2.72101677e+02 -9.44193919e+00 -3.30906843e-03 2.97778492e-02 3.17136934e-01 9.47906375e-01
1317357954.629631042 2.45318793e+02 2.72699421e+02 -9.48205815e+00 -4.54220053e-03 2.96761242e-02 3.16590263e-01 9.48087180e-01
1317357954.733550072 2.46027690e+02 2.73274076e+02 -9.53574764e+00 -2.04515599e-03 2.99502948e-02 3.16636275e-01 9.48071868e-01
1317357954.837445974 2.46788576e+02 2.73853746e+02 -9.58611095e+00 -8.21624402e-04 2.93193562e-02 3.17191234e-01 9.47907918e-01
1317357954.941315889 2.47561768e+02 2.74446284e+02 -9.61688468e+00 1.53825764e-03 3.12182459e-02 3.17860703e-01 9.47622091e-01
1317357955.045186043 2.48296474e+02 2.75013535e+02 -9.65410949e+00 -7.54191344e-04 3.17266067e-02 3.19567361e-01 9.47031972e-01
1317357955.149055958 2.49080596e+02 2.75607223e+02 -9.70895482e+00 5.70108317e-05 3.28006180e-02 3.20387523e-01 9.46718518e-01
1317357955.252928019 2.49836885e+02 2.76197597e+02 -9.74284272e+00 2.57030872e-03 3.36231239e-02 3.21851867e-01 9.46189334e-01
1317357955.356797934 2.50604973e+02 2.76785704e+02 -9.78467197e+00 4.59138806e-03 3.33082184e-02 3.22707687e-01 9.45901279e-01
1317357955.460669041 2.51334673e+02 2.77372619e+02 -9.83802274e+00 1.61327939e-03 3.29280452e-02 3.25485517e-01 9.44972126e-01
1317357955.564564943 2.52089443e+02 2.77961504e+02 -9.88349789e+00 1.96268904e-03 3.40529945e-02 3.26200845e-01 9.44684894e-01
1317357955.668461084 2.52821032e+02 2.78517048e+02 -9.91298095e+00 5.38551078e-03 3.48386992e-02 3.27132983e-01 9.44320535e-01
1317357955.772332907 2.53455877e+02 2.79041886e+02 -9.92515984e+00 6.43321438e-03 3.37468950e-02 3.30710971e-01 9.43106577e-01
1317357955.876178026 2.54130728e+02 2.79588799e+02 -9.95996147e+00 6.27784751e-03 3.20247940e-02 3.31082081e-01 9.43037463e-01
1317357955.980026007 2.54785434e+02 2.80109566e+02 -1.00024238e+01 5.05527459e-03 3.17654231e-02 3.31629784e-01 9.42861118e-01
1317357956.083873034 2.55436732e+02 2.80615603e+02 -1.00342063e+01 4.68270032e-03 3.22964702e-02 3.32776656e-01 9.42440824e-01
1317357956.187717915 2.56021643e+02 2.81099389e+02 -1.00600206e+01 3.72236505e-03 3.18332536e-02 3.33659127e-01 9.42148807e-01
1317357956.291539907 2.56652506e+02 2.81606284e+02 -1.00923184e+01 3.55810791e-03 3.10281893e-02 3.34361080e-01 9.41927417e-01
1317357956.395339012 2.57160292e+02 2.82078107e+02 -1.01223835e+01 7.99371840e-04 3.09117040e-02 3.37490775e-01 9.40820814e-01
1317357956.499161005 2.57744908e+02 2.82550601e+02 -1.01510537e+01 2.61914988e-05 3.07505033e-02 3.39688237e-01 9.40035269e-01
1317357956.602961063 2.58306544e+02 2.83028841e+02 -1.01808603e+01 1.17852646e-04 3.09094433e-02 3.42579356e-01 9.38980286e-01
1317357956.706758976 2.58761755e+02 2.83497639e+02 -1.02110575e+01 1.08502923e-04 3.21498470e-02 3.47741700e-01 9.37038999e-01
1317357956.810555935 2.59296915e+02 2.83948165e+02 -1.02311976e+01 -3.33982482e-04 3.23285175e-02 3.50865008e-01 9.35867780e-01
1317357956.914330006 2.59788921e+02 2.84384999e+02 -1.02612253e+01 5.44225981e-04 3.28111508e-02 3.55363867e-01 9.34151837e-01
1317357957.018059015 2.60280878e+02 2.84792990e+02 -1.02764442e+01 1.64984688e-03 3.36670249e-02 3.60390270e-01 9.32192396e-01
1317357957.121762037 2.60706397e+02 2.85178734e+02 -1.02936927e+01 3.74154787e-03 3.32809448e-02 3.67090590e-01 9.29582099e-01
1317357957.225486040 2.61122560e+02 2.85589310e+02 -1.03066879e+01 4.12743018e-03 3.18947204e-02 3.75559794e-01 9.26239997e-01
1317357957.329190016 2.61399052e+02 2.85982914e+02 -1.03134460e+01 3.03142438e-03 3.10644037e-02 3.87126530e-01 9.21498162e-01
1317357957.432893991 2.61761909e+02 2.86398399e+02 -1.03396742e+01 3.11949963e-03 2.96581221e-02 3.97846733e-01 9.16967089e-01
1317357957.536597967 2.62131562e+02 2.86822543e+02 -1.03624788e+01 4.85659555e-03 2.98698600e-02 4.09822482e-01 9.11663171e-01
1317357957.640280962 2.62321428e+02 2.87187096e+02 -1.03753152e+01 4.96120657e-03 3.00929082e-02 4.24525262e-01 9.04902263e-01
1317357957.743958950 2.62650307e+02 2.87631088e+02 -1.03895826e+01 4.80431931e-03 3.00354345e-02 4.38432706e-01 8.98249160e-01
1317357957.847608089 2.62962001e+02 2.88080803e+02 -1.04083803e+01 3.35244832e-03 2.95457515e-02 4.54196601e-01 8.90405109e-01
1317357957.951261997 2.63088244e+02 2.88541156e+02 -1.04314084e+01 1.42698514e-04 2.82002328e-02 4.73955725e-01 8.80096982e-01
1317357958.054943085 2.63351293e+02 2.88997881e+02 -1.04467183e+01 -5.15969097e-04 2.70860317e-02 4.92235979e-01 8.70040127e-01
1317357958.158623934 2.63575222e+02 2.89474711e+02 -1.04559575e+01 -2.51993486e-03 2.65194489e-02 5.10882247e-01 8.59237859e-01
1317357958.262301922 2.63706598e+02 2.89933894e+02 -1.04907144e+01 -8.58630898e-03 2.63611579e-02 5.31316161e-01 8.46719848e-01
1317357958.366003036 2.63875875e+02 2.90422513e+02 -1.05047569e+01 -9.97778532e-03 2.68076846e-02 5.49438565e-01 8.35044343e-01
1317357958.469728947 2.64028326e+02 2.90896626e+02 -1.05252965e+01 -9.68147376e-03 2.69709875e-02 5.67396823e-01 8.22945733e-01
1317357958.573456049 2.64124576e+02 2.91383836e+02 -1.05523406e+01 -1.05959768e-02 2.89795342e-02 5.85954663e-01 8.09756164e-01
1317357958.677182913 2.64245698e+02 2.91889255e+02 -1.05683248e+01 -1.05929177e-02 2.88522190e-02 6.03633110e-01 7.96669573e-01
1317357958.780909061 2.64347383e+02 2.92405504e+02 -1.05912350e+01 -1.14968204e-02 2.87632488e-02 6.20982818e-01 7.83211873e-01
1317357958.884634972 2.64428240e+02 2.92931989e+02 -1.06233702e+01 -1.14823629e-02 2.95486815e-02 6.38578601e-01 7.68903375e-01
1317357958.988364935 2.64454495e+02 2.93479722e+02 -1.06714130e+01 -1.27994707e-02 2.90478001e-02 6.57024905e-01 7.53200288e-01
1317357959.092068911 2.64493859e+02 2.94039443e+02 -1.06913543e+01 -1.16172057e-02 3.05429389e-02 6.75129108e-01 7.36975479e-01
1317357959.195746899 2.64505370e+02 2.94614478e+02 -1.07015794e+01 -9.43353612e-03 3.00754194e-02 6.93349998e-01 7.19911284e-01
1317357959.299424887 2.64494306e+02 2.95191039e+02 -1.07341298e+01 -7.95565664e-03 2.69130122e-02 7.11378628e-01 7.02248421e-01
1317357959.403103113 2.64456270e+02 2.95793590e+02 -1.07666488e+01 -4.73195455e-03 2.61196765e-02 7.29453210e-01 6.83515461e-01
1317357959.506782055 2.64394487e+02 2.96394650e+02 -1.07753241e+01 -1.17129357e-03 2.49958219e-02 7.47388888e-01 6.63915422e-01
1317357959.610510111 2.64286247e+02 2.97001599e+02 -1.07911186e+01 3.52424874e-06 2.39376904e-02 7.64686509e-01 6.43957708e-01
1317357959.714282990 2.64107043e+02 2.97634604e+02 -1.08226974e+01 -1.54620576e-03 2.34219558e-02 7.81951819e-01 6.22896760e-01
1317357959.818056107 2.63915068e+02 2.98251875e+02 -1.08403177e+01 -1.34177215e-03 2.34523357e-02 7.97802307e-01 6.02461341e-01
1317357959.921855927 2.63687013e+02 2.98852036e+02 -1.08419132e+01 -2.04164163e-03 2.34352305e-02 8.11808647e-01 5.83449521e-01
1317357960.025726080 2.63392185e+02 2.99459329e+02 -1.08443890e+01 -1.57292143e-03 2.36353102e-02 8.25617354e-01 5.63732988e-01
1317357960.129668951 2.63103843e+02 3.00067874e+02 -1.08491645e+01 -2.37197261e-03 2.28623937e-02 8.37855184e-01 5.45408449e-01
1317357960.233661890 2.62782186e+02 3.00674194e+02 -1.08587410e+01 -9.60653403e-04 2.16589201e-02 8.48897912e-01 5.28112018e-01
1317357960.337702990 2.62439028e+02 3.01290950e+02 -1.08757186e+01 1.29080366e-04 2.00454202e-02 8.59242025e-01 5.11176395e-01
1317357960.441787958 2.61978021e+02 3.01864761e+02 -1.08917967e+01 -9.81499907e-04 1.80604852e-02 8.67836779e-01 4.96520071e-01
1317357960.545945883 2.61585934e+02 3.02485350e+02 -1.08966983e+01 -9.51799905e-04 1.76388056e-02 8.74909060e-01 4.83964981e-01
1317357960.650177002 2.61173364e+02 3.03098240e+02 -1.08908917e+01 -2.03150313e-03 1.93268276e-02 8.80332020e-01 4.73959788e-01
1317357960.754456043 2.60713060e+02 3.03708136e+02 -1.09219766e+01 -3.43600658e-03 2.01659435e-02 8.85182104e-01 4.64794762e-01
1317357960.858758926 2.60265341e+02 3.04327325e+02 -1.09188782e+01 -2.65823782e-03 2.03533446e-02 8.87875742e-01 4.59625218e-01
1317357960.963094950 2.59807764e+02 3.04955734e+02 -1.09233806e+01 -2.66939912e-03 2.01752737e-02 8.90121637e-01 4.55268387e-01
1317357961.067445993 2.59317768e+02 3.05568344e+02 -1.09249039e+01 -1.62994409e-03 1.87040089e-02 8.91719962e-01 4.52197979e-01
1317357961.171761990 2.58838439e+02 3.06221495e+02 -1.09339780e+01 1.62877048e-05 2.08737095e-02 8.92649084e-01 4.50268698e-01
1317357961.276066065 2.58320426e+02 3.06890727e+02 -1.09343802e+01 4.38446046e-05 2.04455171e-02 8.92901130e-01 4.49788341e-01
1317357961.380369902 2.57851234e+02 3.07524881e+02 -1.09781519e+01 -7.29517720e-04 2.03594237e-02 8.92505357e-01 4.50576463e-01
1317357961.484622955 2.57346649e+02 3.08203283e+02 -1.09756021e+01 -8.05837838e-05 2.03126428e-02 8.92463853e-01 4.50661360e-01
1317357961.588829041 2.56842292e+02 3.08889552e+02 -1.09728816e+01 4.49595887e-04 2.06390524e-02 8.92373228e-01 4.50825743e-01
1317357961.693037033 2.56336973e+02 3.09579502e+02 -1.10168912e+01 -1.85945302e-03 1.95691335e-02 8.92415224e-01 4.50786711e-01
1317357961.797219038 2.55819342e+02 3.10290153e+02 -1.10213744e+01 -2.04349612e-03 1.93055605e-02 8.92202085e-01 4.51218971e-01
1317357961.901352882 2.55310902e+02 3.11013760e+02 -1.10234843e+01 -2.22415322e-03 1.89716453e-02 8.92188521e-01 4.51259098e-01
1317357962.005464077 2.54826138e+02 3.11715146e+02 -1.10456628e+01 -4.71592537e-03 1.60783803e-02 8.91812275e-01 4.52095246e-01
1317357962.109575987 2.54279063e+02 3.12458704e+02 -1.10449394e+01 -3.89519420e-03 1.78230164e-02 8.91827642e-01 4.52007327e-01
1317357962.213660002 2.53756747e+02 3.13194504e+02 -1.10975386e+01 -9.53489845e-04 2.51979776e-02 8.91337442e-01 4.52638617e-01
1317357962.317723989 2.53214712e+02 3.13938528e+02 -1.11175747e+01 4.84951624e-04 2.81867047e-02 8.91263730e-01 4.52608262e-01
1317357962.421761990 2.52651645e+02 3.14708580e+02 -1.11369036e+01 1.12536074e-03 2.87662760e-02 8.91357601e-01 4.52385745e-01
1317357962.525778055 2.52035582e+02 3.15478494e+02 -1.11887653e+01 3.01971634e-03 3.53072590e-02 8.91226065e-01 4.52172954e-01
1317357962.629769087 2.51466944e+02 3.16263043e+02 -1.12015187e+01 4.08670914e-03 3.64589150e-02 8.91167809e-01 4.52187994e-01
1317357962.733736038 2.50882609e+02 3.17057316e+02 -1.12244842e+01 4.55919580e-03 3.60055352e-02 8.90975357e-01 4.52598860e-01
1317357962.837680101 2.50278846e+02 3.17851414e+02 -1.12448088e+01 6.05268335e-03 3.74792946e-02 8.91384577e-01 4.51654961e-01
1317357962.941597939 2.49648509e+02 3.18699585e+02 -1.12628969e+01 4.70641402e-03 3.78859265e-02 8.92139987e-01 4.50143033e-01
1317357963.045492887 2.49032605e+02 3.19539556e+02 -1.12759522e+01 3.92422334e-03 3.92402986e-02 8.92694679e-01 4.48933191e-01
1317357963.149363041 2.48396598e+02 3.20387684e+02 -1.12892721e+01 4.11039735e-03 4.08255134e-02 8.93860747e-01 4.46463152e-01
1317357963.253210068 2.47718451e+02 3.21227341e+02 -1.13001903e+01 6.08815926e-03 4.16745910e-02 8.95927024e-01 4.42200102e-01
1317357963.357057095 2.47064932e+02 3.22058112e+02 -1.13191557e+01 5.75311529e-03 4.10884837e-02 8.97285133e-01 4.39497473e-01
1317357963.460926056 2.46405054e+02 3.22906718e+02 -1.13450214e+01 4.48919807e-03 4.03417487e-02 8.98411076e-01 4.37275575e-01
1317357963.564798117 2.45742659e+02 3.23751055e+02 -1.13581243e+01 3.39119927e-03 4.12840113e-02 8.99613761e-01 4.34717393e-01
1317357963.668669939 2.45073046e+02 3.24568386e+02 -1.13869315e+01 1.28700684e-03 3.88856085e-02 9.01707667e-01 4.30592076e-01
1317357963.772515059 2.44393715e+02 3.25384560e+02 -1.13970125e+01 4.80340306e-03 3.79748086e-02 9.03344260e-01 4.27204856e-01
1317357963.876362085 2.43694243e+02 3.26202049e+02 -1.14021850e+01 7.25135885e-03 3.74785370e-02 9.04738820e-01 4.24252808e-01
1317357963.980232954 2.42942092e+02 3.27007828e+02 -1.14181805e+01 5.22937033e-03 3.58753880e-02 9.06832432e-01 4.19929221e-01
1317357964.084104061 2.42237305e+02 3.27862118e+02 -1.14168653e+01 5.00144886e-03 3.69360562e-02 9.07924604e-01 4.17472906e-01
1317357964.187973976 2.41459510e+02 3.28697544e+02 -1.14322299e+01 5.95735905e-03 3.99159467e-02 9.09582605e-01 4.13558596e-01
1317357964.291845083 2.40731825e+02 3.29515638e+02 -1.14292880e+01 6.55913088e-03 4.04430405e-02 9.10764964e-01 4.10887477e-01
1317357964.395716906 2.40013037e+02 3.30324700e+02 -1.14276106e+01 6.80429290e-03 4.01105287e-02 9.11498962e-01 4.09285339e-01
1317357964.499587059 2.39263105e+02 3.31126216e+02 -1.14296325e+01 6.34384488e-03 3.86010197e-02 9.13427061e-01 4.05118158e-01
1317357964.603457928 2.38528197e+02 3.31919649e+02 -1.14345485e+01 6.86865349e-03 3.90116268e-02 9.14569150e-01 4.02485011e-01
1317357964.707329035 2.37820287e+02 3.32613732e+02 -1.14648644e+01 4.43105509e-03 3.44463754e-02 9.16435275e-01 3.98673048e-01
1317357964.811249018 2.37097722e+02 3.33377966e+02 -1.14711845e+01 4.13929621e-03 3.45064607e-02 9.16827766e-01 3.97767543e-01
1317357964.915215015 2.36395859e+02 3.34127100e+02 -1.14724724e+01 4.38544030e-03 3.40141697e-02 9.17007548e-01 3.97392704e-01
1317357965.019181967 2.35694999e+02 3.34820867e+02 -1.14886595e+01 2.33771912e-03 2.93619359e-02 9.17855943e-01 3.95819252e-01
1317357965.123147011 2.34985626e+02 3.35574195e+02 -1.14933814e+01 1.26339998e-03 2.76772980e-02 9.17993278e-01 3.95626988e-01
1317357965.227113962 2.34290246e+02 3.36300472e+02 -1.14843784e+01 -1.48249135e-04 2.78606496e-02 9.17974796e-01 3.95658989e-01
1317357965.331083059 2.33622206e+02 3.36988183e+02 -1.15143871e+01 -2.73840269e-03 2.82602505e-02 9.17794210e-01 3.96039958e-01
1317357965.435048103 2.32967484e+02 3.37690350e+02 -1.15085535e+01 -1.37125483e-03 3.02041860e-02 9.17783143e-01 3.95929196e-01
1317357965.539015055 2.32315450e+02 3.38373094e+02 -1.14999866e+01 -2.43966148e-05 3.00667123e-02 9.17723716e-01 3.96079755e-01
1317357965.643007040 2.31691176e+02 3.39039765e+02 -1.14975734e+01 3.18547238e-04 3.14198630e-02 9.17482465e-01 3.96533249e-01
1317357965.747021914 2.31080686e+02 3.39675174e+02 -1.14920057e+01 6.16495004e-04 3.36925685e-02 9.16888624e-01 3.97718094e-01
1317357965.851036072 2.30496287e+02 3.40250556e+02 -1.15116469e+01 3.18085978e-04 3.59336973e-02 9.16253365e-01 3.98984259e-01
1317357965.955049992 2.29907131e+02 3.40858704e+02 -1.15035967e+01 1.68455226e-03 3.69680764e-02 9.15251694e-01 4.01179338e-01
1317357966.059063911 2.29331997e+02 3.41438218e+02 -1.15097404e+01 1.85750929e-03 3.46131914e-02 9.14897601e-01 4.02195048e-01
1317357966.163079977 2.28752376e+02 3.42064112e+02 -1.15052894e+01 2.42894941e-03 3.54558843e-02 9.14282097e-01 4.03516080e-01
1317357966.267095089 2.28173580e+02 3.42687406e+02 -1.14997868e+01 1.90713948e-03 3.38576445e-02 9.13840229e-01 4.04655480e-01
1317357966.371085882 2.27646739e+02 3.43276331e+02 -1.15298725e+01 -2.61545122e-03 2.82442718e-02 9.13370392e-01 4.06140306e-01
1317357966.475075960 2.27088089e+02 3.43892939e+02 -1.15209034e+01 -3.19415878e-03 2.61064738e-02 9.12818259e-01 4.07518190e-01
1317357966.579067945 2.26573581e+02 3.44518041e+02 -1.15189806e+01 -4.51436568e-03 2.01952318e-02 9.12192112e-01 4.09239934e-01
1317357966.683058023 2.26024584e+02 3.45140615e+02 -1.15138071e+01 -5.72594623e-03 1.64361518e-02 9.11411061e-01 4.11128866e-01
1317357966.787096024 2.25488826e+02 3.45767618e+02 -1.15486027e+01 -7.79937660e-03 1.21161769e-02 9.10517175e-01 4.13220088e-01
1317357966.891134977 2.24940896e+02 3.46418573e+02 -1.15535216e+01 -1.02980949e-02 1.19954573e-02 9.09457804e-01 4.15495560e-01
1317357966.995173931 2.24376508e+02 3.47059606e+02 -1.15796071e+01 -1.08592768e-02 1.42307453e-02 9.08665574e-01 4.17140788e-01
1317357967.099210978 2.23851818e+02 3.47693783e+02 -1.15752110e+01 -1.17573753e-02 1.38143436e-02 9.08245407e-01 4.18044505e-01
1317357967.203226089 2.23323287e+02 3.48303396e+02 -1.16163812e+01 -1.15342951e-02 1.55062737e-02 9.07465378e-01 4.19682145e-01
1317357967.307265997 2.22785642e+02 3.48939434e+02 -1.16308008e+01 -1.02167909e-02 1.62280127e-02 9.06953158e-01 4.20794770e-01
1317357967.411303997 2.22239576e+02 3.49582546e+02 -1.16307897e+01 -1.04119972e-02 1.64786473e-02 9.06283771e-01 4.22220051e-01
1317357967.515317917 2.21699216e+02 3.50198004e+02 -1.16742822e+01 -9.35000909e-03 2.11091856e-02 9.05633022e-01 4.23433358e-01
1317357967.619307041 2.21166596e+02 3.50855512e+02 -1.16811343e+01 -9.96430888e-03 1.91479936e-02 9.05071081e-01 4.24712144e-01
1317357967.723248959 2.20638513e+02 3.51497864e+02 -1.16919676e+01 -1.01256633e-02 1.85162895e-02 9.04872023e-01 4.25160252e-01
1317357967.827193022 2.20096959e+02 3.52161243e+02 -1.17136888e+01 -8.14723390e-03 2.14111767e-02 9.04332388e-01 4.26213697e-01
1317357967.931137085 2.19556038e+02 3.52838468e+02 -1.17302118e+01 -8.37752361e-03 2.17686672e-02 9.04119579e-01 4.26642390e-01
1317357968.035080910 2.19069319e+02 3.53467204e+02 -1.17524205e+01 -8.64747662e-03 1.92343775e-02 9.03604090e-01 4.27849165e-01
1317357968.139023066 2.18521647e+02 3.54143155e+02 -1.17577719e+01 -8.44934559e-03 2.00243297e-02 9.03509974e-01 4.28015610e-01
1317357968.242940903 2.17991085e+02 3.54807037e+02 -1.17548538e+01 -8.59357856e-03 2.11906293e-02 9.03851882e-01 4.27233990e-01
1317357968.346882105 2.17452469e+02 3.55433680e+02 -1.17900717e+01 -7.48603735e-03 2.69778608e-02 9.03674464e-01 4.27303894e-01
1317357968.450824976 2.16931982e+02 3.56086712e+02 -1.17998959e+01 -7.32999261e-03 2.82447108e-02 9.04103885e-01 4.26315227e-01
1317357968.554769039 2.16407182e+02 3.56733010e+02 -1.18155013e+01 -6.69828950e-03 2.91230298e-02 9.04457518e-01 4.25515664e-01
1317357968.658710957 2.15850236e+02 3.57334720e+02 -1.18508429e+01 -6.35696774e-03 3.09116339e-02 9.04701878e-01 4.24874771e-01
1317357968.762653112 2.15307335e+02 3.57972991e+02 -1.18636785e+01 -4.63269858e-03 3.25877704e-02 9.05151049e-01 4.23813820e-01
1317357968.866642952 2.14754736e+02 3.58625923e+02 -1.18833933e+01 -3.85524654e-03 3.28333223e-02 9.05444635e-01 4.23175049e-01
1317357968.970633984 2.14214196e+02 3.59278879e+02 -1.18955095e+01 -3.70339587e-03 3.19244815e-02 9.05906861e-01 4.22255695e-01
1317357969.074626923 2.13616452e+02 3.59893477e+02 -1.19520573e+01 -3.94714703e-03 2.93650303e-02 9.06425435e-01 4.21325345e-01
1317357969.178641081 2.13069385e+02 3.60524857e+02 -1.19592787e+01 -3.93769216e-03 2.97641992e-02 9.06529786e-01 4.21072837e-01
1317357969.282632113 2.12514743e+02 3.61174774e+02 -1.19689212e+01 -4.48279666e-03 3.15343177e-02 9.06863294e-01 4.20219535e-01
1317357969.386624098 2.11931340e+02 3.61786819e+02 -1.19822608e+01 -7.45335204e-03 2.62936238e-02 9.07586506e-01 4.18974732e-01
1317357969.490612984 2.11340981e+02 3.62457765e+02 -1.19941766e+01 -8.03293345e-03 2.58306120e-02 9.07719882e-01 4.18703793e-01
1317357969.594580889 2.10777527e+02 3.63123900e+02 -1.19897652e+01 -8.92929634e-03 2.17152782e-02 9.07772651e-01 4.18804882e-01
1317357969.698548079 2.10213663e+02 3.63790650e+02 -1.20052330e+01 -8.46401314e-03 1.93051182e-02 9.07793151e-01 4.18888133e-01
1317357969.802515030 2.09611050e+02 3.64487794e+02 -1.20085543e+01 -9.35421272e-03 1.61381979e-02 9.08065236e-01 4.18413174e-01
1317357969.906481981 2.09022415e+02 3.65190005e+02 -1.20632692e+01 -1.18086694e-02 1.25806754e-02 9.08013915e-01 4.18584534e-01
1317357970.010425091 2.08424750e+02 3.65895885e+02 -1.20846425e+01 -1.27801493e-02 1.06317295e-02 9.08502834e-01 4.17547883e-01
1317357970.114368916 2.07830568e+02 3.66585938e+02 -1.20990966e+01 -1.35681570e-02 9.76544087e-03 9.08803143e-01 4.16890139e-01
1317357970.218337059 2.07254556e+02 3.67246561e+02 -1.21414069e+01 -1.19391803e-02 1.49258324e-02 9.08862384e-01 4.16657944e-01
1317357970.322326899 2.06656423e+02 3.67958727e+02 -1.21553401e+01 -1.17905421e-02 1.39607364e-02 9.08662052e-01 4.17132301e-01
1317357970.426315069 2.06041684e+02 3.68666627e+02 -1.21805062e+01 -1.15654624e-02 1.23385130e-02 9.08533125e-01 4.17470433e-01
1317357970.530257940 2.05440937e+02 3.69362656e+02 -1.22123546e+01 -9.36140830e-03 1.53897859e-02 9.08401251e-01 4.17711247e-01
1317357970.634202003 2.04813923e+02 3.70090294e+02 -1.22258492e+01 -8.13055967e-03 1.67202332e-02 9.08440755e-01 4.17599955e-01
1317357970.738168001 2.04188742e+02 3.70807708e+02 -1.22351028e+01 -6.73770316e-03 1.57935584e-02 9.08714788e-01 4.17064264e-01
1317357970.842112064 2.03534750e+02 3.71551354e+02 -1.22619744e+01 -5.41448204e-03 1.85485625e-02 9.07860556e-01 4.18826749e-01
1317357970.946028948 2.02892548e+02 3.72283800e+02 -1.22787654e+01 -4.87324335e-03 1.96501399e-02 9.07983573e-01 4.18516374e-01
1317357971.049947023 2.02222477e+02 3.73039385e+02 -1.22901095e+01 -3.38611593e-03 2.16289835e-02 9.07768856e-01 4.18899064e-01
1317357971.153867960 2.01587172e+02 3.73779167e+02 -1.23007768e+01 -2.74821433e-03 2.29903403e-02 9.07430797e-01 4.19563155e-01
1317357971.257786989 2.00931089e+02 3.74520562e+02 -1.23069582e+01 -2.58640682e-03 2.28626989e-02 9.07198065e-01 4.20074134e-01
1317357971.361704111 2.00295079e+02 3.75271708e+02 -1.23243244e+01 -3.60517128e-03 2.16220726e-02 9.07035947e-01 4.20482198e-01
1317357971.465600014 1.99657657e+02 3.76033403e+02 -1.23229912e+01 -5.11862748e-03 1.94789709e-02 9.07065619e-01 4.20507232e-01
1317357971.569494009 1.99006372e+02 3.76784124e+02 -1.23209070e+01 -6.15992250e-03 1.85656326e-02 9.06815247e-01 4.21074197e-01
1317357971.673388958 1.98426378e+02 3.77490924e+02 -1.23373776e+01 -7.15892979e-03 1.93809128e-02 9.06072025e-01 4.22618759e-01
1317357971.777283907 1.97805516e+02 3.78223396e+02 -1.23541683e+01 -6.81832838e-03 2.06676128e-02 9.05717210e-01 4.23323394e-01
1317357971.881203890 1.97237077e+02 3.78917605e+02 -1.23695277e+01 -5.09252489e-03 2.26021135e-02 9.05278091e-01 4.24187209e-01
1317357971.985121965 1.96619959e+02 3.79634139e+02 -1.23874746e+01 -4.47551863e-03 2.19708319e-02 9.04965684e-01 4.24893355e-01
1317357972.089063883 1.96013430e+02 3.80359155e+02 -1.23987546e+01 -3.39197218e-03 2.16782472e-02 9.04843645e-01 4.25178228e-01
1317357972.193006039 1.95477983e+02 3.81013920e+02 -1.24492321e+01 -3.29219512e-03 2.49714731e-02 9.04984045e-01 4.24699265e-01
1317357972.296924114 1.94870890e+02 3.81724816e+02 -1.24564266e+01 -4.18314948e-03 2.49453629e-02 9.04551523e-01 4.25613408e-01
1317357972.400844097 1.94281396e+02 3.82432202e+02 -1.24702894e+01 -4.99252606e-03 2.43285770e-02 9.04851616e-01 4.25002056e-01
1317357972.504786968 1.93686836e+02 3.83147559e+02 -1.24695002e+01 -4.43389891e-03 2.33617223e-02 9.05140890e-01 4.24446156e-01
1317357972.608728886 1.93127075e+02 3.83839993e+02 -1.24570423e+01 -5.35999797e-03 2.18175724e-02 9.05159006e-01 4.24479019e-01
1317357972.712647915 1.92548603e+02 3.84536871e+02 -1.24486955e+01 -7.38020226e-03 1.92496027e-02 9.04937695e-01 4.25044414e-01
1317357972.816589117 1.91963711e+02 3.85263633e+02 -1.24381180e+01 -8.54303713e-03 1.66966759e-02 9.05126964e-01 4.24727461e-01
1317357972.920531988 1.91402372e+02 3.85950724e+02 -1.24654314e+01 -9.80017095e-03 1.56981813e-02 9.05256742e-01 4.24461723e-01
1317357973.024476051 1.90834094e+02 3.86638572e+02 -1.24791850e+01 -9.37478301e-03 1.62299344e-02 9.05178431e-01 4.24618313e-01
1317357973.128443956 1.90277220e+02 3.87317405e+02 -1.25030497e+01 -9.29689759e-03 1.98333397e-02 9.04624642e-01 4.25645937e-01
1317357973.232410908 1.89731429e+02 3.87997358e+02 -1.24914629e+01 -9.14726956e-03 2.19349937e-02 9.04983628e-01 4.24782081e-01
1317357973.336376905 1.89172948e+02 3.88629456e+02 -1.25109681e+01 -3.59359999e-03 3.31081593e-02 9.04752979e-01 4.24632763e-01
1317357973.440342903 1.88608320e+02 3.89304040e+02 -1.25168038e+01 -2.13444794e-03 3.58730076e-02 9.04450741e-01 4.25061677e-01
1317357973.544308901 1.88018351e+02 3.89967090e+02 -1.25589129e+01 -2.08380237e-03 3.61620614e-02 9.04258894e-01 4.25445433e-01
1317357973.648277044 1.87449134e+02 3.90631334e+02 -1.25709800e+01 -5.65358251e-04 3.71528947e-02 9.03949064e-01 4.26022807e-01
1317357973.752243996 1.86873474e+02 3.91303278e+02 -1.25759169e+01 -6.04036105e-05 3.67762687e-02 9.04217899e-01 4.25485011e-01
1317357973.856209993 1.86274678e+02 3.91997130e+02 -1.26407420e+01 -4.02690955e-03 3.15021913e-02 9.03884496e-01 4.26596079e-01
1317357973.960175991 1.85695379e+02 3.92673837e+02 -1.26545376e+01 -5.32602047e-03 3.34878539e-02 9.03891217e-01 4.26416305e-01
1317357974.064143896 1.85162762e+02 3.93308080e+02 -1.26619794e+01 -7.76378319e-03 2.82059151e-02 9.04650601e-01 4.25148727e-01
1317357974.168112040 1.84603290e+02 3.93981436e+02 -1.26653405e+01 -7.72806844e-03 2.90157749e-02 9.05153507e-01 4.24022983e-01
1317357974.272078991 1.84036138e+02 3.94664186e+02 -1.26731447e+01 -9.23870439e-03 2.70149418e-02 9.05495998e-01 4.23393242e-01
1317357974.376023054 1.83484904e+02 3.95335587e+02 -1.26839685e+01 -1.05381420e-02 2.46782436e-02 9.05892390e-01 4.22656965e-01
1317357974.479963064 1.82933161e+02 3.95984529e+02 -1.26960964e+01 -1.05940738e-02 2.52028945e-02 9.06345755e-01 4.21651458e-01
1317357974.583928108 1.82468818e+02 3.96560803e+02 -1.27410242e+01 -9.37025340e-03 2.70913621e-02 9.06681538e-01 4.20840641e-01
1317357974.687870979 1.81944113e+02 3.97181416e+02 -1.27555372e+01 -8.27151985e-03 2.70930485e-02 9.07299927e-01 4.19528773e-01
1317357974.791815042 1.81498634e+02 3.97702693e+02 -1.28223998e+01 -7.16986719e-03 2.84318658e-02 9.07466586e-01 4.19099770e-01
1317357974.895781994 1.80938594e+02 3.98334521e+02 -1.28348223e+01 -8.01777639e-03 2.86722105e-02 9.07954545e-01 4.18009766e-01
1317357974.999749899 1.80371110e+02 3.98975583e+02 -1.28527936e+01 -8.98610320e-03 2.96162797e-02 9.08280121e-01 4.17216189e-01
1317357975.103717089 1.79816837e+02 3.99594822e+02 -1.28616853e+01 -7.76769007e-03 3.29062395e-02 9.08761871e-01 4.15943149e-01
1317357975.207681894 1.79222984e+02 4.00277266e+02 -1.28736408e+01 -7.63025440e-03 3.22709083e-02 9.08921724e-01 4.15646084e-01
1317357975.311650038 1.78613145e+02 4.00986885e+02 -1.28980644e+01 -8.46595922e-03 2.83047356e-02 9.09827139e-01 4.13934472e-01
1317357975.415616989 1.78020611e+02 4.01650995e+02 -1.29150156e+01 -8.22053330e-03 2.89626753e-02 9.09929081e-01 4.13669740e-01
1317357975.519608021 1.77449057e+02 4.02311906e+02 -1.29304284e+01 -8.98168781e-03 2.84626604e-02 9.10078288e-01 4.13360274e-01
1317357975.623599052 1.76910628e+02 4.02966041e+02 -1.29708964e+01 -9.95680564e-03 2.53852201e-02 9.10111867e-01 4.13464438e-01
1317357975.727564096 1.76337148e+02 4.03627486e+02 -1.29883021e+01 -1.04994647e-02 2.49494138e-02 9.10469322e-01 4.12689838e-01
1317357975.831506968 1.75751458e+02 4.04274118e+02 -1.30132841e+01 -1.10119071e-02 2.46682040e-02 9.11041792e-01 4.11428087e-01
1317357975.935426950 1.75213569e+02 4.04845252e+02 -1.30218325e+01 -9.72890392e-03 2.48938907e-02 9.11552216e-01 4.10314757e-01
1317357976.039370060 1.74625559e+02 4.05484713e+02 -1.30422561e+01 -9.78027103e-03 2.37802613e-02 9.11899095e-01 4.09608211e-01
1317357976.143312931 1.74014404e+02 4.06109011e+02 -1.30840823e+01 -8.76306758e-03 2.48969518e-02 9.12438983e-01 4.08360690e-01
1317357976.247231007 1.73407763e+02 4.06775547e+02 -1.31084435e+01 -9.53232113e-03 2.49325263e-02 9.12748498e-01 4.07648971e-01
1317357976.351147890 1.72808291e+02 4.07432466e+02 -1.31320769e+01 -1.02725649e-02 2.52432047e-02 9.12971379e-01 4.07112413e-01
1317357976.455066919 1.72195344e+02 4.08131874e+02 -1.31660240e+01 -1.14704311e-02 2.55688561e-02 9.12278552e-01 4.08610458e-01
1317357976.558986902 1.71584516e+02 4.08811088e+02 -1.31901904e+01 -1.26420183e-02 2.71985224e-02 9.12672088e-01 4.07590578e-01
1317357976.662906885 1.70979301e+02 4.09486528e+02 -1.32095844e+01 -1.25071008e-02 2.89895327e-02 9.12633964e-01 4.07556656e-01
1317357976.766824961 1.70384672e+02 4.10175623e+02 -1.32251817e+01 -1.20619104e-02 2.78749965e-02 9.12094498e-01 4.08853424e-01
1317357976.870742083 1.69802718e+02 4.10831918e+02 -1.32373401e+01 -1.15179154e-02 2.78545120e-02 9.12337542e-01 4.08327900e-01
1317357976.974690914 1.69214207e+02 4.11464779e+02 -1.32536703e+01 -1.09157603e-02 2.76391706e-02 9.12468042e-01 4.08067390e-01
1317357977.078681946 1.68660018e+02 4.12123181e+02 -1.32669264e+01 -1.16116591e-02 2.60087205e-02 9.11721799e-01 4.09819567e-01
1317357977.182667971 1.68084451e+02 4.12781485e+02 -1.32896277e+01 -1.31878131e-02 2.42630911e-02 9.11091077e-01 4.11279021e-01
1317357977.286634922 1.67498266e+02 4.13425821e+02 -1.33095885e+01 -1.32606335e-02 2.40676773e-02 9.10582296e-01 4.12413366e-01
1317357977.390602112 1.66951964e+02 4.14042428e+02 -1.33304152e+01 -1.25621219e-02 2.17699543e-02 9.10329881e-01 4.13119559e-01
1317357977.494568110 1.66359542e+02 4.14711456e+02 -1.33579360e+01 -1.24435103e-02 2.18008894e-02 9.09610664e-01 4.14702689e-01
1317357977.598510027 1.65788861e+02 4.15372690e+02 -1.33800788e+01 -1.27926650e-02 2.04514702e-02 9.09132902e-01 4.15806988e-01
1317357977.702452898 1.65236195e+02 4.16029073e+02 -1.33971490e+01 -1.28890668e-02 1.71459204e-02 9.08100809e-01 4.18201876e-01
1317357977.806396961 1.64677727e+02 4.16675741e+02 -1.34151265e+01 -1.23534368e-02 1.71906161e-02 9.07415218e-01 4.19701676e-01
1317357977.910341024 1.64128558e+02 4.17308441e+02 -1.34359884e+01 -1.26814068e-02 1.71601691e-02 9.06769378e-01 4.21086697e-01
1317357978.014306068 1.63647811e+02 4.17931373e+02 -1.34618713e+01 -1.33418397e-02 2.06081696e-02 9.05233627e-01 4.24204408e-01
1317357978.118271112 1.63142419e+02 4.18541238e+02 -1.34747155e+01 -1.43231626e-02 2.06889883e-02 9.04446050e-01 4.25845225e-01
1317357978.222285986 1.62647196e+02 4.19122253e+02 -1.34927339e+01 -1.43719287e-02 1.85463262e-02 9.02962776e-01 4.29077739e-01
1317357978.326350927 1.62265345e+02 4.19609465e+02 -1.35047338e+01 -1.25826519e-02 1.78451504e-02 9.00220151e-01 4.34887234e-01
1317357978.430437088 1.61841999e+02 4.20154534e+02 -1.35255859e+01 -1.07675063e-02 1.76679686e-02 8.97539857e-01 4.40447623e-01
1317357978.534570932 1.61438717e+02 4.20670741e+02 -1.35369284e+01 -1.07842409e-02 1.77894761e-02 8.94132787e-01 4.47318448e-01
1317357978.638705015 1.61128941e+02 4.21153026e+02 -1.35518094e+01 -1.11333108e-02 1.93602266e-02 8.88607051e-01 4.58125245e-01
1317357978.742816925 1.60732095e+02 4.21692409e+02 -1.35679421e+01 -1.14747629e-02 1.98474798e-02 8.84614953e-01 4.65758298e-01
1317357978.846926928 1.60385538e+02 4.22217826e+02 -1.35849297e+01 -1.14102253e-02 2.10094804e-02 8.80190060e-01 4.74018846e-01
1317357978.951014042 1.60177529e+02 4.22728999e+02 -1.35977700e+01 -1.23648157e-02 2.38747802e-02 8.73758037e-01 4.85617132e-01
1317357979.055104971 1.59870301e+02 4.23237281e+02 -1.36143892e+01 -1.27711006e-02 2.63564826e-02 8.68833327e-01 4.94237681e-01
1317357979.159224033 1.59587231e+02 4.23736804e+02 -1.36285530e+01 -1.24346712e-02 2.84513098e-02 8.63401018e-01 5.03561897e-01
1317357979.263354063 1.59386589e+02 4.24254697e+02 -1.36398371e+01 -1.20820536e-02 2.88363716e-02 8.56181711e-01 5.15727996e-01
1317357979.367505074 1.59145692e+02 4.24734988e+02 -1.36532506e+01 -1.13839285e-02 2.79508789e-02 8.49355453e-01 5.26957749e-01
1317357979.471664906 1.58913676e+02 4.25199586e+02 -1.36736515e+01 -1.02689707e-02 2.78637046e-02 8.42062869e-01 5.38561312e-01
1317357979.575870991 1.58788546e+02 4.25596528e+02 -1.36912214e+01 -9.57125924e-03 2.83459417e-02 8.33294436e-01 5.52019276e-01
1317357979.680124998 1.58615384e+02 4.26040743e+02 -1.37033380e+01 -8.29098473e-03 2.82080924e-02 8.23371851e-01 5.66740115e-01
1317357979.784379005 1.58465180e+02 4.26499460e+02 -1.37184858e+01 -6.94231002e-03 3.08380435e-02 8.12368267e-01 5.82287401e-01
1317357979.888609886 1.58340391e+02 4.26964580e+02 -1.37329639e+01 -6.77913285e-03 3.18335485e-02 8.00699998e-01 5.98180726e-01
1317357979.992818117 1.58318503e+02 4.27346369e+02 -1.37277756e+01 -6.81507371e-03 3.18900192e-02 7.88079259e-01 6.14709414e-01
1317357980.097047091 1.58226894e+02 4.27795902e+02 -1.37453114e+01 -6.28766355e-03 3.06060011e-02 7.74532326e-01 6.31762150e-01
1317357980.201253891 1.58171399e+02 4.28247268e+02 -1.37613540e+01 -6.34608772e-03 3.05535699e-02 7.60664688e-01 6.48394508e-01
1317357980.305389881 1.58210697e+02 4.28638377e+02 -1.37785851e+01 -3.57618554e-03 3.45083274e-02 7.45883401e-01 6.65172412e-01
1317357980.409499884 1.58207344e+02 4.29089319e+02 -1.37959468e+01 -3.21592975e-03 3.51370658e-02 7.31564370e-01 6.80858735e-01
1317357980.513607979 1.58188416e+02 4.29537063e+02 -1.38033545e+01 -5.38234132e-03 3.47684666e-02 7.17328115e-01 6.95846649e-01
1317357980.617697954 1.58181914e+02 4.30000930e+02 -1.38244921e+01 -8.53200162e-03 3.13805003e-02 7.02694252e-01 7.10748379e-01
1317357980.721736908 1.58209108e+02 4.30453415e+02 -1.38573620e+01 -9.32927378e-03 2.83800414e-02 6.88791820e-01 7.24343404e-01
1317357980.825774908 1.58265665e+02 4.30908945e+02 -1.38855388e+01 -6.52370976e-03 2.91381560e-02 6.74720729e-01 7.37468879e-01
1317357980.929837942 1.58405332e+02 4.31341670e+02 -1.38989232e+01 -4.07130664e-03 3.02661671e-02 6.58303274e-01 7.52133088e-01
1317357981.033900976 1.58513236e+02 4.31819109e+02 -1.39091057e+01 -3.22199506e-03 3.21295765e-02 6.42046673e-01 7.65985234e-01
1317357981.137989044 1.58619513e+02 4.32335894e+02 -1.39260354e+01 -6.24763677e-03 2.96363448e-02 6.24635009e-01 7.80329264e-01
1317357981.242124081 1.58740892e+02 4.32892663e+02 -1.39713119e+01 -1.18806949e-02 2.53980367e-02 6.05647987e-01 7.95238521e-01
1317357981.346260071 1.58947899e+02 4.33445178e+02 -1.39928150e+01 -1.30041571e-02 2.44407153e-02 5.86702987e-01 8.09328826e-01
1317357981.450345993 1.59174851e+02 4.33988385e+02 -1.40150072e+01 -1.37930273e-02 2.47391599e-02 5.67027439e-01 8.23211765e-01
1317357981.554430962 1.59425178e+02 4.34546844e+02 -1.40499183e+01 -1.40856780e-02 2.38742736e-02 5.46887687e-01 8.36746957e-01
1317357981.658516884 1.59730104e+02 4.35136268e+02 -1.41058200e+01 -1.38399070e-02 2.20233330e-02 5.25408018e-01 8.50452729e-01
1317357981.762557030 1.60055772e+02 4.35691457e+02 -1.41425497e+01 -1.49531802e-02 2.13557329e-02 5.04731995e-01 8.62882349e-01
1317357981.866547108 1.60408310e+02 4.36252332e+02 -1.41680007e+01 -1.49992175e-02 2.12206757e-02 4.84792578e-01 8.74243023e-01
1317357981.970489025 1.60799697e+02 4.36816912e+02 -1.41957072e+01 -1.58861572e-02 2.04941272e-02 4.65841645e-01 8.84488091e-01
1317357982.074359894 1.61236201e+02 4.37383931e+02 -1.42304587e+01 -1.68265909e-02 2.03201561e-02 4.48649093e-01 8.93318503e-01
1317357982.178138018 1.61736990e+02 4.37936669e+02 -1.42623248e+01 -1.84365284e-02 2.05048331e-02 4.33439995e-01 9.00760466e-01
1317357982.281863928 1.62235805e+02 4.38505119e+02 -1.42987350e+01 -1.92927963e-02 2.10846025e-02 4.18985643e-01 9.07542979e-01
1317357982.385565042 1.62738567e+02 4.39087085e+02 -1.43301033e+01 -2.01598885e-02 2.14248818e-02 4.06283994e-01 9.13273162e-01
1317357982.489268064 1.63266881e+02 4.39664226e+02 -1.43754493e+01 -2.09440379e-02 2.21520766e-02 3.95004193e-01 9.18173361e-01
1317357982.592947006 1.63831311e+02 4.40243231e+02 -1.44321271e+01 -2.07621479e-02 2.36915968e-02 3.83552024e-01 9.22981845e-01
1317357982.696602106 1.64408698e+02 4.40833280e+02 -1.44736493e+01 -2.07611755e-02 2.35042846e-02 3.74753010e-01 9.26594142e-01
1317357982.800256968 1.64988009e+02 4.41420165e+02 -1.45167088e+01 -2.04002956e-02 2.36166710e-02 3.67402651e-01 9.29538258e-01
1317357982.903912067 1.65608956e+02 4.42012894e+02 -1.45686770e+01 -1.91696704e-02 2.38629988e-02 3.61367922e-01 9.31920762e-01
1317357983.007587910 1.66195784e+02 4.42612548e+02 -1.46279022e+01 -1.89467287e-02 2.42702498e-02 3.56376386e-01 9.33835022e-01
1317357983.111242056 1.66872352e+02 4.43195138e+02 -1.46733958e+01 -1.86288749e-02 2.38949200e-02 3.52196336e-01 9.35435588e-01
1317357983.214898109 1.67550711e+02 4.43776448e+02 -1.47132528e+01 -1.82925273e-02 2.38999092e-02 3.49661073e-01 9.36392712e-01
1317357983.318552971 1.68247053e+02 4.44371330e+02 -1.47591179e+01 -1.68652129e-02 2.36444288e-02 3.48342747e-01 9.36917198e-01
1317357983.422183990 1.68942284e+02 4.44896584e+02 -1.48097316e+01 -1.50922252e-02 2.42733612e-02 3.46738710e-01 9.37526157e-01
1317357983.525863886 1.69668902e+02 4.45504930e+02 -1.48514213e+01 -1.48469131e-02 2.29807475e-02 3.45733140e-01 9.37933926e-01
1317357983.629589081 1.70417238e+02 4.46136811e+02 -1.48936075e+01 -1.44756224e-02 2.22851647e-02 3.45141713e-01 9.38174305e-01
1317357983.733314991 1.71144711e+02 4.46777312e+02 -1.49409320e+01 -1.35027794e-02 2.17542799e-02 3.44473863e-01 9.38446687e-01
1317357983.837042093 1.71937701e+02 4.47289587e+02 -1.49603514e+01 -1.30845407e-02 2.15796285e-02 3.42500144e-01 9.39178772e-01
1317357983.940769911 1.72701517e+02 4.47917264e+02 -1.49969031e+01 -1.30095704e-02 2.26400461e-02 3.42483251e-01 9.39161010e-01
1317357984.044519901 1.73471249e+02 4.48549055e+02 -1.50407826e+01 -1.22602977e-02 2.46594662e-02 3.42475833e-01 9.39122942e-01
1317357984.148271084 1.74236196e+02 4.49202970e+02 -1.50885819e+01 -1.11492250e-02 2.62898163e-02 3.42444052e-01 9.39104154e-01
1317357984.252023935 1.74977284e+02 4.49837432e+02 -1.51634578e+01 -1.03041006e-02 2.80132168e-02 3.41838300e-01 9.39284654e-01
1317357984.355798960 1.75738881e+02 4.50476541e+02 -1.52037386e+01 -9.63405908e-03 2.81512669e-02 3.41720977e-01 9.39330328e-01
1317357984.459597111 1.76506046e+02 4.51103935e+02 -1.52449433e+01 -8.64083989e-03 2.74245263e-02 3.41784668e-01 9.39338316e-01
1317357984.563419104 1.77268808e+02 4.51746110e+02 -1.52828190e+01 -8.01794124e-03 2.61494425e-02 3.42110828e-01 9.39261466e-01
1317357984.667242050 1.77951695e+02 4.52378789e+02 -1.53172148e+01 -7.86196338e-03 2.60165130e-02 3.43425321e-01 9.38786653e-01
1317357984.771065950 1.78703229e+02 4.53035812e+02 -1.53637106e+01 -7.83696230e-03 2.59764986e-02 3.42208436e-01 9.39232234e-01
1317357984.874890089 1.79461212e+02 4.53677743e+02 -1.54034421e+01 -7.43494728e-03 2.57820804e-02 3.41603542e-01 9.39461029e-01
1317357984.978712082 1.80234994e+02 4.54300858e+02 -1.54384241e+01 -7.31979808e-03 2.51976664e-02 3.41345698e-01 9.39571505e-01
1317357985.082535982 1.80962283e+02 4.54896863e+02 -1.54805777e+01 -7.89041629e-03 2.59068355e-02 3.41633623e-01 9.39442944e-01
1317357985.186357975 1.81726954e+02 4.55532513e+02 -1.55168306e+01 -8.05670148e-03 2.69675374e-02 3.41540713e-01 9.39445466e-01
1317357985.290182114 1.82488008e+02 4.56168198e+02 -1.55562398e+01 -8.68437791e-03 2.80571692e-02 3.40683176e-01 9.39719293e-01
1317357985.394005060 1.83255589e+02 4.56797549e+02 -1.55956717e+01 -8.37418230e-03 2.91794454e-02 3.39931377e-01 9.39960154e-01
1317357985.497826099 1.83971146e+02 4.57423992e+02 -1.56396697e+01 -9.72740010e-03 2.93305875e-02 3.39499937e-01 9.40098339e-01
1317357985.601624012 1.84731156e+02 4.58042200e+02 -1.56763861e+01 -1.03549511e-02 2.91474801e-02 3.39538953e-01 9.40083240e-01
1317357985.705423117 1.85474594e+02 4.58653000e+02 -1.57223218e+01 -1.05620350e-02 2.94521559e-02 3.39323698e-01 9.40149160e-01
1317357985.809245110 1.86134689e+02 4.59261675e+02 -1.57760047e+01 -1.26545253e-02 3.10116244e-02 3.40012242e-01 9.39824355e-01
1317357985.913042068 1.86861894e+02 4.59856444e+02 -1.58238226e+01 -1.35760202e-02 3.25785183e-02 3.39490681e-01 9.39947025e-01
1317357986.016844988 1.87581572e+02 4.60449077e+02 -1.58714707e+01 -1.47975930e-02 3.36890720e-02 3.38825352e-01 9.40129490e-01
1317357986.120692015 1.88274103e+02 4.61029867e+02 -1.59125892e+01 -1.50224242e-02 3.33526107e-02 3.37971433e-01 9.40445235e-01
1317357986.224560022 1.88884413e+02 4.61575941e+02 -1.59580424e+01 -1.58138435e-02 3.19984508e-02 3.38337609e-01 9.40347640e-01
1317357986.328429937 1.89565791e+02 4.62145597e+02 -1.59973726e+01 -1.54137761e-02 2.84580470e-02 3.36613439e-01 9.41086578e-01
1317357986.432301044 1.90230778e+02 4.62698891e+02 -1.60345619e+01 -1.54594610e-02 2.58154835e-02 3.34842089e-01 9.41793683e-01
1317357986.536195993 1.90879843e+02 4.63237832e+02 -1.60789928e+01 -1.53575396e-02 2.58549053e-02 3.32829829e-01 9.42507281e-01
1317357986.640090942 1.91413332e+02 4.63779670e+02 -1.61162971e+01 -1.77472486e-02 2.79915630e-02 3.31007053e-01 9.43046043e-01
1317357986.744010925 1.92024143e+02 4.64283121e+02 -1.61493149e+01 -1.86079490e-02 2.96772121e-02 3.27850656e-01 9.44079951e-01
1317357986.848023891 1.92610925e+02 4.64773452e+02 -1.61797423e+01 -1.91106092e-02 3.02767933e-02 3.22995760e-01 9.45722919e-01
1317357986.952086926 1.93179106e+02 4.65255884e+02 -1.62281904e+01 -2.00040060e-02 2.97989231e-02 3.17066384e-01 9.47723996e-01
1317357987.056197882 1.93661965e+02 4.65690976e+02 -1.62818564e+01 -1.87864866e-02 3.08696422e-02 3.10334675e-01 9.49940273e-01
1317357987.160353899 1.94226558e+02 4.66104839e+02 -1.63201660e+01 -1.91643373e-02 3.22905028e-02 3.00986071e-01 9.52888995e-01
1317357987.264538050 1.94791450e+02 4.66482512e+02 -1.63557189e+01 -1.86285224e-02 3.25758403e-02 2.88751700e-01 9.56668306e-01
1317357987.368768930 1.95229973e+02 4.66755927e+02 -1.63821449e+01 -2.08035198e-02 3.07446053e-02 2.75911160e-01 9.60466040e-01
1317357987.473071098 1.95801488e+02 4.67088001e+02 -1.64112565e+01 -2.09519468e-02 2.92225443e-02 2.57915394e-01 9.65498166e-01
1317357987.577423096 1.96410308e+02 4.67422678e+02 -1.64549202e+01 -2.06805272e-02 2.70756206e-02 2.37670185e-01 9.70748222e-01
1317357987.681797981 1.97009359e+02 4.67569455e+02 -1.64771702e+01 -2.28616475e-02 2.60918019e-02 2.16574581e-01 9.75649534e-01
1317357987.786171913 1.97625636e+02 4.67849177e+02 -1.65104990e+01 -2.32163214e-02 2.43177530e-02 1.93316930e-01 9.80560153e-01
1317357987.890497923 1.98251595e+02 4.68089686e+02 -1.65340447e+01 -2.32546695e-02 2.33709629e-02 1.68649345e-01 9.85124569e-01
1317357987.994777918 1.98873315e+02 4.68286504e+02 -1.65586386e+01 -2.30821403e-02 2.23100849e-02 1.43431787e-01 9.89139423e-01
1317357988.099037886 1.99517978e+02 4.68385937e+02 -1.65943798e+01 -2.39404708e-02 2.39567726e-02 1.19660934e-01 9.92236962e-01
1317357988.203269005 2.00150693e+02 4.68523456e+02 -1.66160825e+01 -2.50002390e-02 2.40472123e-02 9.54926627e-02 9.94825548e-01
1317357988.307446003 2.00788717e+02 4.68640255e+02 -1.66366957e+01 -2.58475893e-02 2.44918753e-02 7.09278719e-02 9.96845669e-01
1317357988.411603928 2.01385907e+02 4.68601278e+02 -1.66491728e+01 -2.67203589e-02 2.42762163e-02 4.66123105e-02 9.98260477e-01
1317357988.515769958 2.02028358e+02 4.68656630e+02 -1.66754923e+01 -2.80290070e-02 2.07997252e-02 2.19650550e-02 9.99149279e-01
1317357988.619927883 2.02675700e+02 4.68670475e+02 -1.66879647e+01 -2.83638973e-02 1.70323533e-02 -2.94141576e-03 9.99448216e-01
1317357988.724078894 2.03324709e+02 4.68638145e+02 -1.67041446e+01 -2.94545896e-02 1.39018634e-02 -2.85474970e-02 9.99061663e-01
1317357988.828213930 2.03993728e+02 4.68562521e+02 -1.67249301e+01 -2.95954769e-02 1.25028207e-02 -5.48222267e-02 9.97979113e-01
1317357988.932326078 2.04656125e+02 4.68467211e+02 -1.67308743e+01 -2.93379928e-02 1.33664845e-02 -8.07440603e-02 9.96213339e-01
1317357989.036412954 2.05287942e+02 4.68234690e+02 -1.67271158e+01 -2.79056146e-02 1.45329762e-02 -1.07188487e-01 9.93740760e-01
1317357989.140474081 2.05946690e+02 4.68066383e+02 -1.67303124e+01 -2.83797722e-02 1.44284705e-02 -1.31787607e-01 9.90766589e-01
1317357989.244488955 2.06602093e+02 4.67844253e+02 -1.67394668e+01 -2.78334557e-02 1.38861952e-02 -1.55839171e-01 9.87292573e-01
1317357989.348434925 2.07236355e+02 4.67419178e+02 -1.67529149e+01 -2.58857724e-02 1.24191654e-02 -1.80702724e-01 9.83118618e-01
1317357989.452353954 2.07893910e+02 4.67136727e+02 -1.67638354e+01 -2.63200962e-02 1.12543155e-02 -2.01239947e-01 9.79123627e-01
1317357989.556222916 2.08548025e+02 4.66825678e+02 -1.67605725e+01 -2.52026742e-02 1.04632236e-02 -2.20236606e-01 9.75064707e-01
1317357989.660047054 2.09147571e+02 4.66436030e+02 -1.67368601e+01 -2.77191932e-02 9.34702216e-03 -2.39649114e-01 9.70418766e-01
1317357989.763869047 2.09782393e+02 4.66083851e+02 -1.67407465e+01 -2.80372443e-02 8.24447694e-03 -2.57931563e-01 9.65721104e-01
1317357989.867667913 2.10409932e+02 4.65710454e+02 -1.67394423e+01 -2.69659295e-02 6.57529612e-03 -2.76009636e-01 9.60754019e-01
1317357989.971442938 2.11016969e+02 4.65278822e+02 -1.67363807e+01 -2.68472570e-02 5.20135899e-03 -2.91522661e-01 9.56172949e-01
1317357990.075193882 2.11637762e+02 4.64834685e+02 -1.67283220e+01 -2.54513855e-02 5.13852720e-03 -3.05197569e-01 9.51935012e-01
1317357990.178919077 2.12272597e+02 4.64375847e+02 -1.67166664e+01 -2.45142649e-02 6.45854601e-03 -3.17389217e-01 9.47956446e-01
1317357990.282622099 2.12897733e+02 4.63892061e+02 -1.67101837e+01 -2.25091865e-02 6.82274251e-03 -3.27777499e-01 9.44462121e-01
1317357990.386327028 2.13501854e+02 4.63341603e+02 -1.67088185e+01 -2.19881522e-02 6.66278491e-03 -3.38605296e-01 9.40647959e-01
1317357990.490052938 2.14136372e+02 4.62799368e+02 -1.66968148e+01 -2.21059915e-02 4.27554897e-03 -3.46020677e-01 9.37956681e-01
1317357990.593779087 2.14758074e+02 4.62240720e+02 -1.66828280e+01 -2.25174161e-02 3.64840593e-03 -3.53349936e-01 9.35213066e-01
1317357990.697482109 2.15433594e+02 4.61626838e+02 -1.66544694e+01 -2.31819915e-02 3.27827197e-03 -3.59330744e-01 9.32916537e-01
1317357990.801183939 2.16087349e+02 4.61024807e+02 -1.66338456e+01 -2.37201134e-02 3.89891671e-03 -3.64612926e-01 9.30848843e-01
1317357990.904885054 2.16752423e+02 4.60409976e+02 -1.66093909e+01 -2.56000068e-02 5.00372255e-03 -3.68801337e-01 9.29142172e-01
1317357991.008563042 2.17425497e+02 4.59745124e+02 -1.65976000e+01 -2.65836677e-02 5.80751122e-03 -3.72690115e-01 9.27556823e-01
1317357991.112243891 2.18094827e+02 4.59098948e+02 -1.65786789e+01 -2.55780533e-02 6.55240039e-03 -3.76184808e-01 9.26168354e-01
1317357991.215946913 2.18763198e+02 4.58444068e+02 -1.65647251e+01 -2.29498023e-02 6.14318265e-03 -3.77831930e-01 9.25569339e-01
1317357991.319672108 2.19449862e+02 4.57748294e+02 -1.65630134e+01 -2.19373877e-02 6.35551678e-03 -3.79753534e-01 9.24805716e-01
1317357991.423424959 2.20125104e+02 4.57082314e+02 -1.65470952e+01 -2.27256944e-02 6.43565320e-03 -3.81693940e-01 9.23986938e-01
1317357991.527224064 2.20809347e+02 4.56388926e+02 -1.65503053e+01 -1.94208147e-02 6.78767649e-03 -3.83674976e-01 9.23239011e-01
1317357991.631021976 2.21531976e+02 4.55670496e+02 -1.65376393e+01 -2.04240633e-02 7.56950016e-03 -3.84627368e-01 9.22814905e-01
1317357991.734795094 2.22242766e+02 4.54958229e+02 -1.65180227e+01 -2.23642278e-02 8.03312507e-03 -3.85345577e-01 9.22466312e-01
1317357991.838594913 2.22950908e+02 4.54278699e+02 -1.64930421e+01 -2.53438364e-02 7.31983713e-03 -3.87268513e-01 9.21589501e-01
1317357991.942395926 2.23658907e+02 4.53581011e+02 -1.64816202e+01 -2.66812201e-02 7.13681904e-03 -3.89041891e-01 9.20805943e-01
1317357992.046195984 2.24371912e+02 4.52856821e+02 -1.64669769e+01 -2.81278235e-02 6.91215113e-03 -3.90541185e-01 9.20129682e-01
1317357992.149995089 2.25039477e+02 4.52154873e+02 -1.64652137e+01 -2.59755138e-02 6.39230872e-03 -3.92693876e-01 9.19280115e-01
1317357992.253793001 2.25758965e+02 4.51416678e+02 -1.64433616e+01 -2.68080542e-02 6.57472537e-03 -3.94161234e-01 9.18626705e-01
1317357992.357614994 2.26432982e+02 4.50679757e+02 -1.64347571e+01 -2.44754798e-02 7.39847524e-03 -3.97123387e-01 9.17408976e-01
1317357992.461436987 2.27146776e+02 4.49922254e+02 -1.64116295e+01 -2.74575180e-02 8.82737491e-03 -3.98523591e-01 9.16704483e-01
1317357992.565258980 2.27859163e+02 4.49168279e+02 -1.63961151e+01 -2.81479452e-02 9.42972188e-03 -4.00480055e-01 9.15824491e-01
1317357992.669080973 2.28531854e+02 4.48372497e+02 -1.63555116e+01 -2.90117604e-02 1.04331955e-02 -4.03214536e-01 9.14585974e-01
1317357992.772880077 2.29247194e+02 4.47580331e+02 -1.63255445e+01 -2.87264653e-02 1.07242223e-02 -4.04457859e-01 9.14042462e-01
1317357992.876681089 2.29926212e+02 4.46773574e+02 -1.63161209e+01 -2.81839259e-02 1.15147951e-02 -4.07054521e-01 9.12896321e-01
1317357992.980478048 2.30659149e+02 4.45971894e+02 -1.62969756e+01 -2.69690015e-02 1.06330101e-02 -4.08571513e-01 9.12265822e-01
1317357993.084252119 2.31322675e+02 4.45193849e+02 -1.62937793e+01 -2.55220947e-02 9.34170081e-03 -4.11910941e-01 9.10818715e-01
1317357993.188052893 2.32006801e+02 4.44412328e+02 -1.62801348e+01 -2.77665005e-02 7.65847124e-03 -4.13022658e-01 9.10265156e-01
1317357993.291851997 2.32684611e+02 4.43629827e+02 -1.62569198e+01 -2.93649452e-02 6.88376558e-03 -4.14900896e-01 9.09366571e-01
1317357993.395652056 2.33331148e+02 4.42892179e+02 -1.62538446e+01 -3.05060463e-02 8.31476140e-03 -4.17505186e-01 9.08124257e-01
1317357993.499474049 2.34032202e+02 4.42098028e+02 -1.62365504e+01 -3.10785242e-02 9.63887096e-03 -4.18607269e-01 9.07584251e-01
1317357993.603296041 2.34744810e+02 4.41305014e+02 -1.62103818e+01 -3.19240170e-02 1.23734474e-02 -4.20287434e-01 9.06744852e-01
1317357993.707142115 2.35403307e+02 4.40549663e+02 -1.61825987e+01 -3.31327525e-02 1.19088328e-02 -4.21574379e-01 9.06110061e-01
1317357993.810987949 2.36099750e+02 4.39727999e+02 -1.61431589e+01 -3.73459198e-02 1.22958586e-02 -4.23033874e-01 9.05260424e-01
1317357993.914833069 2.36816348e+02 4.38908049e+02 -1.61033886e+01 -4.22569176e-02 1.22128670e-02 -4.23993623e-01 9.04596378e-01
1317357994.018703938 2.37530531e+02 4.38074042e+02 -1.60683337e+01 -4.41632957e-02 1.33774422e-02 -4.25335265e-01 9.03858706e-01
1317357994.122575998 2.38136044e+02 4.37295816e+02 -1.60354169e+01 -4.77128689e-02 1.72222241e-02 -4.28330329e-01 9.02197321e-01
1317357994.226423025 2.38783433e+02 4.36491230e+02 -1.59995511e+01 -4.95155845e-02 1.76856451e-02 -4.30450494e-01 9.01081460e-01
1317357994.330271959 2.39436737e+02 4.35685053e+02 -1.59741236e+01 -5.06312562e-02 1.85848422e-02 -4.32690100e-01 8.99927973e-01
1317357994.434118032 2.40029919e+02 4.34926564e+02 -1.59733064e+01 -4.65644109e-02 1.85614552e-02 -4.36691617e-01 8.98213593e-01
1317357994.537964106 2.40696553e+02 4.34105452e+02 -1.59479924e+01 -4.47323910e-02 1.80194125e-02 -4.38687444e-01 8.97344772e-01
1317357994.641810894 2.41369122e+02 4.33267056e+02 -1.59203322e+01 -4.40714502e-02 1.64049154e-02 -4.41052686e-01 8.96248355e-01
1317357994.745659113 2.42011700e+02 4.32424825e+02 -1.58865703e+01 -4.44213775e-02 1.33854296e-02 -4.42907952e-01 8.95365913e-01
1317357994.849483013 2.42533765e+02 4.31648241e+02 -1.58958545e+01 -3.54796866e-02 8.61485922e-03 -4.46561148e-01 8.94007895e-01
1317357994.953255892 2.43159854e+02 4.30809734e+02 -1.58667932e+01 -3.43580122e-02 1.06162832e-02 -4.48072694e-01 8.93273576e-01
1317357995.057028055 2.43772845e+02 4.29961051e+02 -1.58247953e+01 -3.29379075e-02 1.32315245e-02 -4.48572287e-01 8.93041390e-01
1317357995.160826921 2.44252477e+02 4.29176848e+02 -1.58473459e+01 -2.47349525e-02 1.31526509e-02 -4.50123070e-01 8.92526981e-01
1317357995.264625072 2.44842046e+02 4.28340571e+02 -1.58099786e+01 -2.60945768e-02 1.18622884e-02 -4.49259700e-01 8.92941253e-01
1317357995.368424892 2.45390110e+02 4.27572661e+02 -1.58265437e+01 -2.94540925e-02 1.17671398e-02 -4.48317312e-01 8.93311580e-01
1317357995.472198963 2.45988946e+02 4.26737535e+02 -1.58000984e+01 -2.93048894e-02 9.15707678e-03 -4.46522871e-01 8.94245322e-01
1317357995.575949907 2.46601413e+02 4.25909857e+02 -1.57654830e+01 -2.86827395e-02 8.88802520e-03 -4.43763965e-01 8.95640468e-01
1317357995.679749012 2.47221352e+02 4.25163702e+02 -1.57643434e+01 -2.38933604e-02 6.59770358e-03 -4.40276238e-01 8.97520146e-01
1317357995.783548117 2.47862344e+02 4.24348281e+02 -1.57405216e+01 -2.30518064e-02 7.81423263e-03 -4.38068685e-01 8.98611918e-01
1317357995.887348890 2.48506039e+02 4.23551745e+02 -1.57088998e+01 -2.17722652e-02 7.73843051e-03 -4.36193247e-01 8.99556300e-01
1317357995.991146088 2.49210957e+02 4.22769712e+02 -1.56922436e+01 -1.62819488e-02 2.76916957e-03 -4.32737574e-01 9.01368638e-01
1317357996.094919920 2.49877571e+02 4.21957280e+02 -1.56659606e+01 -1.49010037e-02 1.65909825e-03 -4.29896020e-01 9.02753908e-01
1317357996.198695898 2.50560417e+02 4.21161541e+02 -1.56621313e+01 -1.20944359e-02 2.15236086e-03 -4.26380325e-01 9.04460563e-01
1317357996.302470922 2.51217297e+02 4.20354147e+02 -1.56412169e+01 -1.08373847e-02 2.53244085e-03 -4.23337712e-01 9.05903593e-01
1317357996.406269073 2.51891823e+02 4.19561302e+02 -1.56108217e+01 -1.05663752e-02 2.35085826e-03 -4.20736706e-01 9.07118212e-01
1317357996.510092020 2.52548546e+02 4.18821146e+02 -1.56018505e+01 -8.41423951e-03 6.25166700e-04 -4.16765593e-01 9.08974835e-01
1317357996.613914967 2.53221413e+02 4.18030737e+02 -1.55951733e+01 -9.33402913e-03 1.04619092e-03 -4.14174735e-01 9.10148927e-01
1317357996.717761993 2.53861846e+02 4.17315058e+02 -1.55723058e+01 -1.13477270e-02 2.30136747e-03 -4.10798364e-01 9.11652695e-01
1317357996.821629047 2.54543304e+02 4.16539435e+02 -1.55511029e+01 -1.25958477e-02 3.55464969e-03 -4.08768137e-01 9.12544421e-01
1317357996.925498962 2.55235577e+02 4.15772998e+02 -1.55265653e+01 -1.13170626e-02 3.40831025e-03 -4.07119306e-01 9.13298515e-01
1317357997.029397964 2.55944410e+02 4.15080621e+02 -1.55224808e+01 -1.40652717e-02 4.19704771e-03 -4.04927590e-01 9.14230934e-01
1317357997.133316994 2.56651249e+02 4.14314730e+02 -1.54872520e+01 -1.41505422e-02 3.09149931e-03 -4.04366285e-01 9.14482429e-01
1317357997.237236977 2.57348846e+02 4.13563165e+02 -1.54652964e+01 -1.36650998e-02 2.74293385e-03 -4.03366984e-01 9.14932138e-01
1317357997.341156006 2.58084531e+02 4.12872789e+02 -1.54624162e+01 -1.30877975e-02 4.58996105e-03 -4.01007151e-01 9.15969927e-01
1317357997.445097923 2.58778414e+02 4.12132092e+02 -1.54412202e+01 -1.10533313e-02 6.47123787e-03 -4.01145316e-01 9.15924878e-01
1317357997.549038887 2.59465393e+02 4.11385492e+02 -1.54355366e+01 -1.05064169e-02 7.59978849e-03 -4.01251900e-01 9.15875958e-01
1317357997.652982950 2.60135519e+02 4.10707201e+02 -1.54260876e+01 -9.23977893e-03 7.70622795e-03 -3.99600221e-01 9.16610552e-01
1317357997.756926060 2.60826966e+02 4.09979077e+02 -1.54208992e+01 -8.42415547e-03 7.28029701e-03 -3.99456722e-01 9.16684438e-01
1317357997.860843897 2.61527527e+02 4.09243657e+02 -1.54053597e+01 -7.14471605e-03 6.20470835e-03 -3.99562171e-01 9.16657257e-01
1317357997.964762926 2.62203110e+02 4.08558833e+02 -1.54053581e+01 -8.07768053e-03 6.51812495e-03 -3.98555705e-01 9.17085391e-01
1317357998.068682909 2.62898930e+02 4.07825617e+02 -1.53844376e+01 -9.39581729e-03 7.05115166e-03 -3.98651708e-01 9.17027162e-01
1317357998.172627926 2.63689080e+02 4.07069217e+02 -1.53877742e+01 -1.45176706e-02 1.04461715e-02 -3.96797870e-01 9.17731750e-01
1317357998.276596069 2.64382697e+02 4.06331048e+02 -1.53808735e+01 -1.63561319e-02 1.13937565e-02 -3.98193498e-01 9.17084837e-01
1317357998.380541086 2.65089904e+02 4.05579614e+02 -1.53672726e+01 -1.84435781e-02 1.21909582e-02 -3.99703638e-01 9.16377770e-01
1317357998.484469891 2.65831008e+02 4.04806612e+02 -1.53699562e+01 -2.09499352e-02 1.39501446e-02 -3.99803373e-01 9.16255290e-01
1317357998.588387966 2.66517514e+02 4.04070685e+02 -1.53596382e+01 -2.16697360e-02 1.42433217e-02 -4.00481261e-01 9.15937940e-01
1317357998.692279100 2.67200589e+02 4.03349396e+02 -1.53458331e+01 -2.22905776e-02 1.46928306e-02 -4.00658612e-01 9.15838374e-01
1317357998.796173096 2.67897517e+02 4.02636590e+02 -1.53401645e+01 -2.09985759e-02 1.36714441e-02 -3.99986168e-01 9.16178595e-01
1317357998.900072098 2.68576483e+02 4.01911563e+02 -1.53333433e+01 -2.12630389e-02 1.32846747e-02 -4.00154067e-01 9.16104865e-01
1317357999.003982067 2.69263848e+02 4.01196692e+02 -1.53214122e+01 -2.24431765e-02 1.32510832e-02 -3.99754916e-01 9.16251450e-01
1317357999.107862949 2.69932989e+02 4.00495476e+02 -1.53172797e+01 -2.29662724e-02 1.37016622e-02 -3.99480641e-01 9.16351479e-01
1317357999.211775064 2.70596635e+02 3.99798457e+02 -1.52987505e+01 -2.31386604e-02 1.37697111e-02 -3.99294305e-01 9.16427332e-01
1317357999.315721035 2.71265027e+02 3.99091906e+02 -1.52853700e+01 -2.27846186e-02 1.32522619e-02 -4.00114157e-01 9.16086186e-01
1317357999.419641972 2.71928057e+02 3.98354360e+02 -1.52893125e+01 -2.26148110e-02 1.19141043e-02 -4.01539516e-01 9.15484921e-01
1317357999.523581982 2.72577700e+02 3.97657385e+02 -1.52746398e+01 -2.39111164e-02 1.20063920e-02 -4.02327967e-01 9.15104536e-01
1317357999.627513885 2.73206564e+02 3.96948124e+02 -1.52735447e+01 -2.38096876e-02 1.24184480e-02 -4.03685773e-01 9.14503514e-01
1317357999.731446028 2.73851231e+02 3.96235802e+02 -1.52597264e+01 -2.57859543e-02 1.32782502e-02 -4.04003576e-01 9.14297481e-01
1317357999.835388899 2.74496947e+02 3.95528493e+02 -1.52393779e+01 -2.71291917e-02 1.38154160e-02 -4.05234411e-01 9.13705759e-01
1317357999.939320087 2.75145564e+02 3.94804485e+02 -1.52191175e+01 -2.93945258e-02 1.35158539e-02 -4.05773364e-01 9.13400931e-01
1317358000.043250084 2.75773295e+02 3.94098832e+02 -1.51897509e+01 -3.31335548e-02 1.55064038e-02 -4.06878770e-01 9.12749355e-01
1317358000.147166967 2.76399463e+02 3.93383974e+02 -1.51658304e+01 -3.40047444e-02 1.58553343e-02 -4.09432463e-01 9.11568617e-01
1317358000.251087904 2.77008103e+02 3.92700119e+02 -1.51427273e+01 -3.25885762e-02 1.48992624e-02 -4.10323031e-01 9.11235977e-01
1317358000.355017900 2.77606568e+02 3.92017753e+02 -1.51092580e+01 -3.22066679e-02 1.42840635e-02 -4.11670617e-01 9.10651415e-01
1317358000.458959103 2.78208290e+02 3.91343155e+02 -1.50847282e+01 -3.25133394e-02 1.33604581e-02 -4.12226428e-01 9.10403072e-01
1317358000.562901974 2.78793471e+02 3.90668666e+02 -1.50611658e+01 -3.40546986e-02 1.27913858e-02 -4.12985655e-01 9.10010718e-01
1317358000.666807890 2.79343703e+02 3.90023824e+02 -1.50793574e+01 -3.04166997e-02 1.26456586e-02 -4.14137958e-01 9.09617867e-01
1317358000.770751953 2.79944223e+02 3.89343845e+02 -1.50551759e+01 -2.76889504e-02 1.23841219e-02 -4.14816895e-01 9.09399197e-01
1317358000.874670029 2.80491999e+02 3.88760858e+02 -1.50870838e+01 -2.27169623e-02 1.11719455e-02 -4.15307297e-01 9.09328861e-01
1317358000.978564978 2.81073235e+02 3.88091484e+02 -1.50689366e+01 -2.15241197e-02 1.14652421e-02 -4.16774609e-01 9.08682665e-01
1317358001.082484961 2.81643659e+02 3.87435052e+02 -1.50526929e+01 -2.13124311e-02 1.07116096e-02 -4.16744415e-01 9.08710699e-01
1317358001.186393023 2.82175074e+02 3.86836581e+02 -1.50535676e+01 -2.08184377e-02 1.09902311e-02 -4.18143602e-01 9.08075843e-01
1317358001.290321112 2.82723624e+02 3.86206696e+02 -1.50313406e+01 -2.18168745e-02 1.12360767e-02 -4.18713853e-01 9.07786585e-01
1317358001.394217968 2.83208833e+02 3.85640961e+02 -1.50247221e+01 -2.25366882e-02 1.20110941e-02 -4.19106229e-01 9.07577986e-01
1317358001.498106003 2.83735062e+02 3.85018991e+02 -1.50118687e+01 -2.28530052e-02 1.22268381e-02 -4.19023176e-01 9.07605543e-01
1317358001.602036953 2.84208693e+02 3.84446737e+02 -1.49979648e+01 -2.26551246e-02 1.26143931e-02 -4.18465414e-01 9.07862500e-01
1317358001.705951929 2.84732915e+02 3.83831756e+02 -1.49779810e+01 -2.08259574e-02 1.32375109e-02 -4.18735152e-01 9.07773055e-01
1317358001.809894085 2.85192284e+02 3.83280423e+02 -1.49916125e+01 -2.03063060e-02 1.43139425e-02 -4.18578485e-01 9.07840744e-01
1317358001.913846016 2.85692735e+02 3.82688680e+02 -1.49778532e+01 -1.94991213e-02 1.43469500e-02 -4.18499972e-01 9.07894114e-01
1317358002.017776012 2.86182124e+02 3.82116878e+02 -1.49728237e+01 -1.99216706e-02 1.48060068e-02 -4.18118462e-01 9.08053336e-01
1317358002.121731997 2.86655176e+02 3.81607637e+02 -1.49852520e+01 -1.84722300e-02 1.45626902e-02 -4.18417612e-01 9.07950113e-01
1317358002.225687981 2.87148240e+02 3.81032550e+02 -1.49645611e+01 -1.65120089e-02 1.34136893e-02 -4.17913275e-01 9.08237811e-01
1317358002.329629898 2.87617318e+02 3.80523871e+02 -1.49489015e+01 -1.42742702e-02 1.26382039e-02 -4.16879405e-01 9.08761840e-01
1317358002.433593035 2.88112731e+02 3.79967609e+02 -1.49427517e+01 -1.34843710e-02 1.19075302e-02 -4.16503149e-01 9.08956275e-01
1317358002.537585020 2.88603099e+02 3.79408681e+02 -1.49329840e+01 -1.33220911e-02 1.16891998e-02 -4.16387991e-01 9.09014260e-01
1317358002.641580105 2.89039337e+02 3.78924839e+02 -1.49438073e+01 -1.23001856e-02 1.20045307e-02 -4.16474655e-01 9.08984850e-01
1317358002.745573044 2.89496936e+02 3.78407080e+02 -1.49399424e+01 -1.49765516e-02 1.32032760e-02 -4.16719060e-01 9.08816044e-01
1317358002.849554062 2.89873170e+02 3.77949725e+02 -1.49723150e+01 -2.00648786e-02 1.58981879e-02 -4.17171148e-01 9.08467326e-01
1317358002.953556061 2.90322159e+02 3.77442041e+02 -1.49569376e+01 -1.90407706e-02 1.54443815e-02 -4.16789292e-01 9.08672442e-01
1317358003.057569027 2.90717089e+02 3.77003031e+02 -1.49522649e+01 -1.89414965e-02 1.59344363e-02 -4.15729912e-01 9.09151227e-01
1317358003.161576986 2.91162176e+02 3.76539885e+02 -1.49554031e+01 -1.78678654e-02 1.55691074e-02 -4.15588220e-01 9.09244067e-01
1317358003.265603065 2.91595592e+02 3.76060832e+02 -1.49482851e+01 -1.88845269e-02 1.60934339e-02 -4.15887228e-01 9.09077659e-01
1317358003.369621992 2.91980878e+02 3.75639247e+02 -1.49322647e+01 -1.57611241e-02 1.46323739e-02 -4.15151260e-01 9.09498165e-01
1317358003.473625898 2.92373951e+02 3.75197674e+02 -1.49295899e+01 -1.52677408e-02 1.41708292e-02 -4.14836278e-01 9.09657598e-01
1317358003.577652931 2.92678557e+02 3.74797748e+02 -1.49266321e+01 -1.78309768e-02 1.44564511e-02 -4.14042200e-01 9.09968199e-01
1317358003.681715012 2.93066726e+02 3.74360011e+02 -1.49165716e+01 -1.68514204e-02 1.39703483e-02 -4.14198521e-01 9.09923318e-01
1317358003.785784960 2.93422570e+02 3.73937582e+02 -1.49199132e+01 -1.47858151e-02 1.35441093e-02 -4.12923682e-01 9.10544875e-01
1317358003.889826059 2.93813164e+02 3.73496345e+02 -1.49028719e+01 -1.40619382e-02 1.36871910e-02 -4.12391571e-01 9.10795320e-01
1317358003.993868113 2.94195588e+02 3.73066893e+02 -1.48996371e+01 -1.47814296e-02 1.41290485e-02 -4.12242406e-01 9.10844706e-01
1317358004.097943068 2.94564101e+02 3.72653523e+02 -1.48849611e+01 -1.52467989e-02 1.45680521e-02 -4.11802632e-01 9.11029033e-01
1317358004.201996088 2.94924424e+02 3.72247002e+02 -1.49041680e+01 -1.66124564e-02 1.54556658e-02 -4.11483617e-01 9.11134667e-01
1317358004.306030989 2.95294723e+02 3.71823933e+02 -1.48927416e+01 -1.64312240e-02 1.52338734e-02 -4.11134362e-01 9.11299336e-01
1317358004.410068989 2.95667961e+02 3.71397652e+02 -1.48789227e+01 -1.77697379e-02 1.56909368e-02 -4.11046243e-01 9.11306215e-01
1317358004.514096022 2.96018851e+02 3.70975240e+02 -1.48910075e+01 -1.83691633e-02 1.60844480e-02 -4.11315622e-01 9.11165914e-01
1317358004.618113041 2.96382930e+02 3.70549856e+02 -1.48792369e+01 -1.85364656e-02 1.54478133e-02 -4.11288794e-01 9.11185652e-01
1317358004.722162962 2.96750491e+02 3.70146281e+02 -1.48883577e+01 -1.86468978e-02 1.51387239e-02 -4.11823137e-01 9.10947208e-01
1317358004.826211929 2.97117143e+02 3.69749140e+02 -1.48886721e+01 -1.92242267e-02 1.55786214e-02 -4.11990923e-01 9.10851917e-01
1317358004.930248976 2.97479144e+02 3.69375328e+02 -1.48945580e+01 -1.70629966e-02 1.47378296e-02 -4.12473583e-01 9.10690504e-01
1317358005.034312010 2.97846581e+02 3.68957800e+02 -1.48902104e+01 -1.62574086e-02 1.51437911e-02 -4.12778613e-01 9.10560365e-01
1317358005.138340950 2.98195749e+02 3.68555794e+02 -1.48841598e+01 -1.65679264e-02 1.54614474e-02 -4.13416034e-01 9.10260199e-01
1317358005.242356062 2.98538913e+02 3.68160320e+02 -1.48952439e+01 -1.58392656e-02 1.47750903e-02 -4.13651790e-01 9.10177461e-01
1317358005.346379995 2.98879392e+02 3.67755903e+02 -1.48852400e+01 -1.60628779e-02 1.51105836e-02 -4.13787360e-01 9.10106409e-01
1317358005.450383902 2.99230759e+02 3.67342876e+02 -1.48718347e+01 -1.59574534e-02 1.52033448e-02 -4.13754960e-01 9.10121449e-01
1317358005.554400921 2.99575116e+02 3.66945765e+02 -1.48702604e+01 -1.65765289e-02 1.54708171e-02 -4.13520538e-01 9.10212413e-01
1317358005.658401012 2.99926187e+02 3.66529800e+02 -1.48666724e+01 -1.84378411e-02 1.53285960e-02 -4.12593777e-01 9.10599503e-01
1317358005.762392044 3.00280405e+02 3.66112825e+02 -1.48649490e+01 -1.64228683e-02 1.52632010e-02 -4.12135379e-01 9.10846724e-01
1317358005.866394997 3.00628752e+02 3.65717069e+02 -1.48551078e+01 -1.60500999e-02 1.51138300e-02 -4.11834425e-01 9.10991972e-01
1317358005.970410109 3.01008799e+02 3.65374814e+02 -1.48843570e+01 -1.65179958e-02 1.50824315e-02 -4.09596791e-01 9.11992404e-01
1317358006.074424982 3.01364395e+02 3.64993876e+02 -1.48721297e+01 -1.69877715e-02 1.43729460e-02 -4.08683274e-01 9.12404962e-01
1317358006.178427935 3.01722331e+02 3.64604512e+02 -1.48764932e+01 -1.70785427e-02 1.09925630e-02 -4.08101772e-01 9.12710486e-01
1317358006.282453060 3.02090511e+02 3.64193767e+02 -1.48795607e+01 -1.73312349e-02 8.80246277e-03 -4.08500545e-01 9.12551067e-01
1317358006.386475086 3.02458172e+02 3.63801602e+02 -1.48726189e+01 -1.80609047e-02 8.15853166e-03 -4.07425572e-01 9.13023354e-01
1317358006.490519047 3.02823724e+02 3.63434018e+02 -1.48574208e+01 -2.12272385e-02 7.12442326e-03 -4.06738862e-01 9.13270028e-01
1317358006.594558954 3.03189803e+02 3.63050258e+02 -1.48305445e+01 -2.33136996e-02 8.26232620e-03 -4.06869261e-01 9.13151472e-01
1317358006.698599100 3.03557760e+02 3.62667258e+02 -1.48137414e+01 -2.65974835e-02 9.52176579e-03 -4.07163391e-01 9.12918333e-01
1317358006.802638054 3.03923677e+02 3.62251232e+02 -1.48017763e+01 -2.71728512e-02 1.00305645e-02 -4.07975723e-01 9.12533196e-01
1317358006.906636953 3.04214251e+02 3.61908494e+02 -1.48008567e+01 -2.67671578e-02 1.11048554e-02 -4.07626530e-01 9.12688782e-01
1317358007.010674000 3.04568125e+02 3.61505179e+02 -1.47863850e+01 -2.89181157e-02 1.20823187e-02 -4.07636071e-01 9.12606483e-01
1317358007.114715099 3.04921991e+02 3.61098088e+02 -1.47690960e+01 -2.84918371e-02 1.03772749e-02 -4.07756903e-01 9.12586892e-01
1317358007.218741894 3.05236322e+02 3.60744900e+02 -1.47826915e+01 -2.86578575e-02 1.00586953e-02 -4.08015644e-01 9.12469607e-01
1317358007.322768927 3.05584708e+02 3.60363436e+02 -1.47667062e+01 -2.77416439e-02 8.09146050e-03 -4.08294182e-01 9.12392893e-01
1317358007.426805973 3.05909211e+02 3.60042494e+02 -1.47677782e+01 -2.33772127e-02 6.01906249e-03 -4.07648333e-01 9.12819869e-01
1317358007.530855894 3.06281286e+02 3.59627511e+02 -1.47520884e+01 -2.45867616e-02 5.67345297e-03 -4.09011276e-01 9.12180398e-01
1317358007.634869099 3.06644081e+02 3.59267154e+02 -1.47301811e+01 -2.64376246e-02 7.19413196e-03 -4.09687030e-01 9.11814583e-01
1317358007.738847971 3.07011999e+02 3.58851158e+02 -1.47039849e+01 -2.38967874e-02 6.80748668e-03 -4.10874987e-01 9.11353031e-01
1317358007.842839003 3.07379220e+02 3.58438593e+02 -1.46859638e+01 -2.24916742e-02 6.46769191e-03 -4.11646318e-01 9.11043139e-01
1317358007.946839094 3.07715846e+02 3.58061631e+02 -1.46898764e+01 -2.58121958e-02 8.58047146e-03 -4.12948895e-01 9.10347909e-01
1317358008.050828934 3.08068821e+02 3.57668529e+02 -1.46733307e+01 -2.70742768e-02 1.02907415e-02 -4.13138781e-01 9.10207356e-01
1317358008.154845953 3.08353403e+02 3.57366340e+02 -1.46744805e+01 -2.97386290e-02 1.28466041e-02 -4.11518060e-01 9.10825705e-01
1317358008.258860111 3.08687195e+02 3.56973096e+02 -1.46568906e+01 -3.12295913e-02 1.41132229e-02 -4.11643709e-01 9.10700272e-01
1317358008.362863064 3.09030496e+02 3.56569992e+02 -1.46412358e+01 -3.19931292e-02 1.59375161e-02 -4.11631502e-01 9.10649187e-01
1317358008.466877937 3.09372054e+02 3.56175895e+02 -1.46422999e+01 -3.24706238e-02 1.78978245e-02 -4.11790151e-01 9.10524134e-01
1317358008.570892096 3.09727940e+02 3.55772586e+02 -1.46177386e+01 -3.21685718e-02 2.00246635e-02 -4.12510185e-01 9.10164569e-01
1317358008.674916029 3.10086982e+02 3.55330905e+02 -1.46450788e+01 -2.79117385e-02 1.78823595e-02 -4.15277779e-01 9.09090492e-01
1317358008.778930902 3.10442298e+02 3.54913187e+02 -1.46458643e+01 -2.86538153e-02 1.90568557e-02 -4.15752561e-01 9.08826498e-01
1317358008.882946014 3.10787029e+02 3.54489594e+02 -1.46472257e+01 -2.92188784e-02 1.98017441e-02 -4.16218939e-01 9.08579079e-01
1317358008.986938000 3.11135964e+02 3.54090814e+02 -1.46599631e+01 -2.79268212e-02 1.97751643e-02 -4.17332358e-01 9.08109431e-01
1317358009.090923071 3.11489616e+02 3.53669438e+02 -1.46544928e+01 -2.83189628e-02 2.00031793e-02 -4.18015818e-01 9.07777883e-01
1317358009.194937944 3.11843502e+02 3.53246255e+02 -1.46438542e+01 -2.90518968e-02 2.04108799e-02 -4.18426974e-01 9.07556197e-01
1317358009.298958063 3.12221390e+02 3.52847468e+02 -1.46564214e+01 -2.69411773e-02 1.95240652e-02 -4.18228922e-01 9.07732093e-01
1317358009.403002024 3.12565835e+02 3.52429175e+02 -1.46535055e+01 -2.72273374e-02 1.96701323e-02 -4.18791924e-01 9.07460788e-01
1317358009.507036924 3.12907122e+02 3.52070816e+02 -1.46561320e+01 -2.15370410e-02 1.84922342e-02 -4.21001401e-01 9.06615692e-01
1317358009.611102104 3.13248385e+02 3.51670779e+02 -1.46500842e+01 -1.94915107e-02 1.80084568e-02 -4.24017697e-01 9.05265027e-01
1317358009.715213060 3.13588835e+02 3.51270817e+02 -1.46373311e+01 -1.85488235e-02 1.76978741e-02 -4.26789367e-01 9.03987590e-01
1317358009.819299936 3.13926337e+02 3.50874390e+02 -1.46338295e+01 -1.93245471e-02 1.76233135e-02 -4.29377808e-01 9.02746187e-01
1317358009.923388004 3.14230910e+02 3.50546342e+02 -1.46507938e+01 -2.05047504e-02 1.81982444e-02 -4.33407870e-01 9.00780771e-01
1317358010.027523041 3.14569982e+02 3.50153814e+02 -1.46571299e+01 -2.05896070e-02 1.73538608e-02 -4.37102993e-01 8.99008279e-01
1317358010.131654978 3.14877486e+02 3.49767812e+02 -1.46524960e+01 -2.22088246e-02 1.66640785e-02 -4.41816447e-01 8.96675696e-01
1317358010.235814095 3.15168873e+02 3.49402793e+02 -1.46546543e+01 -2.32870457e-02 1.55439415e-02 -4.48176279e-01 8.93506644e-01
1317358010.339999914 3.15456068e+02 3.49025597e+02 -1.46416182e+01 -2.37664118e-02 1.39848071e-02 -4.54836774e-01 8.90147792e-01
1317358010.444183111 3.15730896e+02 3.48648383e+02 -1.46275664e+01 -2.42899394e-02 1.25544828e-02 -4.61898303e-01 8.86511332e-01
1317358010.548389912 3.15992100e+02 3.48269026e+02 -1.46286266e+01 -2.52597037e-02 9.93998400e-03 -4.70237806e-01 8.82122185e-01
1317358010.652596951 3.16184990e+02 3.47868980e+02 -1.46212265e+01 -2.45986311e-02 8.07218545e-03 -4.81050579e-01 8.76310497e-01
1317358010.756778002 3.16410719e+02 3.47488116e+02 -1.46111230e+01 -2.45104533e-02 8.54740450e-03 -4.90232076e-01 8.71205309e-01
1317358010.860937119 3.16606428e+02 3.47104184e+02 -1.45956813e+01 -2.25443903e-02 8.07511591e-03 -4.99501325e-01 8.65982084e-01
1317358010.965073109 3.16719353e+02 3.46699995e+02 -1.46035550e+01 -1.79760172e-02 6.56184100e-03 -5.10740794e-01 8.59521754e-01
1317358011.069158077 3.16896262e+02 3.46334267e+02 -1.45892140e+01 -1.60377579e-02 6.70218923e-03 -5.19506660e-01 8.54289589e-01
1317358011.173223019 3.17061461e+02 3.45985666e+02 -1.45840876e+01 -1.51501823e-02 6.60427070e-03 -5.27575813e-01 8.49347171e-01
1317358011.277309895 3.17199784e+02 3.45656034e+02 -1.45759794e+01 -1.49060011e-02 6.41308444e-03 -5.35722288e-01 8.44238304e-01
1317358011.381396055 3.17323550e+02 3.45347485e+02 -1.45618310e+01 -1.47404435e-02 6.09369107e-03 -5.44130334e-01 8.38849072e-01
1317358011.485456944 3.17443124e+02 3.45031415e+02 -1.45561880e+01 -1.49915214e-02 6.17936135e-03 -5.52628573e-01 8.33269902e-01
1317358011.589543104 3.17500762e+02 3.44714806e+02 -1.45413964e+01 -1.52381630e-02 5.29366816e-03 -5.63430752e-01 8.26005789e-01
1317358011.693679094 3.17605756e+02 3.44404570e+02 -1.45293031e+01 -1.51807923e-02 5.55713623e-03 -5.73409494e-01 8.19109403e-01
1317358011.797816038 3.17692131e+02 3.44100160e+02 -1.45229385e+01 -1.44017408e-02 5.36718816e-03 -5.84098666e-01 8.11537141e-01
1317358011.901949883 3.17771277e+02 3.43786512e+02 -1.45073110e+01 -1.34810213e-02 4.87809103e-03 -5.95383567e-01 8.03313684e-01
1317358012.006105900 3.17835535e+02 3.43519752e+02 -1.44912941e+01 -1.38290218e-02 6.64659099e-03 -6.07171437e-01 7.94422701e-01
1317358012.110264063 3.17904956e+02 3.43203715e+02 -1.44724085e+01 -1.40091629e-02 6.24701671e-03 -6.18780713e-01 7.85413997e-01
1317358012.214422941 3.17952540e+02 3.42907302e+02 -1.44602078e+01 -1.53259541e-02 4.19206351e-03 -6.31064672e-01 7.75567483e-01
1317358012.318583012 3.17985435e+02 3.42614133e+02 -1.44456122e+01 -1.65814991e-02 1.73726120e-03 -6.43538697e-01 7.65231978e-01
1317358012.422740936 3.18024294e+02 3.42337521e+02 -1.44394682e+01 -1.72559354e-02 -2.65835525e-04 -6.56019501e-01 7.54546603e-01
1317358012.526922941 3.18041290e+02 3.42044609e+02 -1.44341016e+01 -1.89357150e-02 -3.34806754e-03 -6.69691705e-01 7.42390228e-01
1317358012.631130934 3.18043213e+02 3.41738660e+02 -1.44267037e+01 -2.17967513e-02 -6.16634942e-03 -6.83791920e-01 7.29325365e-01
1317358012.735336065 3.18018310e+02 3.41418365e+02 -1.44205941e+01 -2.35670793e-02 -8.26011677e-03 -6.97993892e-01 7.15668142e-01
1317358012.839565992 3.17988702e+02 3.41098772e+02 -1.44137490e+01 -2.47897616e-02 -9.41419371e-03 -7.13236418e-01 7.00421768e-01
1317358012.943797112 3.17951114e+02 3.40767771e+02 -1.44022083e+01 -2.39244415e-02 -1.13081451e-02 -7.28529821e-01 6.84502773e-01
1317358013.048003912 3.17887222e+02 3.40444589e+02 -1.43867518e+01 -2.16543361e-02 -1.29061700e-02 -7.44327789e-01 6.67338492e-01
1317358013.152211905 3.17800249e+02 3.40093355e+02 -1.43582162e+01 -2.12738491e-02 -1.45035280e-02 -7.60570996e-01 6.48744041e-01
1317358013.256417036 3.17708825e+02 3.39743469e+02 -1.43271600e+01 -1.92367609e-02 -1.26724200e-02 -7.76209206e-01 6.30054462e-01
1317358013.360625029 3.17597154e+02 3.39383009e+02 -1.43066559e+01 -1.76312669e-02 -1.07842091e-02 -7.91504785e-01 6.10813405e-01
1317358013.464807987 3.17454285e+02 3.39016559e+02 -1.42824107e+01 -1.73464414e-02 -1.02145759e-02 -8.06635069e-01 5.90706889e-01
1317358013.568967104 3.17283351e+02 3.38646308e+02 -1.42636036e+01 -1.60395951e-02 -1.17264674e-02 -8.21383805e-01 5.70029707e-01
1317358013.673074961 3.17113511e+02 3.38273632e+02 -1.42182200e+01 -1.73952836e-02 -1.07497774e-02 -8.35316220e-01 5.49389352e-01
1317358013.777113914 3.16907930e+02 3.37880704e+02 -1.41918445e+01 -1.77055295e-02 -1.01784524e-02 -8.48227720e-01 5.29237799e-01
1317358013.881130934 3.16689758e+02 3.37479886e+02 -1.41860298e+01 -1.92592039e-02 -8.28504543e-03 -8.59527062e-01 5.10660034e-01
1317358013.985096931 3.16441598e+02 3.37074484e+02 -1.41656342e+01 -2.00706916e-02 -9.41864076e-03 -8.69665110e-01 4.93144049e-01
1317358014.089015961 3.16149199e+02 3.36652485e+02 -1.41311631e+01 -2.23269551e-02 -1.22773788e-02 -8.79312401e-01 4.75563324e-01
1317358014.192910910 3.15837837e+02 3.36234910e+02 -1.40985327e+01 -2.34835163e-02 -1.41801360e-02 -8.87894707e-01 4.59228089e-01
1317358014.296760082 3.15496599e+02 3.35804854e+02 -1.40749831e+01 -2.53903398e-02 -1.45772034e-02 -8.95791575e-01 4.43509065e-01
1317358014.400583029 3.15123505e+02 3.35360039e+02 -1.40541118e+01 -2.59993600e-02 -1.39970894e-02 -9.02976822e-01 4.28673505e-01
1317358014.504405975 3.14772097e+02 3.34909150e+02 -1.40472768e+01 -2.36189192e-02 -1.14453958e-02 -9.09315434e-01 4.15278931e-01
1317358014.608228922 3.14364831e+02 3.34484289e+02 -1.40196033e+01 -2.18254632e-02 -1.26071379e-02 -9.15612435e-01 4.01271203e-01
1317358014.712050915 3.13913693e+02 3.34055013e+02 -1.39869890e+01 -2.08632938e-02 -1.31526840e-02 -9.21453339e-01 3.87705397e-01
1317358014.815850019 3.13458341e+02 3.33607003e+02 -1.39595989e+01 -2.08783032e-02 -1.37502550e-02 -9.26870915e-01 3.74546837e-01
1317358014.919600010 3.12975581e+02 3.33188594e+02 -1.39086287e+01 -2.16070122e-02 -1.51916854e-02 -9.31906609e-01 3.61735292e-01
1317358015.023324966 3.12451624e+02 3.32731041e+02 -1.38725679e+01 -2.06582737e-02 -1.56850521e-02 -9.35451196e-01 3.52502871e-01
1317358015.127027988 3.11903620e+02 3.32271514e+02 -1.38276518e+01 -1.93704288e-02 -1.67904490e-02 -9.38055647e-01 3.45535048e-01
1317358015.230707884 3.11358961e+02 3.31811858e+02 -1.37854118e+01 -1.82965131e-02 -1.99073863e-02 -9.39871210e-01 3.40457109e-01
1317358015.334362030 3.10818155e+02 3.31362015e+02 -1.37391166e+01 -1.78593816e-02 -2.02824743e-02 -9.41209030e-01 3.36742075e-01
1317358015.438015938 3.10260819e+02 3.30880732e+02 -1.37048144e+01 -1.79353847e-02 -1.91608401e-02 -9.41942223e-01 3.34747716e-01
1317358015.541697025 3.09679843e+02 3.30399213e+02 -1.36705511e+01 -1.74948834e-02 -2.12885961e-02 -9.42065592e-01 3.34294998e-01
1317358015.645375967 3.09084443e+02 3.29913993e+02 -1.36376903e+01 -1.71056399e-02 -2.22237461e-02 -9.42078871e-01 3.34216850e-01
1317358015.749077082 3.08541510e+02 3.29438311e+02 -1.35709884e+01 -1.75652380e-02 -2.18141205e-02 -9.41423776e-01 3.36060830e-01
1317358015.852828979 3.07934723e+02 3.28934369e+02 -1.35321262e+01 -1.75797272e-02 -2.08115897e-02 -9.40808516e-01 3.37841927e-01
1317358015.956579924 3.07305298e+02 3.28398555e+02 -1.34725059e+01 -1.78116458e-02 -1.77919895e-02 -9.40626899e-01 3.38507352e-01
1317358016.060305119 3.06693856e+02 3.27859453e+02 -1.34511547e+01 -1.79703857e-02 -1.47236291e-02 -9.40399496e-01 3.39277273e-01
1317358016.164058924 3.06023181e+02 3.27293877e+02 -1.34172667e+01 -1.74980694e-02 -1.55398241e-02 -9.40012614e-01 3.40336036e-01
1317358016.267857075 3.05342181e+02 3.26740783e+02 -1.33802499e+01 -1.75384951e-02 -1.61549552e-02 -9.39388160e-01 3.42025298e-01
1317358016.371654987 3.04676612e+02 3.26174810e+02 -1.33425694e+01 -1.72516479e-02 -1.51790204e-02 -9.39262207e-01 3.42430261e-01
1317358016.475430965 3.03962259e+02 3.25567184e+02 -1.32756109e+01 -1.87120942e-02 -1.60140333e-02 -9.38462377e-01 3.44502214e-01
1317358016.579231024 3.03270953e+02 3.24990938e+02 -1.32267705e+01 -2.08014039e-02 -1.50260129e-02 -9.38089594e-01 3.45440928e-01
1317358016.683075905 3.02566682e+02 3.24385954e+02 -1.31833230e+01 -2.11879606e-02 -1.45081475e-02 -9.37597430e-01 3.46773186e-01
1317358016.786946058 3.01849481e+02 3.23784455e+02 -1.31346610e+01 -2.06074680e-02 -1.31049078e-02 -9.37333862e-01 3.47575638e-01
1317358016.890815020 3.01109851e+02 3.23156699e+02 -1.31121161e+01 -1.52689528e-02 -1.80627404e-02 -9.36474498e-01 3.49937297e-01
1317358016.994683981 3.00371215e+02 3.22530295e+02 -1.30512830e+01 -1.25496736e-02 -1.87097562e-02 -9.36800949e-01 3.49136696e-01
1317358017.098602057 2.99631223e+02 3.21904574e+02 -1.30091267e+01 -1.11265661e-02 -1.80857402e-02 -9.36843668e-01 3.49103203e-01
1317358017.202545881 2.98958569e+02 3.21277298e+02 -1.29553143e+01 -8.90396509e-03 -1.88116134e-02 -9.36621902e-01 3.49723113e-01
1317358017.306489944 2.98250938e+02 3.20672500e+02 -1.29062728e+01 -8.55621278e-03 -1.73862024e-02 -9.37188052e-01 3.48285897e-01
1317358017.410432100 2.97544854e+02 3.20071782e+02 -1.28613917e+01 -8.51137572e-03 -1.67299990e-02 -9.37750664e-01 3.46801607e-01
1317358017.514373064 2.96888184e+02 3.19414174e+02 -1.28031996e+01 -8.91756647e-03 -1.91645412e-02 -9.37171487e-01 3.48228089e-01
1317358017.618315935 2.96148413e+02 3.18785029e+02 -1.27573057e+01 -7.80238284e-03 -1.89444518e-02 -9.37358033e-01 3.47764501e-01
1317358017.722260952 2.95401160e+02 3.18138336e+02 -1.27081043e+01 -6.76879500e-03 -1.90884057e-02 -9.37690283e-01 3.46881464e-01
1317358017.826205969 2.94723566e+02 3.17477754e+02 -1.26721994e+01 -6.29081324e-03 -2.13389914e-02 -9.37220144e-01 3.48027980e-01
1317358017.930149078 2.94021512e+02 3.16856465e+02 -1.26318532e+01 -1.05071627e-02 -2.10594372e-02 -9.37583927e-01 3.46961784e-01
1317358018.034116030 2.93305404e+02 3.16233190e+02 -1.25808345e+01 -1.49286531e-02 -2.13066624e-02 -9.37917532e-01 3.45881286e-01
1317358018.138081074 2.92583630e+02 3.15609433e+02 -1.25269051e+01 -1.61677495e-02 -2.07029675e-02 -9.38519556e-01 3.44225266e-01
1317358018.242048979 2.91913020e+02 3.14949848e+02 -1.24880356e+01 -1.64041388e-02 -1.76992280e-02 -9.37823299e-01 3.46273160e-01
1317358018.346040964 2.91175465e+02 3.14311147e+02 -1.24357183e+01 -1.60492747e-02 -1.58919666e-02 -9.38084590e-01 3.45669159e-01
1317358018.450030088 2.90497084e+02 3.13700712e+02 -1.23989023e+01 -1.35078605e-02 -1.54812448e-02 -9.36910508e-01 3.48964996e-01
1317358018.553997040 2.89783317e+02 3.13074735e+02 -1.23522028e+01 -1.19319402e-02 -1.61335367e-02 -9.36811757e-01 3.49257885e-01
1317358018.657963991 2.89058872e+02 3.12451326e+02 -1.23078940e+01 -1.01920604e-02 -1.62293971e-02 -9.36714760e-01 3.49568573e-01
1317358018.761905909 2.88423442e+02 3.11832860e+02 -1.22462159e+01 -1.16536903e-02 -1.40853490e-02 -9.35639023e-01 3.52484627e-01
1317358018.865848064 2.87723083e+02 3.11198473e+02 -1.21878554e+01 -1.39550643e-02 -1.44343126e-02 -9.35593220e-01 3.52508488e-01
1317358018.969840050 2.87048659e+02 3.10580836e+02 -1.21341828e+01 -1.61383858e-02 -1.44591253e-02 -9.34991511e-01 3.54007572e-01
1317358019.073831081 2.86394908e+02 3.09989834e+02 -1.20826615e+01 -1.72590852e-02 -1.63987934e-02 -9.34386393e-01 3.55464867e-01
1317358019.177820921 2.85764667e+02 3.09407138e+02 -1.20234286e+01 -1.60273040e-02 -1.54214095e-02 -9.34004234e-01 3.56568924e-01
1317358019.281836033 2.85149201e+02 3.08845681e+02 -1.19867024e+01 -1.48822193e-02 -1.34297329e-02 -9.33558218e-01 3.57864801e-01
1317358019.385848999 2.84644889e+02 3.08287853e+02 -1.19785543e+01 -1.31269662e-02 -1.02467306e-02 -9.32260417e-01 3.61404485e-01
1317358019.489837885 2.84055901e+02 3.07725161e+02 -1.19381644e+01 -1.30947335e-02 -1.10383914e-02 -9.31939615e-01 3.62208830e-01
1317358019.593828917 2.83455242e+02 3.07186372e+02 -1.18990008e+01 -1.36949708e-02 -1.14797827e-02 -9.31602394e-01 3.63039450e-01
1317358019.697822094 2.83011455e+02 3.06695275e+02 -1.18745296e+01 -1.37650642e-02 -1.25524460e-02 -9.29697273e-01 3.67853149e-01
1317358019.801814079 2.82456742e+02 3.06178916e+02 -1.18394649e+01 -1.39056697e-02 -1.13392992e-02 -9.29514579e-01 3.68348612e-01
1317358019.905805111 2.81910114e+02 3.05689159e+02 -1.17942239e+01 -1.40330458e-02 -1.17153552e-02 -9.29184414e-01 3.69164121e-01
1317358020.009793997 2.81397724e+02 3.05197142e+02 -1.17580636e+01 -1.43486020e-02 -1.05683194e-02 -9.29046456e-01 3.69533640e-01
1317358020.113782883 2.80938772e+02 3.04760435e+02 -1.16979739e+01 -1.50586568e-02 -8.47377453e-03 -9.28594364e-01 3.70693861e-01
1317358020.217775106 2.80418302e+02 3.04278288e+02 -1.16702396e+01 -1.57220028e-02 -7.31763743e-03 -9.28375955e-01 3.71237603e-01
1317358020.321767092 2.79922010e+02 3.03805988e+02 -1.16280600e+01 -1.60590359e-02 -6.79888587e-03 -9.28014091e-01 3.72136707e-01
1317358020.425757885 2.79533192e+02 3.03353369e+02 -1.15925968e+01 -1.55891315e-02 -9.27984442e-03 -9.27463669e-01 3.73472898e-01
1317358020.529795885 2.79065977e+02 3.02886985e+02 -1.15447702e+01 -1.68152690e-02 -5.17704740e-03 -9.28046785e-01 3.72047859e-01
1317358020.633858919 2.78608294e+02 3.02437690e+02 -1.15175372e+01 -1.68932557e-02 -2.67186315e-03 -9.29367694e-01 3.68758956e-01
1317358020.737921953 2.78227249e+02 3.02019501e+02 -1.14840969e+01 -1.70691731e-02 -9.73635672e-04 -9.29501763e-01 3.68421184e-01
1317358020.841959953 2.77815044e+02 3.01629333e+02 -1.14519675e+01 -1.72230964e-02 -7.13124999e-04 -9.30214245e-01 3.66611941e-01
1317358020.945998907 2.77417570e+02 3.01245817e+02 -1.14230777e+01 -1.68086642e-02 -2.82004246e-03 -9.30638788e-01 3.65542011e-01
1317358021.050040007 2.77040943e+02 3.00885880e+02 -1.13880712e+01 -1.73997634e-02 -2.68208271e-03 -9.31162163e-01 3.64180011e-01
1317358021.154079914 2.76790979e+02 3.00584271e+02 -1.13536920e+01 -1.96951983e-02 -1.59476664e-03 -9.31168659e-01 3.64052858e-01
1317358021.258093119 2.76437132e+02 3.00256779e+02 -1.13178365e+01 -2.10364776e-02 -8.87766396e-04 -9.31177864e-01 3.63956679e-01
1317358021.362082958 2.76087001e+02 2.99928292e+02 -1.12894968e+01 -2.09958954e-02 -7.67792788e-04 -9.30985525e-01 3.64451004e-01
1317358021.466073990 2.75840268e+02 2.99678656e+02 -1.12908513e+01 -1.83187807e-02 -4.22642873e-03 -9.30347856e-01 3.66195886e-01
1317358021.570039034 2.75504901e+02 2.99344541e+02 -1.12682940e+01 -1.87270510e-02 -3.98303450e-03 -9.30273074e-01 3.66367903e-01
1317358021.673981905 2.75183940e+02 2.99017133e+02 -1.12409555e+01 -1.89625864e-02 -4.44570414e-03 -9.30142815e-01 3.66681061e-01
1317358021.777899981 2.74844087e+02 2.98681002e+02 -1.12064686e+01 -2.00683681e-02 -4.67601888e-03 -9.29418453e-01 3.68451808e-01
1317358021.881827116 2.74567896e+02 2.98452197e+02 -1.11872710e+01 -2.33173269e-02 -6.54870385e-03 -9.28348125e-01 3.70922061e-01
1317358021.985744953 2.74233980e+02 2.98128532e+02 -1.11532737e+01 -2.58169665e-02 -7.28574015e-03 -9.27419494e-01 3.73059626e-01
1317358022.089679956 2.73914006e+02 2.97827984e+02 -1.11236535e+01 -2.72932842e-02 -7.99389964e-03 -9.26842350e-01 3.74372052e-01
1317358022.193623066 2.73634437e+02 2.97554448e+02 -1.11135490e+01 -2.74956384e-02 -1.03439347e-02 -9.26320092e-01 3.75590309e-01
1317358022.297564983 2.73313328e+02 2.97253031e+02 -1.10885745e+01 -2.70146165e-02 -1.13467352e-02 -9.25436324e-01 3.77768544e-01
1317358022.401506901 2.72999165e+02 2.96945555e+02 -1.10586962e+01 -2.65792966e-02 -1.11852979e-02 -9.24695403e-01 3.79614069e-01
1317358022.505428076 2.72690120e+02 2.96613395e+02 -1.10187834e+01 -2.53020532e-02 -8.86349688e-03 -9.24118162e-01 3.81165143e-01
1317358022.609348059 2.72370593e+02 2.96321401e+02 -1.09933313e+01 -2.24487940e-02 -5.89128812e-03 -9.23003210e-01 3.84091679e-01
1317358022.713289976 2.72023845e+02 2.95971280e+02 -1.09633663e+01 -1.94410942e-02 -5.31663925e-03 -9.22223765e-01 3.86130942e-01
1317358022.817234993 2.71682151e+02 2.95616543e+02 -1.09318733e+01 -1.77359154e-02 -5.93211741e-03 -9.21265526e-01 3.88484335e-01
1317358022.921178102 2.71332739e+02 2.95255926e+02 -1.08993524e+01 -1.70470363e-02 -7.26523854e-03 -9.20322573e-01 3.90721098e-01
1317358023.025144100 2.70985313e+02 2.94889989e+02 -1.08658470e+01 -1.78184356e-02 -6.62608815e-03 -9.19449595e-01 3.92748062e-01
1317358023.129111052 2.70680618e+02 2.94525040e+02 -1.08491955e+01 -1.63964541e-02 -6.28922238e-03 -9.18551242e-01 3.94911658e-01
1317358023.233102083 2.70329174e+02 2.94134601e+02 -1.08291778e+01 -1.59024479e-02 -5.49408460e-03 -9.17985313e-01 3.96257357e-01
1317358023.337091923 2.69969619e+02 2.93732811e+02 -1.08054555e+01 -1.46611516e-02 -4.82242466e-03 -9.17662118e-01 3.97061747e-01
1317358023.441059113 2.69602971e+02 2.93325703e+02 -1.07777885e+01 -1.41977650e-02 -4.43227373e-03 -9.17241559e-01 3.98053640e-01
1317358023.545047998 2.69215484e+02 2.92904257e+02 -1.07500645e+01 -1.44768399e-02 -4.07327604e-03 -9.17304111e-01 3.97903250e-01
1317358023.649085999 2.68815225e+02 2.92467473e+02 -1.07479685e+01 -1.25228712e-02 -4.52699640e-03 -9.17307974e-01 3.97955732e-01
1317358023.753124952 2.68406696e+02 2.92023150e+02 -1.07265780e+01 -1.37347339e-02 -4.59794041e-03 -9.17723011e-01 3.96956788e-01
1317358023.857141018 2.67989401e+02 2.91560603e+02 -1.07023602e+01 -1.52959558e-02 -4.62193204e-03 -9.18069211e-01 3.96097961e-01
1317358023.961183071 2.67551461e+02 2.91090639e+02 -1.06772473e+01 -1.47903626e-02 -3.33446768e-03 -9.18670033e-01 3.94734718e-01
1317358024.065244913 2.67103909e+02 2.90625418e+02 -1.06496470e+01 -1.57665890e-02 -3.16528221e-03 -9.19001365e-01 3.93926245e-01
1317358024.169305086 2.66652413e+02 2.90139465e+02 -1.06144885e+01 -1.56845735e-02 -2.74219495e-03 -9.19609767e-01 3.92510319e-01
1317358024.273367882 2.66190692e+02 2.89638048e+02 -1.05841276e+01 -1.68444790e-02 -1.29285136e-03 -9.20597125e-01 3.90148081e-01
1317358024.377454042 2.65707658e+02 2.89118662e+02 -1.05571467e+01 -1.81435690e-02 -7.81304495e-04 -9.21915508e-01 3.86965111e-01
1317358024.481565952 2.65187070e+02 2.88608111e+02 -1.05356418e+01 -1.95960870e-02 -6.58679739e-04 -9.23681181e-01 3.82659948e-01
1317358024.585675001 2.64684120e+02 2.88086841e+02 -1.05131439e+01 -1.95130633e-02 -2.99453374e-04 -9.25829805e-01 3.77436515e-01
1317358024.689810038 2.64144830e+02 2.87560935e+02 -1.04905820e+01 -1.96000289e-02 -9.14231366e-04 -9.28383144e-01 3.71106104e-01
1317358024.793919086 2.63596529e+02 2.87036410e+02 -1.04596206e+01 -1.89481551e-02 -2.65088228e-03 -9.31177997e-01 3.64062466e-01
1317358024.898006916 2.62980302e+02 2.86547405e+02 -1.04525115e+01 -1.84929359e-02 -2.90039483e-03 -9.34009601e-01 3.56757151e-01
1317358025.002070904 2.62348042e+02 2.86043185e+02 -1.04185116e+01 -1.91943042e-02 -3.21813520e-03 -9.36116634e-01 3.51150779e-01
1317358025.106107950 2.61704693e+02 2.85513559e+02 -1.03724789e+01 -1.88098148e-02 -3.21624016e-03 -9.38202272e-01 3.45560912e-01
1317358025.210123062 2.61032439e+02 2.84983828e+02 -1.03235915e+01 -1.75385410e-02 -2.08357752e-03 -9.39686131e-01 3.41581664e-01
1317358025.314064980 2.60348572e+02 2.84445252e+02 -1.02732747e+01 -1.70276268e-02 -1.53601483e-05 -9.40892787e-01 3.38276252e-01
1317358025.417983055 2.59643352e+02 2.83882512e+02 -1.02313120e+01 -1.68941010e-02 -7.40823583e-05 -9.41576498e-01 3.36375210e-01
1317358025.521879911 2.58897453e+02 2.83407014e+02 -1.01631410e+01 -1.89064892e-02 1.12415659e-04 -9.42718551e-01 3.33052948e-01
1317358025.625727892 2.58196849e+02 2.82841929e+02 -1.01150468e+01 -1.83222373e-02 5.33136613e-04 -9.42993458e-01 3.32306108e-01
1317358025.729573965 2.57453646e+02 2.82255828e+02 -1.00687497e+01 -1.69514249e-02 1.39635047e-03 -9.42661305e-01 3.33317211e-01
1317358025.833444118 2.56712560e+02 2.81675238e+02 -1.00480100e+01 -1.42464022e-02 2.85739754e-04 -9.43402061e-01 3.31345001e-01
1317358025.937315941 2.55961293e+02 2.81079495e+02 -9.99526802e+00 -1.39426905e-02 -1.31841748e-03 -9.43238852e-01 3.31819727e-01
1317358026.041208029 2.55206658e+02 2.80446197e+02 -9.95369745e+00 -1.72996842e-02 -2.58909965e-03 -9.43030231e-01 3.32246898e-01
1317358026.145103931 2.54452460e+02 2.79826518e+02 -9.89724438e+00 -1.84660944e-02 -3.91422686e-03 -9.42864728e-01 3.32640628e-01
1317358026.248975992 2.53677470e+02 2.79170986e+02 -9.85306740e+00 -1.75076202e-02 -2.93665870e-03 -9.42542805e-01 3.33613430e-01
1317358026.352847099 2.52903855e+02 2.78572748e+02 -9.86381554e+00 -1.40168375e-02 -7.74034825e-03 -9.43330145e-01 3.31469234e-01
1317358026.456718922 2.52129395e+02 2.77950208e+02 -9.81382923e+00 -1.32862601e-02 -7.52809413e-03 -9.43318903e-01 3.31536197e-01
1317358026.560589075 2.51334453e+02 2.77306979e+02 -9.76710488e+00 -1.29084149e-02 -7.42654810e-03 -9.42788272e-01 3.33059293e-01
1317358026.664483070 2.50548799e+02 2.76660335e+02 -9.72558113e+00 -1.23073887e-02 -5.49984469e-03 -9.42236880e-01 3.34675875e-01
1317358026.768377066 2.49744645e+02 2.76071701e+02 -9.69240430e+00 -1.24141571e-02 -7.42849842e-03 -9.42820662e-01 3.32986345e-01
1317358026.872247934 2.48931594e+02 2.75417497e+02 -9.62973458e+00 -1.29085419e-02 -7.50409536e-03 -9.42327542e-01 3.34358880e-01
1317358026.976119995 2.48145023e+02 2.74767453e+02 -9.59404119e+00 -1.40279181e-02 -8.86791471e-03 -9.42017489e-01 3.35153141e-01
1317358027.079989910 2.47360178e+02 2.74126436e+02 -9.54323794e+00 -1.39446745e-02 -1.18873734e-02 -9.41206494e-01 3.37334511e-01
1317358027.183834076 2.46578061e+02 2.73583325e+02 -9.53749159e+00 -1.33599855e-02 -1.35129121e-02 -9.40465107e-01 3.39358653e-01
1317358027.287658930 2.45790240e+02 2.72937072e+02 -9.48511222e+00 -1.21157064e-02 -1.35566677e-02 -9.39188373e-01 3.42920730e-01
1317358027.391482115 2.45035916e+02 2.72300117e+02 -9.43355555e+00 -1.12837666e-02 -1.31148992e-02 -9.38078799e-01 3.45989658e-01
1317358027.495304108 2.44297667e+02 2.71655336e+02 -9.40296853e+00 -1.01338191e-02 -1.45731442e-02 -9.36937593e-01 3.49045664e-01
1317358027.599126101 2.43547578e+02 2.70995153e+02 -9.34824713e+00 -1.18046036e-02 -1.31708820e-02 -9.35953686e-01 3.51678655e-01
1317358027.702949047 2.42808515e+02 2.70318648e+02 -9.31143765e+00 -1.48559667e-02 -1.27148379e-02 -9.34962637e-01 3.54206862e-01
1317358027.806771994 2.42079633e+02 2.69681775e+02 -9.30447350e+00 -1.20286486e-02 -1.68125604e-02 -9.34210235e-01 3.56123414e-01
1317358027.910621881 2.41334131e+02 2.69002942e+02 -9.25902676e+00 -1.07805568e-02 -1.35701508e-02 -9.33559185e-01 3.58004020e-01
1317358028.014492989 2.40586765e+02 2.68318324e+02 -9.21968804e+00 -7.81859966e-03 -1.43139183e-02 -9.33069902e-01 3.59325116e-01
1317358028.118386984 2.39937922e+02 2.67667172e+02 -9.17124043e+00 -7.25433606e-03 -1.73822536e-02 -9.32418866e-01 3.60888197e-01
1317358028.222305059 2.39227903e+02 2.67018597e+02 -9.13858250e+00 -7.78077637e-03 -1.75243905e-02 -9.32408510e-01 3.60897112e-01
1317358028.326247931 2.38539541e+02 2.66363756e+02 -9.10318507e+00 -8.83850925e-03 -1.62080093e-02 -9.32716496e-01 3.60137639e-01
1317358028.430188894 2.37843033e+02 2.65739442e+02 -9.06289564e+00 -9.08189091e-03 -1.68692244e-02 -9.32612186e-01 3.60371280e-01
1317358028.534131050 2.37211540e+02 2.65150926e+02 -8.99954031e+00 -9.11101574e-03 -1.47601510e-02 -9.32090588e-01 3.61809705e-01
1317358028.638073921 2.36563625e+02 2.64559391e+02 -8.96077845e+00 -8.90383846e-03 -1.68909975e-02 -9.31962568e-01 3.62051361e-01
1317358028.742016077 2.35909298e+02 2.63966799e+02 -8.91404425e+00 -7.08844111e-03 -1.95904722e-02 -9.31614711e-01 3.62849827e-01
1317358028.845959902 2.35348816e+02 2.63415666e+02 -8.87755161e+00 -5.71634392e-03 -2.01671374e-02 -9.30697503e-01 3.65188674e-01
1317358028.949904919 2.34733844e+02 2.62841854e+02 -8.83832315e+00 -6.17495263e-03 -1.87646719e-02 -9.30173374e-01 3.66588667e-01
1317358029.053894997 2.34159447e+02 2.62298606e+02 -8.80761748e+00 -6.84428601e-03 -1.89265487e-02 -9.30374968e-01 3.66056499e-01
1317358029.157886028 2.33599384e+02 2.61775073e+02 -8.77587525e+00 -6.46186656e-03 -2.04723222e-02 -9.30354866e-01 3.66031354e-01
1317358029.261877060 2.33116642e+02 2.61290325e+02 -8.73210585e+00 -7.67905714e-03 -1.91310178e-02 -9.30056459e-01 3.66837866e-01
1317358029.365866899 2.32621518e+02 2.60812400e+02 -8.69665674e+00 -8.32261491e-03 -1.75417020e-02 -9.30467805e-01 3.65858834e-01
1317358029.469856977 2.32137502e+02 2.60353623e+02 -8.66969148e+00 -8.99534981e-03 -1.59603354e-02 -9.30793365e-01 3.65086377e-01
1317358029.573847055 2.31670882e+02 2.59896813e+02 -8.64662710e+00 -8.87600384e-03 -1.59280095e-02 -9.30830280e-01 3.64996583e-01
1317358029.677814960 2.31247883e+02 2.59512249e+02 -8.63899511e+00 -8.90831376e-03 -1.28293713e-02 -9.31132757e-01 3.64345768e-01
1317358029.781783104 2.30814378e+02 2.59106143e+02 -8.61229761e+00 -7.82127065e-03 -1.26032769e-02 -9.31258846e-01 3.64056241e-01
1317358029.885725021 2.30400123e+02 2.58715423e+02 -8.57868666e+00 -8.65793130e-03 -8.47914256e-03 -9.31219610e-01 3.64257028e-01
1317358029.989665985 2.30020095e+02 2.58339198e+02 -8.55447033e+00 -8.75245773e-03 -6.72288292e-03 -9.30987402e-01 3.64884441e-01
1317358030.093631983 2.29671401e+02 2.57991393e+02 -8.51006677e+00 -1.11079345e-02 -6.70270537e-04 -9.30910199e-01 3.65078575e-01
1317358030.197576046 2.29325868e+02 2.57657723e+02 -8.49995601e+00 -1.20950390e-02 -1.77405008e-03 -9.30923157e-01 3.65010465e-01
1317358030.301496029 2.28982955e+02 2.57345697e+02 -8.47099563e+00 -1.29588035e-02 -4.30480543e-03 -9.30890403e-01 3.65043280e-01
1317358030.405438900 2.28679518e+02 2.57088360e+02 -8.44832473e+00 -1.32171547e-02 -5.65146950e-03 -9.30852085e-01 3.65113358e-01
1317358030.509385109 2.28349210e+02 2.56784287e+02 -8.41322178e+00 -1.48219928e-02 -7.00664751e-03 -9.30737076e-01 3.65321379e-01
1317358030.613327980 2.28025193e+02 2.56466572e+02 -8.38734332e+00 -1.65621595e-02 -5.14458394e-03 -9.30524576e-01 3.65818590e-01
1317358030.717266083 2.27709289e+02 2.56161806e+02 -8.36706433e+00 -1.76842097e-02 -3.64246479e-03 -9.30290785e-01 3.66378298e-01
1317358030.821208000 2.27405528e+02 2.55953613e+02 -8.37253029e+00 -1.51056293e-02 -5.92561802e-03 -9.31018021e-01 3.64612329e-01
1317358030.925158024 2.27068191e+02 2.55658067e+02 -8.35035869e+00 -1.35222206e-02 -8.69498494e-03 -9.30549142e-01 3.65813944e-01
1317358031.029126883 2.26743944e+02 2.55377894e+02 -8.31700956e+00 -1.32625152e-02 -1.03937500e-02 -9.30325426e-01 3.66347754e-01
1317358031.133112907 2.26437654e+02 2.55098093e+02 -8.28381706e+00 -1.40325277e-02 -1.13595101e-02 -9.29995047e-01 3.67128401e-01
1317358031.237086058 2.26188357e+02 2.54882115e+02 -8.26085049e+00 -1.52503290e-02 -1.02577718e-02 -9.29813801e-01 3.67571084e-01
1317358031.341027021 2.25894131e+02 2.54584658e+02 -8.23479780e+00 -1.51655448e-02 -9.75707203e-03 -9.29321776e-01 3.68830371e-01
1317358031.444938898 2.25604478e+02 2.54314804e+02 -8.23085590e+00 -1.40408104e-02 -1.07069962e-02 -9.28655862e-01 3.70521936e-01
1317358031.548857927 2.25286950e+02 2.54041329e+02 -8.21174783e+00 -1.31719014e-02 -1.22929049e-02 -9.27683082e-01 3.72933621e-01
1317358031.652776003 2.25073135e+02 2.53799098e+02 -8.21767169e+00 -1.26356387e-02 -1.16030561e-02 -9.26441121e-01 3.76048612e-01
1317358031.756692886 2.24787103e+02 2.53505688e+02 -8.18832057e+00 -1.28506053e-02 -1.07301333e-02 -9.25285712e-01 3.78901145e-01
1317358031.860615015 2.24492445e+02 2.53212029e+02 -8.17395384e+00 -1.25437435e-02 -1.09563476e-02 -9.24059281e-01 3.81886186e-01
1317358031.964534998 2.24182840e+02 2.52908076e+02 -8.15517437e+00 -1.13820999e-02 -1.32489517e-02 -9.22760863e-01 3.84977015e-01
1317358032.068451881 2.23897136e+02 2.52610340e+02 -8.14807277e+00 -9.34009295e-03 -1.67905477e-02 -9.21520573e-01 3.87853934e-01
1317358032.172394037 2.23599447e+02 2.52287888e+02 -8.12593329e+00 -1.06510579e-02 -1.73640294e-02 -9.20455939e-01 3.90315141e-01
1317358032.276360989 2.23291079e+02 2.51964290e+02 -8.10579081e+00 -1.30970882e-02 -1.64038310e-02 -9.19592631e-01 3.92312088e-01
1317358032.380326986 2.22972584e+02 2.51616063e+02 -8.08706640e+00 -1.46863130e-02 -1.45249674e-02 -9.18439254e-01 3.95022371e-01
1317358032.484268904 2.22639065e+02 2.51262290e+02 -8.07348875e+00 -1.43445581e-02 -1.40090045e-02 -9.17359130e-01 3.97555288e-01
1317358032.588212967 2.22330205e+02 2.50859562e+02 -8.06377830e+00 -1.32407160e-02 -1.47098972e-02 -9.15910001e-01 4.00895464e-01
1317358032.692181110 2.22006530e+02 2.50476692e+02 -8.03947361e+00 -1.27740007e-02 -1.57830629e-02 -9.14724328e-01 4.03567992e-01
1317358032.796147108 2.21664285e+02 2.50090248e+02 -8.01649409e+00 -1.24202109e-02 -1.63474111e-02 -9.13815348e-01 4.05610664e-01
1317358032.900114059 2.21313286e+02 2.49687141e+02 -7.97900711e+00 -1.24491380e-02 -1.52621336e-02 -9.13339456e-01 4.06722417e-01
1317358033.004080057 2.20964036e+02 2.49277876e+02 -7.95619801e+00 -1.50982630e-02 -1.35746700e-02 -9.12897033e-01 4.07684656e-01
1317358033.108046055 2.20597796e+02 2.48844728e+02 -7.91978136e+00 -1.84199866e-02 -1.23347874e-02 -9.12706537e-01 4.08013890e-01
1317358033.212017059 2.20234835e+02 2.48407416e+02 -7.89627065e+00 -2.08892245e-02 -1.25455445e-02 -9.12562988e-01 4.08209557e-01
1317358033.315983057 2.19836908e+02 2.47946750e+02 -7.86521150e+00 -2.13542529e-02 -1.10157735e-02 -9.12908566e-01 4.07456255e-01
1317358033.419972897 2.19468505e+02 2.47477571e+02 -7.84573913e+00 -1.93969551e-02 -9.46178635e-03 -9.13250937e-01 4.06825464e-01
1317358033.523962021 2.19054948e+02 2.46998755e+02 -7.81846398e+00 -1.66973097e-02 -5.72881083e-03 -9.13972136e-01 4.05392791e-01
1317358033.627926111 2.18615197e+02 2.46505027e+02 -7.77886018e+00 -1.38081844e-02 -2.28783752e-03 -9.14557340e-01 4.04214018e-01
1317358033.731918097 2.18169976e+02 2.45988460e+02 -7.74457949e+00 -1.30409582e-02 4.22675812e-05 -9.15485334e-01 4.02139945e-01
1317358033.835933924 2.17719320e+02 2.45469132e+02 -7.72194098e+00 -1.49726095e-02 2.93962786e-03 -9.16478620e-01 3.99792594e-01
1317358033.939949036 2.17246188e+02 2.44981825e+02 -7.69902178e+00 -1.76851133e-02 2.34717928e-03 -9.17854500e-01 3.96515882e-01
1317358034.043986082 2.16759193e+02 2.44457741e+02 -7.68208360e+00 -1.96369493e-02 1.42302588e-03 -9.19531362e-01 3.92523170e-01
1317358034.148072004 2.16258455e+02 2.43945403e+02 -7.66364504e+00 -2.08298646e-02 7.65836719e-04 -9.21734048e-01 3.87262023e-01
1317358034.252182961 2.15745684e+02 2.43432280e+02 -7.64290610e+00 -2.22221341e-02 2.87326529e-05 -9.24066018e-01 3.81586387e-01
1317358034.356295109 2.15214478e+02 2.42917855e+02 -7.61488022e+00 -2.30320219e-02 -1.18943834e-03 -9.26402775e-01 3.75827100e-01
1317358034.460406065 2.14680308e+02 2.42458911e+02 -7.59266547e+00 -2.26113566e-02 -1.03593553e-03 -9.29355051e-01 3.68492662e-01
1317358034.564515114 2.14118618e+02 2.41964458e+02 -7.54931719e+00 -2.06824796e-02 -8.05360903e-04 -9.31935024e-01 3.62034110e-01
1317358034.668648958 2.13519083e+02 2.41430688e+02 -7.49000782e+00 -1.98178149e-02 7.48943628e-04 -9.34408731e-01 3.55650133e-01
1317358034.772785902 2.12912064e+02 2.40897116e+02 -7.44187541e+00 -1.82023021e-02 4.06291936e-03 -9.37442371e-01 3.47640576e-01
1317358034.876897097 2.12334572e+02 2.40482911e+02 -7.41595428e+00 -1.81330082e-02 7.30884412e-03 -9.40521541e-01 3.39171056e-01
1317358034.980982065 2.11714224e+02 2.39987049e+02 -7.37653459e+00 -1.96742806e-02 9.77622998e-03 -9.43536894e-01 3.30538165e-01
1317358035.084997892 2.11074862e+02 2.39489933e+02 -7.33172311e+00 -2.37273521e-02 7.52200026e-03 -9.45585992e-01 3.24418809e-01
1317358035.188941002 2.10403780e+02 2.38987556e+02 -7.29141176e+00 -2.68918527e-02 4.20442951e-03 -9.47154422e-01 3.19621107e-01
1317358035.292834997 2.09719811e+02 2.38592108e+02 -7.21811998e+00 -2.76575577e-02 2.77523949e-03 -9.49011267e-01 3.14014286e-01
1317358035.396657944 2.09014277e+02 2.38093542e+02 -7.16860968e+00 -2.62330497e-02 1.75343416e-03 -9.49580672e-01 3.12418469e-01
1317358035.500410080 2.08312079e+02 2.37602065e+02 -7.11812538e+00 -2.47064333e-02 -2.57600300e-04 -9.49349290e-01 3.13249822e-01
1317358035.604134083 2.07605389e+02 2.37102653e+02 -7.06640730e+00 -2.33900689e-02 -9.40324816e-04 -9.49121760e-01 3.14038064e-01
1317358035.707860947 2.06889383e+02 2.36727875e+02 -7.08923557e+00 -1.74500861e-02 -1.10044828e-02 -9.50049573e-01 3.11416450e-01
1317358035.811567068 2.06174354e+02 2.36195356e+02 -7.05781118e+00 -1.56322860e-02 -1.13603242e-02 -9.49328962e-01 3.13689490e-01
1317358035.915245056 2.05430193e+02 2.35638344e+02 -7.00903096e+00 -1.50725783e-02 -1.27990438e-02 -9.48387254e-01 3.16497421e-01
1317358036.018945932 2.04693504e+02 2.35087186e+02 -6.96006294e+00 -1.63720419e-02 -1.57993495e-02 -9.47102322e-01 3.20124239e-01
1317358036.122672081 2.03965396e+02 2.34524230e+02 -6.91771948e+00 -1.83352966e-02 -1.94344987e-02 -9.45753911e-01 3.23783348e-01
1317358036.226422071 2.03248634e+02 2.33939774e+02 -6.85387819e+00 -2.15253486e-02 -1.77218877e-02 -9.44286143e-01 3.27942485e-01
1317358036.330199003 2.02533304e+02 2.33346068e+02 -6.79076299e+00 -2.29653870e-02 -1.69413631e-02 -9.42559229e-01 3.32817790e-01
1317358036.433991909 2.01826002e+02 2.32859731e+02 -6.78299203e+00 -2.01585758e-02 -1.82610101e-02 -9.42079469e-01 3.34284970e-01
1317358036.537817001 2.01109896e+02 2.32260443e+02 -6.71874308e+00 -1.86824986e-02 -1.74476841e-02 -9.41353687e-01 3.36451748e-01
1317358036.641647100 2.00385642e+02 2.31626137e+02 -6.66250374e+00 -1.90496608e-02 -1.54626544e-02 -9.40087531e-01 3.40049190e-01
1317358036.745467901 1.99667448e+02 2.30982934e+02 -6.60035793e+00 -1.92923857e-02 -1.41053421e-02 -9.38787008e-01 3.43668150e-01
1317358036.849288940 1.99133441e+02 2.30357607e+02 -6.59932951e+00 -1.53949350e-02 -1.77296487e-02 -9.36982164e-01 3.48587264e-01
1317358036.953136921 1.98410861e+02 2.29722746e+02 -6.54043921e+00 -1.45765080e-02 -1.76522389e-02 -9.36169107e-01 3.50803829e-01
1317358037.057007074 1.97693242e+02 2.29087636e+02 -6.48839210e+00 -1.25337140e-02 -1.88625918e-02 -9.35671298e-01 3.52145327e-01
1317358037.160847902 1.96980735e+02 2.28452143e+02 -6.45370318e+00 -1.18812264e-02 -1.78899328e-02 -9.35277038e-01 3.53264278e-01
1317358037.264693022 1.96384615e+02 2.27887134e+02 -6.47265572e+00 -8.37194199e-03 -1.95637085e-02 -9.34058093e-01 3.56486537e-01
1317358037.368570089 1.95685356e+02 2.27271740e+02 -6.44245743e+00 -1.05547290e-02 -1.82211935e-02 -9.33509436e-01 3.57933958e-01
1317358037.472466946 1.94995021e+02 2.26649075e+02 -6.39952939e+00 -1.09251835e-02 -1.80024449e-02 -9.33128478e-01 3.58925891e-01
1317358037.576384068 1.94302362e+02 2.26003055e+02 -6.35444324e+00 -9.68520644e-03 -1.70630360e-02 -9.33017554e-01 3.59295552e-01
1317358037.680326939 1.93658580e+02 2.25453705e+02 -6.33530736e+00 -8.75409353e-03 -1.67190996e-02 -9.33094367e-01 3.59136103e-01
1317358037.784270048 1.92954119e+02 2.24799892e+02 -6.29224174e+00 -7.66364979e-03 -1.89096841e-02 -9.33561500e-01 3.57836021e-01
1317358037.888187885 1.92252052e+02 2.24159668e+02 -6.24981181e+00 -7.72617020e-03 -2.22806332e-02 -9.33883356e-01 3.56799324e-01
1317358037.992084026 1.91634208e+02 2.23567973e+02 -6.19550221e+00 -1.03938552e-02 -2.22395778e-02 -9.33622959e-01 3.57415080e-01
1317358038.095978975 1.90946663e+02 2.22959581e+02 -6.15655197e+00 -1.00985393e-02 -2.39421910e-02 -9.33664739e-01 3.57204348e-01
1317358038.199898005 1.90250932e+02 2.22360850e+02 -6.10851162e+00 -8.41484804e-03 -2.13459718e-02 -9.33943176e-01 3.56684293e-01
1317358038.303838015 1.89572285e+02 2.21747969e+02 -6.06779307e+00 -6.05469207e-03 -1.70332938e-02 -9.34289361e-01 3.56057014e-01
1317358038.407803059 1.88893752e+02 2.21119835e+02 -6.04468933e+00 -3.27384245e-03 -1.60054690e-02 -9.34836212e-01 3.54703204e-01
1317358038.511770010 1.88236037e+02 2.20562948e+02 -6.01408946e+00 -1.82451777e-03 -1.76212438e-02 -9.35364692e-01 3.53240789e-01
1317358038.615739107 1.87578952e+02 2.19982754e+02 -5.98876107e+00 -2.95931082e-03 -2.08571759e-02 -9.36197956e-01 3.50841286e-01
1317358038.719708920 1.86920759e+02 2.19415279e+02 -5.94168381e+00 -5.96434994e-03 -2.26555836e-02 -9.36348642e-01 3.50288982e-01
1317358038.823652029 1.86345009e+02 2.18879353e+02 -5.90470731e+00 -8.55384045e-03 -2.06489454e-02 -9.35179239e-01 3.53468873e-01
1317358038.927593946 1.85704523e+02 2.18300817e+02 -5.86024068e+00 -7.66608070e-03 -2.11877181e-02 -9.35126399e-01 3.53597128e-01
1317358039.031534910 1.85066742e+02 2.17736921e+02 -5.81346181e+00 -6.32963355e-03 -2.25694971e-02 -9.34767648e-01 3.54485540e-01
1317358039.135454893 1.84459829e+02 2.17187617e+02 -5.78078802e+00 -6.10038985e-03 -2.27484626e-02 -9.34882386e-01 3.54175403e-01
1317358039.239372969 1.83885704e+02 2.16629620e+02 -5.78072625e+00 -3.16190392e-03 -2.34818221e-02 -9.34041175e-01 3.56378576e-01
1317358039.343291044 1.83265197e+02 2.16087259e+02 -5.74348116e+00 -7.52191220e-04 -2.34419513e-02 -9.33754041e-01 3.57146048e-01
1317358039.447211027 1.82659902e+02 2.15541748e+02 -5.71644500e+00 2.26748305e-03 -2.31229445e-02 -9.33500693e-01 3.57822084e-01
1317358039.551130056 1.82072457e+02 2.15015930e+02 -5.69404052e+00 3.19385320e-03 -2.16662120e-02 -9.33029727e-01 3.59132152e-01
1317358039.655049086 1.81532830e+02 2.14524628e+02 -5.65728356e+00 1.54166793e-03 -2.26542976e-02 -9.32582825e-01 3.60241143e-01
1317358039.758991957 1.81002815e+02 2.14055680e+02 -5.62622868e+00 -1.39456818e-03 -2.23990712e-02 -9.32430664e-01 3.60651347e-01
1317358039.862956047 1.80495926e+02 2.13603028e+02 -5.58839410e+00 -3.80080447e-03 -2.09605777e-02 -9.32369238e-01 3.60879220e-01
1317358039.966923952 1.80000316e+02 2.13192090e+02 -5.54260750e+00 -7.03865251e-03 -2.02400069e-02 -9.33116442e-01 3.58935238e-01
1317358040.070867062 1.79525470e+02 2.12759320e+02 -5.50621623e+00 -6.50377703e-03 -1.92484407e-02 -9.32731950e-01 3.59997651e-01
1317358040.174808025 1.79054519e+02 2.12327160e+02 -5.48257575e+00 -5.69029188e-03 -1.89682459e-02 -9.32252310e-01 3.61266462e-01
1317358040.278752089 1.78606155e+02 2.11933429e+02 -5.45373364e+00 -4.53992574e-03 -1.87033599e-02 -9.31773617e-01 3.62529309e-01
1317358040.382671118 1.78239821e+02 2.11594898e+02 -5.42707216e+00 -5.10669434e-03 -1.83357283e-02 -9.32193292e-01 3.61460078e-01
1317358040.486613035 1.77860307e+02 2.11250821e+02 -5.40269162e+00 -5.27334221e-03 -1.67323665e-02 -9.32370524e-01 3.61078144e-01
1317358040.590579033 1.77483824e+02 2.10927946e+02 -5.39260338e+00 -5.63584056e-03 -1.58809889e-02 -9.31248199e-01 3.63995636e-01
1317358040.694545984 1.77138860e+02 2.10618774e+02 -5.37563634e+00 -5.22720000e-03 -1.71986791e-02 -9.30552273e-01 3.65717581e-01
1317358040.798511982 1.76815781e+02 2.10322407e+02 -5.35568681e+00 -5.55114151e-03 -1.80960070e-02 -9.29676253e-01 3.67890995e-01
1317358040.902503014 1.76552692e+02 2.10026569e+02 -5.35669091e+00 -5.57691723e-03 -2.09011049e-02 -9.28021968e-01 3.71896851e-01
1317358041.006493092 1.76242631e+02 2.09745465e+02 -5.33479559e+00 -5.97777713e-03 -1.99643723e-02 -9.26683074e-01 3.75265467e-01
1317358041.110483885 1.75969688e+02 2.09466117e+02 -5.31618601e+00 -6.31026707e-03 -1.89985474e-02 -9.25211029e-01 3.78924514e-01
1317358041.214476109 1.75704321e+02 2.09203959e+02 -5.29515748e+00 -6.85219147e-03 -1.82582398e-02 -9.23493289e-01 3.83118558e-01
1317358041.318466902 1.75515902e+02 2.08953935e+02 -5.28309860e+00 -6.52008251e-03 -1.96703019e-02 -9.19684982e-01 3.92109807e-01
1317358041.422458887 1.75269096e+02 2.08692509e+02 -5.26520185e+00 -7.33067554e-03 -1.88580825e-02 -9.17711054e-01 3.96732976e-01
1317358041.526426077 1.75039138e+02 2.08428806e+02 -5.24981839e+00 -8.84418621e-03 -1.85389678e-02 -9.15456999e-01 4.01891242e-01
1317358041.630367994 1.74816700e+02 2.08167562e+02 -5.22581076e+00 -1.00763794e-02 -1.70302775e-02 -9.12933323e-01 4.07628732e-01
1317358041.734309912 1.74709766e+02 2.07884599e+02 -5.20126874e+00 -1.16619715e-02 -1.46125535e-02 -9.09483946e-01 4.15318461e-01
1317358041.838253021 1.74500948e+02 2.07614477e+02 -5.18749688e+00 -1.28089890e-02 -1.35760297e-02 -9.06183125e-01 4.22473390e-01
1317358041.942174911 1.74312227e+02 2.07372127e+02 -5.17821477e+00 -1.31310274e-02 -1.29530432e-02 -9.02932741e-01 4.29385911e-01
1317358042.046070099 1.74129169e+02 2.07137493e+02 -5.16965077e+00 -1.31493752e-02 -1.23434142e-02 -8.99362977e-01 4.36830596e-01
1317358042.149920940 1.74022276e+02 2.06905530e+02 -5.17576355e+00 -1.26439951e-02 -1.29951191e-02 -8.94734449e-01 4.46230346e-01
1317358042.253742933 1.73854508e+02 2.06680748e+02 -5.16342275e+00 -1.16219190e-02 -1.23766955e-02 -8.90333735e-01 4.54991856e-01
1317358042.357558966 1.73705450e+02 2.06429154e+02 -5.14379807e+00 -1.12782119e-02 -1.06389637e-02 -8.84835481e-01 4.65645558e-01
1317358042.461358070 1.73572314e+02 2.06192682e+02 -5.12845961e+00 -1.07519705e-02 -8.08088773e-03 -8.78840028e-01 4.76926932e-01
1317358042.565135002 1.73449726e+02 2.05951196e+02 -5.11451251e+00 -1.05517624e-02 -4.92146662e-03 -8.72432338e-01 4.88596208e-01
1317358042.668932915 1.73396585e+02 2.05701608e+02 -5.09841162e+00 -1.08651506e-02 -4.96860204e-03 -8.64878355e-01 5.01839310e-01
1317358042.772751093 1.73274308e+02 2.05460938e+02 -5.08263715e+00 -1.04311888e-02 -4.03784598e-03 -8.57996368e-01 5.13533951e-01
1317358042.876550913 1.73161929e+02 2.05195522e+02 -5.06933222e+00 -1.06073971e-02 -3.27741056e-03 -8.49964548e-01 5.26722895e-01
1317358042.980328083 1.73048365e+02 2.04941739e+02 -5.06241583e+00 -1.07378633e-02 -3.24120224e-03 -8.41951669e-01 5.39436353e-01
1317358043.084103107 1.72964125e+02 2.04702473e+02 -5.05647550e+00 -1.07366589e-02 -4.20715031e-03 -8.33043016e-01 5.53088019e-01
1317358043.187850952 1.72967367e+02 2.04450769e+02 -5.05218716e+00 -1.14273103e-02 -6.04364834e-03 -8.23262239e-01 5.67514032e-01
1317358043.291579008 1.72882734e+02 2.04178468e+02 -5.03416360e+00 -1.29709767e-02 -5.03081474e-03 -8.14206583e-01 5.80408550e-01
1317358043.395304918 1.72808697e+02 2.03895621e+02 -5.02390403e+00 -1.41714466e-02 -4.34384439e-03 -8.04435121e-01 5.93855569e-01
1317358043.499054909 1.72750409e+02 2.03612372e+02 -5.01792045e+00 -1.46891779e-02 -4.12433047e-03 -7.93835325e-01 6.07941358e-01
1317358043.602804899 1.72698523e+02 2.03323660e+02 -5.01369324e+00 -1.49215739e-02 -5.08098718e-03 -7.83221926e-01 6.21542392e-01
1317358043.706510067 1.72687062e+02 2.03032726e+02 -5.00557144e+00 -1.56773181e-02 -5.97103583e-03 -7.71558178e-01 6.35937533e-01
1317358043.810214043 1.72652549e+02 2.02717417e+02 -4.99709986e+00 -1.61987340e-02 -6.83252418e-03 -7.59414340e-01 6.50369724e-01
1317358043.913943052 1.72615687e+02 2.02374567e+02 -4.97638925e+00 -1.58495220e-02 -7.14253294e-03 -7.46607792e-01 6.65037278e-01
1317358044.017669916 1.72603332e+02 2.02020130e+02 -4.97399366e+00 -1.53790632e-02 -7.88891419e-03 -7.32695914e-01 6.80336642e-01
1317358044.121395111 1.72608573e+02 2.01651145e+02 -4.96142806e+00 -1.57689067e-02 -8.29795363e-03 -7.18010348e-01 6.95804301e-01
1317358044.225120068 1.72688342e+02 2.01276732e+02 -4.94309667e+00 -1.66104794e-02 -5.00983025e-03 -7.04259199e-01 7.09730916e-01
1317358044.328846931 1.72742980e+02 2.00860809e+02 -4.93082445e+00 -1.71367333e-02 -4.27586021e-03 -6.89603422e-01 7.23971802e-01
1317358044.432573080 1.72806417e+02 2.00440648e+02 -4.91827570e+00 -1.60516566e-02 -3.16748391e-03 -6.74524498e-01 7.38071144e-01
1317358044.536324978 1.72886235e+02 1.99991030e+02 -4.89924420e+00 -1.47064436e-02 -3.59480322e-03 -6.59283218e-01 7.51742267e-01
1317358044.640125036 1.72974825e+02 1.99528689e+02 -4.88376035e+00 -1.34139395e-02 -3.05987387e-03 -6.43581422e-01 7.65253982e-01
1317358044.743949890 1.73083370e+02 1.99060436e+02 -4.87730989e+00 -1.25867425e-02 -2.88968703e-03 -6.28389007e-01 7.77792054e-01
1317358044.847820044 1.73287744e+02 1.98538991e+02 -4.87576299e+00 -1.26568103e-02 -3.12314176e-03 -6.11492337e-01 7.91142954e-01
1317358044.951785088 1.73419425e+02 1.98058548e+02 -4.86551320e+00 -1.14574615e-02 -2.77923850e-03 -5.98319807e-01 8.01170650e-01
1317358045.055799007 1.73586697e+02 1.97565147e+02 -4.84622512e+00 -1.13468187e-02 -2.46613253e-03 -5.87428960e-01 8.09192428e-01
1317358045.159862995 1.73770041e+02 1.97048837e+02 -4.82683617e+00 -1.18633671e-02 -2.10366815e-03 -5.77508466e-01 8.16295784e-01
1317358045.263976097 1.73966912e+02 1.96509173e+02 -4.81745810e+00 -1.18387384e-02 -2.12493214e-03 -5.69026536e-01 8.22231190e-01
1317358045.368108988 1.74179918e+02 1.95925000e+02 -4.81440548e+00 -9.29641468e-03 -3.28061590e-03 -5.60825516e-01 8.27875326e-01
1317358045.472218037 1.74416185e+02 1.95339509e+02 -4.79747558e+00 -6.01501792e-03 -5.32387324e-03 -5.53651383e-01 8.32709807e-01
1317358045.576256990 1.74664482e+02 1.94727417e+02 -4.77467176e+00 -3.11020089e-03 -5.63205941e-03 -5.45003481e-01 8.38409096e-01
1317358045.680273056 1.74962131e+02 1.94128096e+02 -4.76528978e+00 -7.42744470e-04 -2.80835749e-03 -5.35843582e-01 8.44312274e-01
1317358045.784261942 1.75255992e+02 1.93519424e+02 -4.75188916e+00 2.68086348e-03 -2.00782016e-03 -5.25581111e-01 8.50736902e-01
1317358045.888205051 1.75588145e+02 1.92915284e+02 -4.74650090e+00 5.00958116e-03 -7.12459788e-04 -5.14869183e-01 8.57253825e-01
1317358045.992147923 1.75907079e+02 1.92341803e+02 -4.74074353e+00 8.39818636e-03 3.03653341e-04 -5.04260526e-01 8.63510683e-01
1317358046.096115112 1.76240858e+02 1.91790475e+02 -4.73590617e+00 9.16393891e-03 5.58706391e-04 -4.92919215e-01 8.70026642e-01
1317358046.200081110 1.76590615e+02 1.91241403e+02 -4.75983058e+00 9.38239049e-03 2.04139978e-03 -4.83340422e-01 8.75379826e-01
1317358046.304047108 1.76943823e+02 1.90722669e+02 -4.75871201e+00 9.03324685e-03 1.82646447e-03 -4.71688740e-01 8.81716960e-01
1317358046.408037901 1.77294585e+02 1.90212116e+02 -4.76360271e+00 8.21752993e-03 1.31783371e-03 -4.60853016e-01 8.87437453e-01
1317358046.512053013 1.77657689e+02 1.89695525e+02 -4.77009636e+00 6.20924412e-03 9.30820984e-04 -4.49475383e-01 8.93270653e-01
1317358046.616092920 1.78019419e+02 1.89211546e+02 -4.76896412e+00 4.71747509e-03 -1.49425455e-04 -4.39227193e-01 8.98363621e-01
1317358046.720202923 1.78388081e+02 1.88751594e+02 -4.76090923e+00 3.99666781e-03 -9.68445072e-04 -4.30541054e-01 9.02561627e-01
1317358046.824362040 1.78793474e+02 1.88305044e+02 -4.76397066e+00 3.22884908e-03 -1.78471920e-03 -4.25078328e-01 9.05149051e-01
1317358046.928544044 1.79196155e+02 1.87835437e+02 -4.75090991e+00 2.30329863e-03 -1.07252572e-03 -4.20449385e-01 9.07312437e-01
1317358047.032752037 1.79616890e+02 1.87364049e+02 -4.73837339e+00 2.88789938e-03 -1.49160281e-03 -4.16538692e-01 9.09112179e-01
1317358047.136910915 1.80032843e+02 1.86879120e+02 -4.72687265e+00 4.39464612e-03 -1.58464788e-03 -4.12578351e-01 9.10910138e-01
1317358047.241043091 1.80430364e+02 1.86461140e+02 -4.70901654e+00 6.10082149e-03 -8.19805376e-04 -4.09302126e-01 9.12378144e-01
1317358047.345156908 1.80872019e+02 1.86170946e+02 -4.68036052e+00 6.77116794e-03 4.87944412e-04 -4.01609688e-01 9.15785767e-01
1317358047.449245930 1.81293260e+02 1.85740890e+02 -4.66995427e+00 7.41871704e-03 -2.74272289e-04 -3.98513845e-01 9.17132271e-01
1317358047.553353071 1.81706454e+02 1.85326017e+02 -4.66235830e+00 6.68887733e-03 -9.04817518e-04 -3.96509929e-01 9.18005619e-01
1317358047.657464027 1.82123166e+02 1.84872334e+02 -4.65894384e+00 7.83839319e-03 -1.83852644e-03 -3.94131822e-01 9.19018654e-01
1317358047.761574984 1.82553250e+02 1.84423192e+02 -4.64390358e+00 6.12441835e-03 -2.01428018e-03 -3.93476006e-01 9.19312279e-01
1317358047.865663052 1.82999507e+02 1.84070272e+02 -4.61744154e+00 4.51030824e-03 -1.38660447e-03 -3.92147705e-01 9.19890163e-01
1317358047.969748974 1.83459787e+02 1.83576552e+02 -4.61112961e+00 5.65769660e-03 -2.23939651e-03 -3.90024071e-01 9.20784557e-01
1317358048.073832989 1.83934754e+02 1.83097643e+02 -4.60036092e+00 7.09732708e-03 -1.65436233e-03 -3.89322702e-01 9.21072595e-01
1317358048.177896023 1.84418539e+02 1.82614567e+02 -4.59120630e+00 8.07479703e-03 -1.71252716e-03 -3.88222193e-01 9.21528835e-01
1317358048.281938076 1.84909721e+02 1.82111664e+02 -4.58684277e+00 7.67449022e-03 -1.71959734e-03 -3.86645684e-01 9.22194806e-01
1317358048.385952950 1.85376293e+02 1.81717599e+02 -4.62209819e+00 3.13489028e-03 -6.73542804e-04 -3.84566729e-01 9.23091626e-01
1317358048.489964962 1.85897199e+02 1.81210989e+02 -4.61357977e+00 2.07396099e-03 -1.00030622e-03 -3.83725506e-01 9.23444332e-01
1317358048.593981028 1.86415572e+02 1.80711985e+02 -4.60842031e+00 1.63834660e-03 -1.33286009e-03 -3.82833494e-01 9.23814947e-01
1317358048.697995901 1.86940536e+02 1.80180558e+02 -4.59925557e+00 1.62085860e-03 -1.62836786e-03 -3.81408833e-01 9.24403604e-01
1317358048.802010059 1.87486129e+02 1.79660729e+02 -4.58769309e+00 1.34220731e-03 -1.91782665e-03 -3.80756946e-01 9.24672195e-01
1317358048.906049013 1.88031556e+02 1.79143945e+02 -4.57916562e+00 -4.35247559e-04 -3.43973276e-03 -3.80482201e-01 9.24781744e-01
1317358049.010087013 1.88622047e+02 1.78729912e+02 -4.58907719e+00 -3.68914333e-03 -3.28211488e-03 -3.78385362e-01 9.25634991e-01
1317358049.114125967 1.89202010e+02 1.78167275e+02 -4.58049632e+00 -3.57318811e-03 -3.47340271e-03 -3.78059306e-01 9.25767967e-01
1317358049.218163967 1.89780896e+02 1.77587018e+02 -4.56576578e+00 -3.32341495e-03 -1.56761546e-03 -3.78419535e-01 9.25626897e-01
1317358049.322155952 1.90373662e+02 1.76998815e+02 -4.55679217e+00 -4.87420405e-03 -2.83397127e-04 -3.78038326e-01 9.25777071e-01
1317358049.426121950 1.90971855e+02 1.76424549e+02 -4.54377179e+00 -4.41430514e-03 -1.00754719e-03 -3.78223235e-01 9.25703345e-01
1317358049.530090094 1.91581077e+02 1.75916223e+02 -4.56718061e+00 -6.51781198e-03 1.10526539e-03 -3.74825313e-01 9.27071886e-01
1317358049.634057045 1.92205340e+02 1.75327067e+02 -4.56423840e+00 -5.66576638e-03 1.51817001e-03 -3.74233436e-01 9.27315982e-01
1317358049.738023043 1.92857632e+02 1.74695224e+02 -4.55891509e+00 -4.11946218e-03 2.61614013e-03 -3.71326499e-01 9.28489535e-01
1317358049.841967106 1.93516795e+02 1.74072763e+02 -4.55207247e+00 -2.84631070e-03 2.86220646e-03 -3.68132629e-01 9.29764526e-01
1317358049.945884943 1.94190042e+02 1.73438764e+02 -4.54740256e+00 -2.46922477e-03 3.06375721e-03 -3.64993993e-01 9.31001558e-01
1317358050.049802065 1.94924234e+02 1.72790832e+02 -4.51588131e+00 -5.89426731e-03 1.90508212e-03 -3.60906918e-01 9.32581270e-01
1317358050.153744936 1.95630850e+02 1.72168169e+02 -4.50899821e+00 -5.91920763e-03 4.89182853e-04 -3.58357748e-01 9.33565449e-01
1317358050.257711887 1.96333573e+02 1.71537999e+02 -4.49380527e+00 -7.58343689e-03 3.33388063e-04 -3.56643161e-01 9.34209846e-01
1317358050.361702919 1.97052544e+02 1.70912688e+02 -4.47877694e+00 -1.06544556e-02 9.22426268e-04 -3.56066458e-01 9.34399438e-01
1317358050.465694904 1.97774654e+02 1.70280008e+02 -4.47345085e+00 -1.14756142e-02 3.32595789e-03 -3.55857262e-01 9.34463941e-01
1317358050.569684982 1.98539913e+02 1.69634864e+02 -4.46391444e+00 -1.16188254e-02 3.23764738e-03 -3.55460809e-01 9.34613361e-01
1317358050.673697948 1.99280054e+02 1.68967791e+02 -4.45593609e+00 -1.39172864e-02 3.98405563e-03 -3.55918786e-01 9.34404759e-01
1317358050.777714014 2.00016871e+02 1.68297312e+02 -4.44605988e+00 -1.47785132e-02 3.77623531e-03 -3.56440582e-01 9.34193474e-01
1317358050.881728888 2.00763001e+02 1.67652750e+02 -4.42924250e+00 -1.69344348e-02 5.00275426e-03 -3.57421396e-01 9.33776281e-01
1317358050.985765934 2.01527639e+02 1.66979350e+02 -4.42802745e+00 -1.61450829e-02 7.39871112e-03 -3.58687068e-01 9.33288906e-01
1317358051.089806080 2.02260864e+02 1.66301786e+02 -4.42871352e+00 -1.41929885e-02 8.79165556e-03 -3.61824925e-01 9.32096556e-01
1317358051.193845987 2.03014451e+02 1.65617116e+02 -4.41394254e+00 -1.52715781e-02 8.84527658e-03 -3.64109617e-01 9.31188878e-01
1317358051.297908068 2.03764319e+02 1.64938968e+02 -4.41094750e+00 -1.67510089e-02 8.77527701e-03 -3.67341782e-01 9.29893765e-01
1317358051.401993990 2.04509632e+02 1.64240986e+02 -4.40686104e+00 -1.73615371e-02 8.42002450e-03 -3.70837535e-01 9.28497282e-01
1317358051.506104946 2.05244036e+02 1.63541354e+02 -4.40508666e+00 -1.67493433e-02 6.84573181e-03 -3.76241504e-01 9.26344928e-01
1317358051.610215902 2.06000192e+02 1.62819025e+02 -4.35013922e+00 -1.95811529e-02 8.04253035e-03 -3.83572916e-01 9.23267954e-01
1317358051.714303017 2.06736271e+02 1.62093443e+02 -4.35447482e+00 -1.72557513e-02 8.20373888e-03 -3.89700557e-01 9.20743403e-01
1317358051.818366051 2.07460598e+02 1.61347805e+02 -4.33645063e+00 -1.69180483e-02 7.39225251e-03 -3.95861577e-01 9.18124581e-01
1317358051.922415972 2.08173366e+02 1.60586499e+02 -4.32692081e+00 -1.67406942e-02 5.47656873e-03 -4.01548571e-01 9.15668336e-01
1317358052.026407957 2.08889058e+02 1.59812972e+02 -4.31955783e+00 -1.59429959e-02 2.67995676e-03 -4.07443023e-01 9.13087522e-01
1317358052.130364895 2.09674391e+02 1.58989310e+02 -4.32309322e+00 -1.69816409e-02 3.86296364e-03 -4.11847822e-01 9.11086205e-01
1317358052.234282017 2.10398786e+02 1.58156825e+02 -4.30847213e+00 -1.38668265e-02 3.47038627e-03 -4.15682473e-01 9.09397465e-01
1317358052.338151932 2.11127652e+02 1.57300752e+02 -4.29456245e+00 -1.10061966e-02 2.23427379e-03 -4.18100904e-01 9.08331165e-01
1317358052.441998005 2.11840060e+02 1.56442199e+02 -4.27816933e+00 -1.02971817e-02 1.75909876e-03 -4.19494563e-01 9.07697739e-01
1317358052.545821905 2.12544546e+02 1.55589226e+02 -4.27003431e+00 -7.89342827e-03 2.30084285e-04 -4.20117533e-01 9.07435342e-01
1317358052.649620056 2.13284200e+02 1.54613925e+02 -4.26294204e+00 -6.50103960e-03 1.41037102e-03 -4.21785396e-01 9.06671289e-01
1317358052.753418922 2.13997555e+02 1.53776070e+02 -4.24314125e+00 -5.48381162e-03 1.27781951e-03 -4.20524437e-01 9.07263740e-01
1317358052.857218027 2.14712515e+02 1.52931741e+02 -4.22898352e+00 -2.19778114e-03 -1.00686777e-03 -4.19508209e-01 9.07748323e-01
1317358052.960993052 2.15434136e+02 1.52081385e+02 -4.21724102e+00 -4.43816811e-05 -1.95909649e-03 -4.17483446e-01 9.08682416e-01
1317358053.064769983 2.16207281e+02 1.51149790e+02 -4.22541831e+00 -3.94352170e-04 6.00718511e-04 -4.17012212e-01 9.08900599e-01
1317358053.168543100 2.16929053e+02 1.50328324e+02 -4.20104963e+00 1.78191628e-03 -3.52273131e-05 -4.15723662e-01 9.09489230e-01
1317358053.272291899 2.17688102e+02 1.49465011e+02 -4.18124795e+00 4.35135151e-03 -1.67777014e-03 -4.13955324e-01 9.10285252e-01
1317358053.376066923 2.18460328e+02 1.48599777e+02 -4.16185920e+00 5.49542153e-03 -1.43130075e-03 -4.12537564e-01 9.10922889e-01
1317358053.479866028 2.19233491e+02 1.47744631e+02 -4.15524091e+00 7.96006455e-03 5.01681705e-04 -4.10986110e-01 9.11606715e-01
1317358053.583666086 2.20005086e+02 1.46987156e+02 -4.11300068e+00 5.59254819e-03 4.21073125e-03 -4.10258227e-01 9.11942531e-01
1317358053.687465906 2.20772032e+02 1.46135990e+02 -4.11994203e+00 6.95854418e-03 3.32826085e-03 -4.10824462e-01 9.11681832e-01
1317358053.791239977 2.21529679e+02 1.45250327e+02 -4.10677504e+00 5.58166409e-03 2.15418926e-03 -4.11614366e-01 9.11338476e-01
1317358053.895037889 2.22307912e+02 1.44361311e+02 -4.09988316e+00 4.47349953e-03 1.40941835e-03 -4.12871101e-01 9.10777391e-01
1317358053.998861074 2.23103216e+02 1.43469816e+02 -4.09542773e+00 4.24731101e-03 1.58045224e-03 -4.13308055e-01 9.10579988e-01
1317358054.102663994 2.23927304e+02 1.42575737e+02 -4.09363378e+00 -2.92667809e-03 4.14912633e-03 -4.12556466e-01 9.10917879e-01
1317358054.206461906 2.24729966e+02 1.41691636e+02 -4.09787133e+00 -1.81080249e-04 3.60469281e-03 -4.13352888e-01 9.10563761e-01
1317358054.310254097 2.25534616e+02 1.40792815e+02 -4.09367440e+00 -3.73503078e-04 4.43343633e-03 -4.12988522e-01 9.10725362e-01
1317358054.414052963 2.26356220e+02 1.39875842e+02 -4.08961235e+00 2.46586936e-03 4.02516266e-03 -4.12337735e-01 9.11018830e-01
1317358054.517875910 2.27180410e+02 1.38934335e+02 -4.08071852e+00 3.06771627e-03 3.10882466e-03 -4.11339362e-01 9.11471806e-01
1317358054.621675968 2.27981231e+02 1.38023435e+02 -4.05425866e+00 -2.72901777e-04 3.23297017e-03 -4.09530020e-01 9.12290872e-01
1317358054.725450039 2.28823887e+02 1.37083468e+02 -4.04039550e+00 2.35990646e-04 1.18743884e-03 -4.09393451e-01 9.12357132e-01
1317358054.829251051 2.29654649e+02 1.36148106e+02 -4.02672123e+00 -2.15677697e-04 4.44060326e-04 -4.09302803e-01 9.12398472e-01
1317358054.933073997 2.30484539e+02 1.35225523e+02 -4.01207898e+00 2.83740680e-03 -5.85003151e-05 -4.09202410e-01 9.12439221e-01
1317358055.036895990 2.31324419e+02 1.34388111e+02 -4.03458391e+00 2.01637686e-03 3.00024348e-03 -4.08244842e-01 9.12865314e-01
1317358055.140717030 2.32164838e+02 1.33435541e+02 -4.02989001e+00 2.64388508e-03 2.85092431e-03 -4.08795332e-01 9.12617805e-01
1317358055.244539022 2.33001261e+02 1.32457059e+02 -4.01713313e+00 3.85747739e-03 1.23914390e-03 -4.08968758e-01 9.12539391e-01
1317358055.348362923 2.33814926e+02 1.31521336e+02 -4.00516925e+00 6.55051221e-03 -9.27052363e-04 -4.09193779e-01 9.12423521e-01
1317358055.452187061 2.34655275e+02 1.30583309e+02 -3.98505881e+00 5.23812177e-03 -1.80853040e-03 -4.10058329e-01 9.12042465e-01
1317358055.556010962 2.35461012e+02 1.29618107e+02 -3.97834190e+00 6.32449614e-05 -7.94281681e-05 -4.11468430e-01 9.11424007e-01
1317358055.659833908 2.36338601e+02 1.28663626e+02 -3.95592302e+00 -6.11589133e-04 5.14076410e-04 -4.11860156e-01 9.11246714e-01
1317358055.763655901 2.37212033e+02 1.27709535e+02 -3.94230601e+00 -6.06787230e-04 2.00546430e-03 -4.12028164e-01 9.11168701e-01
1317358055.867477894 2.38086676e+02 1.26718586e+02 -3.94384448e+00 3.93397939e-03 -2.22901940e-04 -4.10803247e-01 9.11715507e-01
1317358055.971302032 2.38940685e+02 1.25748457e+02 -3.93773824e+00 6.14738724e-03 -1.19616661e-03 -4.10375193e-01 9.11895268e-01
1317358056.075098991 2.39788111e+02 1.24792379e+02 -3.91809383e+00 6.99221616e-03 -1.97852002e-03 -4.10075645e-01 9.12022565e-01
1317358056.178899050 2.40641936e+02 1.23837744e+02 -3.90228500e+00 7.21378566e-03 -1.76162566e-03 -4.09205132e-01 9.12412198e-01
1317358056.282720089 2.41546920e+02 1.23000783e+02 -3.92156917e+00 5.11855072e-03 -4.21632735e-04 -4.05853594e-01 9.13923674e-01
1317358056.386542082 2.42427961e+02 1.22063586e+02 -3.90630718e+00 4.13599454e-03 -8.47080749e-04 -4.05958787e-01 9.13881633e-01
1317358056.490340948 2.43319101e+02 1.21111623e+02 -3.90064147e+00 6.67015210e-03 -1.40437191e-03 -4.05292814e-01 9.14161513e-01
1317358056.594139099 2.44187215e+02 1.20167465e+02 -3.88384432e+00 8.25697660e-03 -1.34764570e-03 -4.04347190e-01 9.14567305e-01
1317358056.697915077 2.45057594e+02 1.19205022e+02 -3.87372597e+00 8.76221862e-03 -2.50205130e-04 -4.03543860e-01 9.14918310e-01
1317358056.801666021 2.45919145e+02 1.18434625e+02 -3.90386490e+00 6.18590560e-03 4.70779723e-03 -4.01368327e-01 9.15883746e-01
1317358056.905415058 2.46795631e+02 1.17488922e+02 -3.89841520e+00 6.09464044e-03 5.71445794e-03 -4.00863858e-01 9.16099540e-01
1317358057.009169102 2.47677018e+02 1.16541389e+02 -3.89679326e+00 6.84264039e-03 5.03230267e-03 -4.00879989e-01 9.16091201e-01
1317358057.112921953 2.48566492e+02 1.15574235e+02 -3.89092279e+00 8.25321089e-03 3.11655271e-03 -3.99955427e-01 9.16492132e-01
1317358057.216670036 2.49428080e+02 1.14628102e+02 -3.88936905e+00 9.29549198e-03 2.51384991e-03 -3.98968789e-01 9.16913943e-01
1317358057.320417881 2.50236212e+02 1.13748040e+02 -3.91169804e+00 3.74542835e-03 7.35198187e-03 -4.00091139e-01 9.16438214e-01
1317358057.424170971 2.51113081e+02 1.12822807e+02 -3.90270000e+00 3.94559343e-03 8.10220153e-03 -3.99243741e-01 9.16800536e-01
1317358057.527921915 2.51989634e+02 1.11885691e+02 -3.89656874e+00 4.33206276e-03 8.33692652e-03 -3.98075756e-01 9.17304432e-01
1317358057.631648064 2.52863113e+02 1.10961591e+02 -3.89480989e+00 4.25916401e-03 8.14184864e-03 -3.97386959e-01 9.17605130e-01
1317358057.735421896 2.53723368e+02 1.10047636e+02 -3.89501481e+00 2.28381227e-03 7.63149749e-03 -3.97101287e-01 9.17740221e-01
1317358057.839220047 2.54559398e+02 1.09179400e+02 -3.91930162e+00 -2.18403994e-04 7.72575482e-03 -3.94787461e-01 9.18739966e-01
1317358057.943043947 2.55430644e+02 1.08278773e+02 -3.91545462e+00 -1.78889929e-03 8.48802895e-03 -3.93198291e-01 9.19412779e-01
1317358058.046891928 2.56315340e+02 1.07350416e+02 -3.92030877e+00 -5.75993872e-04 9.55695367e-03 -3.91530170e-01 9.20115460e-01
1317358058.150712967 2.57193577e+02 1.06426459e+02 -3.92105391e+00 1.04692343e-03 9.96726260e-03 -3.91423697e-01 9.20155990e-01
1317358058.254535913 2.58028932e+02 1.05622745e+02 -3.94004592e+00 -7.61376752e-04 1.11858997e-02 -3.90913073e-01 9.20359313e-01
1317358058.358335018 2.58911004e+02 1.04695760e+02 -3.94144308e+00 2.29006746e-04 1.00726707e-02 -3.90886775e-01 9.20383625e-01
1317358058.462133884 2.59786702e+02 1.03772005e+02 -3.93488264e+00 -1.74940888e-03 1.04425784e-02 -3.90847947e-01 9.20394358e-01
1317358058.565958023 2.60680968e+02 1.02862698e+02 -3.94140497e+00 -1.25597618e-03 9.07433084e-03 -3.90428338e-01 9.20587743e-01
1317358058.669756889 2.61560275e+02 1.01961766e+02 -3.94431641e+00 -1.38013388e-03 1.04327752e-02 -3.90124868e-01 9.20701819e-01
1317358058.773554087 2.62455606e+02 1.01039120e+02 -3.94746792e+00 -1.54737972e-03 1.07434490e-02 -3.89508625e-01 9.20958856e-01
1317358058.877352953 2.63267118e+02 1.00168582e+02 -3.98447313e+00 1.56963803e-03 1.11614197e-02 -3.91002859e-01 9.20320446e-01
1317358058.981127977 2.64136963e+02 9.92687714e+01 -3.98959650e+00 3.81117356e-03 1.09858153e-02 -3.90756533e-01 9.20420620e-01
1317358059.084902048 2.64997624e+02 9.83783804e+01 -4.00133895e+00 3.94278059e-03 1.10586059e-02 -3.91132332e-01 9.20259562e-01
1317358059.188677073 2.65865276e+02 9.74869767e+01 -4.00188546e+00 5.23352852e-03 9.40650186e-03 -3.91752631e-01 9.20007611e-01
1317358059.292475939 2.66597725e+02 9.66364133e+01 -4.02395286e+00 3.93425633e-03 7.76389277e-03 -3.95534621e-01 9.18409825e-01
1317358059.396297932 2.67443688e+02 9.57380117e+01 -4.03289901e+00 3.12340801e-03 7.33199110e-03 -3.95554999e-01 9.18407714e-01
1317358059.500097036 2.68275583e+02 9.48551114e+01 -4.04193888e+00 3.79236716e-03 7.83575700e-03 -3.95620825e-01 9.18372681e-01
1317358059.603897095 2.69091889e+02 9.39743029e+01 -4.04700465e+00 4.77763480e-03 8.59022291e-03 -3.96100651e-01 9.18154484e-01
1317358059.707695007 2.69944387e+02 9.30932195e+01 -4.04970227e+00 5.08045243e-03 9.22140878e-03 -3.96361033e-01 9.18034360e-01
1317358059.811492920 2.70650631e+02 9.23299740e+01 -4.00455665e+00 4.29781452e-03 7.28035543e-03 -3.96825928e-01 9.17854949e-01
1317358059.915316105 2.71479112e+02 9.14571826e+01 -4.00109567e+00 4.87048096e-03 6.83642136e-03 -3.96078021e-01 9.18178492e-01
1317358060.019115925 2.72306473e+02 9.05932243e+01 -4.00524950e+00 4.96848584e-03 6.70166570e-03 -3.95691730e-01 9.18345500e-01
1317358060.122915030 2.73137281e+02 8.97295651e+01 -4.00867457e+00 5.48048758e-03 6.27112847e-03 -3.95054416e-01 9.18619968e-01
1317358060.226736069 2.73971753e+02 8.88702958e+01 -4.01605733e+00 4.96830337e-03 6.43766672e-03 -3.95103889e-01 9.18600451e-01
1317358060.330534935 2.74783022e+02 8.81383013e+01 -3.98302364e+00 1.69733967e-03 8.46508920e-03 -3.92808561e-01 9.19579739e-01
1317358060.434335947 2.75615352e+02 8.72729697e+01 -3.98534727e+00 2.70360552e-03 7.93844362e-03 -3.92833763e-01 9.19571262e-01
1317358060.538134098 2.76424502e+02 8.64107921e+01 -3.98144445e+00 3.19314940e-03 7.65861042e-03 -3.92942814e-01 9.19525473e-01
1317358060.641907930 2.77227218e+02 8.55787821e+01 -3.98376818e+00 3.22920176e-03 7.99905305e-03 -3.92991829e-01 9.19501501e-01
1317358060.745707989 2.78047642e+02 8.47429976e+01 -3.98357960e+00 3.19866098e-03 7.94284565e-03 -3.92095038e-01 9.19884863e-01
1317358060.849505901 2.78838974e+02 8.40059208e+01 -4.00187346e+00 1.80400664e-03 8.11191504e-03 -3.90510375e-01 9.20561019e-01
1317358060.953305960 2.79634849e+02 8.31863810e+01 -3.99912295e+00 2.09367645e-03 8.29572943e-03 -3.90660685e-01 9.20494990e-01
1317358061.057104111 2.80417073e+02 8.23635269e+01 -3.99732090e+00 2.42163524e-03 8.46956837e-03 -3.90218888e-01 9.20679978e-01
1317358061.160902023 2.81192113e+02 8.15489298e+01 -4.00147410e+00 3.57258655e-03 8.53202920e-03 -3.90327000e-01 9.20629825e-01
1317358061.264723063 2.81955906e+02 8.07377455e+01 -3.99905452e+00 3.76421070e-03 8.56204239e-03 -3.90999077e-01 9.20343547e-01
1317358061.368545055 2.82670531e+02 8.00302348e+01 -3.99666928e+00 2.69544238e-03 1.01625564e-02 -3.90403398e-01 9.20583860e-01
1317358061.472371101 2.83426272e+02 7.92673006e+01 -3.99779169e+00 2.93422269e-03 1.06245384e-02 -3.90016958e-01 9.20741702e-01
1317358061.576193094 2.84142047e+02 7.85308909e+01 -3.99416355e+00 2.83661224e-03 1.16971124e-02 -3.90368512e-01 9.20580011e-01
1317358061.680015087 2.84840992e+02 7.78282256e+01 -3.99596575e+00 1.74380271e-03 1.19802817e-02 -3.90388775e-01 9.20570495e-01
1317358061.783838034 2.85526664e+02 7.71167901e+01 -4.00557220e+00 2.01028312e-03 1.21898405e-02 -3.90536989e-01 9.20504333e-01
1317358061.887659073 2.86153919e+02 7.64954460e+01 -4.01603849e+00 1.79105568e-03 1.36739834e-02 -3.90172621e-01 9.20638442e-01
1317358061.991485119 2.86813928e+02 7.57890286e+01 -4.03225582e+00 2.86178286e-03 1.53774641e-02 -3.90338725e-01 9.20538442e-01
1317358062.095308065 2.87461371e+02 7.51115979e+01 -4.02306203e+00 3.87583015e-03 1.50999908e-02 -3.90365312e-01 9.20528050e-01
1317358062.199131012 2.88082746e+02 7.44670487e+01 -4.02511677e+00 2.45990075e-03 1.24102187e-02 -3.90817278e-01 9.20381329e-01
1317358062.302978992 2.88707189e+02 7.38345047e+01 -4.03501535e+00 1.41711741e-04 8.58486492e-03 -3.92100835e-01 9.19882175e-01
1317358062.406850100 2.89277903e+02 7.33317843e+01 -4.03524474e+00 4.01729284e-05 8.85566897e-03 -3.92539522e-01 9.19692502e-01
1317358062.510746002 2.89883504e+02 7.26862722e+01 -4.03446865e+00 1.02836377e-03 1.16048495e-02 -3.94638696e-01 9.18762521e-01
1317358062.614662886 2.90465621e+02 7.20684924e+01 -4.04706344e+00 2.08959119e-03 1.32547473e-02 -3.96961733e-01 9.17737069e-01
1317358062.718580008 2.91025162e+02 7.14585465e+01 -4.05855106e+00 4.28082846e-03 1.25607680e-02 -3.98696791e-01 9.16986789e-01
1317358062.822521925 2.91573551e+02 7.08591107e+01 -4.06079436e+00 6.07080250e-03 1.31318864e-02 -4.00464104e-01 9.16198232e-01
1317358062.926487923 2.92120701e+02 7.03295112e+01 -4.04643183e+00 6.65103328e-03 1.35886600e-02 -4.01948354e-01 9.15537346e-01
1317358063.030431032 2.92636017e+02 6.97375862e+01 -4.05401979e+00 7.00440382e-03 1.55312913e-02 -4.03671961e-01 9.14745137e-01
1317358063.134351015 2.93150209e+02 6.91657448e+01 -4.06150260e+00 7.35137157e-03 1.62579806e-02 -4.04932850e-01 9.14172316e-01
1317358063.238292933 2.93631630e+02 6.86239162e+01 -4.08157694e+00 7.84656666e-03 1.64418806e-02 -4.06953943e-01 9.13266984e-01
1317358063.342236042 2.94076593e+02 6.81020848e+01 -4.08044922e+00 8.24217160e-03 1.57743513e-02 -4.08625861e-01 9.12528434e-01
1317358063.446192980 2.94590659e+02 6.75950814e+01 -4.09878528e+00 9.01889642e-03 1.37914340e-02 -4.08798540e-01 9.12475868e-01
1317358063.550159931 2.95051987e+02 6.70550584e+01 -4.10955911e+00 9.68169706e-03 1.15116428e-02 -4.09472818e-01 9.12198311e-01
1317358063.654109955 2.95478058e+02 6.65502090e+01 -4.12464242e+00 1.00221489e-02 1.02425520e-02 -4.10391159e-01 9.11796986e-01
1317358063.758076906 2.95913531e+02 6.60491205e+01 -4.12152445e+00 9.28967866e-03 9.30522286e-03 -4.11573240e-01 9.11281835e-01
1317358063.862045050 2.96328559e+02 6.55886170e+01 -4.12062786e+00 8.59739393e-03 9.16153265e-03 -4.12972915e-01 9.10656644e-01
1317358063.966012955 2.96736660e+02 6.51479017e+01 -4.12447455e+00 8.99575650e-03 7.83243106e-03 -4.13729581e-01 9.10321681e-01
1317358064.070003033 2.97172515e+02 6.47233547e+01 -4.11035862e+00 7.47955881e-03 7.57876657e-03 -4.13664649e-01 9.10367056e-01
1317358064.173991919 2.97533257e+02 6.43235200e+01 -4.10511897e+00 5.87900281e-03 7.42197558e-03 -4.15184943e-01 9.09687757e-01
1317358064.277981997 2.97892378e+02 6.39275016e+01 -4.10317023e+00 4.11419473e-03 7.69410440e-03 -4.16245362e-01 9.09210467e-01
1317358064.381952047 2.98223526e+02 6.35290497e+01 -4.09869703e+00 2.47890151e-03 7.97203034e-03 -4.16536524e-01 9.09080649e-01
1317358064.485893011 2.98562558e+02 6.31510659e+01 -4.09816450e+00 2.78981238e-03 7.52265554e-03 -4.16885405e-01 9.08923641e-01
1317358064.589834929 2.98911253e+02 6.28407123e+01 -4.09561818e+00 5.31857274e-03 5.68550133e-03 -4.16839599e-01 9.08946718e-01
1317358064.693732023 2.99225859e+02 6.24950845e+01 -4.09321049e+00 5.66279557e-03 5.63425892e-03 -4.14915027e-01 9.09825098e-01
1317358064.797626972 2.99540583e+02 6.21728794e+01 -4.08812548e+00 5.40603217e-03 5.90277487e-03 -4.11968718e-01 9.11162832e-01
1317358064.901521921 2.99819287e+02 6.18794253e+01 -4.07906860e+00 4.74992756e-03 6.50821879e-03 -4.08866536e-01 9.12558621e-01
1317358065.005414963 3.00091804e+02 6.16039474e+01 -4.07701593e+00 3.33572196e-03 7.18404508e-03 -4.05456898e-01 9.14079847e-01
1317358065.109308958 3.00327013e+02 6.13772167e+01 -4.07206667e+00 3.57924725e-03 8.46600867e-03 -4.00470655e-01 9.16263483e-01
1317358065.213156939 3.00589827e+02 6.11202742e+01 -4.07002305e+00 3.11285594e-03 8.53942264e-03 -3.95228515e-01 9.18537865e-01
1317358065.316956043 3.00823111e+02 6.08971782e+01 -4.06904573e+00 2.74654503e-03 9.13945904e-03 -3.89567669e-01 9.20948402e-01
1317358065.420706987 3.01053610e+02 6.06669472e+01 -4.07065535e+00 2.95834945e-03 9.06362781e-03 -3.80869307e-01 9.24579726e-01
1317358065.524408102 3.01274450e+02 6.04323771e+01 -4.06667052e+00 3.43160179e-03 8.77233957e-03 -3.69608099e-01 9.29139991e-01
1317358065.628062963 3.01506092e+02 6.02720651e+01 -4.08612357e+00 5.35758681e-03 1.05121969e-02 -3.54475669e-01 9.34990797e-01
1317358065.731717110 3.01747726e+02 6.00834315e+01 -4.08644339e+00 4.39371871e-03 1.13209238e-02 -3.40087978e-01 9.40315213e-01
1317358065.835421085 3.01989337e+02 5.99110289e+01 -4.08688008e+00 3.04105406e-03 1.28108524e-02 -3.24587439e-01 9.45764045e-01
1317358065.939126015 3.02258375e+02 5.97436381e+01 -4.08528945e+00 7.18558635e-04 1.42511714e-02 -3.07738468e-01 9.51363980e-01
1317358066.042804003 3.02462761e+02 5.96628235e+01 -4.09221499e+00 -2.20466692e-03 1.46457063e-02 -2.89855062e-01 9.56955948e-01
1317358066.146482944 3.02728901e+02 5.95270804e+01 -4.09401163e+00 -2.91352882e-03 1.53409910e-02 -2.71096435e-01 9.62425524e-01
1317358066.250185013 3.03005328e+02 5.94098907e+01 -4.09765926e+00 -3.41421855e-03 1.56408917e-02 -2.53095792e-01 9.67308754e-01
1317358066.353887081 3.03280046e+02 5.92928029e+01 -4.10260085e+00 -4.41335636e-03 1.52166031e-02 -2.33851950e-01 9.72143118e-01
1317358066.457591057 3.03555987e+02 5.91671834e+01 -4.10269848e+00 -5.12739725e-03 1.50732567e-02 -2.13233619e-01 9.76871502e-01
1317358066.561305046 3.03841658e+02 5.90722104e+01 -4.11410062e+00 -5.04315326e-03 1.50299695e-02 -1.92797904e-01 9.81110409e-01
1317358066.665004969 3.04135550e+02 5.89938792e+01 -4.12335529e+00 -4.81737280e-03 1.49934940e-02 -1.72065399e-01 9.84959637e-01
1317358066.768719912 3.04444882e+02 5.89103856e+01 -4.14028320e+00 -4.09315208e-03 1.45477094e-02 -1.50804815e-01 9.88448035e-01
1317358066.872423887 3.04829875e+02 5.88832782e+01 -4.15537750e+00 -2.51738326e-03 1.52196813e-02 -1.28142191e-01 9.91635822e-01
1317358066.976129055 3.05166602e+02 5.88217524e+01 -4.16447716e+00 -1.89563731e-03 1.50918558e-02 -1.04864631e-01 9.94370178e-01
1317358067.079855919 3.05541950e+02 5.87626832e+01 -4.16285681e+00 -2.64924942e-03 1.47720611e-02 -8.07333208e-02 9.96622746e-01
1317358067.183581114 3.05960062e+02 5.87389767e+01 -4.18149454e+00 -3.76755410e-03 1.45012164e-02 -5.45074198e-02 9.98400952e-01
1317358067.287333012 3.06374181e+02 5.87384970e+01 -4.19730011e+00 -4.49525628e-03 1.41531048e-02 -3.00069196e-02 9.99439376e-01
1317358067.391134024 3.06827090e+02 5.88178624e+01 -4.22440141e+00 -5.86360873e-03 1.59498863e-02 -6.58196257e-03 9.99833935e-01
1317358067.494982004 3.07295508e+02 5.88628414e+01 -4.23734707e+00 -5.58237898e-03 1.68651280e-02 1.66661997e-02 9.99703277e-01
1317358067.598850965 3.07782401e+02 5.89089996e+01 -4.24323458e+00 -5.62910744e-03 1.72371047e-02 3.90897532e-02 9.99071162e-01
1317358067.702765942 3.08275017e+02 5.89608544e+01 -4.25533476e+00 -5.16087882e-03 1.56298545e-02 6.07977994e-02 9.98014379e-01
1317358067.806734085 3.08765948e+02 5.90433837e+01 -4.27686085e+00 -4.36022027e-03 1.41729758e-02 8.06095399e-02 9.96635449e-01
1317358067.910723925 3.09303787e+02 5.91584035e+01 -4.29431939e+00 -3.39322646e-03 1.27431957e-02 1.00076519e-01 9.94892350e-01
1317358068.014763117 3.09929817e+02 5.93567962e+01 -4.31601855e+00 -4.35522418e-03 1.21368472e-02 1.18087846e-01 9.92919428e-01
1317358068.118803024 3.10497619e+02 5.95234590e+01 -4.32540157e+00 -2.52642727e-03 1.35140163e-02 1.35450954e-01 9.90688663e-01
1317358068.222794056 3.11102211e+02 5.97375756e+01 -4.35528179e+00 -6.16031824e-04 1.45326746e-02 1.53257245e-01 9.88079267e-01
1317358068.326785088 3.11721162e+02 5.99482105e+01 -4.36286284e+00 2.48571659e-03 1.80227967e-02 1.71809380e-01 9.84962201e-01
1317358068.430824041 3.12349434e+02 6.02175615e+01 -4.37565141e+00 2.25011208e-03 2.07223406e-02 1.88284036e-01 9.81893397e-01
1317358068.534887075 3.12903774e+02 6.06016295e+01 -4.40485986e+00 1.18757624e-03 2.18847118e-02 2.05002238e-01 9.78516087e-01
1317358068.638950109 3.13559546e+02 6.09077051e+01 -4.44052595e+00 4.84256813e-03 2.08187434e-02 2.20276156e-01 9.75203335e-01
1317358068.743036985 3.14212288e+02 6.12394578e+01 -4.46705258e+00 9.66908548e-03 1.96440182e-02 2.34517911e-01 9.71865202e-01
1317358068.847172976 3.14880519e+02 6.16115532e+01 -4.49931214e+00 1.04284442e-02 1.94821917e-02 2.47069265e-01 9.68745823e-01
1317358068.951281071 3.15560407e+02 6.19923903e+01 -4.52752941e+00 1.29833022e-02 2.05851903e-02 2.59885002e-01 9.65332828e-01
1317358069.055344105 3.16156378e+02 6.24698735e+01 -4.57415995e+00 1.32288466e-02 2.47262138e-02 2.72461168e-01 9.61758038e-01
1317358069.159404993 3.16852016e+02 6.29243320e+01 -4.59678089e+00 1.72754150e-02 2.72758357e-02 2.86053407e-01 9.57669587e-01
1317358069.263444901 3.17565942e+02 6.34199600e+01 -4.62541535e+00 1.93365746e-02 2.95597656e-02 2.99208539e-01 9.53533726e-01
1317358069.367508888 3.18274235e+02 6.39253095e+01 -4.65399648e+00 1.97142091e-02 3.19354076e-02 3.11880212e-01 9.49379910e-01
1317358069.471616030 3.18998357e+02 6.44756967e+01 -4.68193575e+00 1.67473243e-02 3.21941663e-02 3.22636643e-01 9.45826971e-01
1317358069.575705051 3.19646148e+02 6.50781421e+01 -4.73145578e+00 1.44950677e-02 2.98479670e-02 3.35153446e-01 9.41579078e-01
1317358069.679817915 3.20376285e+02 6.57096511e+01 -4.78277863e+00 1.39464928e-02 2.67623868e-02 3.44635171e-01 9.38251496e-01
1317358069.783977032 3.21131983e+02 6.63403873e+01 -4.82185600e+00 1.42927164e-02 2.43055229e-02 3.53252364e-01 9.35103057e-01
1317358069.888135910 3.21905392e+02 6.70283364e+01 -4.85348009e+00 1.29387928e-02 2.18879910e-02 3.60108805e-01 9.32563752e-01
1317358069.992291927 3.22657352e+02 6.77291371e+01 -4.88946892e+00 1.09613395e-02 2.21512948e-02 3.65486130e-01 9.30488612e-01
1317358070.096448898 3.23395374e+02 6.84965247e+01 -4.90596008e+00 1.12283038e-02 2.39140490e-02 3.70984261e-01 9.28263282e-01
1317358070.200609922 3.24177291e+02 6.92490838e+01 -4.93654321e+00 1.04847831e-02 2.49445671e-02 3.73068855e-01 9.27409008e-01
1317358070.304790974 3.24930051e+02 7.00073182e+01 -4.97933711e+00 9.70724356e-03 2.59499164e-02 3.75423936e-01 9.26439010e-01
1317358070.408973932 3.25683963e+02 7.07378952e+01 -5.00431841e+00 9.27701603e-03 2.78619363e-02 3.78206869e-01 9.25255215e-01
1317358070.513151884 3.26388149e+02 7.15792643e+01 -5.04170121e+00 8.82118748e-03 2.88541616e-02 3.80038079e-01 9.24478600e-01
1317358070.617358923 3.27138998e+02 7.23378651e+01 -5.07264362e+00 1.00435270e-02 2.87517568e-02 3.79901660e-01 9.24525388e-01
1317358070.721546888 3.27907196e+02 7.31172892e+01 -5.09952908e+00 9.71096180e-03 2.74339611e-02 3.79520505e-01 9.24725506e-01
1317358070.825681925 3.28674513e+02 7.39033581e+01 -5.13524774e+00 8.94956186e-03 2.73446728e-02 3.77991232e-01 9.25361985e-01
1317358070.929816961 3.29448430e+02 7.46848255e+01 -5.17422491e+00 7.54554613e-03 2.71410433e-02 3.77382355e-01 9.25628968e-01
1317358071.033927917 3.30146214e+02 7.54085180e+01 -5.20025753e+00 6.38766525e-03 2.76324434e-02 3.76687088e-01 9.25906304e-01
1317358071.137990952 3.30901763e+02 7.61637643e+01 -5.23024680e+00 6.35016377e-03 2.82188381e-02 3.76395904e-01 9.26007287e-01
1317358071.242026091 3.31680448e+02 7.69207318e+01 -5.26755894e+00 5.30950931e-03 2.82635972e-02 3.75169827e-01 9.26509891e-01
1317358071.346040964 3.32416492e+02 7.76822489e+01 -5.29135369e+00 3.85856880e-03 2.64896972e-02 3.74716078e-01 9.26753078e-01
1317358071.450035095 3.33202714e+02 7.84367393e+01 -5.30395282e+00 1.39801481e-03 2.35711889e-02 3.73985634e-01 9.27133858e-01
1317358071.554003000 3.33982028e+02 7.91980643e+01 -5.32342701e+00 2.41775470e-04 2.25400180e-02 3.74122376e-01 9.27105354e-01
1317358071.657969952 3.34768801e+02 7.99526931e+01 -5.34819063e+00 -9.57074010e-04 2.30236455e-02 3.74441901e-01 9.26964001e-01
1317358071.761934996 3.35513327e+02 8.06620481e+01 -5.39124015e+00 1.17930015e-03 2.60962575e-02 3.74850252e-01 9.26717262e-01
1317358071.865901947 3.36291169e+02 8.14200211e+01 -5.42720486e+00 2.58621159e-03 2.83029792e-02 3.74870384e-01 9.26641488e-01
1317358071.969846010 3.37078323e+02 8.21678797e+01 -5.45914516e+00 3.48339548e-03 2.95713607e-02 3.74226619e-01 9.26859126e-01
1317358072.073787928 3.37785169e+02 8.28878246e+01 -5.50628995e+00 7.26941854e-03 3.07863829e-02 3.75488866e-01 9.26286924e-01
1317358072.177731037 3.38552621e+02 8.36240900e+01 -5.52935984e+00 6.93078241e-03 2.92020348e-02 3.75616911e-01 9.26288908e-01
1317358072.281673908 3.39318696e+02 8.43524881e+01 -5.56207555e+00 6.50454125e-03 2.93624072e-02 3.76078101e-01 9.26099780e-01
1317358072.385617971 3.40078744e+02 8.51019540e+01 -5.59565349e+00 6.95505939e-03 3.08465267e-02 3.75338610e-01 9.26348232e-01
1317358072.489536047 3.40786980e+02 8.57695124e+01 -5.61185791e+00 1.05818908e-02 3.22624766e-02 3.74567553e-01 9.26577738e-01
1317358072.593430996 3.41565391e+02 8.65031245e+01 -5.64754783e+00 1.03410466e-02 3.25072151e-02 3.74063184e-01 9.26775635e-01
1317358072.697324991 3.42301392e+02 8.72187588e+01 -5.67847978e+00 1.02764825e-02 3.19788166e-02 3.73771175e-01 9.26912541e-01
1317358072.801244020 3.42944910e+02 8.78452876e+01 -5.72554884e+00 9.52196228e-03 3.17667604e-02 3.72868350e-01 9.27291432e-01
1317358072.905163050 3.43666278e+02 8.85315431e+01 -5.75996980e+00 9.07751602e-03 3.16787012e-02 3.72705227e-01 9.27364477e-01
1317358073.009082079 3.44359974e+02 8.92010765e+01 -5.79290657e+00 8.96954486e-03 3.11773120e-02 3.72706406e-01 9.27382045e-01
1317358073.112999916 3.45022124e+02 8.98528630e+01 -5.82446663e+00 9.45919434e-03 3.01343713e-02 3.72259457e-01 9.27591149e-01
1317358073.216943026 3.45577708e+02 9.04060916e+01 -5.86292913e+00 7.74105022e-03 2.88393520e-02 3.71327241e-01 9.28021793e-01
1317358073.320887089 3.46205621e+02 9.10275885e+01 -5.89377577e+00 7.15246728e-03 2.90530442e-02 3.70300920e-01 9.28429853e-01
1317358073.424803972 3.46844600e+02 9.16543164e+01 -5.92351066e+00 6.28961469e-03 3.03326142e-02 3.68495511e-01 9.29113250e-01
1317358073.528723001 3.47472458e+02 9.22675645e+01 -5.94966994e+00 4.14591296e-03 3.27713695e-02 3.67165009e-01 9.29569096e-01
1317358073.632641077 3.47973338e+02 9.27826540e+01 -5.97146962e+00 4.03256204e-03 3.43921530e-02 3.65124665e-01 9.30314408e-01
1317358073.736584902 3.48589715e+02 9.33600023e+01 -5.99378378e+00 5.21171319e-03 3.54481573e-02 3.64497446e-01 9.30514846e-01
1317358073.840553045 3.49194481e+02 9.39281543e+01 -6.01972130e+00 7.07950147e-03 3.50889405e-02 3.63365813e-01 9.30958610e-01
1317358073.944519043 3.49747892e+02 9.44379015e+01 -6.03854507e+00 6.66813690e-03 3.40255017e-02 3.62825824e-01 9.31211696e-01
1317358074.048484087 3.50318005e+02 9.49655560e+01 -6.06587527e+00 6.98777841e-03 3.32665072e-02 3.60492793e-01 9.32142401e-01
1317358074.152499914 3.50869012e+02 9.54731075e+01 -6.09499947e+00 6.40333108e-03 3.23075097e-02 3.58096290e-01 9.33103568e-01
1317358074.256587029 3.51404510e+02 9.59511818e+01 -6.12494333e+00 5.54401866e-03 3.22759319e-02 3.54995838e-01 9.34294109e-01
1317358074.360743046 3.51853142e+02 9.63860909e+01 -6.15671681e+00 6.23142560e-03 3.39891030e-02 3.55043370e-01 9.34210959e-01
1317358074.464951038 3.52332209e+02 9.68256018e+01 -6.18226719e+00 6.46030691e-03 3.41008085e-02 3.47870684e-01 9.36899881e-01
1317358074.569206953 3.52787629e+02 9.72266628e+01 -6.20443580e+00 6.26685042e-03 3.43570296e-02 3.39063095e-01 9.40115173e-01
1317358074.673507929 3.53118937e+02 9.75114798e+01 -6.22584880e+00 4.76527202e-03 3.30324648e-02 3.29579036e-01 9.43537920e-01
1317358074.777858019 3.53533835e+02 9.78500903e+01 -6.24467330e+00 3.92534346e-03 3.24269409e-02 3.17169054e-01 9.47806349e-01
1317358074.882258892 3.53946993e+02 9.81590195e+01 -6.26774630e+00 2.52915936e-03 3.19669904e-02 3.01427160e-01 9.52949832e-01
1317358074.986659050 3.54353833e+02 9.84329742e+01 -6.29767751e+00 2.36166405e-03 3.14975763e-02 2.82887540e-01 9.58632862e-01
1317358075.091058016 3.54591345e+02 9.85456848e+01 -6.30898299e+00 1.80050333e-03 3.16338612e-02 2.63589020e-01 9.64114560e-01
1317358075.195431948 3.54977806e+02 9.87538997e+01 -6.32620424e+00 3.94426102e-03 3.27574010e-02 2.44359738e-01 9.69123167e-01
1317358075.299782991 3.55366527e+02 9.89406671e+01 -6.34315832e+00 4.86801255e-03 3.26998786e-02 2.23429682e-01 9.74159226e-01
1317358075.404131889 3.55730450e+02 9.91099068e+01 -6.35826520e+00 3.77060316e-03 3.23739218e-02 2.01489920e-01 9.78948172e-01
1317358075.508457899 3.56090482e+02 9.92513843e+01 -6.37962059e+00 3.08081117e-03 3.25259897e-02 1.79066414e-01 9.83294355e-01
1317358075.612760067 3.56461589e+02 9.93564324e+01 -6.39983780e+00 2.83501205e-03 3.29974174e-02 1.56729067e-01 9.87086183e-01
1317358075.717036963 3.56726880e+02 9.92549354e+01 -6.41847986e+00 -3.05329732e-04 3.34022106e-02 1.32499518e-01 9.90620047e-01
1317358075.821269035 3.57071903e+02 9.93271888e+01 -6.43106673e+00 4.66849854e-05 3.30308639e-02 1.10146806e-01 9.93366318e-01
1317358075.925452948 3.57402227e+02 9.93770069e+01 -6.43822989e+00 -2.64459417e-04 3.25548007e-02 8.88168687e-02 9.95515785e-01
1317358076.029637098 3.57716782e+02 9.94016301e+01 -6.45456036e+00 -7.14331260e-04 3.19866952e-02 6.66573170e-02 9.97262825e-01
1317358076.133796930 3.57938291e+02 9.92689793e+01 -6.44038255e+00 -2.05605920e-03 2.94826005e-02 4.40903986e-02 9.98590299e-01
1317358076.237883091 3.58221132e+02 9.92632562e+01 -6.45797663e+00 -3.30560462e-04 2.81007146e-02 2.39058918e-02 9.99319143e-01
1317358076.341922045 3.58494324e+02 9.92414524e+01 -6.47223635e+00 2.54773470e-03 2.61282770e-02 5.15339302e-03 9.99642068e-01
1317358076.445913076 3.58740689e+02 9.92079935e+01 -6.47769147e+00 5.23487643e-03 2.45523090e-02 -1.29733364e-02 9.99600657e-01
1317358076.549853086 3.58965349e+02 9.91003439e+01 -6.47032933e+00 6.19729861e-03 2.44227569e-02 -3.11939037e-02 9.99195708e-01
1317358076.653749943 3.59168176e+02 9.90729597e+01 -6.46668526e+00 5.49408649e-03 2.38243502e-02 -4.59682055e-02 9.98643650e-01
1317358076.757646084 3.59348843e+02 9.90453377e+01 -6.46913551e+00 3.04436437e-03 2.26004022e-02 -5.96769214e-02 9.97957223e-01
1317358076.861563921 3.59530375e+02 9.90178767e+01 -6.47557847e+00 -1.52834141e-04 2.11292882e-02 -7.39988386e-02 9.97034454e-01
1317358076.965481997 3.59702646e+02 9.89846721e+01 -6.48517812e+00 -4.02504184e-03 2.18802738e-02 -8.76350009e-02 9.95904192e-01
1317358077.069400072 3.59879534e+02 9.88999589e+01 -6.50034347e+00 -7.13529773e-03 2.21057586e-02 -1.01080123e-01 9.94607074e-01
1317358077.173321009 3.60060470e+02 9.88606193e+01 -6.50690456e+00 -9.53494151e-03 2.34058510e-02 -1.14889876e-01 9.93056679e-01
1317358077.277264118 3.60236502e+02 9.88121508e+01 -6.51476978e+00 -1.27008859e-02 2.33366093e-02 -1.28561038e-01 9.91345626e-01
1317358077.381231070 3.60388860e+02 9.87467251e+01 -6.52765896e+00 -1.06143794e-02 2.36501381e-02 -1.41978167e-01 9.89530296e-01
1317358077.485196114 3.60551249e+02 9.86670004e+01 -6.53775501e+00 -9.93721055e-03 2.26910038e-02 -1.55907338e-01 9.87461023e-01
1317358077.589184046 3.60716673e+02 9.85862598e+01 -6.54143477e+00 -8.71371798e-03 2.20022056e-02 -1.70414100e-01 9.85088325e-01
1317358077.693173885 3.60873946e+02 9.85098167e+01 -6.53876770e+00 -6.81021513e-03 2.35845216e-02 -1.84517919e-01 9.82522533e-01
1317358077.797117949 3.61026574e+02 9.84012409e+01 -6.52698188e+00 -5.73280033e-03 2.48918487e-02 -1.98838972e-01 9.79699236e-01
1317358077.901036978 3.61198070e+02 9.83038662e+01 -6.53452412e+00 -5.77115502e-03 2.46949371e-02 -2.11512334e-01 9.77046256e-01
1317358078.004956007 3.61340384e+02 9.82148319e+01 -6.53842226e+00 -5.53823172e-03 2.51130240e-02 -2.23603264e-01 9.74340928e-01
1317358078.108875036 3.61482349e+02 9.81307778e+01 -6.54818553e+00 -5.20681012e-03 2.43885255e-02 -2.35477914e-01 9.71559695e-01
1317358078.212769985 3.61599521e+02 9.80194502e+01 -6.56714287e+00 -5.50792122e-03 2.47717602e-02 -2.46251147e-01 9.68873777e-01
1317358078.316641092 3.61749390e+02 9.79355808e+01 -6.56581753e+00 -5.95521897e-03 2.51376359e-02 -2.57430678e-01 9.65951386e-01
1317358078.420535088 3.61905715e+02 9.78402112e+01 -6.57382643e+00 -8.40089656e-03 2.64606827e-02 -2.67559122e-01 9.63141409e-01
1317358078.524430037 3.62062419e+02 9.77402120e+01 -6.58973956e+00 -8.88365524e-03 2.68995709e-02 -2.77909217e-01 9.60189544e-01
1317358078.628303051 3.62191462e+02 9.76206407e+01 -6.60085603e+00 -8.34078833e-03 2.69100976e-02 -2.86548899e-01 9.57651297e-01
1317358078.732171059 3.62347230e+02 9.75079184e+01 -6.59772488e+00 -6.02606481e-03 2.68247730e-02 -2.95816895e-01 9.54848932e-01
1317358078.836016893 3.62500284e+02 9.73842325e+01 -6.59303731e+00 -3.12620278e-03 2.63194620e-02 -3.04195065e-01 9.52240975e-01
1317358078.939819098 3.62661625e+02 9.72574387e+01 -6.58345397e+00 -7.26342500e-04 2.92198364e-02 -3.12461726e-01 9.49480565e-01
1317358079.043596983 3.62825161e+02 9.71368394e+01 -6.58314270e+00 -1.33784983e-03 3.06768969e-02 -3.19739132e-01 9.47007933e-01
1317358079.147396088 3.62981289e+02 9.70224699e+01 -6.58762775e+00 -2.15999889e-03 3.09893445e-02 -3.26226729e-01 9.44780989e-01
1317358079.251192093 3.63133036e+02 9.68875768e+01 -6.60750252e+00 -2.92423114e-03 2.92847158e-02 -3.32194845e-01 9.42751526e-01
1317358079.354989052 3.63285458e+02 9.67435587e+01 -6.64249658e+00 -2.34039885e-03 2.73625652e-02 -3.38497583e-01 9.40566424e-01
1317358079.458811998 3.63419562e+02 9.66192738e+01 -6.64898739e+00 -1.88518409e-03 2.37014098e-02 -3.45002669e-01 9.38300510e-01
1317358079.562634945 3.63551689e+02 9.64857492e+01 -6.63675397e+00 -1.74231047e-03 2.22803153e-02 -3.51104260e-01 9.36069629e-01
1317358079.666460037 3.63697298e+02 9.63509063e+01 -6.63701217e+00 -2.82678313e-03 2.25811909e-02 -3.56696576e-01 9.33943066e-01
1317358079.770282030 3.63828188e+02 9.62237648e+01 -6.64727412e+00 -4.93302462e-03 2.35178217e-02 -3.61263875e-01 9.32153952e-01
1317358079.874080896 3.63973818e+02 9.60953502e+01 -6.66381956e+00 -6.07350539e-03 2.35800804e-02 -3.66127043e-01 9.30246247e-01
1317358079.977854013 3.64110613e+02 9.59535138e+01 -6.67113819e+00 -6.05240713e-03 2.31504297e-02 -3.70326443e-01 9.28593426e-01
1317358080.081603050 3.64253351e+02 9.58042968e+01 -6.67739824e+00 -5.06303998e-03 2.02878893e-02 -3.72980256e-01 9.27603631e-01
1317358080.185355902 3.64395736e+02 9.56699007e+01 -6.68406051e+00 -5.74183536e-03 1.84908686e-02 -3.73968512e-01 9.27239274e-01
1317358080.289083004 3.64572609e+02 9.55070514e+01 -6.68937914e+00 -6.95486227e-03 1.65105907e-02 -3.74605568e-01 9.27011164e-01
1317358080.392808914 3.64755284e+02 9.53409215e+01 -6.70091190e+00 -9.50445197e-03 1.71716437e-02 -3.73568833e-01 9.27394806e-01
1317358080.496583939 3.64934102e+02 9.51481225e+01 -6.70776599e+00 -8.78825222e-03 1.91721963e-02 -3.72434358e-01 9.27818863e-01
1317358080.600359917 3.65132483e+02 9.49509642e+01 -6.71291633e+00 -8.31234463e-03 1.92207752e-02 -3.72252186e-01 9.27895348e-01
1317358080.704159021 3.65338449e+02 9.47358683e+01 -6.71825806e+00 -7.29330838e-03 1.95560025e-02 -3.71412256e-01 9.28233433e-01
1317358080.807956934 3.65560546e+02 9.45207297e+01 -6.71397484e+00 -8.89592184e-03 2.09691372e-02 -3.70867938e-01 9.28406231e-01
1317358080.911756039 3.65807140e+02 9.42979294e+01 -6.72320911e+00 -9.72353758e-03 2.11410128e-02 -3.71819108e-01 9.28013503e-01
1317358081.015553951 3.66053899e+02 9.40710131e+01 -6.73836480e+00 -1.06431527e-02 2.21074426e-02 -3.71617524e-01 9.28061636e-01
1317358081.119353056 3.66304890e+02 9.38349393e+01 -6.75084802e+00 -1.06064827e-02 2.30121738e-02 -3.71460291e-01 9.28103008e-01
1317358081.223202944 3.66568326e+02 9.35625697e+01 -6.75836013e+00 -1.01764017e-02 2.34791879e-02 -3.74488968e-01 9.26878191e-01
1317358081.327075005 3.66823273e+02 9.33133586e+01 -6.76311581e+00 -1.10796319e-02 2.41538231e-02 -3.75388221e-01 9.26486653e-01
1317358081.430941105 3.67088623e+02 9.30677556e+01 -6.77018747e+00 -1.18124200e-02 2.43686920e-02 -3.76115568e-01 9.26176934e-01
1317358081.534818888 3.67349711e+02 9.28199872e+01 -6.77903143e+00 -1.25257540e-02 2.42170399e-02 -3.76719403e-01 9.25926094e-01
1317358081.638714075 3.67628697e+02 9.25480255e+01 -6.77943317e+00 -1.22077043e-02 2.44599223e-02 -3.79950202e-01 9.24602903e-01
1317358081.742647886 3.67891931e+02 9.22892781e+01 -6.78490810e+00 -1.08396295e-02 2.44011860e-02 -3.81080252e-01 9.24156332e-01
1317358081.846590042 3.68158621e+02 9.20074272e+01 -6.78543826e+00 -1.00143951e-02 2.39032380e-02 -3.82388923e-01 9.23637948e-01
1317358081.950532913 3.68407266e+02 9.17548422e+01 -6.79465039e+00 -9.12421148e-03 2.52663900e-02 -3.85356284e-01 9.22376763e-01
1317358082.054500103 3.68684283e+02 9.14775969e+01 -6.78988181e+00 -8.05137746e-03 2.43643503e-02 -3.87987893e-01 9.21307196e-01
1317358082.158490896 3.68951588e+02 9.12065909e+01 -6.79752079e+00 -1.04439655e-02 2.40309091e-02 -3.89995077e-01 9.20444066e-01
1317358082.262481928 3.69215216e+02 9.09376035e+01 -6.80876991e+00 -1.20898528e-02 2.43617142e-02 -3.93127835e-01 9.19081524e-01
1317358082.366447926 3.69475058e+02 9.06459806e+01 -6.82890469e+00 -1.06132669e-02 2.49683017e-02 -3.96903842e-01 9.17459145e-01
1317358082.470415115 3.69731563e+02 9.03452724e+01 -6.83025211e+00 -1.17012790e-02 2.32788597e-02 -3.99183664e-01 9.16500724e-01
1317358082.574407101 3.69984798e+02 9.00508514e+01 -6.82468472e+00 -1.03056191e-02 2.07086716e-02 -4.02715640e-01 9.15032818e-01
1317358082.678397894 3.70219934e+02 8.97615186e+01 -6.85264820e+00 -8.65512500e-03 2.18434560e-02 -4.06312170e-01 9.13432194e-01
1317358082.782339096 3.70487554e+02 8.94509198e+01 -6.86345041e+00 -9.92974438e-03 2.25170136e-02 -4.09966359e-01 9.11768594e-01
1317358082.886281013 3.70766006e+02 8.91281624e+01 -6.87512321e+00 -1.24689510e-02 2.38322034e-02 -4.13324772e-01 9.10186346e-01
1317358082.990226984 3.71055630e+02 8.87824173e+01 -6.89459886e+00 -1.40215914e-02 2.58884661e-02 -4.18112052e-01 9.07918220e-01
1317358083.094145060 3.71350241e+02 8.84408550e+01 -6.90552457e+00 -1.44370937e-02 2.62999393e-02 -4.19831780e-01 9.07105926e-01
1317358083.198039055 3.71651520e+02 8.80775550e+01 -6.91889128e+00 -1.39039599e-02 2.73325404e-02 -4.19940210e-01 9.07033534e-01
1317358083.301911116 3.71952156e+02 8.77064028e+01 -6.92897592e+00 -1.06039062e-02 2.53176335e-02 -4.20578932e-01 9.06840635e-01
1317358083.405731916 3.72267462e+02 8.73335890e+01 -6.94192269e+00 -8.72876921e-03 2.42116842e-02 -4.19842751e-01 9.07231871e-01
1317358083.509484053 3.72593866e+02 8.69470537e+01 -6.95193904e+00 -7.33850937e-03 2.20844340e-02 -4.18721675e-01 9.07816382e-01
1317358083.613185883 3.72926703e+02 8.65625259e+01 -7.00086816e+00 -2.52678005e-03 1.92176342e-02 -4.16137902e-01 9.09094904e-01
1317358083.716840029 3.73284814e+02 8.61773860e+01 -7.01846933e+00 -3.07164347e-03 2.00322645e-02 -4.09297199e-01 9.12176012e-01
1317358083.820473909 3.73639008e+02 8.58106430e+01 -7.03636563e+00 -2.74162517e-03 2.06491335e-02 -3.98996893e-01 9.16715646e-01
1317358083.924151897 3.73979924e+02 8.54698397e+01 -7.06001031e+00 2.70889037e-03 1.89687091e-02 -3.90178810e-01 9.20539704e-01
1317358084.027900934 3.74370853e+02 8.50964194e+01 -7.08144435e+00 2.58148756e-03 2.13384529e-02 -3.80201699e-01 9.24653813e-01
1317358084.131724119 3.74783416e+02 8.47239158e+01 -7.09873233e+00 1.99681006e-03 2.23119789e-02 -3.71855909e-01 9.28020135e-01
1317358084.235594034 3.75223758e+02 8.43946270e+01 -7.10023604e+00 2.32308167e-03 2.26623809e-02 -3.64459001e-01 9.30940737e-01
1317358084.339512110 3.75657733e+02 8.40327447e+01 -7.11581873e+00 -2.90670209e-04 2.24856442e-02 -3.59688029e-01 9.32801604e-01
1317358084.443527937 3.76098126e+02 8.36536429e+01 -7.13373306e+00 -1.64136206e-03 2.10021702e-02 -3.58887269e-01 9.33143152e-01
1317358084.547614098 3.76554713e+02 8.32465581e+01 -7.14511561e+00 -5.56135441e-03 1.99080645e-02 -3.60569241e-01 9.32503385e-01
1317358084.651724100 3.77010493e+02 8.28444743e+01 -7.17037602e+00 -6.08521947e-03 1.97867133e-02 -3.63082046e-01 9.31527178e-01
1317358084.755856991 3.77479703e+02 8.24172455e+01 -7.18524987e+00 -6.83461237e-03 2.07960457e-02 -3.66487852e-01 9.30165290e-01
1317358084.859992981 3.77946527e+02 8.19254321e+01 -7.20209515e+00 -6.92962356e-03 2.36931301e-02 -3.73039675e-01 9.27486936e-01
1317358084.964104891 3.78421090e+02 8.14657981e+01 -7.22647997e+00 -4.85376592e-03 2.51809350e-02 -3.77613245e-01 9.25608232e-01
1317358085.068191051 3.78913716e+02 8.09863313e+01 -7.24535844e+00 -6.29626008e-03 2.49699449e-02 -3.81159583e-01 9.24150546e-01
1317358085.172255039 3.79370405e+02 8.05216071e+01 -7.25837144e+00 -7.20210486e-03 2.42591965e-02 -3.85950502e-01 9.22172344e-01
1317358085.276292086 3.79889841e+02 8.00035181e+01 -7.30663026e+00 -9.52042689e-03 2.39313518e-02 -3.87896905e-01 9.21342848e-01
1317358085.380306005 3.80359010e+02 7.95159542e+01 -7.33182120e+00 -1.02079778e-02 2.07585002e-02 -3.91028610e-01 9.20087772e-01
1317358085.484297991 3.80862573e+02 7.89892145e+01 -7.33502181e+00 -1.13628372e-02 2.17410852e-02 -3.93833039e-01 9.18854585e-01
1317358085.588239908 3.81344446e+02 7.84930403e+01 -7.35371266e+00 -1.24019766e-02 2.31038063e-02 -3.96005103e-01 9.17873828e-01
1317358085.692158937 3.81843584e+02 7.79822984e+01 -7.36676907e+00 -1.37195893e-02 2.55694319e-02 -3.96691084e-01 9.17493412e-01
1317358085.796053886 3.82369412e+02 7.74197518e+01 -7.37390833e+00 -1.32922230e-02 2.60790333e-02 -3.97985792e-01 9.16924484e-01
1317358085.899947882 3.82839781e+02 7.69239593e+01 -7.39807375e+00 -1.43181886e-02 2.65526621e-02 -3.98476709e-01 9.16682201e-01
1317358086.003844976 3.83371625e+02 7.63500695e+01 -7.41495291e+00 -1.39452177e-02 3.00953319e-02 -3.99325061e-01 9.16209200e-01
1317358086.107716084 3.83862775e+02 7.58269746e+01 -7.43764639e+00 -1.43615710e-02 3.12602127e-02 -4.00039059e-01 9.15852223e-01
1317358086.211611032 3.84361994e+02 7.52927106e+01 -7.45910386e+00 -1.42634188e-02 3.15370591e-02 -4.00431480e-01 9.15672757e-01
1317358086.315506935 3.84846523e+02 7.47520704e+01 -7.47846865e+00 -1.21957365e-02 2.77788984e-02 -4.00661773e-01 9.15723616e-01
1317358086.419378042 3.85315549e+02 7.42420802e+01 -7.49558913e+00 -1.25292312e-02 2.48405321e-02 -4.00284021e-01 9.15968705e-01
1317358086.523247004 3.85822515e+02 7.36926243e+01 -7.51079134e+00 -1.20508626e-02 2.32224645e-02 -4.00823847e-01 9.15781490e-01
1317358086.627142906 3.86307606e+02 7.31733554e+01 -7.53530022e+00 -1.29418973e-02 2.42694138e-02 -4.00774393e-01 9.15763828e-01
1317358086.731039047 3.86782534e+02 7.26483096e+01 -7.55649296e+00 -1.17103258e-02 2.53952614e-02 -4.01932107e-01 9.15242334e-01
1317358086.834882975 3.87254535e+02 7.21414203e+01 -7.57033494e+00 -1.26701439e-02 2.64999673e-02 -4.01410836e-01 9.15426982e-01
1317358086.938728094 3.87733678e+02 7.16248726e+01 -7.58514285e+00 -1.52973943e-02 2.75472739e-02 -3.99891096e-01 9.16020878e-01
1317358087.042599916 3.88252680e+02 7.10677350e+01 -7.59670285e+00 -1.85021325e-02 2.89946455e-02 -3.99427962e-01 9.16119143e-01
1317358087.146471977 3.88740752e+02 7.05390356e+01 -7.62029383e+00 -2.11364556e-02 3.08553704e-02 -3.98831711e-01 9.16261132e-01
1317358087.250366926 3.89250998e+02 6.99954517e+01 -7.64234851e+00 -2.25804131e-02 3.23113758e-02 -3.98643549e-01 9.16258381e-01
1317358087.354283094 3.89756585e+02 6.94644812e+01 -7.66531651e+00 -2.34386969e-02 3.37413810e-02 -3.97860565e-01 9.16525569e-01
1317358087.458178043 3.90248668e+02 6.89505699e+01 -7.68101103e+00 -2.70045394e-02 3.51699217e-02 -3.96577243e-01 9.16929835e-01
1317358087.562073946 3.90754094e+02 6.84109534e+01 -7.70249710e+00 -2.36858353e-02 3.29136662e-02 -3.96215781e-01 9.17261537e-01
1317358087.665967941 3.91243574e+02 6.78740992e+01 -7.72095526e+00 -2.30485340e-02 3.09623755e-02 -3.91602874e-01 9.19324364e-01
1317358087.769839048 3.91763598e+02 6.73678209e+01 -7.73399192e+00 -1.98194710e-02 3.14537009e-02 -3.89610379e-01 9.20229105e-01
1317358087.873734951 3.92288138e+02 6.68495797e+01 -7.75549069e+00 -2.21689880e-02 3.27386050e-02 -3.86844895e-01 9.21296775e-01
1317358087.977629900 3.92803365e+02 6.63247910e+01 -7.76503291e+00 -2.18149875e-02 3.09757124e-02 -3.86233875e-01 9.21622485e-01
1317358088.081523895 3.93324687e+02 6.57996994e+01 -7.78274237e+00 -2.11251242e-02 3.07157011e-02 -3.82377482e-01 9.23253885e-01
1317358088.185467005 3.93825355e+02 6.53020406e+01 -7.78574847e+00 -2.19061715e-02 3.03804692e-02 -3.78944735e-01 9.24661037e-01
1317358088.289408922 3.94280151e+02 6.48496238e+01 -7.78908193e+00 -2.75307349e-02 2.86844864e-02 -3.80452194e-01 9.23945554e-01
1317358088.393352032 3.94772488e+02 6.43740650e+01 -7.80860860e+00 -2.85035102e-02 2.83981579e-02 -3.79041820e-01 9.24504404e-01
1317358088.497318983 3.95193608e+02 6.39593093e+01 -7.80906830e+00 -2.88689235e-02 2.78530321e-02 -3.80620400e-01 9.23860869e-01
1317358088.601309061 3.95685351e+02 6.34751468e+01 -7.81350760e+00 -2.79324237e-02 2.84539488e-02 -3.79991226e-01 9.24130305e-01
1317358088.705300093 3.96184631e+02 6.29852685e+01 -7.81462464e+00 -2.71183238e-02 3.02024636e-02 -3.80193415e-01 9.24015895e-01
1317358088.809288979 3.96683723e+02 6.25021709e+01 -7.82481483e+00 -2.61012758e-02 3.09598631e-02 -3.78960445e-01 9.24526469e-01
1317358088.913280010 3.97158252e+02 6.20236867e+01 -7.84420201e+00 -2.51047627e-02 3.11519670e-02 -3.78694319e-01 9.24656649e-01
1317358089.017247915 3.97530863e+02 6.15331974e+01 -7.83448905e+00 -2.13080956e-02 2.72039779e-02 -3.85883229e-01 9.21900235e-01
1317358089.121216059 3.98001524e+02 6.10559470e+01 -7.84807497e+00 -2.12419453e-02 2.54815848e-02 -3.86128952e-01 9.21848090e-01
1317358089.225183964 3.98475350e+02 6.05693487e+01 -7.87288222e+00 -1.57650274e-02 2.35448119e-02 -3.85155529e-01 9.22416568e-01
1317358089.329123974 3.98875905e+02 6.00353688e+01 -7.92341736e+00 -1.11561657e-02 2.26523236e-02 -3.90196493e-01 9.20385305e-01
1317358089.433067083 3.99335814e+02 5.95676127e+01 -7.93124381e+00 -1.18879836e-02 2.40763368e-02 -3.89324248e-01 9.20709311e-01
1317358089.537009001 3.99807667e+02 5.90617213e+01 -7.90142881e+00 -1.02136178e-02 2.17921686e-02 -3.89955860e-01 9.20518990e-01
1317358089.640952110 4.00283462e+02 5.85872247e+01 -7.89925549e+00 -1.22552142e-02 2.33451506e-02 -3.89462036e-01 9.20665051e-01
1317358089.744920015 4.00767567e+02 5.80977799e+01 -7.88960935e+00 -1.95044892e-02 2.55862223e-02 -3.90911263e-01 9.19865917e-01
1317358089.848886013 4.01242317e+02 5.76103805e+01 -7.88694472e+00 -2.12628500e-02 2.56958897e-02 -3.89757170e-01 9.20313512e-01
1317358089.952877998 4.01722442e+02 5.71006271e+01 -7.91667390e+00 -1.79036894e-02 2.39866673e-02 -3.90810919e-01 9.19984197e-01
1317358090.056869030 4.02172158e+02 5.66274728e+01 -7.91025527e+00 -2.30047567e-02 2.51040364e-02 -3.90136613e-01 9.20127161e-01
1317358090.160811901 4.02628100e+02 5.61703774e+01 -7.92255563e+00 -2.65832474e-02 2.74251999e-02 -3.90559601e-01 9.19784968e-01
1317358090.264755011 4.03080419e+02 5.56686213e+01 -7.95428889e+00 -2.36615744e-02 2.64704828e-02 -3.91135325e-01 9.19648085e-01
1317358090.368721008 4.03515576e+02 5.51869533e+01 -7.95319562e+00 -2.46994496e-02 2.68035230e-02 -3.92388290e-01 9.19077221e-01
1317358090.472665071 4.03983952e+02 5.46514709e+01 -7.96630768e+00 -2.08714713e-02 2.52681629e-02 -3.95797740e-01 9.17752718e-01
1317358090.576591969 4.04447268e+02 5.41608280e+01 -7.97281407e+00 -2.40259686e-02 2.69261416e-02 -3.95928092e-01 9.17572167e-01
1317358090.680509090 4.04947443e+02 5.36313133e+01 -8.00266071e+00 -2.36652948e-02 2.67066495e-02 -3.96525889e-01 9.17329781e-01
1317358090.784420013 4.05406274e+02 5.31449742e+01 -8.01047696e+00 -2.30273642e-02 2.68852426e-02 -3.95948156e-01 9.17590313e-01
1317358090.888314009 4.05900541e+02 5.26469489e+01 -8.03512932e+00 -1.79338188e-02 2.36021239e-02 -3.94809897e-01 9.18284522e-01
1317358090.992207050 4.06341845e+02 5.21556906e+01 -8.03604596e+00 -1.74437901e-02 2.09758103e-02 -3.94670354e-01 9.18417683e-01
1317358091.096101999 4.06829506e+02 5.16774947e+01 -8.06046154e+00 -1.49267456e-02 1.92241011e-02 -3.95137302e-01 9.18299591e-01
1317358091.199997902 4.07303500e+02 5.11865681e+01 -8.06386726e+00 -1.64097468e-02 1.98750838e-02 -3.94650966e-01 9.18469551e-01
1317358091.303917885 4.07783061e+02 5.06888991e+01 -8.09352683e+00 -1.39681148e-02 1.98793964e-02 -3.95204390e-01 9.18271851e-01
1317358091.407835960 4.08239397e+02 5.02051454e+01 -8.10863189e+00 -1.33181462e-02 2.22180828e-02 -3.95335287e-01 9.18171550e-01
1317358091.511754990 4.08731616e+02 4.97288239e+01 -8.09932981e+00 -1.40312041e-02 2.32519640e-02 -3.94775188e-01 9.18376297e-01
1317358091.615674973 4.09198421e+02 4.92517993e+01 -8.09996282e+00 -1.46915612e-02 2.35937087e-02 -3.95085840e-01 9.18223652e-01
1317358091.719593048 4.09669381e+02 4.87718061e+01 -8.11522075e+00 -1.79221836e-02 2.45595362e-02 -3.95158717e-01 9.18109587e-01
1317358091.823513031 4.10145516e+02 4.82832058e+01 -8.12118348e+00 -2.01749157e-02 2.40297551e-02 -3.95016407e-01 9.18138106e-01
1317358091.927432060 4.10638828e+02 4.77868190e+01 -8.13411993e+00 -1.84508794e-02 2.33764535e-02 -3.94992615e-01 9.18201471e-01
1317358092.031374931 4.11106251e+02 4.73137536e+01 -8.14390104e+00 -1.73155268e-02 2.29947929e-02 -3.95328115e-01 9.18088827e-01
1317358092.135340929 4.11583373e+02 4.68177023e+01 -8.14869000e+00 -1.87456742e-02 2.50385797e-02 -3.95455410e-01 9.17952443e-01
1317358092.239284039 4.12040913e+02 4.63202481e+01 -8.18481336e+00 -1.49103846e-02 2.39604636e-02 -3.95687877e-01 9.17951350e-01
1317358092.343226910 4.12497630e+02 4.58338158e+01 -8.18810396e+00 -1.50817573e-02 2.34917268e-02 -3.96028381e-01 9.17813816e-01
1317358092.447192907 4.12938261e+02 4.53300187e+01 -8.19982633e+00 -1.50459764e-02 2.37689140e-02 -3.97020550e-01 9.17378515e-01
1317358092.551160097 4.13391678e+02 4.48571868e+01 -8.21033005e+00 -1.90259166e-02 2.46679659e-02 -3.97559533e-01 9.17047394e-01
1317358092.655102968 4.13852520e+02 4.43624477e+01 -8.24283904e+00 -1.87381315e-02 2.79950571e-02 -3.98813933e-01 9.16412902e-01
1317358092.759049892 4.14318929e+02 4.38610372e+01 -8.26017901e+00 -1.55764284e-02 2.77245785e-02 -3.98775639e-01 9.16496979e-01
1317358092.863017082 4.14805854e+02 4.33499954e+01 -8.26155440e+00 -1.11472276e-02 2.44705656e-02 -3.98147726e-01 9.16927107e-01
1317358092.966955900 4.15268525e+02 4.28685598e+01 -8.26968260e+00 -1.19635218e-02 2.31144554e-02 -3.98068649e-01 9.16986339e-01
1317358093.070898056 4.15732987e+02 4.23739985e+01 -8.29449035e+00 -6.95909957e-03 1.86953601e-02 -3.98463347e-01 9.16967293e-01
1317358093.174840927 4.16177358e+02 4.18938169e+01 -8.29702202e+00 -6.42607828e-03 1.79738204e-02 -3.98361317e-01 9.17029939e-01
1317358093.278783083 4.16626629e+02 4.14139523e+01 -8.29974451e+00 -7.71106398e-03 1.86015297e-02 -3.99256984e-01 9.16617905e-01
1317358093.382725954 4.17075001e+02 4.09269870e+01 -8.28419771e+00 -1.02593530e-02 1.88361102e-02 -3.99329012e-01 9.16556756e-01
1317358093.486668110 4.17529604e+02 4.04470954e+01 -8.27977758e+00 -1.03154664e-02 1.85338287e-02 -3.99178655e-01 9.16627781e-01
1317358093.590610981 4.17995865e+02 3.99484587e+01 -8.29077035e+00 -1.02275912e-02 2.03362396e-02 -3.97546769e-01 9.17299515e-01
1317358093.694554090 4.18478018e+02 3.94318687e+01 -8.29190167e+00 -1.56779572e-02 2.40881778e-02 -3.95247967e-01 9.18124722e-01
1317358093.798496008 4.18968443e+02 3.89117420e+01 -8.30273029e+00 -1.64675162e-02 2.73648246e-02 -3.94382829e-01 9.18391078e-01
1317358093.902439117 4.19434176e+02 3.84177139e+01 -8.30935644e+00 -1.58341935e-02 2.76225978e-02 -3.93798545e-01 9.18645185e-01
1317358094.006382942 4.19923863e+02 3.78993816e+01 -8.34135723e+00 -1.62099732e-02 2.29229317e-02 -3.95682571e-01 9.17958103e-01
1317358094.110301971 4.20397364e+02 3.73869236e+01 -8.34564919e+00 -1.67134964e-02 2.06106779e-02 -3.95131254e-01 9.18241336e-01
1317358094.214242935 4.20843619e+02 3.69086150e+01 -8.39888426e+00 -1.08847410e-02 2.14614789e-02 -3.95786270e-01 9.18027318e-01
1317358094.318186045 4.21312464e+02 3.64053725e+01 -8.40709814e+00 -1.07884362e-02 2.45236708e-02 -3.95348762e-01 9.18140270e-01
1317358094.422106028 4.21785570e+02 3.58983136e+01 -8.42938140e+00 -4.83116348e-03 2.48711824e-02 -3.94290864e-01 9.18636380e-01
1317358094.526022911 4.22247134e+02 3.54161068e+01 -8.43241612e+00 -3.87497604e-03 2.37984060e-02 -3.94036513e-01 9.18778454e-01
1317358094.629942894 4.22709351e+02 3.49554805e+01 -8.45355261e+00 -6.48771325e-03 2.12853942e-02 -3.94537479e-01 9.18610374e-01
1317358094.733861923 4.23189208e+02 3.44879800e+01 -8.46764237e+00 -8.68828375e-03 1.86173679e-02 -3.93836563e-01 9.18950852e-01
1317358094.837779999 4.23672460e+02 3.39988760e+01 -8.49084604e+00 -8.78936800e-03 1.61356096e-02 -3.92432613e-01 9.19597213e-01
1317358094.941699028 4.24167993e+02 3.35119549e+01 -8.51036985e+00 -7.54458577e-03 1.57075053e-02 -3.91114729e-01 9.20176952e-01
1317358095.045639992 4.24673500e+02 3.30140231e+01 -8.50025713e+00 -8.04511328e-03 1.82157476e-02 -3.90764078e-01 9.20275447e-01
1317358095.149584055 4.25150637e+02 3.24889151e+01 -8.51519937e+00 -8.11874396e-03 1.71990799e-02 -3.91177803e-01 9.20118581e-01
1317358095.253503084 4.25655484e+02 3.19957643e+01 -8.51561019e+00 -9.93426015e-03 1.41400792e-02 -3.89339078e-01 9.20932381e-01
1317358095.357420921 4.26065286e+02 3.15164382e+01 -8.52721819e+00 -7.69557978e-03 1.28847730e-02 -3.92176489e-01 9.19767559e-01
1317358095.461338997 4.26552697e+02 3.10376595e+01 -8.52452585e+00 -6.46420163e-03 1.22855254e-02 -3.91656146e-01 9.20006926e-01
1317358095.565282106 4.26946089e+02 3.05974372e+01 -8.54857523e+00 -4.53848381e-03 1.37979813e-02 -3.94834372e-01 9.18637489e-01
1317358095.669250965 4.27348242e+02 3.01512488e+01 -8.56585103e+00 -4.72525522e-03 1.81362647e-02 -3.96638482e-01 9.17783560e-01
1317358095.773195982 4.27808447e+02 2.96873020e+01 -8.56855701e+00 -4.45900157e-03 1.99439906e-02 -3.97192025e-01 9.17507956e-01
1317358095.877137899 4.28244828e+02 2.91983192e+01 -8.55966983e+00 -6.54649946e-03 2.12916425e-02 -3.96473924e-01 9.17775701e-01
1317358095.981126070 4.28691922e+02 2.87067008e+01 -8.56439192e+00 -6.50538441e-03 2.05669329e-02 -3.95685508e-01 9.18132703e-01
1317358096.085117102 4.29136329e+02 2.82444855e+01 -8.57857673e+00 -6.52787600e-03 2.01894161e-02 -3.95245866e-01 9.18330267e-01
1317358096.189086914 4.29557795e+02 2.77830616e+01 -8.61763763e+00 -5.49371343e-03 1.95603145e-02 -3.95310643e-01 9.18322769e-01
1317358096.293055058 4.29997173e+02 2.73307773e+01 -8.62468315e+00 -5.96086633e-03 2.19354846e-02 -3.94930760e-01 9.18429636e-01
1317358096.396992922 4.30411511e+02 2.68879860e+01 -8.62060165e+00 -5.61345409e-03 2.15010452e-02 -3.96224959e-01 9.17884511e-01
1317358096.500935078 4.30826879e+02 2.64494965e+01 -8.63455102e+00 -6.39396424e-03 2.16094377e-02 -3.96062442e-01 9.17946998e-01
1317358096.604902029 4.31212639e+02 2.60172055e+01 -8.64249008e+00 -3.64427692e-03 2.08080509e-02 -3.96295652e-01 9.17879894e-01
1317358096.708890915 4.31587484e+02 2.55880952e+01 -8.65100421e+00 -1.13607206e-03 1.85956990e-02 -3.96211128e-01 9.17970398e-01
1317358096.812906981 4.31941948e+02 2.51910469e+01 -8.64146609e+00 -1.65537774e-04 1.71807762e-02 -3.97160662e-01 9.17588253e-01
1317358096.916920900 4.32317925e+02 2.48162719e+01 -8.65520677e+00 -9.17164656e-05 1.77628083e-02 -3.97874605e-01 9.17267830e-01
1317358097.020910978 4.32699602e+02 2.44459042e+01 -8.66770852e+00 3.09880789e-04 1.86924577e-02 -3.98421492e-01 9.17011892e-01
1317358097.124877930 4.33017598e+02 2.41023821e+01 -8.67500517e+00 6.67522740e-04 1.88392340e-02 -3.99407180e-01 9.16579807e-01
1317358097.228873014 4.33333809e+02 2.37525790e+01 -8.68908515e+00 1.97619955e-03 1.81152918e-02 -3.99935779e-01 9.16361994e-01
1317358097.332865000 4.33619899e+02 2.34321296e+01 -8.68982017e+00 5.30180857e-04 1.88815309e-02 -4.00843548e-01 9.15951776e-01
1317358097.436853886 4.33905703e+02 2.31241421e+01 -8.69621355e+00 1.37178968e-03 1.80763378e-02 -4.01973127e-01 9.15471993e-01
1317358097.540868044 4.34132298e+02 2.28544475e+01 -8.70532311e+00 -4.84274378e-04 1.86593748e-02 -4.02074495e-01 9.15416678e-01
1317358097.644881964 4.34400958e+02 2.25590566e+01 -8.71415747e+00 8.41760915e-05 1.92980381e-02 -4.02859374e-01 9.15058415e-01
1317358097.748895884 4.34642330e+02 2.22675960e+01 -8.72177752e+00 2.42751522e-03 1.88042473e-02 -4.04080977e-01 9.14526693e-01
1317358097.852910042 4.34882473e+02 2.19895421e+01 -8.73189480e+00 4.67540775e-03 1.82987954e-02 -4.04671355e-01 9.14267132e-01
1317358097.956899881 4.35076650e+02 2.17777205e+01 -8.71518066e+00 7.06450804e-03 1.72068476e-02 -4.04670774e-01 9.14273253e-01
1317358098.060866117 4.35282456e+02 2.15462566e+01 -8.71979512e+00 6.12427013e-03 1.79407246e-02 -4.05716048e-01 9.13802556e-01
1317358098.164859056 4.35473217e+02 2.13717951e+01 -8.71780731e+00 4.06233564e-03 2.03588018e-02 -4.04376265e-01 9.14357071e-01
1317358098.268851042 4.35655903e+02 2.11694752e+01 -8.71835507e+00 3.33587693e-03 2.13966570e-02 -4.04325318e-01 9.14358842e-01
1317358098.372817993 4.35807474e+02 2.09949988e+01 -8.71946136e+00 2.39703278e-03 2.25829683e-02 -4.04485771e-01 9.14262284e-01
1317358098.476783991 4.35964712e+02 2.08259811e+01 -8.72831102e+00 2.08611607e-03 2.26029696e-02 -4.04290264e-01 9.14349023e-01
1317358098.580724955 4.36117372e+02 2.06832173e+01 -8.73410199e+00 2.69219231e-03 2.20860123e-02 -4.02823252e-01 9.15007316e-01
1317358098.684643984 4.36248690e+02 2.05305618e+01 -8.73814955e+00 2.91018991e-03 1.97748124e-02 -4.01497054e-01 9.15642181e-01
1317358098.788515091 4.36376228e+02 2.04005044e+01 -8.75298948e+00 2.29461634e-03 1.90523378e-02 -3.98326690e-01 9.17042851e-01
1317358098.892313957 4.36499324e+02 2.02736106e+01 -8.75619763e+00 3.03738490e-03 1.86740090e-02 -3.93767377e-01 9.19015401e-01
1317358098.996088982 4.36612143e+02 2.01651506e+01 -8.75414924e+00 2.47700566e-03 1.75629632e-02 -3.85645441e-01 9.22476558e-01
1317358099.099865913 4.36731694e+02 2.00417274e+01 -8.76269535e+00 3.03250863e-03 1.82806635e-02 -3.77050666e-01 9.26007244e-01
1317358099.203617096 4.36860113e+02 1.99047159e+01 -8.76855005e+00 4.06590438e-03 1.84644834e-02 -3.67693881e-01 9.29754667e-01
1317358099.307318926 4.36982430e+02 1.97974265e+01 -8.77848879e+00 4.49737068e-03 2.04191659e-02 -3.55179491e-01 9.34564262e-01
1317358099.411021948 4.37132720e+02 1.96966126e+01 -8.77684327e+00 4.07001149e-03 2.23864665e-02 -3.41372150e-01 9.39652774e-01
1317358099.514746904 4.37297571e+02 1.96377767e+01 -8.77768817e+00 3.16463427e-03 2.36188920e-02 -3.25165992e-01 9.45356658e-01
1317358099.618423939 4.37442210e+02 1.95506388e+01 -8.77942733e+00 9.29475246e-04 2.58088977e-02 -3.09547509e-01 9.50533207e-01
1317358099.722103119 4.37624969e+02 1.95631475e+01 -8.78487184e+00 5.45125008e-04 2.78774989e-02 -2.89010203e-01 9.56919877e-01
1317358099.825855017 4.37773716e+02 1.95166052e+01 -8.78427110e+00 -2.48833507e-03 3.01686020e-02 -2.70389754e-01 9.62274932e-01
1317358099.929630995 4.37950611e+02 1.95129205e+01 -8.79199695e+00 -6.05450310e-03 3.16475780e-02 -2.51084348e-01 9.67428769e-01
1317358100.033381939 4.38111733e+02 1.94779566e+01 -8.79836810e+00 -6.73410925e-03 3.10794910e-02 -2.30898094e-01 9.72458116e-01
1317358100.137083054 4.38316574e+02 1.94985151e+01 -8.80823139e+00 -8.14799050e-03 3.23336010e-02 -2.07364666e-01 9.77695271e-01
1317358100.240787029 4.38488409e+02 1.94715750e+01 -8.80632952e+00 -7.73836113e-03 3.27369447e-02 -1.84770214e-01 9.82205874e-01
1317358100.344515085 4.38668737e+02 1.94548115e+01 -8.80763278e+00 -1.02138897e-02 3.31014479e-02 -1.62323909e-01 9.86129261e-01
1317358100.448241949 4.38870959e+02 1.94385397e+01 -8.81817600e+00 -1.07941976e-02 3.56242407e-02 -1.38361004e-01 9.89682086e-01
1317358100.551968098 4.39081321e+02 1.94088267e+01 -8.83969762e+00 -1.18447391e-02 3.65617907e-02 -1.13888872e-01 9.92749849e-01
1317358100.655694962 4.39291168e+02 1.94015567e+01 -8.85083129e+00 -9.94679709e-03 3.55879426e-02 -8.80596544e-02 9.95429584e-01
1317358100.759422064 4.39501298e+02 1.94015620e+01 -8.86018855e+00 -9.13257883e-03 3.45057682e-02 -6.19933284e-02 9.97438106e-01
1317358100.863195896 4.39717976e+02 1.94130558e+01 -8.86876083e+00 -1.07223397e-02 3.53107699e-02 -3.80973335e-02 9.98592396e-01
1317358100.967015982 4.39951896e+02 1.94613093e+01 -8.88490388e+00 -1.16876277e-02 3.44012950e-02 -1.40693686e-02 9.99240713e-01
1317358101.070888042 4.40184494e+02 1.95162349e+01 -8.91674292e+00 -1.61584238e-02 3.32186145e-02 6.72650590e-03 9.99294843e-01
1317358101.174808025 4.40420792e+02 1.95678806e+01 -8.93168318e+00 -1.59573661e-02 3.31643016e-02 2.80379593e-02 9.98929109e-01
1317358101.278727055 4.40677396e+02 1.96345089e+01 -8.95499384e+00 -1.57083882e-02 3.20493809e-02 4.73868504e-02 9.98238734e-01
1317358101.382669926 4.40929544e+02 1.96946529e+01 -8.96421208e+00 -1.46785248e-02 3.22531687e-02 6.80093431e-02 9.97055166e-01
1317358101.486635923 4.41188845e+02 1.97624010e+01 -8.97899152e+00 -1.45043454e-02 3.12675306e-02 8.65904415e-02 9.95647559e-01
1317358101.590603113 4.41425541e+02 1.98221949e+01 -8.99177170e+00 -1.48090516e-02 3.17867798e-02 1.05022203e-01 9.93851412e-01
1317358101.694569111 4.41681702e+02 1.99075074e+01 -9.00930207e+00 -1.56164858e-02 3.04299539e-02 1.23852387e-01 9.91711011e-01
1317358101.798537016 4.41937623e+02 1.99898169e+01 -9.03199968e+00 -1.78690661e-02 2.74134273e-02 1.41812535e-01 9.89352518e-01
1317358101.902504921 4.42208099e+02 2.01050137e+01 -9.04293228e+00 -1.72988495e-02 2.70298449e-02 1.59734777e-01 9.86638200e-01
1317358102.006445885 4.42484031e+02 2.02281318e+01 -9.04878454e+00 -1.91648241e-02 2.58161896e-02 1.77860410e-01 9.83530329e-01
1317358102.110363960 4.42772464e+02 2.03587567e+01 -9.05682821e+00 -1.72792932e-02 2.46144901e-02 1.96054108e-01 9.80131797e-01
1317358102.214283943 4.43072523e+02 2.05508340e+01 -9.07235384e+00 -1.74596817e-02 2.26246909e-02 2.15554699e-01 9.76073488e-01
1317358102.318178892 4.43371205e+02 2.07365191e+01 -9.07424274e+00 -2.07638323e-02 1.99943968e-02 2.35099999e-01 9.71543657e-01
1317358102.422049999 4.43673689e+02 2.09245477e+01 -9.08520238e+00 -2.10068390e-02 1.73283831e-02 2.54455058e-01 9.66701124e-01
1317358102.525968075 4.43981487e+02 2.11360350e+01 -9.10320455e+00 -1.95796880e-02 1.54936109e-02 2.72354225e-01 9.61873048e-01
1317358102.629909992 4.44291690e+02 2.13624938e+01 -9.11232028e+00 -1.79040189e-02 1.31627352e-02 2.91545852e-01 9.56298701e-01
1317358102.733875990 4.44633975e+02 2.16018639e+01 -9.14932993e+00 -1.34784604e-02 9.43326959e-03 3.09237121e-01 9.50842651e-01
1317358102.837892056 4.44954914e+02 2.18776951e+01 -9.15812432e+00 -1.16505911e-02 8.43667549e-03 3.25846961e-01 9.45313093e-01
1317358102.942027092 4.45269348e+02 2.21393706e+01 -9.19278438e+00 -9.19631943e-03 9.16336912e-03 3.37222161e-01 9.41335580e-01
1317358103.046281099 4.45599525e+02 2.24416318e+01 -9.19453237e+00 -1.09197303e-02 8.75817857e-03 3.44394030e-01 9.38720835e-01
1317358103.150558949 4.45935669e+02 2.27427651e+01 -9.19431301e+00 -1.34815157e-02 8.63720810e-03 3.43956304e-01 9.38849140e-01
1317358103.254837036 4.46301383e+02 2.30557966e+01 -9.20032193e+00 -1.45378493e-02 8.22297194e-03 3.49220300e-01 9.36891785e-01
1317358103.359091997 4.46653332e+02 2.33877335e+01 -9.21941570e+00 -1.84838962e-02 5.74004026e-03 3.50190435e-01 9.36478541e-01
1317358103.463325024 4.47044646e+02 2.37385356e+01 -9.22074057e+00 -1.89196125e-02 4.25177186e-03 3.54377445e-01 9.34901384e-01
1317358103.567532063 4.47429507e+02 2.41153583e+01 -9.23704495e+00 -1.86923666e-02 4.02334931e-03 3.57255768e-01 9.33810861e-01
1317358103.671737909 4.47854243e+02 2.44979223e+01 -9.23994189e+00 -2.15306608e-02 2.51888391e-03 3.60816463e-01 9.32384881e-01
1317358103.775968075 4.48311990e+02 2.49218004e+01 -9.25961730e+00 -1.89799557e-02 3.18699549e-03 3.61048129e-01 9.32348568e-01
1317358103.880199909 4.48746812e+02 2.53256102e+01 -9.26200316e+00 -2.15361634e-02 2.37519365e-03 3.62097115e-01 9.31888530e-01
1317358103.984406948 4.49247260e+02 2.57786273e+01 -9.27450903e+00 -2.28347886e-02 1.04206261e-03 3.62125053e-01 9.31849200e-01
1317358104.088614941 4.49746763e+02 2.62467156e+01 -9.30999071e+00 -1.90174418e-02 3.20655861e-03 3.60136828e-01 9.32700123e-01
1317358104.192795992 4.50220462e+02 2.66900306e+01 -9.31269474e+00 -1.99342320e-02 3.46198191e-03 3.60381906e-01 9.32585397e-01
1317358104.296955109 4.50735247e+02 2.71660248e+01 -9.32603793e+00 -1.67256221e-02 4.80427527e-03 3.59980861e-01 9.32797380e-01
1317358104.401089907 4.51252297e+02 2.76306363e+01 -9.32576420e+00 -1.82136819e-02 5.94194202e-03 3.61530750e-01 9.32163329e-01
1317358104.505198956 4.51834185e+02 2.81773321e+01 -9.33688162e+00 -1.78664498e-02 6.15531533e-03 3.62656662e-01 9.31731210e-01
1317358104.609286070 4.52361391e+02 2.86732892e+01 -9.33506822e+00 -1.77188895e-02 5.91302256e-03 3.62789377e-01 9.31683930e-01
1317358104.713350058 4.52956117e+02 2.92234280e+01 -9.34649573e+00 -1.77684845e-02 5.52040181e-03 3.63713342e-01 9.31325083e-01
1317358104.817411900 4.53519014e+02 2.97467504e+01 -9.34565108e+00 -1.90314203e-02 5.10221822e-03 3.65516654e-01 9.30596233e-01
1317358104.921449900 4.54138622e+02 3.03340635e+01 -9.38119457e+00 -1.98265164e-02 5.25327431e-03 3.64671049e-01 9.30910489e-01
1317358105.025490046 4.54729183e+02 3.08838439e+01 -9.39028909e+00 -1.94806788e-02 5.58823922e-03 3.65641325e-01 9.30535167e-01
1317358105.129529953 4.55391150e+02 3.15062791e+01 -9.42815109e+00 -1.73382491e-02 6.52082942e-03 3.67638834e-01 9.29784142e-01
1317358105.233519077 4.55989760e+02 3.20759661e+01 -9.43929253e+00 -1.52071576e-02 7.96179746e-03 3.69522960e-01 9.29063041e-01
1317358105.337507963 4.56654739e+02 3.27055173e+01 -9.48520173e+00 -1.35902860e-02 9.84420977e-03 3.70717131e-01 9.28594209e-01
1317358105.441499949 4.57313924e+02 3.33364082e+01 -9.50871831e+00 -1.22328851e-02 1.15441222e-02 3.72119327e-01 9.28032487e-01
1317358105.545466900 4.57933488e+02 3.39357882e+01 -9.51646034e+00 -1.08539831e-02 1.11292511e-02 3.74424804e-01 9.27126958e-01
1317358105.649409056 4.58592580e+02 3.46059182e+01 -9.54512248e+00 -1.59655419e-02 8.09079465e-03 3.77394981e-01 9.25879403e-01
1317358105.753350973 4.59208323e+02 3.52267424e+01 -9.55689037e+00 -1.78656849e-02 8.27350136e-03 3.78986481e-01 9.25192744e-01
1317358105.857319117 4.59856639e+02 3.59048464e+01 -9.58483453e+00 -2.30974124e-02 7.64177249e-03 3.80889862e-01 9.24300290e-01
1317358105.961308956 4.60487552e+02 3.65516463e+01 -9.60677767e+00 -2.36869013e-02 7.86805914e-03 3.81774473e-01 9.23918436e-01
1317358106.065321922 4.61171520e+02 3.72564646e+01 -9.63104637e+00 -2.75777927e-02 7.39666875e-03 3.82161549e-01 9.23654321e-01
1317358106.169337988 4.61818891e+02 3.79197150e+01 -9.64922135e+00 -2.85744415e-02 8.15618506e-03 3.84255499e-01 9.22748443e-01
1317358106.273330927 4.62503316e+02 3.86270361e+01 -9.68076868e+00 -2.69180223e-02 9.31795868e-03 3.85749517e-01 9.22163709e-01
1317358106.377321005 4.63149977e+02 3.92970100e+01 -9.72442977e+00 -2.70945079e-02 9.41546487e-03 3.86690577e-01 9.21763329e-01
1317358106.481337070 4.63824158e+02 3.99815891e+01 -9.75599401e+00 -2.28058415e-02 1.06401038e-02 3.88147558e-01 9.21253578e-01
1317358106.585352898 4.64467504e+02 4.06512953e+01 -9.78964140e+00 -2.27779351e-02 9.55623131e-03 3.88755766e-01 9.21009662e-01
1317358106.689342976 4.65108721e+02 4.13194713e+01 -9.81974067e+00 -2.27422508e-02 8.65996732e-03 3.88312155e-01 9.21206527e-01
1317358106.793333054 4.65741391e+02 4.19769469e+01 -9.82740562e+00 -2.14261385e-02 9.00723652e-03 3.87830880e-01 9.21437463e-01
1317358106.897347927 4.66384992e+02 4.26353554e+01 -9.85279959e+00 -1.91837569e-02 8.35726367e-03 3.86788739e-01 9.21930915e-01
1317358107.001360893 4.67049100e+02 4.32536127e+01 -9.87935546e+00 -1.56981309e-02 1.02557983e-02 3.83980170e-01 9.23150917e-01
1317358107.105376005 4.67695512e+02 4.39028783e+01 -9.90931549e+00 -1.60192895e-02 9.35726079e-03 3.83912149e-01 9.23183235e-01
1317358107.209393978 4.68333222e+02 4.45484309e+01 -9.92990406e+00 -1.92528638e-02 7.95240439e-03 3.82783671e-01 9.23603133e-01
1317358107.313409090 4.68953144e+02 4.50923834e+01 -9.92965853e+00 -1.81028349e-02 1.25303900e-02 3.79393933e-01 9.24973254e-01
1317358107.417398930 4.69584782e+02 4.57091493e+01 -9.95092285e+00 -1.87490652e-02 1.28711287e-02 3.78351924e-01 9.25382423e-01
1317358107.521388054 4.70189862e+02 4.62970722e+01 -9.96871985e+00 -2.63427887e-02 1.06657612e-02 3.76258363e-01 9.26078800e-01
1317358107.625401974 4.70823164e+02 4.69140878e+01 -9.99529306e+00 -2.93477387e-02 9.19071430e-03 3.75851549e-01 9.26169452e-01
1317358107.729393959 4.71478634e+02 4.74913370e+01 -9.99329269e+00 -2.50908784e-02 1.40706778e-02 3.74072211e-01 9.26953313e-01
1317358107.833360910 4.72108438e+02 4.81086815e+01 -1.00045077e+01 -2.04224295e-02 1.62153470e-02 3.72810953e-01 9.27540824e-01
1317358107.937350988 4.72733135e+02 4.87174850e+01 -1.00417859e+01 -2.30097273e-02 1.53036358e-02 3.72687280e-01 9.27545439e-01
1317358108.041341066 4.73363057e+02 4.93076704e+01 -1.00612914e+01 -1.87216642e-02 1.68483687e-02 3.70165605e-01 9.28624282e-01
1317358108.145306110 4.73968892e+02 4.98892765e+01 -1.00797896e+01 -2.00859004e-02 1.57744615e-02 3.69511110e-01 9.28875267e-01
1317358108.249274015 4.74564191e+02 5.04653257e+01 -1.01306939e+01 -2.22718237e-02 1.71258210e-02 3.70556624e-01 9.28384867e-01
1317358108.353266954 4.75151857e+02 5.10351068e+01 -1.01580654e+01 -2.46836196e-02 1.50409885e-02 3.70741397e-01 9.28286219e-01
1317358108.457257032 4.75727968e+02 5.15817827e+01 -1.02074506e+01 -2.42337854e-02 1.59892099e-02 3.70452724e-01 9.28397462e-01
1317358108.561249018 4.76320565e+02 5.21267139e+01 -1.02369141e+01 -1.98120140e-02 1.60960730e-02 3.70337531e-01 9.28546452e-01
1317358108.665239096 4.76906359e+02 5.27000311e+01 -1.02604653e+01 -2.94329879e-02 1.01727158e-02 3.70689066e-01 9.28234793e-01
1317358108.769206047 4.77433843e+02 5.32007323e+01 -1.02794769e+01 -2.72905712e-02 1.15719630e-02 3.70190806e-01 9.28482677e-01
1317358108.873195887 4.77980452e+02 5.37293922e+01 -1.02953484e+01 -2.97475011e-02 9.89601960e-03 3.70693927e-01 9.28225817e-01
1317358108.977180004 4.78380574e+02 5.41081969e+01 -1.03023871e+01 -2.05774741e-02 1.38858169e-02 3.70539486e-01 9.28484917e-01
1317358109.081147909 4.78799885e+02 5.45049534e+01 -1.03132987e+01 -1.90399327e-02 1.43838841e-02 3.71878852e-01 9.27974517e-01
1317358109.185120106 4.79272841e+02 5.49616301e+01 -1.03343640e+01 -2.03866871e-02 1.30420946e-02 3.72193873e-01 9.27839430e-01
1317358109.289114952 4.79623690e+02 5.52869038e+01 -1.03492930e+01 -1.65996635e-02 1.52063955e-02 3.72585157e-01 9.27724915e-01
1317358109.393105984 4.80047455e+02 5.57048900e+01 -1.03665653e+01 -1.71950825e-02 1.36111206e-02 3.73177282e-01 9.27500826e-01
1317358109.497092962 4.80397417e+02 5.60568207e+01 -1.03665341e+01 -1.49501039e-02 1.49954864e-02 3.73089921e-01 9.27553524e-01
1317358109.601109982 4.80789670e+02 5.64271102e+01 -1.03820317e+01 -1.58531919e-02 1.49911578e-02 3.72866170e-01 9.27628568e-01
1317358109.705123901 4.81066579e+02 5.66998446e+01 -1.03727809e+01 -1.57398971e-02 1.61148861e-02 3.72508253e-01 9.27755446e-01
1317358109.809112072 4.81370159e+02 5.69836975e+01 -1.03629649e+01 -1.97110625e-02 1.52343355e-02 3.72460271e-01 9.27713714e-01
1317358109.913103104 4.81710487e+02 5.73083873e+01 -1.03684222e+01 -2.14237857e-02 1.55208226e-02 3.72958695e-01 9.27470720e-01
1317358110.017117023 4.81977155e+02 5.75678321e+01 -1.03737910e+01 -2.13039796e-02 1.49467193e-02 3.74145723e-01 9.27004700e-01
1317358110.121130943 4.82267017e+02 5.78556061e+01 -1.03761030e+01 -2.29617016e-02 1.43864726e-02 3.72838831e-01 9.27500402e-01
1317358110.225171089 4.82502377e+02 5.80897931e+01 -1.03971223e+01 -1.86988804e-02 1.63653894e-02 3.70368266e-01 9.28552569e-01
1317358110.329210043 4.82763569e+02 5.83470505e+01 -1.03998487e+01 -1.87732510e-02 1.60151199e-02 3.68438195e-01 9.29324689e-01
1317358110.433227062 4.83000572e+02 5.85634643e+01 -1.03967557e+01 -1.75419713e-02 1.65970340e-02 3.65406220e-01 9.30534853e-01
1317358110.537240028 4.83206816e+02 5.87537729e+01 -1.04105238e+01 -1.48175515e-02 1.74874049e-02 3.63576568e-01 9.31282293e-01
1317358110.641253948 4.83423405e+02 5.89538084e+01 -1.04184708e+01 -1.48457078e-02 1.75251658e-02 3.61582888e-01 9.32057020e-01
1317358110.745245934 4.83623551e+02 5.91362789e+01 -1.04259393e+01 -1.54728683e-02 1.70871722e-02 3.59556088e-01 9.32838699e-01
1317358110.849235058 4.83826463e+02 5.93004222e+01 -1.04303169e+01 -1.53009601e-02 1.57595145e-02 3.58204970e-01 9.33384550e-01
1317358110.953250885 4.84021218e+02 5.94706913e+01 -1.04330724e+01 -1.47315843e-02 1.51851483e-02 3.56078088e-01 9.34216670e-01
1317358111.057240963 4.84190597e+02 5.95858442e+01 -1.04408368e+01 -1.26910429e-02 1.50910745e-02 3.53497185e-01 9.35227746e-01
1317358111.161228895 4.84380033e+02 5.97519550e+01 -1.04361772e+01 -1.37257041e-02 1.45900171e-02 3.51944448e-01 9.35806519e-01
1317358111.265222073 4.84541308e+02 5.98829614e+01 -1.04473002e+01 -1.23203106e-02 1.56269790e-02 3.48130071e-01 9.37235008e-01
1317358111.369190931 4.84717865e+02 6.00303493e+01 -1.04477205e+01 -1.17617983e-02 1.56069144e-02 3.46620583e-01 9.37801821e-01
1317358111.473133087 4.84897143e+02 6.01856446e+01 -1.04613230e+01 -1.02187996e-02 1.56436795e-02 3.45223474e-01 9.38334484e-01
1317358111.577049971 4.85085124e+02 6.03403929e+01 -1.04623461e+01 -9.24484528e-03 1.57574631e-02 3.45255923e-01 9.38330743e-01
1317358111.680974960 4.85276601e+02 6.05119858e+01 -1.04760019e+01 -7.24499304e-03 1.59810713e-02 3.44731211e-01 9.38537430e-01
1317358111.784919024 4.85462372e+02 6.06799923e+01 -1.04720371e+01 -7.30303598e-03 1.57110854e-02 3.44785196e-01 9.38521708e-01
1317358111.888854980 4.85669804e+02 6.08540849e+01 -1.04731929e+01 -7.84642014e-03 1.57189652e-02 3.44482689e-01 9.38628268e-01
1317358111.992796898 4.85848826e+02 6.10227995e+01 -1.04761626e+01 -8.34546962e-03 1.55348770e-02 3.44897628e-01 9.38474639e-01
1317358112.096740961 4.86051968e+02 6.11984773e+01 -1.04925733e+01 -7.47660384e-03 1.38021147e-02 3.44744453e-01 9.38565322e-01
1317358112.200659990 4.86266051e+02 6.13745461e+01 -1.04959846e+01 -6.30704480e-03 1.35621716e-02 3.46200821e-01 9.38041193e-01
1317358112.304578066 4.86503342e+02 6.15583004e+01 -1.05032343e+01 -4.56554526e-03 1.39656559e-02 3.45789978e-01 9.38196892e-01
1317358112.408504009 4.86748723e+02 6.17739814e+01 -1.05029299e+01 -4.41071807e-03 1.42314411e-02 3.47095057e-01 9.37711594e-01
1317358112.512423992 4.87002679e+02 6.19912108e+01 -1.05060049e+01 -7.63218371e-03 1.41821326e-02 3.47274582e-01 9.37625182e-01
1317358112.616336107 4.87260760e+02 6.22286147e+01 -1.05085776e+01 -1.03231046e-02 1.32415843e-02 3.48512802e-01 9.37153627e-01
1317358112.720231056 4.87517533e+02 6.24539785e+01 -1.05243322e+01 -8.67149973e-03 1.29057215e-02 3.48909855e-01 9.37027300e-01
1317358112.824101925 4.87801009e+02 6.27084972e+01 -1.05262459e+01 -8.92173506e-03 1.23681995e-02 3.50443616e-01 9.36459664e-01
1317358112.927994013 4.88069890e+02 6.29424415e+01 -1.05420459e+01 -8.50353234e-03 1.32862455e-02 3.50665894e-01 9.36367768e-01
1317358113.031888962 4.88371085e+02 6.31964696e+01 -1.05573238e+01 -8.51918917e-03 1.33888889e-02 3.52248531e-01 9.35771945e-01
1317358113.135785103 4.88685941e+02 6.34320898e+01 -1.05809278e+01 -5.40703804e-03 1.58497565e-02 3.53612236e-01 9.35242180e-01
1317358113.239705086 4.88998311e+02 6.37187910e+01 -1.05815164e+01 -3.94309736e-03 1.69442053e-02 3.54563389e-01 9.34870124e-01
1317358113.343597889 4.89338730e+02 6.40152419e+01 -1.06073897e+01 -6.38029587e-03 1.80227656e-02 3.54621848e-01 9.34814322e-01
1317358113.447494984 4.89681549e+02 6.43215138e+01 -1.06131617e+01 -8.56411844e-03 1.82353857e-02 3.55828814e-01 9.34333977e-01
1317358113.551389933 4.90040181e+02 6.46443477e+01 -1.06243482e+01 -1.08639521e-02 1.71264250e-02 3.56933188e-01 9.33909717e-01
1317358113.655283928 4.90399024e+02 6.49948215e+01 -1.06334999e+01 -1.26741160e-02 1.46960303e-02 3.56617594e-01 9.34048866e-01
1317358113.759200096 4.90779556e+02 6.53311730e+01 -1.06553505e+01 -1.15999113e-02 1.48781874e-02 3.57968949e-01 9.33542882e-01
1317358113.863095999 4.91197343e+02 6.56716940e+01 -1.06617871e+01 -9.34495572e-03 1.57040715e-02 3.59860315e-01 9.32827212e-01
1317358113.967015028 4.91614242e+02 6.60472436e+01 -1.06707617e+01 -1.03355971e-02 1.54799047e-02 3.61118286e-01 9.32334238e-01
1317358114.070956945 4.92031047e+02 6.64454949e+01 -1.07139727e+01 -9.78320630e-03 1.59539731e-02 3.61147658e-01 9.32320829e-01
1317358114.174876928 4.92460323e+02 6.68393032e+01 -1.07266814e+01 -9.96117632e-03 1.59131557e-02 3.62147711e-01 9.31931640e-01
1317358114.278820038 4.92898616e+02 6.72407651e+01 -1.07359037e+01 -1.13632073e-02 1.59533883e-02 3.63065518e-01 9.31557726e-01
1317358114.382786036 4.93341895e+02 6.76765382e+01 -1.07539099e+01 -1.20177569e-02 1.63170213e-02 3.61999199e-01 9.31958104e-01
1317358114.486752987 4.93813177e+02 6.81109513e+01 -1.07812318e+01 -1.13911195e-02 1.61918273e-02 3.62636190e-01 9.31720484e-01
1317358114.590696096 4.94293212e+02 6.85389028e+01 -1.08153043e+01 -9.51385046e-03 1.70659457e-02 3.62302138e-01 9.31855891e-01
1317358114.694641113 4.94779031e+02 6.89970516e+01 -1.08227482e+01 -9.00119753e-03 1.72965040e-02 3.62677364e-01 9.31710759e-01
1317358114.798608065 4.95293101e+02 6.94614168e+01 -1.08623707e+01 -6.50102152e-03 1.81476373e-02 3.62886680e-01 9.31633864e-01
1317358114.902573109 4.95804910e+02 6.99282554e+01 -1.08798220e+01 -6.95866102e-03 1.80605804e-02 3.63146393e-01 9.31531046e-01
1317358115.006539106 4.96343259e+02 7.04336855e+01 -1.08983147e+01 -8.74547592e-03 1.76940364e-02 3.64210755e-01 9.31107386e-01
1317358115.110505104 4.96896230e+02 7.09484717e+01 -1.09118159e+01 -1.02510735e-02 1.68170288e-02 3.64911255e-01 9.30833970e-01
1317358115.214497089 4.97485078e+02 7.14883729e+01 -1.09524195e+01 -1.30148759e-02 1.57276842e-02 3.66030254e-01 9.30379012e-01
1317358115.318485975 4.98066419e+02 7.20247306e+01 -1.09783027e+01 -1.44048533e-02 1.48489819e-02 3.66736848e-01 9.30094669e-01
1317358115.422452927 4.98647653e+02 7.25683853e+01 -1.09927321e+01 -1.70263572e-02 1.34882010e-02 3.66623911e-01 9.30115627e-01
1317358115.526396990 4.99237515e+02 7.31336596e+01 -1.10126056e+01 -1.80702462e-02 1.23210457e-02 3.67560208e-01 9.29742519e-01
1317358115.630337954 4.99844130e+02 7.37005340e+01 -1.10177647e+01 -1.90609402e-02 1.12395493e-02 3.67920811e-01 9.29593798e-01
1317358115.734304905 5.00464313e+02 7.43223398e+01 -1.10466556e+01 -2.05959715e-02 1.12574216e-02 3.68300808e-01 9.29410346e-01
1317358115.838272095 5.01064172e+02 7.48971351e+01 -1.10987882e+01 -1.38449106e-02 1.56599541e-02 3.67715544e-01 9.29703373e-01
1317358115.942238092 5.01691356e+02 7.54813613e+01 -1.11242036e+01 -1.62566064e-02 1.44504944e-02 3.68668744e-01 9.29306334e-01
1317358116.046204090 5.02308415e+02 7.60732152e+01 -1.11795002e+01 -1.38426581e-02 1.60556087e-02 3.69101951e-01 9.29147108e-01
1317358116.150196075 5.02944567e+02 7.66758876e+01 -1.11996432e+01 -1.45466579e-02 1.56922027e-02 3.68996349e-01 9.29184505e-01
1317358116.254188061 5.03582034e+02 7.72822939e+01 -1.12387982e+01 -1.20424876e-02 1.64594571e-02 3.67885581e-01 9.29647387e-01
1317358116.358179092 5.04228300e+02 7.78880142e+01 -1.12718905e+01 -9.16646030e-03 1.91757167e-02 3.65668135e-01 9.30502597e-01
1317358116.462193966 5.04870467e+02 7.84887420e+01 -1.12943245e+01 -9.10750796e-03 1.90819903e-02 3.65057239e-01 9.30744940e-01
1317358116.566184044 5.05527801e+02 7.91042234e+01 -1.13258779e+01 -9.85224767e-03 1.99787585e-02 3.64311980e-01 9.31010507e-01
1317358116.670150042 5.06183831e+02 7.97148979e+01 -1.13449109e+01 -9.95265807e-03 1.98735676e-02 3.63904552e-01 9.31171017e-01
1317358116.774116993 5.06886307e+02 8.03557985e+01 -1.13831694e+01 -8.63916011e-03 1.79126109e-02 3.63774209e-01 9.31274840e-01
1317358116.878084898 5.07568763e+02 8.09907104e+01 -1.14074128e+01 -6.85777065e-03 1.78616444e-02 3.64012846e-01 9.31197391e-01
1317358116.982050896 5.08251100e+02 8.16105100e+01 -1.14291867e+01 -6.70761455e-03 1.67840587e-02 3.64288562e-01 9.31110706e-01
1317358117.086018085 5.08939804e+02 8.22563661e+01 -1.14723268e+01 -5.57517975e-03 1.91972475e-02 3.63179911e-01 9.31504554e-01
1317358117.189982891 5.09616796e+02 8.28844019e+01 -1.14954000e+01 -6.85750990e-03 1.93627545e-02 3.62755961e-01 9.31657754e-01
1317358117.293948889 5.10280422e+02 8.34870707e+01 -1.15384871e+01 -8.48294138e-03 1.82717159e-02 3.62125944e-01 9.31911468e-01
1317358117.397917032 5.10921012e+02 8.41011876e+01 -1.15737224e+01 -8.84843821e-03 1.92335052e-02 3.61975142e-01 9.31947302e-01
1317358117.501858950 5.11606082e+02 8.47264901e+01 -1.15985384e+01 -1.01367771e-02 1.84315222e-02 3.61738610e-01 9.32042222e-01
1317358117.605777979 5.12258393e+02 8.53231908e+01 -1.16429591e+01 -8.15950315e-03 1.93552875e-02 3.62436883e-01 9.31771593e-01
1317358117.709697008 5.12917108e+02 8.59290808e+01 -1.16704753e+01 -8.60017805e-03 1.78033873e-02 3.63194477e-01 9.31503542e-01
1317358117.813620090 5.13583930e+02 8.65363657e+01 -1.17134877e+01 -1.01908941e-02 1.72227090e-02 3.64242595e-01 9.31089070e-01
1317358117.917515993 5.14202383e+02 8.71268593e+01 -1.17018852e+01 -8.76358299e-03 1.83366539e-02 3.67313580e-01 9.29875100e-01
1317358118.021380901 5.14834077e+02 8.77285437e+01 -1.17079012e+01 -9.15616727e-03 1.86934625e-02 3.70447193e-01 9.28620265e-01
1317358118.125276089 5.15436256e+02 8.83464236e+01 -1.16915616e+01 -6.40365442e-03 2.15312003e-02 3.74397093e-01 9.26996341e-01
1317358118.229193926 5.16030748e+02 8.89352802e+01 -1.17073858e+01 -6.06518093e-03 2.26626289e-02 3.76907019e-01 9.25953950e-01
1317358118.333137035 5.16604723e+02 8.95086747e+01 -1.17490985e+01 -2.31264203e-03 2.46163235e-02 3.78722242e-01 9.25180064e-01
1317358118.437127113 5.17172167e+02 9.00670139e+01 -1.18153778e+01 -1.30548184e-03 2.63815995e-02 3.79405652e-01 9.24853317e-01
1317358118.541116953 5.17742893e+02 9.06436308e+01 -1.18265336e+01 -4.16127459e-03 2.53578245e-02 3.80289968e-01 9.24510251e-01
1317358118.645107031 5.18299726e+02 9.12030323e+01 -1.18439753e+01 -8.26787734e-03 2.53459187e-02 3.80099879e-01 9.24561144e-01
1317358118.749123096 5.18831903e+02 9.17421152e+01 -1.18635272e+01 -9.27225377e-03 2.53265309e-02 3.80660613e-01 9.24321421e-01
1317358118.853163004 5.19360880e+02 9.22735682e+01 -1.18683452e+01 -9.94905313e-03 2.62767615e-02 3.80469110e-01 9.24366704e-01
1317358118.957226992 5.19865936e+02 9.27674227e+01 -1.19189094e+01 -7.18150873e-03 2.79283729e-02 3.79483279e-01 9.24749087e-01
1317358119.061266899 5.20376043e+02 9.32713277e+01 -1.19360319e+01 -7.52909781e-03 2.70050548e-02 3.78819780e-01 9.25045736e-01
1317358119.165306091 5.20857306e+02 9.37427077e+01 -1.19547685e+01 -1.04472774e-02 2.57012986e-02 3.77903579e-01 9.25429188e-01
1317358119.269345999 5.21338929e+02 9.42160596e+01 -1.19758530e+01 -8.93392792e-03 2.63767232e-02 3.76739747e-01 9.25900435e-01
1317358119.373383999 5.21820656e+02 9.46839640e+01 -1.19998002e+01 -8.89845354e-03 2.69327279e-02 3.75928963e-01 9.26214263e-01
1317358119.477446079 5.22268566e+02 9.51006241e+01 -1.20565889e+01 -1.04572245e-02 2.65485064e-02 3.73837896e-01 9.27055042e-01
1317358119.581510067 5.22722856e+02 9.55373732e+01 -1.20754566e+01 -9.65373569e-03 2.49024455e-02 3.72308548e-01 9.27724646e-01
1317358119.685570955 5.23131837e+02 9.59520653e+01 -1.21075908e+01 -8.30155448e-03 2.51937591e-02 3.71592885e-01 9.28016749e-01
1317358119.789633036 5.23576179e+02 9.63726123e+01 -1.21224544e+01 -7.90321096e-03 2.42006461e-02 3.69997423e-01 9.28683894e-01
1317358119.893699884 5.23983488e+02 9.67454367e+01 -1.21371310e+01 -6.36149094e-03 2.44157133e-02 3.67657534e-01 9.29618923e-01
1317358119.997764111 5.24415062e+02 9.71586722e+01 -1.21566905e+01 -6.30121091e-03 2.37092014e-02 3.65671389e-01 9.30420660e-01
1317358120.101824045 5.24815479e+02 9.75243490e+01 -1.21743954e+01 -8.70257751e-03 2.32327295e-02 3.64049435e-01 9.31049147e-01
1317358120.205862999 5.25240500e+02 9.79293971e+01 -1.21678527e+01 -8.27762372e-03 2.35974212e-02 3.62265226e-01 9.31739528e-01
1317358120.309905052 5.25632014e+02 9.83088230e+01 -1.22030005e+01 -1.16469994e-02 2.33457472e-02 3.59951708e-01 9.32606075e-01
1317358120.413943052 5.26060510e+02 9.86789549e+01 -1.22291690e+01 -4.32386084e-03 2.58061918e-02 3.57389945e-01 9.33588652e-01
1317358120.517977953 5.26497881e+02 9.90662511e+01 -1.22382507e+01 -4.08485614e-03 2.61577149e-02 3.55696206e-01 9.34226577e-01
1317358120.621990919 5.26953887e+02 9.94405779e+01 -1.22703593e+01 -4.06315254e-03 2.55660522e-02 3.54191606e-01 9.34814513e-01
1317358120.725982904 5.27385599e+02 9.98197013e+01 -1.22985332e+01 -7.48876593e-03 2.57011163e-02 3.53231673e-01 9.35152798e-01
1317358120.829998016 5.27827373e+02 1.00206952e+02 -1.23196572e+01 -9.39261398e-03 2.44489045e-02 3.52723089e-01 9.35361135e-01
1317358120.933986902 5.28219545e+02 1.00551991e+02 -1.23420311e+01 -7.60683914e-03 2.45445882e-02 3.52920287e-01 9.35300471e-01
1317358121.037977934 5.28603715e+02 1.00881285e+02 -1.23572594e+01 -5.94536787e-03 2.42725795e-02 3.53926331e-01 9.34939381e-01
1317358121.141969919 5.28988639e+02 1.01229795e+02 -1.23727392e+01 -6.28567668e-03 2.41245415e-02 3.55006230e-01 9.34531473e-01
1317358121.245938063 5.29309109e+02 1.01531390e+02 -1.23985853e+01 -3.52223576e-03 2.39539792e-02 3.57274314e-01 9.33685635e-01
1317358121.349931002 5.29686937e+02 1.01882571e+02 -1.23993360e+01 -7.52428494e-03 2.14593546e-02 3.59335897e-01 9.32931184e-01
1317358121.453917980 5.30030818e+02 1.02203796e+02 -1.24311080e+01 -6.02699211e-03 2.41027600e-02 3.61142652e-01 9.32179552e-01
1317358121.557907104 5.30374025e+02 1.02522127e+02 -1.24413589e+01 -1.08339381e-03 2.53660311e-02 3.63762655e-01 9.31145596e-01
1317358121.661900043 5.30724160e+02 1.02843978e+02 -1.24493416e+01 1.57525349e-03 2.45908006e-02 3.65029329e-01 9.30669866e-01
1317358121.765892029 5.31020105e+02 1.03111606e+02 -1.24665683e+01 6.20551836e-03 2.54421121e-02 3.67444676e-01 9.29676611e-01
1317358121.869905949 5.31356902e+02 1.03416363e+02 -1.24739310e+01 6.56146341e-03 2.55818768e-02 3.69209494e-01 9.28970863e-01
1317358121.973917007 5.31687194e+02 1.03725955e+02 -1.25000945e+01 5.48501365e-03 2.67436081e-02 3.69725522e-01 9.28739863e-01
1317358122.077908039 5.32009711e+02 1.04053586e+02 -1.25174827e+01 4.63382904e-03 2.78118052e-02 3.71154910e-01 9.28142804e-01
1317358122.181900978 5.32358937e+02 1.04403683e+02 -1.25292336e+01 4.48924959e-03 2.81360235e-02 3.73107522e-01 9.27350520e-01
1317358122.285940886 5.32670538e+02 1.04745499e+02 -1.25512777e+01 2.47755167e-03 2.73492861e-02 3.76567503e-01 9.25982070e-01
1317358122.390003920 5.32994002e+02 1.05066682e+02 -1.25573023e+01 2.75234011e-03 2.76739803e-02 3.77922942e-01 9.25419270e-01
1317358122.494062901 5.33291922e+02 1.05370277e+02 -1.25659747e+01 1.35658231e-03 2.67771123e-02 3.79138065e-01 9.24951606e-01
1317358122.598150969 5.33602720e+02 1.05666440e+02 -1.25764684e+01 2.55066739e-03 2.70837291e-02 3.78290131e-01 9.25287276e-01
1317358122.702240944 5.33861446e+02 1.05927609e+02 -1.25847350e+01 1.82358811e-03 2.64520300e-02 3.77748810e-01 9.25528390e-01
1317358122.806325912 5.34175349e+02 1.06228575e+02 -1.26021981e+01 2.20809029e-03 2.72533883e-02 3.76222195e-01 9.26125929e-01
1317358122.910413027 5.34456152e+02 1.06513314e+02 -1.26236633e+01 2.69277734e-03 2.67911711e-02 3.75518312e-01 9.26423758e-01
1317358123.014475107 5.34768020e+02 1.06819409e+02 -1.26331049e+01 3.25984383e-03 2.67085282e-02 3.74886243e-01 9.26680276e-01
1317358123.118513107 5.35083408e+02 1.07128869e+02 -1.26420443e+01 3.59555821e-03 2.67648869e-02 3.74266350e-01 9.26927943e-01
1317358123.222552061 5.35405154e+02 1.07437821e+02 -1.26567070e+01 4.48096676e-03 2.81539067e-02 3.72853625e-01 9.27452129e-01
1317358123.326615095 5.35734841e+02 1.07756081e+02 -1.26618264e+01 5.71254337e-03 2.93545914e-02 3.71636124e-01 9.27896689e-01
1317358123.430653095 5.36059804e+02 1.08077032e+02 -1.26895799e+01 5.14060784e-03 2.86768819e-02 3.71112790e-01 9.28130652e-01
1317358123.534691095 5.36415173e+02 1.08420268e+02 -1.27065271e+01 4.41551292e-03 2.70058571e-02 3.68623505e-01 9.29175924e-01
1317358123.638731956 5.36768697e+02 1.08746503e+02 -1.27219539e+01 3.27093382e-03 2.65608648e-02 3.67321593e-01 9.29708916e-01
1317358123.742747068 5.37129264e+02 1.09079529e+02 -1.27600620e+01 4.45358666e-03 2.65637993e-02 3.67756666e-01 9.29531906e-01
1317358123.846735954 5.37498648e+02 1.09425054e+02 -1.27767403e+01 6.85952649e-03 2.77238136e-02 3.67393122e-01 9.29627146e-01
1317358123.950701952 5.37871081e+02 1.09772150e+02 -1.27791973e+01 8.68851120e-03 2.88045908e-02 3.67346910e-01 9.29597253e-01
1317358124.054668903 5.38233423e+02 1.10127878e+02 -1.27833912e+01 5.10251859e-03 3.07629333e-02 3.68407623e-01 9.29141232e-01
1317358124.158633947 5.38616898e+02 1.10520641e+02 -1.28024122e+01 3.28885945e-03 3.08203577e-02 3.69896069e-01 9.28555969e-01
1317358124.262603045 5.38980556e+02 1.10910347e+02 -1.28561027e+01 1.99298869e-04 2.97696100e-02 3.73103337e-01 9.27312046e-01
1317358124.366571903 5.39380681e+02 1.11286740e+02 -1.28843882e+01 -8.02946480e-04 2.89505480e-02 3.74592584e-01 9.26737081e-01
1317358124.470513105 5.39797347e+02 1.11655863e+02 -1.29045738e+01 5.44250942e-04 2.84317364e-02 3.76177887e-01 9.26110975e-01
1317358124.574409008 5.40208068e+02 1.12061363e+02 -1.29224883e+01 2.33690635e-03 2.91203123e-02 3.78321173e-01 9.25213292e-01
1317358124.678282022 5.40618015e+02 1.12486337e+02 -1.29353550e+01 3.40198644e-03 2.83542903e-02 3.81687218e-01 9.23850274e-01
1317358124.782125950 5.41020181e+02 1.12893429e+02 -1.29462586e+01 4.48628648e-03 2.75079332e-02 3.85394261e-01 9.22330987e-01
1317358124.885946989 5.41433364e+02 1.13357000e+02 -1.29776365e+01 4.39911226e-03 2.72450941e-02 3.90452976e-01 9.20209121e-01
1317358124.989744902 5.41849507e+02 1.13809448e+02 -1.29932951e+01 3.01718197e-03 2.53387084e-02 3.97830280e-01 9.17104091e-01
1317358125.093544960 5.42261316e+02 1.14250632e+02 -1.30313393e+01 2.30281993e-03 2.44731580e-02 4.06216879e-01 9.13446007e-01
1317358125.197345972 5.42660894e+02 1.14714644e+02 -1.30368413e+01 1.11589229e-03 2.41821354e-02 4.13859083e-01 9.10019032e-01
1317358125.301168919 5.43078931e+02 1.15229405e+02 -1.30433837e+01 4.24671439e-03 2.30745194e-02 4.21405426e-01 9.06568805e-01
1317358125.405064106 5.43486393e+02 1.15750508e+02 -1.30400716e+01 6.45013120e-03 2.41146918e-02 4.26575344e-01 9.04107490e-01
1317358125.509006023 5.43913786e+02 1.16324646e+02 -1.30657330e+01 4.51766794e-03 2.19870035e-02 4.31459267e-01 9.01853127e-01
1317358125.612996101 5.44334763e+02 1.16884182e+02 -1.30726870e+01 4.74667379e-03 2.21038292e-02 4.33571386e-01 9.00835580e-01
1317358125.717010975 5.44735049e+02 1.17411643e+02 -1.31234346e+01 -1.25045855e-04 2.09327840e-02 4.35176270e-01 9.00101892e-01
1317358125.821072102 5.45158668e+02 1.17961673e+02 -1.31275039e+01 1.17843476e-03 2.17433421e-02 4.35341914e-01 9.00001809e-01
1317358125.925158978 5.45559163e+02 1.18505789e+02 -1.31488304e+01 -1.07156061e-03 2.16071394e-02 4.32970382e-01 9.01148507e-01
1317358126.029269934 5.45982076e+02 1.19044954e+02 -1.31647597e+01 1.15902887e-03 2.44176283e-02 4.30071011e-01 9.02464050e-01
1317358126.133405924 5.46393889e+02 1.19552611e+02 -1.32113136e+01 -3.69975319e-03 2.18906876e-02 4.27356932e-01 9.03810358e-01
1317358126.237562895 5.46846303e+02 1.20110163e+02 -1.32483761e+01 -9.24564970e-03 2.00489580e-02 4.23183322e-01 9.05775045e-01
1317358126.341744900 5.47320861e+02 1.20668175e+02 -1.32707749e+01 -7.99306185e-03 1.96357203e-02 4.19351486e-01 9.07576377e-01
1317358126.445910931 5.47831298e+02 1.21255299e+02 -1.33181601e+01 -1.49267849e-02 1.65169754e-02 4.14729832e-01 9.09672220e-01
1317358126.550045967 5.48329285e+02 1.21821489e+02 -1.33392108e+01 -1.36446404e-02 1.73364692e-02 4.11268514e-01 9.11247211e-01
1317358126.654150009 5.48832269e+02 1.22370078e+02 -1.33640813e+01 -1.58629723e-02 1.89019979e-02 4.05782350e-01 9.13636560e-01
1317358126.758235931 5.49365616e+02 1.22950375e+02 -1.33862302e+01 -2.11386360e-02 1.57382817e-02 3.99956490e-01 9.16155156e-01
1317358126.862299919 5.49901847e+02 1.23542053e+02 -1.34178758e+01 -2.68224279e-02 1.37308469e-02 3.94836487e-01 9.18257137e-01
1317358126.966341019 5.50475473e+02 1.24133857e+02 -1.34644233e+01 -2.90087007e-02 1.00878843e-02 3.86686890e-01 9.21699506e-01
1317358127.070332050 5.51043102e+02 1.24679185e+02 -1.34855057e+01 -2.30761184e-02 1.32719814e-02 3.81241137e-01 9.24092280e-01
1317358127.174298048 5.51621582e+02 1.25258775e+02 -1.34917657e+01 -2.32167569e-02 1.30253715e-02 3.77615638e-01 9.25579684e-01
1317358127.278240919 5.52220842e+02 1.25814196e+02 -1.35024307e+01 -1.69133194e-02 1.57094031e-02 3.75098446e-01 9.26697529e-01
1317358127.382134914 5.52819010e+02 1.26391751e+02 -1.35475109e+01 -1.71439433e-02 1.55089430e-02 3.74376614e-01 9.26988516e-01
1317358127.486006021 5.53434269e+02 1.26989780e+02 -1.35871149e+01 -1.56045228e-02 1.62736479e-02 3.74388693e-01 9.26997721e-01
1317358127.589850903 5.54049260e+02 1.27597186e+02 -1.36176379e+01 -1.70728744e-02 1.62298190e-02 3.75624043e-01 9.26472713e-01
1317358127.693696976 5.54688989e+02 1.28222719e+02 -1.36394327e+01 -1.81247510e-02 1.60751944e-02 3.76401494e-01 9.26139837e-01
1317358127.797569036 5.55313144e+02 1.28858767e+02 -1.36709362e+01 -2.17642463e-02 1.51398963e-02 3.76631581e-01 9.25983668e-01
1317358127.901439905 5.55948404e+02 1.29412097e+02 -1.37025162e+01 -2.21941846e-02 1.43310791e-02 3.72934584e-01 9.27481447e-01
1317358128.005287886 5.56567174e+02 1.30011796e+02 -1.37341173e+01 -2.44437715e-02 1.72691415e-02 3.72567955e-01 9.27522182e-01
1317358128.109134912 5.57209238e+02 1.30644147e+02 -1.37785964e+01 -2.59329435e-02 1.75787948e-02 3.73599695e-01 9.27060805e-01
1317358128.213002920 5.57833422e+02 1.31224117e+02 -1.38061488e+01 -2.37188134e-02 2.18694914e-02 3.73469131e-01 9.27081416e-01
1317358128.316874027 5.58463690e+02 1.31839657e+02 -1.38617737e+01 -2.24874053e-02 2.23059846e-02 3.73846401e-01 9.26949636e-01
1317358128.420743942 5.59096221e+02 1.32460101e+02 -1.38920677e+01 -1.81296660e-02 2.26137095e-02 3.74826564e-01 9.26641777e-01
1317358128.524614096 5.59714821e+02 1.33046142e+02 -1.39177631e+01 -1.60307770e-02 2.55493303e-02 3.74090157e-01 9.26901721e-01
1317358128.628485918 5.60329149e+02 1.33633687e+02 -1.39434804e+01 -1.75968032e-02 2.48663997e-02 3.73944829e-01 9.26950527e-01
1317358128.732357025 5.60961036e+02 1.34258077e+02 -1.39629076e+01 -1.90841171e-02 2.32455487e-02 3.74980969e-01 9.26544502e-01
1317358128.836227894 5.61578227e+02 1.34878278e+02 -1.40083909e+01 -2.57623031e-02 2.10039005e-02 3.76226979e-01 9.25931099e-01
1317358128.940099001 5.62211828e+02 1.35501014e+02 -1.40505508e+01 -2.35595038e-02 2.08340356e-02 3.77221032e-01 9.25589102e-01
1317358129.043968916 5.62820186e+02 1.36097340e+02 -1.41157256e+01 -2.24827304e-02 2.16790321e-02 3.78054926e-01 9.25256191e-01
1317358129.147864103 5.63413252e+02 1.36681768e+02 -1.41606564e+01 -2.41652555e-02 2.24934097e-02 3.77519589e-01 9.25412906e-01
1317358129.251782894 5.64018531e+02 1.37293204e+02 -1.42046808e+01 -2.54779677e-02 2.26881808e-02 3.77823125e-01 9.25249051e-01
1317358129.355704069 5.64612063e+02 1.37866920e+02 -1.42396474e+01 -2.82463434e-02 2.30679043e-02 3.76789431e-01 9.25580758e-01
1317358129.459621906 5.65229316e+02 1.38467010e+02 -1.42719495e+01 -2.69371808e-02 2.36879982e-02 3.76372520e-01 9.25773727e-01
1317358129.563564062 5.65837016e+02 1.39068976e+02 -1.42863045e+01 -3.01939657e-02 2.05673478e-02 3.77925557e-01 9.25114902e-01
1317358129.667505980 5.66429308e+02 1.39666418e+02 -1.43239002e+01 -3.11892050e-02 1.98335065e-02 3.77220294e-01 9.25385711e-01
1317358129.771425009 5.67023490e+02 1.40235200e+02 -1.43918444e+01 -3.16986858e-02 2.11732559e-02 3.76460801e-01 9.25647963e-01
1317358129.875368118 5.67568818e+02 1.40762129e+02 -1.44500203e+01 -3.39150717e-02 2.05041725e-02 3.74122338e-01 9.26532149e-01
1317358129.979335070 5.68138558e+02 1.41326224e+02 -1.44938083e+01 -3.53575430e-02 2.05276856e-02 3.73444973e-01 9.26750943e-01
1317358130.083302021 5.68690423e+02 1.41853484e+02 -1.45202063e+01 -3.45572799e-02 2.41919510e-02 3.71821217e-01 9.27345419e-01
1317358130.187244892 5.69255336e+02 1.42408214e+02 -1.45505789e+01 -3.58828396e-02 2.31434357e-02 3.72448933e-01 9.27069898e-01
1317358130.291188955 5.69799322e+02 1.42941688e+02 -1.45694982e+01 -3.41416037e-02 2.34722227e-02 3.71149124e-01 9.27648497e-01
1317358130.395128965 5.70300530e+02 1.43430143e+02 -1.45856159e+01 -3.31094767e-02 2.16068820e-02 3.71528531e-01 9.27579353e-01
1317358130.499047041 5.70828360e+02 1.43943944e+02 -1.46285941e+01 -3.55182746e-02 2.06050618e-02 3.73641633e-01 9.26663808e-01
1317358130.602988958 5.71271692e+02 1.44340105e+02 -1.46782730e+01 -3.54761703e-02 2.05644328e-02 3.74670403e-01 9.26250849e-01
1317358130.706933975 5.71745611e+02 1.44829424e+02 -1.47010609e+01 -4.07387235e-02 1.86059135e-02 3.75051430e-01 9.25921488e-01
1317358130.810877085 5.72142517e+02 1.45184769e+02 -1.47384265e+01 -3.84624133e-02 1.90696955e-02 3.73430317e-01 9.26664334e-01
1317358130.914819002 5.72593248e+02 1.45632133e+02 -1.47610463e+01 -3.99940799e-02 1.72865824e-02 3.74374085e-01 9.26253579e-01
1317358131.018785954 5.73007213e+02 1.46033245e+02 -1.47885812e+01 -3.52549976e-02 1.74565930e-02 3.74519647e-01 9.26384038e-01
1317358131.122776031 5.73447838e+02 1.46461128e+02 -1.48146035e+01 -3.52523464e-02 1.56159661e-02 3.74959872e-01 9.26238905e-01
1317358131.226766109 5.73868378e+02 1.46895347e+02 -1.48314235e+01 -3.58507305e-02 1.31405122e-02 3.74071842e-01 9.26613355e-01
1317358131.330755949 5.74291427e+02 1.47318716e+02 -1.48558355e+01 -3.58253451e-02 1.12566380e-02 3.75311448e-01 9.26137760e-01
1317358131.434746981 5.74675863e+02 1.47661023e+02 -1.48507192e+01 -2.95774184e-02 1.22526584e-02 3.73990000e-01 9.26879997e-01
1317358131.538764000 5.75094979e+02 1.48069294e+02 -1.48707389e+01 -2.75465249e-02 1.42197673e-02 3.74395165e-01 9.26750909e-01
1317358131.642776966 5.75493908e+02 1.48479134e+02 -1.48906267e+01 -2.61434583e-02 1.55990626e-02 3.75053001e-01 9.26503338e-01
1317358131.746790886 5.75815419e+02 1.48725221e+02 -1.48942660e+01 -2.30713162e-02 1.67162226e-02 3.69444484e-01 9.28815943e-01
1317358131.850832939 5.76182699e+02 1.49094481e+02 -1.49073639e+01 -2.37964798e-02 1.66164792e-02 3.69332838e-01 9.28843838e-01
1317358131.954896927 5.76502708e+02 1.49367052e+02 -1.49155553e+01 -2.32873163e-02 1.64580297e-02 3.65166620e-01 9.30505332e-01
1317358132.058958054 5.76852988e+02 1.49680378e+02 -1.49196705e+01 -2.25410051e-02 1.65099096e-02 3.61631066e-01 9.31902515e-01
1317358132.163069010 5.77168119e+02 1.49905936e+02 -1.49273750e+01 -2.35977137e-02 1.61533906e-02 3.55777099e-01 9.34133219e-01
1317358132.267230034 5.77511812e+02 1.50205165e+02 -1.49269712e+01 -2.39039144e-02 1.62441480e-02 3.50792770e-01 9.36007031e-01
1317358132.371388912 5.77835061e+02 1.50457779e+02 -1.49567738e+01 -2.41958898e-02 1.53350171e-02 3.43941333e-01 9.38554077e-01
1317358132.475544930 5.78134239e+02 1.50729007e+02 -1.49707766e+01 -2.40384020e-02 1.54321725e-02 3.38897562e-01 9.40389518e-01
1317358132.579703093 5.78438445e+02 1.50948704e+02 -1.49802695e+01 -2.39849436e-02 1.47447949e-02 3.32730751e-01 9.42601486e-01
1317358132.683887005 5.78727462e+02 1.51168474e+02 -1.49779194e+01 -2.40960234e-02 1.43573776e-02 3.25113128e-01 9.45259066e-01
1317358132.788094044 5.79011072e+02 1.51381106e+02 -1.49798205e+01 -2.40251428e-02 1.39900342e-02 3.16970088e-01 9.48027972e-01
1317358132.892298937 5.79267770e+02 1.51553269e+02 -1.49841464e+01 -2.72769269e-02 1.26164704e-02 3.06505834e-01 9.51394223e-01
1317358132.996506929 5.79539496e+02 1.51738993e+02 -1.49890336e+01 -2.64653571e-02 1.21828959e-02 2.96715377e-01 9.54521423e-01
1317358133.100713015 5.79812465e+02 1.51898734e+02 -1.50003815e+01 -2.46417839e-02 1.16391082e-02 2.86016158e-01 9.57837184e-01
1317358133.204919100 5.80097081e+02 1.52042640e+02 -1.50233676e+01 -2.04780404e-02 1.22132469e-02 2.72196463e-01 9.61946242e-01
1317358133.309101105 5.80374647e+02 1.52179905e+02 -1.50232334e+01 -1.72177572e-02 1.30651602e-02 2.61325225e-01 9.65008796e-01
1317358133.413260937 5.80641763e+02 1.52297737e+02 -1.50445997e+01 -1.50387972e-02 1.36148986e-02 2.48653733e-01 9.68379982e-01
1317358133.517420053 5.80904327e+02 1.52419262e+02 -1.50453871e+01 -1.29319742e-02 1.29890368e-02 2.36948173e-01 9.71349377e-01
1317358133.621581078 5.81154529e+02 1.52521961e+02 -1.50384000e+01 -1.28543115e-02 1.25522644e-02 2.24568053e-01 9.74292768e-01
1317358133.725716114 5.81403433e+02 1.52589394e+02 -1.50593175e+01 -1.21716245e-02 1.23687523e-02 2.10073279e-01 9.77531628e-01
1317358133.829849958 5.81652448e+02 1.52705208e+02 -1.50702430e+01 -1.31042680e-02 1.28834292e-02 1.97271027e-01 9.80176738e-01
1317358133.933984041 5.81887822e+02 1.52783084e+02 -1.50841761e+01 -1.30842178e-02 1.44687717e-02 1.82016547e-01 9.83101945e-01
1317358134.038094997 5.82146099e+02 1.52865440e+02 -1.50836117e+01 -1.21134457e-02 1.70608282e-02 1.67788807e-01 9.85600887e-01
1317358134.142205954 5.82413659e+02 1.52942131e+02 -1.50871358e+01 -1.05243560e-02 1.94219784e-02 1.54086946e-01 9.87810325e-01
1317358134.246290922 5.82644250e+02 1.52991603e+02 -1.50858289e+01 -9.49112126e-03 2.13672924e-02 1.40026798e-01 9.89871635e-01
1317358134.350353956 5.82897478e+02 1.53044293e+02 -1.50847722e+01 -7.97496217e-03 2.33220060e-02 1.26152123e-01 9.91704657e-01
1317358134.454392910 5.83149074e+02 1.53090528e+02 -1.50800134e+01 -7.04437045e-03 2.45791597e-02 1.12494140e-01 9.93323366e-01
1317358134.558407068 5.83412498e+02 1.53098511e+02 -1.50786737e+01 -6.50098072e-03 2.64766857e-02 9.83653072e-02 9.94776854e-01
1317358134.662396908 5.83694739e+02 1.53134529e+02 -1.50711666e+01 -7.99004867e-03 2.83989170e-02 8.49609369e-02 9.95947438e-01
1317358134.766362906 5.83986042e+02 1.53160021e+02 -1.50799824e+01 -8.12064646e-03 2.91957922e-02 7.17649719e-02 9.96961107e-01
1317358134.870282888 5.84298898e+02 1.53129970e+02 -1.51201488e+01 -8.05320132e-03 3.03894939e-02 5.83961874e-02 9.97798331e-01
1317358134.974083900 5.84637186e+02 1.53155724e+02 -1.51429870e+01 -5.91155036e-03 3.07512009e-02 5.00589453e-02 9.98255237e-01
1317358135.077740908 5.84995145e+02 1.53133093e+02 -1.51688409e+01 -1.64165120e-03 3.04407257e-02 4.38076358e-02 9.98574763e-01
1317358135.181345940 5.85333246e+02 1.53146361e+02 -1.51689768e+01 1.05523263e-04 3.16453112e-02 4.28017721e-02 9.98582281e-01
1317358135.284976959 5.85642422e+02 1.53182586e+02 -1.51863223e+01 1.17486508e-04 3.26699034e-02 4.40344346e-02 9.98495685e-01
1317358135.388581991 5.85913460e+02 1.53232334e+02 -1.52046191e+01 1.17762211e-03 3.36604896e-02 4.70948059e-02 9.98322425e-01
1317358135.492187977 5.86190245e+02 1.53261721e+02 -1.52168443e+01 1.70548990e-03 3.32958864e-02 5.47726712e-02 9.97942097e-01
1317358135.595844030 5.86424849e+02 1.53295445e+02 -1.52240002e+01 1.30355130e-03 3.30238694e-02 6.32859985e-02 9.97448047e-01
1317358135.699498892 5.86655682e+02 1.53380198e+02 -1.52401138e+01 -5.45326765e-05 3.28853280e-02 7.30519917e-02 9.96785814e-01
1317358135.803103924 5.86911885e+02 1.53419775e+02 -1.52445126e+01 9.40913397e-04 3.26783304e-02 8.62428822e-02 9.95737619e-01
1317358135.906711102 5.87148290e+02 1.53467563e+02 -1.52497821e+01 4.39421211e-03 3.19625800e-02 1.01651863e-01 9.94296728e-01
1317358136.010343075 5.87365291e+02 1.53523325e+02 -1.52512723e+01 5.08726844e-03 3.21656099e-02 1.18663760e-01 9.92400325e-01
1317358136.113975048 5.87586623e+02 1.53606682e+02 -1.52622759e+01 4.66359208e-03 3.25931064e-02 1.38782964e-01 9.89775343e-01
1317358136.217603922 5.87784311e+02 1.53694706e+02 -1.52600722e+01 4.82112033e-03 3.29066935e-02 1.60116193e-01 9.86537739e-01
1317358136.321259022 5.87959075e+02 1.53838926e+02 -1.52775436e+01 6.03286985e-03 3.14706822e-02 1.82954764e-01 9.82598980e-01
1317358136.424961090 5.88131616e+02 1.53958066e+02 -1.52793523e+01 4.62116405e-03 3.16111221e-02 2.05955056e-01 9.78039824e-01
1317358136.528687954 5.88288110e+02 1.54070950e+02 -1.52898975e+01 3.39418166e-03 3.09276787e-02 2.29856150e-01 9.72727150e-01
1317358136.632440090 5.88438479e+02 1.54194893e+02 -1.52988617e+01 2.60497686e-03 3.02809167e-02 2.53581543e-01 9.66836429e-01
1317358136.736212969 5.88583063e+02 1.54386408e+02 -1.53188857e+01 2.52557404e-03 2.96457157e-02 2.77299047e-01 9.60322858e-01
1317358136.839987040 5.88708652e+02 1.54527793e+02 -1.53253443e+01 1.85987753e-03 2.89615593e-02 3.00019560e-01 9.53491496e-01
1317358136.943763018 5.88821219e+02 1.54670138e+02 -1.53350668e+01 1.87290360e-03 2.82602852e-02 3.22868069e-01 9.46020115e-01
1317358137.047538996 5.88938451e+02 1.54843780e+02 -1.53450466e+01 7.26059502e-04 2.87826994e-02 3.45428537e-01 9.38003281e-01
1317358137.151313066 5.89074022e+02 1.54989814e+02 -1.53588056e+01 3.32538662e-04 2.92859100e-02 3.67524730e-01 9.29552472e-01
1317358137.255085945 5.89214021e+02 1.55210979e+02 -1.53893451e+01 5.01569894e-04 3.01304364e-02 3.91502197e-01 9.19683606e-01
1317358137.358865976 5.89337624e+02 1.55382002e+02 -1.53955699e+01 1.15752669e-03 3.14906969e-02 4.13876970e-01 9.09787255e-01
1317358137.462640047 5.89452226e+02 1.55568330e+02 -1.53970515e+01 1.15604969e-03 3.34292837e-02 4.36903051e-01 8.98886462e-01
1317358137.566411972 5.89553978e+02 1.55761907e+02 -1.53978792e+01 -3.04788584e-04 3.41708554e-02 4.59110637e-01 8.87721625e-01
1317358137.670236111 5.89644960e+02 1.55993917e+02 -1.54026249e+01 -9.06484879e-05 3.77006128e-02 4.80989535e-01 8.75915363e-01
1317358137.774153948 5.89713954e+02 1.56195763e+02 -1.54082339e+01 -1.63518306e-03 3.89853857e-02 5.00179278e-01 8.65042285e-01
1317358137.878168106 5.89789611e+02 1.56391723e+02 -1.54236055e+01 -2.53532096e-03 3.93113870e-02 5.16019517e-01 8.55670523e-01
1317358137.982278109 5.89836280e+02 1.56581179e+02 -1.54390735e+01 -3.33246324e-03 4.00408793e-02 5.29155607e-01 8.47572986e-01
1317358138.086438894 5.89926481e+02 1.56790068e+02 -1.54518999e+01 -3.89789510e-03 4.04673522e-02 5.40050797e-01 8.40649949e-01
1317358138.190623045 5.90017651e+02 1.57001682e+02 -1.54610693e+01 -3.67738779e-03 4.22186501e-02 5.49264734e-01 8.34573133e-01
1317358138.294804096 5.90044399e+02 1.57231388e+02 -1.54625395e+01 -4.80906399e-03 4.17361828e-02 5.58616051e-01 8.28361679e-01
1317358138.399009943 5.90109931e+02 1.57460806e+02 -1.54787547e+01 -6.19358840e-03 3.80138209e-02 5.65227731e-01 8.24035315e-01
1317358138.503312111 5.90133517e+02 1.57649630e+02 -1.54923708e+01 -9.49756527e-03 3.45918834e-02 5.69873587e-01 8.20949020e-01
1317358138.607640028 5.90226641e+02 1.57931817e+02 -1.55201304e+01 -9.75935014e-03 3.30102001e-02 5.72362485e-01 8.19277894e-01
1317358138.711919069 5.90324527e+02 1.58219462e+02 -1.55282091e+01 -7.70858909e-03 3.34040315e-02 5.74790425e-01 8.17582238e-01
1317358138.816245079 5.90408815e+02 1.58487881e+02 -1.55364715e+01 -6.62993528e-03 3.17149095e-02 5.75048152e-01 8.17477725e-01
1317358138.920669079 5.90442449e+02 1.58773059e+02 -1.55272359e+01 -7.98559402e-03 2.75087530e-02 5.72357289e-01 8.19503894e-01
1317358139.025139093 5.90518154e+02 1.59076824e+02 -1.55590469e+01 -7.86666031e-03 2.05092640e-02 5.67383423e-01 8.23160699e-01
1317358139.129635096 5.90583779e+02 1.59322378e+02 -1.56099452e+01 -5.70549146e-03 1.30880596e-02 5.59394783e-01 8.28778394e-01
1317358139.234154940 5.90740149e+02 1.59626813e+02 -1.56235909e+01 -4.82416671e-03 8.53230782e-03 5.49870226e-01 8.35192590e-01
1317358139.338649035 5.90883815e+02 1.59957889e+02 -1.56466315e+01 -6.98629199e-03 3.91121129e-03 5.38715197e-01 8.42449898e-01
1317358139.443022966 5.91060733e+02 1.60282148e+02 -1.56812815e+01 -8.19580022e-03 -2.52294097e-04 5.28798254e-01 8.48707943e-01
1317358139.547348976 5.91230858e+02 1.60580383e+02 -1.56446735e+01 -6.68914525e-03 -2.50356189e-03 5.16238864e-01 8.56414866e-01
1317358139.651649952 5.91438860e+02 1.60938810e+02 -1.56198493e+01 -7.31927098e-03 5.58211836e-04 5.04912737e-01 8.63139181e-01
1317358139.755882025 5.91643662e+02 1.61307577e+02 -1.56037662e+01 -1.14492620e-02 3.60200285e-03 4.94519073e-01 8.69083901e-01
1317358139.860064983 5.91872928e+02 1.61684209e+02 -1.55897310e+01 -1.52214286e-02 7.36238790e-03 4.86982355e-01 8.73248126e-01
1317358139.964198112 5.92109180e+02 1.62058293e+02 -1.55747882e+01 -1.78706442e-02 9.82973872e-03 4.80003791e-01 8.77029291e-01
1317358140.068309069 5.92376806e+02 1.62447866e+02 -1.55710231e+01 -1.62606224e-02 1.12958486e-02 4.69894935e-01 8.82500281e-01
1317358140.172395945 5.92654695e+02 1.62840554e+02 -1.55818729e+01 -1.62830902e-02 1.15906966e-02 4.63926609e-01 8.85648134e-01
1317358140.276459932 5.92947616e+02 1.63224040e+02 -1.55954688e+01 -1.62982305e-02 1.00911060e-02 4.56939255e-01 8.89291322e-01
1317358140.380497932 5.93293830e+02 1.63630871e+02 -1.56486567e+01 -1.92335378e-02 1.13803223e-02 4.48134771e-01 8.93686626e-01
1317358140.484513998 5.93625580e+02 1.64047780e+02 -1.56732075e+01 -2.07414486e-02 1.13943635e-02 4.42529767e-01 8.96441502e-01
1317358140.588529110 5.93992647e+02 1.64466477e+02 -1.57133803e+01 -2.20869170e-02 1.36019242e-02 4.34545264e-01 9.00276385e-01
1317358140.692518950 5.94360068e+02 1.64911148e+02 -1.57276364e+01 -2.23365242e-02 1.69764809e-02 4.28416967e-01 9.03145493e-01
1317358140.796462059 5.94737925e+02 1.65372936e+02 -1.57443973e+01 -2.20589002e-02 1.87804356e-02 4.24066897e-01 9.05167369e-01
1317358140.900381088 5.95154385e+02 1.65868583e+02 -1.57618301e+01 -1.63793724e-02 2.07034798e-02 4.18208382e-01 9.07967417e-01
1317358141.004252911 5.95591688e+02 1.66356865e+02 -1.57801332e+01 -1.36984174e-02 2.11477949e-02 4.15956309e-01 9.09035463e-01
1317358141.108099937 5.96064041e+02 1.66879254e+02 -1.58010384e+01 -8.91457701e-03 2.12533856e-02 4.12809476e-01 9.10525760e-01
1317358141.211971998 5.96492056e+02 1.67381758e+02 -1.58189056e+01 -1.03076640e-02 1.88614641e-02 4.12397503e-01 9.10750403e-01
1317358141.315864086 5.96946184e+02 1.67926664e+02 -1.58491697e+01 -1.44828298e-02 1.68322827e-02 4.11600841e-01 9.11093667e-01
1317358141.419780970 5.97453964e+02 1.68463423e+02 -1.59148870e+01 -1.42001834e-02 1.86162850e-02 4.08912116e-01 9.12273353e-01
1317358141.523750067 5.97953351e+02 1.69040016e+02 -1.59441508e+01 -1.41201449e-02 1.93681172e-02 4.06588766e-01 9.13296815e-01
1317358141.627763987 5.98515955e+02 1.69607868e+02 -1.59885200e+01 -1.03196798e-02 2.21990509e-02 4.02510546e-01 9.15087956e-01
1317358141.731777906 5.99056860e+02 1.70191523e+02 -1.60148295e+01 -9.29620750e-03 2.30548654e-02 3.99201270e-01 9.16526268e-01
1317358141.835768938 5.99589342e+02 1.70759672e+02 -1.60408534e+01 -8.34385119e-03 2.32321927e-02 3.94175130e-01 9.18703767e-01
1317358141.939759970 6.00151791e+02 1.71379201e+02 -1.60738288e+01 -7.69769896e-03 2.13251000e-02 3.90498138e-01 9.20324503e-01
1317358142.043751001 6.00730299e+02 1.71946917e+02 -1.61391445e+01 -1.46258304e-02 1.70890395e-02 3.84528695e-01 9.22838953e-01
1317358142.147717953 6.01334695e+02 1.72555790e+02 -1.61809149e+01 -1.18645254e-02 1.96041489e-02 3.80444606e-01 9.24519774e-01
1317358142.251661062 6.01962502e+02 1.73188103e+02 -1.62213821e+01 -1.21210154e-02 2.21246452e-02 3.78233907e-01 9.25366248e-01
1317358142.355581045 6.02602817e+02 1.73789213e+02 -1.62918887e+01 -1.68175709e-02 2.21676751e-02 3.75076564e-01 9.26576135e-01
1317358142.459497929 6.03217869e+02 1.74341550e+02 -1.63068263e+01 -2.18028411e-02 1.79657481e-02 3.73192433e-01 9.27323717e-01
1317358142.563394070 6.03855138e+02 1.74956461e+02 -1.63441932e+01 -2.11629661e-02 1.60795169e-02 3.72925491e-01 9.27480542e-01
1317358142.667262077 6.04494176e+02 1.75581123e+02 -1.63829754e+01 -2.43756609e-02 1.34996229e-02 3.73262915e-01 9.27307060e-01
1317358142.771133900 6.05149001e+02 1.76200471e+02 -1.63990676e+01 -2.31084060e-02 1.35316533e-02 3.73963101e-01 9.27056900e-01
1317358142.875005007 6.05805392e+02 1.76851968e+02 -1.64339880e+01 -2.22002877e-02 1.33720388e-02 3.73702278e-01 9.27186574e-01
1317358142.978878021 6.06472215e+02 1.77481097e+02 -1.64674007e+01 -2.02530500e-02 1.56956559e-02 3.74755565e-01 9.26769511e-01
1317358143.082726955 6.07167855e+02 1.78041241e+02 -1.65263775e+01 -1.98615034e-02 2.14574385e-02 3.72720348e-01 9.27482960e-01
1317358143.186570883 6.07847817e+02 1.78691107e+02 -1.65667021e+01 -1.96083876e-02 2.25075725e-02 3.72907359e-01 9.27388280e-01
1317358143.290441036 6.08573622e+02 1.79274482e+02 -1.65983519e+01 -1.71392999e-02 2.18514954e-02 3.68327413e-01 9.29281267e-01
1317358143.394310951 6.09239945e+02 1.79923375e+02 -1.66348563e+01 -1.75857559e-02 2.04692384e-02 3.68129578e-01 9.29382787e-01
1317358143.498183012 6.09946487e+02 1.80580937e+02 -1.66695477e+01 -2.17301468e-02 1.81764637e-02 3.65297411e-01 9.30459681e-01
1317358143.602076054 6.10642158e+02 1.81235919e+02 -1.67002202e+01 -2.48870961e-02 1.66106509e-02 3.65332091e-01 9.30396250e-01
1317358143.705969095 6.11391539e+02 1.81902798e+02 -1.67695957e+01 -2.12496577e-02 1.92776723e-02 3.63669113e-01 9.31086247e-01
1317358143.809864998 6.12103136e+02 1.82580352e+02 -1.68049245e+01 -2.17813319e-02 1.84265938e-02 3.64007063e-01 9.30959125e-01
1317358143.913759947 6.12832479e+02 1.83254911e+02 -1.68508088e+01 -1.93458302e-02 1.92875133e-02 3.64690544e-01 9.30727961e-01
1317358144.017654896 6.13571651e+02 1.83950805e+02 -1.68915390e+01 -1.80999735e-02 2.11871936e-02 3.65440591e-01 9.30417470e-01
1317358144.121540070 6.14288142e+02 1.84632164e+02 -1.69438458e+01 -1.62436338e-02 2.22149523e-02 3.66973594e-01 9.29824189e-01
1317358144.225409031 6.15024294e+02 1.85305855e+02 -1.69806679e+01 -1.56441358e-02 2.25872945e-02 3.67192173e-01 9.29739202e-01
1317358144.329314947 6.15749232e+02 1.85956273e+02 -1.70272646e+01 -1.55440668e-02 2.19904258e-02 3.67003856e-01 9.29829540e-01
1317358144.433211088 6.16465241e+02 1.86649420e+02 -1.70529469e+01 -1.80927585e-02 1.90068069e-02 3.66142183e-01 9.30188849e-01
1317358144.537106037 6.17155605e+02 1.87298028e+02 -1.70980601e+01 -1.97894953e-02 1.97675590e-02 3.66499007e-01 9.29997902e-01
1317358144.640976906 6.17831556e+02 1.87965615e+02 -1.71305701e+01 -1.92576704e-02 2.06605165e-02 3.67967695e-01 9.29409522e-01
1317358144.744822979 6.18525712e+02 1.88622471e+02 -1.71732803e+01 -1.93571905e-02 2.13748817e-02 3.68573519e-01 9.29151212e-01
1317358144.848716021 6.19180661e+02 1.89283466e+02 -1.72129121e+01 -1.69665306e-02 2.34831221e-02 3.70219946e-01 9.28492257e-01
1317358144.952609062 6.19889739e+02 1.89956724e+02 -1.72644259e+01 -1.46262735e-02 2.48382072e-02 3.71004555e-01 9.28183579e-01
1317358145.056480885 6.20573126e+02 1.90643951e+02 -1.72946832e+01 -1.23420375e-02 2.51500098e-02 3.72938883e-01 9.27432877e-01
1317358145.160353899 6.21276356e+02 1.91324294e+02 -1.73354736e+01 -7.87145209e-03 2.43745388e-02 3.74277874e-01 9.26962780e-01
1317358145.264223099 6.21993767e+02 1.91998998e+02 -1.73677671e+01 -3.69393564e-03 2.34820335e-02 3.76854370e-01 9.25967458e-01
1317358145.368118048 6.22705894e+02 1.92691226e+02 -1.74033788e+01 -4.74536006e-04 2.37627278e-02 3.77974441e-01 9.25510902e-01
1317358145.472012043 6.23377553e+02 1.93312673e+02 -1.74390971e+01 -9.30088077e-04 2.49985323e-02 3.77991327e-01 9.25471104e-01
1317358145.575882912 6.24060833e+02 1.93973042e+02 -1.74728977e+01 -1.46556983e-03 2.66339231e-02 3.79044951e-01 9.24993736e-01
1317358145.679754972 6.24695807e+02 1.94601246e+02 -1.75008793e+01 -4.29340794e-03 2.74885813e-02 3.78618445e-01 9.25134594e-01
1317358145.783626080 6.25358607e+02 1.95260069e+02 -1.75461896e+01 -5.08457575e-03 2.83735504e-02 3.78990362e-01 9.24951563e-01
1317358145.887521982 6.25954282e+02 1.95852516e+02 -1.75765919e+01 -4.76914020e-03 2.84718019e-02 3.80033428e-01 9.24522150e-01
1317358145.991416931 6.26587809e+02 1.96488254e+02 -1.76079570e+01 -5.41396310e-03 2.74571786e-02 3.79979383e-01 9.24571501e-01
1317358146.095285892 6.27211890e+02 1.97122958e+02 -1.76358130e+01 -4.32106333e-03 2.71455335e-02 3.79015098e-01 9.24982164e-01
1317358146.199157953 6.27781691e+02 1.97726112e+02 -1.76734308e+01 -3.80788649e-03 2.81076441e-02 3.79078606e-01 9.24929657e-01
1317358146.303051949 6.28376861e+02 1.98321885e+02 -1.76968628e+01 -4.30762126e-03 2.82931152e-02 3.79899642e-01 9.24584883e-01
1317358146.406970978 6.28907637e+02 1.98878961e+02 -1.77120945e+01 -8.27099140e-03 2.89500456e-02 3.80322107e-01 9.24363879e-01
1317358146.510889053 6.29453419e+02 1.99438371e+02 -1.77412211e+01 -9.44047788e-03 2.87455308e-02 3.80501062e-01 9.24285407e-01
1317358146.614806890 6.29920314e+02 1.99902764e+02 -1.77793106e+01 -1.06707636e-02 2.71948032e-02 3.81822723e-01 9.23773774e-01
1317358146.718750954 6.30383702e+02 2.00365801e+02 -1.78235063e+01 -8.89775246e-03 2.51044171e-02 3.79482660e-01 9.24815392e-01
1317358146.822741985 6.30871373e+02 2.00861576e+02 -1.78563110e+01 -8.46797971e-03 2.22055489e-02 3.78381921e-01 9.25344438e-01
1317358146.926733017 6.31327656e+02 2.01291065e+02 -1.78794740e+01 -6.11013639e-03 2.13296835e-02 3.75826361e-01 9.26424448e-01
1317358147.030724049 6.31773188e+02 2.01735314e+02 -1.78913331e+01 -5.44919523e-03 2.05148221e-02 3.75572430e-01 9.26549944e-01
1317358147.134738922 6.32207285e+02 2.02159380e+02 -1.79078869e+01 -5.15734085e-03 1.94798804e-02 3.73773912e-01 9.27300921e-01
1317358147.238754034 6.32631153e+02 2.02577778e+02 -1.79304661e+01 -4.54147663e-03 1.93069499e-02 3.70622980e-01 9.28571604e-01
1317358147.342791080 6.33051391e+02 2.02991686e+02 -1.79350763e+01 -5.87112958e-03 1.78033370e-02 3.68141235e-01 9.29580874e-01
1317358147.446855068 6.33435524e+02 2.03371463e+02 -1.79411271e+01 -7.59067928e-03 1.61107560e-02 3.64643066e-01 9.30977046e-01
1317358147.550940990 6.33795770e+02 2.03679568e+02 -1.79431914e+01 -1.01330102e-02 1.62453216e-02 3.59975767e-01 9.32765168e-01
1317358147.655075073 6.34162521e+02 2.04005054e+02 -1.79519776e+01 -9.76681671e-03 1.65255545e-02 3.54288284e-01 9.34939210e-01
1317358147.759234905 6.34522764e+02 2.04246494e+02 -1.79474671e+01 -1.08566730e-02 1.60430652e-02 3.45040946e-01 9.38387712e-01
1317358147.863390923 6.34864831e+02 2.04530640e+02 -1.79521631e+01 -1.21623471e-02 1.32718491e-02 3.37638982e-01 9.41103529e-01
1317358147.967549086 6.35169162e+02 2.04721865e+02 -1.79546251e+01 -1.20194403e-02 1.39486585e-02 3.24191108e-01 9.45812399e-01
1317358148.071732998 6.35498421e+02 2.04967001e+02 -1.79568969e+01 -1.16058577e-02 1.48749238e-02 3.13842930e-01 9.49287446e-01
1317358148.175939083 6.35795548e+02 2.05155152e+02 -1.79619426e+01 -1.00723438e-02 1.48343499e-02 3.01309550e-01 9.53357774e-01
1317358148.280170918 6.36127440e+02 2.05363303e+02 -1.79711880e+01 -1.08488356e-02 1.30583769e-02 2.88404270e-01 9.57358218e-01
1317358148.384428024 6.36452186e+02 2.05558667e+02 -1.79757710e+01 -1.18876447e-02 1.17930700e-02 2.74801029e-01 9.61355294e-01
1317358148.488657951 6.36745820e+02 2.05684175e+02 -1.79785025e+01 -1.24422743e-02 1.43912065e-02 2.58874398e-01 9.65723630e-01
1317358148.592889071 6.37079953e+02 2.05853916e+02 -1.79760640e+01 -1.41166220e-02 1.53417301e-02 2.43699372e-01 9.69626716e-01
1317358148.697118998 6.37356173e+02 2.05936304e+02 -1.79995347e+01 -1.54586177e-02 1.81577146e-02 2.25770478e-01 9.73888608e-01
1317358148.801347971 6.37688820e+02 2.06072441e+02 -1.80092088e+01 -1.63545797e-02 1.90445192e-02 2.08345854e-01 9.77733010e-01
1317358148.905603886 6.37986007e+02 2.06168140e+02 -1.80212862e+01 -1.73819066e-02 2.02074987e-02 1.89402165e-01 9.81537746e-01
1317358149.009856939 6.38295230e+02 2.06266101e+02 -1.80279510e+01 -1.82458830e-02 2.19335940e-02 1.70653706e-01 9.84917924e-01
1317358149.114089012 6.38621661e+02 2.06355491e+02 -1.80308784e+01 -1.96782390e-02 2.57123073e-02 1.50410760e-01 9.88093238e-01
1317358149.218297005 6.38926398e+02 2.06426695e+02 -1.80571103e+01 -2.41474527e-02 3.19178839e-02 1.30320366e-01 9.90663793e-01
1317358149.322478056 6.39262495e+02 2.06494281e+02 -1.80765674e+01 -2.58873430e-02 3.54449529e-02 1.10539889e-01 9.92902026e-01
1317358149.426589966 6.39543710e+02 2.06514352e+02 -1.81179241e+01 -2.57062322e-02 3.79903394e-02 9.02898842e-02 9.94858613e-01
1317358149.530675888 6.39871086e+02 2.06515143e+02 -1.81256307e+01 -2.18441927e-02 3.82469309e-02 7.03715661e-02 9.96547965e-01
1317358149.634763956 6.40199029e+02 2.06480811e+02 -1.81444816e+01 -1.71619391e-02 3.76489581e-02 4.80215926e-02 9.97988953e-01
1317358149.738826036 6.40535736e+02 2.06469021e+02 -1.81407754e+01 -1.55205791e-02 3.66962498e-02 2.77252478e-02 9.98821209e-01
1317358149.842890024 6.40889604e+02 2.06453041e+02 -1.81431155e+01 -1.84496839e-02 3.44117269e-02 7.69670716e-03 9.99207788e-01
1317358149.946930885 6.41249214e+02 2.06424794e+02 -1.81877908e+01 -2.29275405e-02 3.14933995e-02 -1.19199951e-02 9.99169859e-01
1317358150.050944090 6.41621085e+02 2.06394825e+02 -1.82060227e+01 -2.94431005e-02 2.89721264e-02 -3.07576196e-02 9.98672964e-01
1317358150.154910088 6.41971712e+02 2.06351571e+02 -1.82342796e+01 -2.89422755e-02 2.59158330e-02 -5.00696144e-02 9.97989854e-01
1317358150.258827925 6.42378634e+02 2.06269628e+02 -1.82708999e+01 -2.75306934e-02 2.48821528e-02 -6.75193193e-02 9.97027623e-01
1317358150.362747908 6.42792327e+02 2.06152654e+02 -1.82908174e+01 -2.38477805e-02 2.40225430e-02 -8.43457649e-02 9.95861432e-01
1317358150.466640949 6.43198282e+02 2.06043300e+02 -1.82744038e+01 -1.99734610e-02 2.45122046e-02 -1.01960892e-01 9.94285768e-01
1317358150.570511103 6.43631459e+02 2.05916544e+02 -1.82916073e+01 -1.60656458e-02 2.28505180e-02 -1.18874456e-01 9.92516303e-01
1317358150.674381018 6.44090825e+02 2.05788026e+02 -1.83143376e+01 -1.65566691e-02 2.11158049e-02 -1.34480059e-01 9.90552933e-01
1317358150.778228045 6.44575797e+02 2.05635703e+02 -1.83223495e+01 -2.20574916e-02 2.14981240e-02 -1.50156550e-01 9.88182325e-01
1317358150.882050991 6.45092681e+02 2.05458916e+02 -1.83388437e+01 -2.80893422e-02 2.23970237e-02 -1.65321978e-01 9.85585108e-01
1317358150.985898972 6.45598760e+02 2.05266017e+02 -1.83674844e+01 -2.91141619e-02 2.47710135e-02 -1.81483601e-01 9.82650734e-01
1317358151.089793921 6.46113482e+02 2.05031988e+02 -1.83807087e+01 -2.85621046e-02 2.53607177e-02 -1.96891879e-01 9.79680881e-01
1317358151.193710089 6.46642676e+02 2.04784598e+02 -1.83853536e+01 -3.01366792e-02 2.61467711e-02 -2.13297052e-01 9.76172369e-01
1317358151.297629118 6.47172973e+02 2.04534790e+02 -1.83957522e+01 -3.46251898e-02 2.60250267e-02 -2.28422160e-01 9.72598124e-01
1317358151.401525974 6.47706935e+02 2.04272056e+02 -1.84127344e+01 -3.89031001e-02 2.62051401e-02 -2.41971337e-01 9.69148962e-01
1317358151.505397081 6.48225991e+02 2.04021820e+02 -1.84593447e+01 -4.20194857e-02 2.81017122e-02 -2.53450914e-01 9.66026548e-01
1317358151.609292030 6.48762622e+02 2.03699226e+02 -1.84784207e+01 -4.13799412e-02 2.72962484e-02 -2.65437990e-01 9.62852683e-01
1317358151.713210106 6.49304537e+02 2.03367048e+02 -1.84835901e+01 -4.06226774e-02 2.61007332e-02 -2.78386913e-01 9.59254542e-01
1317358151.817128897 6.49864806e+02 2.03002874e+02 -1.84985709e+01 -4.24393688e-02 2.61141333e-02 -2.89484069e-01 9.55884891e-01
1317358151.921024084 6.50430477e+02 2.02609502e+02 -1.85053865e+01 -4.21856290e-02 2.67015702e-02 -3.01582263e-01 9.52132101e-01
1317358152.024893999 6.51022012e+02 2.02136752e+02 -1.85244026e+01 -4.21838848e-02 2.60919466e-02 -3.16739888e-01 9.47214640e-01
1317358152.128740072 6.51604415e+02 2.01669652e+02 -1.85259154e+01 -4.09323735e-02 2.68286320e-02 -3.28889711e-01 9.43099318e-01
1317358152.232563019 6.52194907e+02 2.01111268e+02 -1.85312584e+01 -4.31013553e-02 2.75930629e-02 -3.44548560e-01 9.37372490e-01
1317358152.336364985 6.52780221e+02 2.00590221e+02 -1.85432951e+01 -4.09522617e-02 2.71444488e-02 -3.54948924e-01 9.33593784e-01
1317358152.440114975 6.53363077e+02 2.00053704e+02 -1.85510678e+01 -3.85610229e-02 2.47367079e-02 -3.62463720e-01 9.30871202e-01
1317358152.543816090 6.53953135e+02 1.99498100e+02 -1.85601576e+01 -3.54636441e-02 2.20540796e-02 -3.68396535e-01 9.28730284e-01
1317358152.647495031 6.54553694e+02 1.98941386e+02 -1.85632189e+01 -3.55395030e-02 2.04579566e-02 -3.72994181e-01 9.26927050e-01
1317358152.751151085 6.55171248e+02 1.98356751e+02 -1.85694495e+01 -3.44711208e-02 2.00821922e-02 -3.76656800e-01 9.25493437e-01
1317358152.854804993 6.55799426e+02 1.97736140e+02 -1.85716609e+01 -3.24272482e-02 1.93345228e-02 -3.80541491e-01 9.23992870e-01
1317358152.958482027 6.56392618e+02 1.96979867e+02 -1.85871705e+01 -2.99522257e-02 1.76179511e-02 -3.88474193e-01 9.20804145e-01
1317358153.062161922 6.57025076e+02 1.96338387e+02 -1.85862599e+01 -2.88991908e-02 1.79801260e-02 -3.89689077e-01 9.20317323e-01
1317358153.165863037 6.57590602e+02 1.95597425e+02 -1.86103449e+01 -2.52961819e-02 1.76320169e-02 -3.94795571e-01 9.18251421e-01
1317358153.269589901 6.58212511e+02 1.94930172e+02 -1.86154141e+01 -2.47065305e-02 1.60698416e-02 -3.95346262e-01 9.18059192e-01
1317358153.373342037 6.58832438e+02 1.94254176e+02 -1.86166047e+01 -2.47872643e-02 1.53961381e-02 -3.96624260e-01 9.17517164e-01
1317358153.477091074 6.59419776e+02 1.93496672e+02 -1.86374964e+01 -2.04284449e-02 1.48402011e-02 -3.98773196e-01 9.16701906e-01
1317358153.580817938 6.60062907e+02 1.92772636e+02 -1.86382301e+01 -1.89000169e-02 1.43320790e-02 -3.99924559e-01 9.16241086e-01
1317358153.684567928 6.60715276e+02 1.92047057e+02 -1.86227118e+01 -1.96053545e-02 1.29860175e-02 -4.01167953e-01 9.15702608e-01
1317358153.788342953 6.61393987e+02 1.91295096e+02 -1.86122158e+01 -1.90382778e-02 1.37498144e-02 -4.01827584e-01 9.15414157e-01
1317358153.892132998 6.62095504e+02 1.90547690e+02 -1.86277133e+01 -1.58537880e-02 1.59778710e-02 -4.02475975e-01 9.15153787e-01
1317358153.995944977 6.62793920e+02 1.89786051e+02 -1.86362688e+01 -1.51416612e-02 1.72600863e-02 -4.02505403e-01 9.15129619e-01
1317358154.099766970 6.63510902e+02 1.88999519e+02 -1.86512327e+01 -1.49062593e-02 1.76031366e-02 -4.03604540e-01 9.14642722e-01
1317358154.203589916 6.64255063e+02 1.88285938e+02 -1.86740773e+01 -1.20294854e-02 1.65965478e-02 -4.02200832e-01 9.15321985e-01
1317358154.307436943 6.64988624e+02 1.87510858e+02 -1.86858885e+01 -9.92153199e-03 1.47536425e-02 -4.01950568e-01 9.15488740e-01
1317358154.411283970 6.65722691e+02 1.86792492e+02 -1.87519284e+01 -7.13015754e-03 1.42332995e-02 -3.98764965e-01 9.16914978e-01
1317358154.515091896 6.66460276e+02 1.85991793e+02 -1.87538272e+01 -6.34672382e-03 1.28726605e-02 -3.98366922e-01 9.17113848e-01
1317358154.618902922 6.67184320e+02 1.85168650e+02 -1.87718626e+01 -6.21835740e-03 1.35430847e-02 -3.97229214e-01 9.17598424e-01
1317358154.722728014 6.67926353e+02 1.84419348e+02 -1.87775610e+01 -4.16844033e-03 1.49305563e-02 -3.92466211e-01 9.19635784e-01
1317358154.826571941 6.68701290e+02 1.83604705e+02 -1.87948160e+01 -4.24215136e-03 1.56459764e-02 -3.93223849e-01 9.19299849e-01
1317358154.930418968 6.69452879e+02 1.82806576e+02 -1.88054940e+01 -5.07889130e-03 1.55518741e-02 -3.92760415e-01 9.19495297e-01
1317358155.034266949 6.70257982e+02 1.82073681e+02 -1.88194623e+01 -1.06153421e-02 1.66191289e-02 -3.91072786e-01 9.20148464e-01
1317358155.138137102 6.71079986e+02 1.81230139e+02 -1.88222393e+01 -1.28795164e-02 1.72946285e-02 -3.94146497e-01 9.18794619e-01
1317358155.242032051 6.71896214e+02 1.80472534e+02 -1.88191673e+01 -1.29873309e-02 1.71115928e-02 -3.95621137e-01 9.18162534e-01
1317358155.345951080 6.72673254e+02 1.79643154e+02 -1.88117687e+01 -1.41350191e-02 1.67718962e-02 -3.96079566e-01 9.17954183e-01
1317358155.449843884 6.73438827e+02 1.78875543e+02 -1.88287767e+01 -1.20435997e-02 1.57636534e-02 -3.93331478e-01 9.19182684e-01
1317358155.553739071 6.74240472e+02 1.78031598e+02 -1.88444510e+01 -1.22734099e-02 1.57249327e-02 -3.94451120e-01 9.18700388e-01
1317358155.657634020 6.75036737e+02 1.77174435e+02 -1.88372601e+01 -1.20481750e-02 1.63752360e-02 -3.95494675e-01 9.18243244e-01
1317358155.761528969 6.75846911e+02 1.76432218e+02 -1.88806792e+01 -1.15076360e-02 1.66867892e-02 -3.92925272e-01 9.19346972e-01
1317358155.865469933 6.76655712e+02 1.75596476e+02 -1.88796561e+01 -1.28924999e-02 1.81311980e-02 -3.94386528e-01 9.18675301e-01
1317358155.969414949 6.77465236e+02 1.74824403e+02 -1.88964418e+01 -1.17260840e-02 1.85553152e-02 -3.95721285e-01 9.18108307e-01
1317358156.073334932 6.78279126e+02 1.74006366e+02 -1.89050265e+01 -1.11499131e-02 1.95838822e-02 -3.97169469e-01 9.17468563e-01
1317358156.177252054 6.79055132e+02 1.73250448e+02 -1.89521332e+01 -1.06948706e-02 2.16019650e-02 -3.96661995e-01 9.17648210e-01
1317358156.281172991 6.79866294e+02 1.72399698e+02 -1.89597006e+01 -1.04124169e-02 2.10604281e-02 -3.96735762e-01 9.17632157e-01
1317358156.385114908 6.80657141e+02 1.71539769e+02 -1.89647680e+01 -1.07203786e-02 1.95342404e-02 -3.97292240e-01 9.17421584e-01
1317358156.489058971 6.81435638e+02 1.70735584e+02 -1.89880386e+01 -1.13537723e-02 1.86287042e-02 -3.95266289e-01 9.18307478e-01
1317358156.592978954 6.82220351e+02 1.69902349e+02 -1.89901743e+01 -1.33261264e-02 1.95324287e-02 -3.95380307e-01 9.18213108e-01
1317358156.696870089 6.83009515e+02 1.69040788e+02 -1.89847050e+01 -1.33929751e-02 2.06693257e-02 -3.93294146e-01 9.19082761e-01
1317358156.800765038 6.83825703e+02 1.68179462e+02 -1.89885605e+01 -1.22445718e-02 2.25182088e-02 -3.93620956e-01 9.18915417e-01
1317358156.904685020 6.84634752e+02 1.67325369e+02 -1.90121291e+01 -1.15185992e-02 2.31556569e-02 -3.93976834e-01 9.18756438e-01
1317358157.008578062 6.85417841e+02 1.66519477e+02 -1.90490550e+01 -9.50347223e-03 2.16897927e-02 -3.93735980e-01 9.18918503e-01
1317358157.112449884 6.86239600e+02 1.65650075e+02 -1.90598036e+01 -9.30861354e-03 2.09186657e-02 -3.94046449e-01 9.18805287e-01
1317358157.216298103 6.87072214e+02 1.64818145e+02 -1.91085734e+01 -7.79201207e-03 1.81381403e-02 -3.94676102e-01 9.18608223e-01
1317358157.320142984 6.87903115e+02 1.63963508e+02 -1.91190303e+01 -7.95505423e-03 1.70327078e-02 -3.95942930e-01 9.18082676e-01
1317358157.423990011 6.88742506e+02 1.63123013e+02 -1.91346595e+01 -9.04342743e-03 1.63204200e-02 -3.97194876e-01 9.17544599e-01
1317358157.527837038 6.89605464e+02 1.62297969e+02 -1.91783349e+01 -1.01858980e-02 1.77078991e-02 -3.99527878e-01 9.16493400e-01
1317358157.631680965 6.90408410e+02 1.61434584e+02 -1.91862058e+01 -1.05146187e-02 1.90028458e-02 -4.00384145e-01 9.16089991e-01
1317358157.735505104 6.91231161e+02 1.60584008e+02 -1.91965301e+01 -1.18231494e-02 1.87196304e-02 -4.02333751e-01 9.15225295e-01
1317358157.839306116 6.92063006e+02 1.59747511e+02 -1.92068151e+01 -9.80358138e-03 1.66718664e-02 -4.01772064e-01 9.15535443e-01
1317358157.943105936 6.92866548e+02 1.58896613e+02 -1.92112178e+01 -8.16216672e-03 1.67599602e-02 -4.02317011e-01 9.15310606e-01
1317358158.046902895 6.93705747e+02 1.58028151e+02 -1.92165533e+01 -7.44575880e-03 1.81562247e-02 -4.04716307e-01 9.14231712e-01
1317358158.150677919 6.94541041e+02 1.57147050e+02 -1.92386618e+01 -7.05484574e-03 1.91145470e-02 -4.07524525e-01 9.12966935e-01
1317358158.254427910 6.95398298e+02 1.56249275e+02 -1.92608852e+01 -5.19063034e-03 1.89118680e-02 -4.10842115e-01 9.11495560e-01
1317358158.358177900 6.96267551e+02 1.55454558e+02 -1.92964650e+01 -3.44643881e-03 2.00524968e-02 -4.06129922e-01 9.13588806e-01
1317358158.461930037 6.97091432e+02 1.54556700e+02 -1.93168472e+01 -2.50929338e-03 2.09190418e-02 -4.06492692e-01 9.13411073e-01
1317358158.565656900 6.97908898e+02 1.53663891e+02 -1.93470600e+01 -2.02365662e-03 2.11683557e-02 -4.06642523e-01 9.13339840e-01
1317358158.669382095 6.98865076e+02 1.52825811e+02 -1.94019184e+01 -6.74323100e-03 2.18479994e-02 -4.02769598e-01 9.15015762e-01
1317358158.773133039 6.99680143e+02 1.51940221e+02 -1.94314897e+01 -5.24539101e-03 2.10807584e-02 -4.04119039e-01 9.14448408e-01
1317358158.876909971 7.00488665e+02 1.51057163e+02 -1.94477825e+01 -5.69255017e-03 2.02863453e-02 -4.05787887e-01 9.13724384e-01
1317358158.980685949 7.01331603e+02 1.50270230e+02 -1.94702127e+01 -7.38400413e-03 2.11184521e-02 -3.99693383e-01 9.16375844e-01
1317358159.084484100 7.02176157e+02 1.49364792e+02 -1.94943635e+01 -6.73401045e-03 2.12242108e-02 -3.99962225e-01 9.16261101e-01
1317358159.188282013 7.03021377e+02 1.48471355e+02 -1.95041705e+01 -4.90875900e-03 2.02233327e-02 -4.00883668e-01 9.15892573e-01
1317358159.292079926 7.03840878e+02 1.47641437e+02 -1.95026267e+01 -5.39086241e-03 1.96221235e-02 -3.98190876e-01 9.17076844e-01
1317358159.395878077 7.04674716e+02 1.46769181e+02 -1.95145342e+01 -7.65072307e-03 2.06603483e-02 -3.97915517e-01 9.17157488e-01
1317358159.499676943 7.05524825e+02 1.45960566e+02 -1.95171532e+01 -1.00071727e-02 2.15315878e-02 -3.95073376e-01 9.18342678e-01
1317358159.603473902 7.06331016e+02 1.45112208e+02 -1.95182399e+01 -1.31292742e-02 2.28260697e-02 -3.95035711e-01 9.18288288e-01
1317358159.707268953 7.07151527e+02 1.44271682e+02 -1.95340319e+01 -1.60482550e-02 2.29590774e-02 -3.94804651e-01 9.18337967e-01
1317358159.811115026 7.07935560e+02 1.43490456e+02 -1.95740421e+01 -1.76261076e-02 2.45304982e-02 -3.93269323e-01 9.18926991e-01
1317358159.914966106 7.08748454e+02 1.42657220e+02 -1.95829756e+01 -1.87948811e-02 2.44640471e-02 -3.94125846e-01 9.18538557e-01
1317358160.018812895 7.09559354e+02 1.41831100e+02 -1.95832511e+01 -2.07819642e-02 2.63022175e-02 -3.94989346e-01 9.18073918e-01
1317358160.122684956 7.10342117e+02 1.41008908e+02 -1.96049556e+01 -1.86855364e-02 2.78056222e-02 -3.95635214e-01 9.17796533e-01
1317358160.226577997 7.11128564e+02 1.40157430e+02 -1.96262730e+01 -2.04158342e-02 2.90271670e-02 -3.95375835e-01 9.17833627e-01
1317358160.330472946 7.11905968e+02 1.39279840e+02 -1.96625862e+01 -1.62906703e-02 2.64613646e-02 -3.94903749e-01 9.18196841e-01
1317358160.434349060 7.12700493e+02 1.38440867e+02 -1.96739624e+01 -1.69001896e-02 2.61265737e-02 -3.94493817e-01 9.18371610e-01
1317358160.538219929 7.13497625e+02 1.37612173e+02 -1.96988729e+01 -1.69512751e-02 2.58699116e-02 -3.93969157e-01 9.18603127e-01
1317358160.642064095 7.14314219e+02 1.36744031e+02 -1.97629302e+01 -1.45968086e-02 2.65096340e-02 -3.92196068e-01 9.19383716e-01
1317358160.745910883 7.15116102e+02 1.35904627e+02 -1.97886925e+01 -1.37359681e-02 2.79028959e-02 -3.91894063e-01 9.19484527e-01
1317358160.849757910 7.15910804e+02 1.35089133e+02 -1.98072274e+01 -1.38701249e-02 2.81441555e-02 -3.91448863e-01 9.19664784e-01
1317358160.953582048 7.16705137e+02 1.34263048e+02 -1.98288845e+01 -1.31406959e-02 2.68636247e-02 -3.92422000e-01 9.19298995e-01
1317358161.057427883 7.17505818e+02 1.33433874e+02 -1.98477245e+01 -1.39484903e-02 2.68715850e-02 -3.92070668e-01 9.19436756e-01
1317358161.161271095 7.18284656e+02 1.32622487e+02 -1.98669207e+01 -1.60115306e-02 2.77031571e-02 -3.90903208e-01 9.19875452e-01
1317358161.265094042 7.19075603e+02 1.31799832e+02 -1.98805655e+01 -1.45933071e-02 2.58628572e-02 -3.90488433e-01 9.20128758e-01
1317358161.368918896 7.19851930e+02 1.30993628e+02 -1.98909171e+01 -1.31262541e-02 2.44820390e-02 -3.89569417e-01 9.20578080e-01
1317358161.472740889 7.20647513e+02 1.30175423e+02 -1.99060131e+01 -1.09812086e-02 2.40755483e-02 -3.88337619e-01 9.21137164e-01
1317358161.576538086 7.21446322e+02 1.29382023e+02 -1.99284090e+01 -6.37172948e-03 2.43896475e-02 -3.87705182e-01 9.21438678e-01
1317358161.680335999 7.22242434e+02 1.28563394e+02 -1.99581973e+01 -5.26233127e-03 2.49410345e-02 -3.87700892e-01 9.21432727e-01
1317358161.784136057 7.23044361e+02 1.27757131e+02 -1.99863191e+01 -5.11534548e-03 2.53088190e-02 -3.88005593e-01 9.21295260e-01
1317358161.887937069 7.23817084e+02 1.26958614e+02 -1.99975393e+01 7.72720936e-04 1.96014222e-02 -3.89750031e-01 9.20711736e-01
1317358161.991733074 7.24608036e+02 1.26143955e+02 -2.00202756e+01 2.23782205e-03 1.88472056e-02 -3.90019750e-01 9.20610868e-01
1317358162.095508099 7.25432928e+02 1.25315848e+02 -2.00477544e+01 1.90889970e-03 1.90137453e-02 -3.92673725e-01 9.19479298e-01
1317358162.199284077 7.26161143e+02 1.24482679e+02 -2.01224794e+01 -1.73328660e-03 2.00126027e-02 -3.94948914e-01 9.18483449e-01
1317358162.303083897 7.26942314e+02 1.23668877e+02 -2.01433506e+01 -7.19695589e-04 1.96559271e-02 -3.95104893e-01 9.18425419e-01
1317358162.406907082 7.27738329e+02 1.22833923e+02 -2.01662444e+01 -2.34504058e-03 1.98051358e-02 -3.95370469e-01 9.18305205e-01
1317358162.510730028 7.28539681e+02 1.22026911e+02 -2.02031039e+01 -4.39717730e-03 2.02745761e-02 -3.94869217e-01 9.18503080e-01
1317358162.614552975 7.29331553e+02 1.21193637e+02 -2.02230829e+01 -6.23652976e-03 2.00718805e-02 -3.94982322e-01 9.18448251e-01
1317358162.718400002 7.30148759e+02 1.20356528e+02 -2.02354239e+01 -8.58786237e-03 2.19436767e-02 -3.94770971e-01 9.18477329e-01
1317358162.822247028 7.30961500e+02 1.19579311e+02 -2.02239930e+01 -1.03135360e-02 2.15214126e-02 -3.91256365e-01 9.19972237e-01
1317358162.926069021 7.31768817e+02 1.18733656e+02 -2.02350059e+01 -1.30803080e-02 2.27500818e-02 -3.91799630e-01 9.19676242e-01
1317358163.029891968 7.32569275e+02 1.17899342e+02 -2.02517364e+01 -1.48231017e-02 2.35920461e-02 -3.92479652e-01 9.19338574e-01
1317358163.133713007 7.33313636e+02 1.17137356e+02 -2.02609499e+01 -1.53903860e-02 2.38503269e-02 -3.91895495e-01 9.19571759e-01
1317358163.237559080 7.34103816e+02 1.16314869e+02 -2.02693714e+01 -1.69706300e-02 2.40751509e-02 -3.92614600e-01 9.19231288e-01
1317358163.341407061 7.34827746e+02 1.15518224e+02 -2.03065280e+01 -1.60046926e-02 2.46923807e-02 -3.93705721e-01 9.18765444e-01
1317358163.445252895 7.35622589e+02 1.14668299e+02 -2.03293931e+01 -1.60088303e-02 2.44513942e-02 -3.94109460e-01 9.18598705e-01
1317358163.549098969 7.36434387e+02 1.13814121e+02 -2.03328514e+01 -1.44434371e-02 2.38991436e-02 -3.94209390e-01 9.18596307e-01
1317358163.652924061 7.37211891e+02 1.13014546e+02 -2.03769567e+01 -1.02771201e-02 2.25186577e-02 -3.95443834e-01 9.18156558e-01
1317358163.756746054 7.38022346e+02 1.12166411e+02 -2.03992534e+01 -8.17748816e-03 2.21164183e-02 -3.96167277e-01 9.17875526e-01
1317358163.860543966 7.38812091e+02 1.11311125e+02 -2.04424026e+01 -6.01073582e-03 2.04349418e-02 -3.97280446e-01 9.17450016e-01
1317358163.964344025 7.39616073e+02 1.10466506e+02 -2.04547943e+01 -6.88830429e-03 2.09485597e-02 -3.98234580e-01 9.17018500e-01
1317358164.068144083 7.40393705e+02 1.09638214e+02 -2.04671811e+01 -6.47721194e-03 2.15767721e-02 -3.97908607e-01 9.17148423e-01
1317358164.171916008 7.41199893e+02 1.08783614e+02 -2.04847311e+01 -4.32119954e-03 2.22778405e-02 -3.98643155e-01 9.16825316e-01
1317358164.275716066 7.42014912e+02 1.07933866e+02 -2.05081050e+01 -4.81933293e-03 2.20496181e-02 -3.99339444e-01 9.16525285e-01
1317358164.379517078 7.42785037e+02 1.07153174e+02 -2.05841386e+01 -6.73645088e-03 2.23498386e-02 -3.99878480e-01 9.16270869e-01
1317358164.483289957 7.43592527e+02 1.06313049e+02 -2.05980279e+01 -7.33852699e-03 2.17995100e-02 -4.00799144e-01 9.15877161e-01
1317358164.587063074 7.44385093e+02 1.05459297e+02 -2.06165896e+01 -7.62858595e-03 2.05268757e-02 -4.01316622e-01 9.15677575e-01
1317358164.690862894 7.45150643e+02 1.04707137e+02 -2.06547614e+01 -9.39545767e-03 2.13839201e-02 -4.00658189e-01 9.15929838e-01
1317358164.794684887 7.45960293e+02 1.03846944e+02 -2.06639182e+01 -1.05137886e-02 2.23820839e-02 -4.02250133e-01 9.15195789e-01
1317358164.898508072 7.46723121e+02 1.03041722e+02 -2.06939489e+01 -9.19268925e-03 2.29011588e-02 -4.01438364e-01 9.15553533e-01
1317358165.002305984 7.47500291e+02 1.02204761e+02 -2.07052256e+01 -1.08064934e-02 2.42923687e-02 -4.01051279e-01 9.15669685e-01
1317358165.106105089 7.48258780e+02 1.01392441e+02 -2.07157752e+01 -1.14798724e-02 2.42548549e-02 -3.99566208e-01 9.16311497e-01
1317358165.209902048 7.49039790e+02 1.00602694e+02 -2.07558341e+01 -1.25149082e-02 2.47525586e-02 -3.97326554e-01 9.17258032e-01
1317358165.313678026 7.49820426e+02 9.97760511e+01 -2.07722873e+01 -1.23542568e-02 2.51411616e-02 -3.97003729e-01 9.17389412e-01
1317358165.417476892 7.50581025e+02 9.90348162e+01 -2.08355324e+01 -1.04769009e-02 2.50555462e-02 -3.94574772e-01 9.18462413e-01
1317358165.521275043 7.51372083e+02 9.82070588e+01 -2.08578600e+01 -1.01132088e-02 2.50372142e-02 -3.94758167e-01 9.18388181e-01
1317358165.625029087 7.52151855e+02 9.73808593e+01 -2.08999111e+01 -8.56250170e-03 2.39143634e-02 -3.95471736e-01 9.18126839e-01
1317358165.728779078 7.52958150e+02 9.65514917e+01 -2.09277461e+01 -6.32231529e-03 2.38905565e-02 -3.96379654e-01 9.17754019e-01
1317358165.832552910 7.53762106e+02 9.57297386e+01 -2.09682992e+01 -7.45392414e-03 2.52464423e-02 -3.95500449e-01 9.18088477e-01
1317358165.936326981 7.54532589e+02 9.49136248e+01 -2.09776493e+01 -7.59076669e-03 2.53877758e-02 -3.95332253e-01 9.18155897e-01
1317358166.040102959 7.55307640e+02 9.40954276e+01 -2.09834584e+01 -7.92009671e-03 2.55773340e-02 -3.95711826e-01 9.17984326e-01
1317358166.143878937 7.56066793e+02 9.33133595e+01 -2.10007533e+01 -8.00149953e-03 2.58666218e-02 -3.93830041e-01 9.18784410e-01
1317358166.247678041 7.56839811e+02 9.24858192e+01 -2.10278719e+01 -7.16941318e-03 2.50600715e-02 -3.93853333e-01 9.18803648e-01
1317358166.351476908 7.57564049e+02 9.17440521e+01 -2.10649712e+01 -5.41937425e-03 2.43629583e-02 -3.90471083e-01 9.20276812e-01
1317358166.455275059 7.58335461e+02 9.09350685e+01 -2.10875071e+01 -3.98311208e-03 2.37086996e-02 -3.91004944e-01 9.20074544e-01
1317358166.559073925 7.59108459e+02 9.01181867e+01 -2.11104286e+01 -4.83885904e-03 2.41666752e-02 -3.90701201e-01 9.20187551e-01
1317358166.662873030 7.59889620e+02 8.93627281e+01 -2.11583303e+01 -4.07558629e-03 2.35628002e-02 -3.89631959e-01 9.20660155e-01
1317358166.766671896 7.60674110e+02 8.85746876e+01 -2.11793929e+01 -4.04437491e-03 2.44652379e-02 -3.90133745e-01 9.20424226e-01
1317358166.870493889 7.61488105e+02 8.78137264e+01 -2.12276680e+01 -6.52119262e-03 2.36431728e-02 -3.89247627e-01 9.20806581e-01
1317358166.974363089 7.62284350e+02 8.69966840e+01 -2.12469980e+01 -7.05895502e-03 2.27845646e-02 -3.89834378e-01 9.20576011e-01
1317358167.078211069 7.63077178e+02 8.62046297e+01 -2.12623970e+01 -7.16262054e-03 2.31337966e-02 -3.90526369e-01 9.20273155e-01
1317358167.182033062 7.63877138e+02 8.54200446e+01 -2.12980817e+01 -6.63349651e-03 2.42465738e-02 -3.92040228e-01 9.19604567e-01
1317358167.285856009 7.64660340e+02 8.45920163e+01 -2.13212859e+01 -7.86729294e-03 2.50794191e-02 -3.93715150e-01 9.18856631e-01
1317358167.389703035 7.65478903e+02 8.37576357e+01 -2.13518397e+01 -7.91272904e-03 2.43952576e-02 -3.95930646e-01 9.17922210e-01
1317358167.493549109 7.66254496e+02 8.29812179e+01 -2.13859436e+01 -9.24539371e-03 2.40203857e-02 -3.95767817e-01 9.17989858e-01
1317358167.597373009 7.67050020e+02 8.21552251e+01 -2.14087004e+01 -1.05544031e-02 2.44455779e-02 -3.96328191e-01 9.17722716e-01
1317358167.701220989 7.67834588e+02 8.13535709e+01 -2.14469295e+01 -1.13188278e-02 2.53963999e-02 -3.95377314e-01 9.18097863e-01
1317358167.805067062 7.68618653e+02 8.05346096e+01 -2.14701422e+01 -1.20532089e-02 2.76070243e-02 -3.95796377e-01 9.17844105e-01
1317358167.908937931 7.69358819e+02 7.97260745e+01 -2.14861483e+01 -1.38323120e-02 2.79607827e-02 -3.95629788e-01 9.17880130e-01
1317358168.012833118 7.70075777e+02 7.90351346e+01 -2.15007594e+01 -1.32805150e-02 2.78232923e-02 -3.93762859e-01 9.18694891e-01
1317358168.116703033 7.70851140e+02 7.82266531e+01 -2.15247286e+01 -1.37678087e-02 2.84575656e-02 -3.94125790e-01 9.18512643e-01
1317358168.220571995 7.71564685e+02 7.74897601e+01 -2.15579177e+01 -1.05449082e-02 2.75824724e-02 -3.93930828e-01 9.18665616e-01
1317358168.324443102 7.72329048e+02 7.66838130e+01 -2.15881832e+01 -7.58216545e-03 2.74115584e-02 -3.94414732e-01 9.18492317e-01
1317358168.428316116 7.73109754e+02 7.58660595e+01 -2.16152110e+01 -7.84249269e-03 2.65241425e-02 -3.95640067e-01 9.17989054e-01
1317358168.532162905 7.73854204e+02 7.50850006e+01 -2.16780972e+01 -1.88540132e-03 2.36737425e-02 -3.96533480e-01 9.17713026e-01
1317358168.635984898 7.74628951e+02 7.42582951e+01 -2.17011935e+01 -1.79409471e-03 2.19320851e-02 -3.97095579e-01 9.17513415e-01
1317358168.739815950 7.75374040e+02 7.34392051e+01 -2.17274610e+01 -5.65527141e-03 2.17122280e-02 -3.97425934e-01 9.17359921e-01
1317358168.843661070 7.76156419e+02 7.26395205e+01 -2.17380325e+01 -7.08848362e-03 2.20640558e-02 -3.97832161e-01 9.17165472e-01
1317358168.947520018 7.76907331e+02 7.18631890e+01 -2.17459593e+01 -7.46633734e-03 2.23846375e-02 -3.97465075e-01 9.17313848e-01
1317358169.051392078 7.77616883e+02 7.11436120e+01 -2.17744450e+01 -7.00755228e-03 2.31090109e-02 -3.96401785e-01 9.17759496e-01
1317358169.155262947 7.78381468e+02 7.03525712e+01 -2.17903973e+01 -8.36634634e-03 2.36034752e-02 -3.97579683e-01 9.17225859e-01
1317358169.259135962 7.79137275e+02 6.95647279e+01 -2.18106953e+01 -9.48720027e-03 2.39427105e-02 -3.97513344e-01 9.17234910e-01
1317358169.363006115 7.79784068e+02 6.88558079e+01 -2.18869905e+01 -5.91846226e-03 2.37631741e-02 -3.97596102e-01 9.17233680e-01
1317358169.466852903 7.80533093e+02 6.80656985e+01 -2.19192219e+01 -5.66566338e-03 2.20206632e-02 -3.97945317e-01 9.17127317e-01
1317358169.570702076 7.81273405e+02 6.72694659e+01 -2.19350274e+01 -7.67314572e-03 2.24069747e-02 -3.98485008e-01 9.16868992e-01
1317358169.674576998 7.82029214e+02 6.64741248e+01 -2.19634380e+01 -7.00950266e-03 2.30459129e-02 -3.98302248e-01 9.16937878e-01
1317358169.778424025 7.82771445e+02 6.56822268e+01 -2.19827739e+01 -6.65257387e-03 2.41921074e-02 -3.98206829e-01 9.16952456e-01
1317358169.882241011 7.83497610e+02 6.48679851e+01 -2.20431776e+01 -7.75417708e-03 2.84014501e-02 -3.99335508e-01 9.16332026e-01
1317358169.986062050 7.84211545e+02 6.40850022e+01 -2.20682072e+01 -7.63604949e-03 3.00496109e-02 -3.98609244e-01 9.16596630e-01
1317358170.089885950 7.84946487e+02 6.33110944e+01 -2.20960165e+01 -7.90479501e-03 3.00452136e-02 -3.98792164e-01 9.16514926e-01
1317358170.193708897 7.85667750e+02 6.25540850e+01 -2.21620745e+01 -7.83055240e-03 3.03361661e-02 -3.97941763e-01 9.16875538e-01
1317358170.297530890 7.86411843e+02 6.17584610e+01 -2.21911080e+01 -8.43437671e-03 3.01054863e-02 -3.98964530e-01 9.16433208e-01
1317358170.401328087 7.87136274e+02 6.09840463e+01 -2.22156226e+01 -6.99117108e-03 3.06389806e-02 -3.99102738e-01 9.16367492e-01
1317358170.505129099 7.87857898e+02 6.02107682e+01 -2.22077531e+01 -5.08017824e-03 2.83738064e-02 -3.98912479e-01 9.16535844e-01
1317358170.608952999 7.88574768e+02 5.94359319e+01 -2.22320607e+01 -4.47207678e-03 2.93025920e-02 -3.99090588e-01 9.16432246e-01
1317358170.712774992 7.89289578e+02 5.86781491e+01 -2.22573963e+01 -4.38231311e-03 2.93661747e-02 -3.99637323e-01 9.16192356e-01
1317358170.816572905 7.89997225e+02 5.79203374e+01 -2.22829727e+01 -4.67323388e-03 2.85655016e-02 -3.99495221e-01 9.16278201e-01
1317358170.920371056 7.90723977e+02 5.71611094e+01 -2.23222122e+01 -5.07546706e-03 2.78467114e-02 -3.99870291e-01 9.16134570e-01
1317358171.024168968 7.91447651e+02 5.64364053e+01 -2.23617095e+01 -4.79961614e-03 2.51573661e-02 -4.00084137e-01 9.16120491e-01
1317358171.127943993 7.92181957e+02 5.56677122e+01 -2.23903265e+01 -3.98897624e-03 2.51549776e-02 -4.02010104e-01 9.15280936e-01
1317358171.231720924 7.92892794e+02 5.49081652e+01 -2.24116254e+01 -6.68390205e-03 2.62452444e-02 -4.03690717e-01 9.14494570e-01
1317358171.335496902 7.93602844e+02 5.41389543e+01 -2.24546343e+01 -6.92606098e-03 2.51442654e-02 -4.04372594e-01 9.14222402e-01
1317358171.439271927 7.94291560e+02 5.33884196e+01 -2.24661516e+01 -9.77660874e-03 2.55100831e-02 -4.05010806e-01 9.13903660e-01
1317358171.543023109 7.94954580e+02 5.26511657e+01 -2.24915614e+01 -9.34008770e-03 2.64105342e-02 -4.02494450e-01 9.14993696e-01
1317358171.646750927 7.95626306e+02 5.19007372e+01 -2.25046370e+01 -9.75409153e-03 2.57372890e-02 -4.02018573e-01 9.15217743e-01
1317358171.750502110 7.96305232e+02 5.11486197e+01 -2.25208464e+01 -6.67256366e-03 2.50927525e-02 -4.00239623e-01 9.16042616e-01
1317358171.854249001 7.96983275e+02 5.04834926e+01 -2.25430383e+01 -2.88833416e-03 2.60710609e-02 -3.92269710e-01 9.19476173e-01
1317358171.957974911 7.97668056e+02 4.97669682e+01 -2.25573259e+01 -3.87187997e-03 2.72898908e-02 -3.89424766e-01 9.20645764e-01
1317358172.061702967 7.98370090e+02 4.90557580e+01 -2.25826302e+01 -6.19093633e-03 2.75221771e-02 -3.83679372e-01 9.23035395e-01
1317358172.165406942 7.99119751e+02 4.83712707e+01 -2.26449960e+01 -2.66568072e-03 2.57042550e-02 -3.75199461e-01 9.26583806e-01
1317358172.269084930 7.99829957e+02 4.77005630e+01 -2.26673523e+01 -3.78454569e-03 2.70995081e-02 -3.66720540e-01 9.29928674e-01
1317358172.372765064 8.00663068e+02 4.70866523e+01 -2.27260286e+01 -3.63894920e-03 2.69485034e-02 -3.54199451e-01 9.34774457e-01
1317358172.476466894 8.01410188e+02 4.64456975e+01 -2.27449685e+01 -4.44544052e-03 2.83950623e-02 -3.43918004e-01 9.38559729e-01
1317358172.580168962 8.02158885e+02 4.58283283e+01 -2.27684801e+01 -4.87741934e-03 3.00586538e-02 -3.32833942e-01 9.42493637e-01
1317358172.683871984 8.03015597e+02 4.52895344e+01 -2.28179007e+01 -7.27987272e-05 2.95788264e-02 -3.19264596e-01 9.47203888e-01
1317358172.787600040 8.03806096e+02 4.47083806e+01 -2.28491038e+01 -1.57605352e-03 2.96668132e-02 -3.08667889e-01 9.50705806e-01
1317358172.891302109 8.04609476e+02 4.41654658e+01 -2.28828016e+01 -1.18143439e-03 2.95928846e-02 -2.97205527e-01 9.54354096e-01
1317358172.994978905 8.05441878e+02 4.36482819e+01 -2.29218686e+01 6.65038171e-04 2.84283194e-02 -2.84430682e-01 9.58274791e-01
1317358173.098656893 8.06248116e+02 4.31450634e+01 -2.29555097e+01 1.65880382e-04 2.97048300e-02 -2.71529287e-01 9.61971643e-01
1317358173.202358961 8.07071931e+02 4.26662135e+01 -2.29977056e+01 3.90567005e-04 3.02185218e-02 -2.60091024e-01 9.65111055e-01
1317358173.306087017 8.07910873e+02 4.22523935e+01 -2.30545112e+01 3.62440897e-03 2.95455952e-02 -2.48047048e-01 9.68290547e-01
1317358173.409816027 8.08743068e+02 4.18177117e+01 -2.30883378e+01 3.38717306e-03 2.91615945e-02 -2.36910007e-01 9.71087935e-01
1317358173.513544083 8.09598539e+02 4.14127500e+01 -2.31270148e+01 3.10481346e-03 2.96209535e-02 -2.25612148e-01 9.73761838e-01
1317358173.617317915 8.10454842e+02 4.10883430e+01 -2.31759554e+01 4.35387448e-03 2.84997285e-02 -2.12302686e-01 9.76778572e-01
1317358173.721138954 8.11328562e+02 4.07188845e+01 -2.32157983e+01 4.34774275e-03 2.90501773e-02 -2.02656291e-01 9.78809283e-01
1317358173.824961901 8.12210179e+02 4.03567474e+01 -2.32589048e+01 4.30140128e-03 2.98082599e-02 -1.93592605e-01 9.80619635e-01
1317358173.928786039 8.13173416e+02 4.00203398e+01 -2.33090873e+01 3.17607780e-03 3.08726821e-02 -1.83103583e-01 9.82603617e-01
1317358174.032633066 8.14089971e+02 3.96902731e+01 -2.33557182e+01 3.08911422e-03 3.22576581e-02 -1.75769404e-01 9.83897869e-01
1317358174.136502981 8.15028607e+02 3.93671314e+01 -2.34012418e+01 3.32700811e-03 3.28138032e-02 -1.67755823e-01 9.85276697e-01
1317358174.240374088 8.16055399e+02 3.90347076e+01 -2.34623427e+01 3.16777891e-03 3.24533675e-02 -1.59051582e-01 9.86731645e-01
1317358174.344296932 8.17024054e+02 3.87247914e+01 -2.35165331e+01 1.83529281e-03 3.23514467e-02 -1.53261509e-01 9.87654254e-01
1317358174.448262930 8.17987336e+02 3.84251210e+01 -2.35745273e+01 -3.70605332e-04 3.18502388e-02 -1.48536343e-01 9.88393838e-01
1317358174.552273989 8.18956379e+02 3.81136251e+01 -2.36218990e+01 -2.56349674e-03 3.22941369e-02 -1.45806409e-01 9.88782589e-01
1317358174.656311989 8.19929320e+02 3.78097694e+01 -2.36777256e+01 -5.59237782e-03 3.19891047e-02 -1.45198321e-01 9.88869491e-01
1317358174.760349989 8.20873626e+02 3.75117848e+01 -2.37245989e+01 -6.52710768e-03 3.20206170e-02 -1.44369277e-01 9.88984120e-01
1317358174.864413023 8.21826826e+02 3.72228333e+01 -2.37713964e+01 -6.46062142e-03 3.17323100e-02 -1.43843229e-01 9.89070496e-01
1317358174.968498945 8.22702554e+02 3.69675270e+01 -2.38182339e+01 -1.01501005e-02 3.27348364e-02 -1.45434789e-01 9.88774053e-01
1317358175.072609901 8.23626182e+02 3.66972310e+01 -2.38621812e+01 -1.14649979e-02 3.23136996e-02 -1.47590427e-01 9.88454068e-01
1317358175.176721096 8.24538239e+02 3.64354321e+01 -2.39022414e+01 -1.31801744e-02 3.22860176e-02 -1.51466137e-01 9.87847106e-01
1317358175.280879021 8.25464445e+02 3.61558583e+01 -2.39557891e+01 -1.43532816e-02 3.26471727e-02 -1.56967316e-01 9.86959679e-01
1317358175.385061979 8.26237653e+02 3.59305162e+01 -2.39951533e+01 -1.44386234e-02 3.41394194e-02 -1.65288834e-01 9.85548389e-01
1317358175.489244938 8.27147405e+02 3.56365726e+01 -2.40432737e+01 -1.54489306e-02 3.40787091e-02 -1.73434141e-01 9.84134427e-01
1317358175.593431950 8.28047139e+02 3.53261811e+01 -2.40859183e+01 -1.62172034e-02 3.46342229e-02 -1.82038972e-01 9.82547345e-01
1317358175.697614908 8.28826095e+02 3.50030045e+01 -2.41314519e+01 -1.40998369e-02 3.47675585e-02 -1.94207770e-01 9.80242701e-01
1317358175.801769972 8.29697925e+02 3.46357557e+01 -2.41768783e+01 -1.41480771e-02 3.28234194e-02 -2.04013405e-01 9.78315381e-01
1317358175.905904055 8.30561445e+02 3.42488520e+01 -2.42045730e+01 -1.66401774e-02 2.98023107e-02 -2.14075067e-01 9.76220668e-01
1317358176.010062933 8.31395140e+02 3.38458194e+01 -2.42254546e+01 -1.85467791e-02 2.70161794e-02 -2.25078157e-01 9.73789488e-01
1317358176.114223003 8.32227448e+02 3.34056050e+01 -2.42505960e+01 -2.11657101e-02 2.82332568e-02 -2.35647813e-01 9.71197716e-01
1317358176.218354940 8.33049645e+02 3.29400513e+01 -2.42834148e+01 -2.02113840e-02 3.18232385e-02 -2.47136104e-01 9.68247142e-01
1317358176.322475910 8.33850046e+02 3.24756599e+01 -2.43152045e+01 -1.89895644e-02 3.53616566e-02 -2.58514340e-01 9.65173189e-01
1317358176.426565886 8.34551698e+02 3.19245872e+01 -2.43591289e+01 -1.80807771e-02 3.64343912e-02 -2.72462714e-01 9.61306241e-01
1317358176.530622005 8.35342310e+02 3.14204162e+01 -2.44029809e+01 -1.91897295e-02 3.38574050e-02 -2.83700972e-01 9.58122742e-01
1317358176.634685040 8.36108826e+02 3.08893677e+01 -2.44298704e+01 -1.95377344e-02 3.16978139e-02 -2.95721758e-01 9.54548148e-01
1317358176.738744020 8.36698678e+02 3.02804457e+01 -2.44544621e+01 -1.82394990e-02 2.93870647e-02 -3.10249296e-01 9.50025839e-01
1317358176.842782974 8.37422294e+02 2.97129381e+01 -2.44794831e+01 -1.82471787e-02 2.89422370e-02 -3.22022362e-01 9.46113622e-01
1317358176.946798086 8.38131476e+02 2.91278084e+01 -2.44933385e+01 -1.91623261e-02 2.87463529e-02 -3.33384722e-01 9.42157672e-01
1317358177.050787926 8.38837487e+02 2.85021696e+01 -2.45221638e+01 -1.92576477e-02 2.82812310e-02 -3.44510251e-01 9.38158836e-01
1317358177.154752970 8.39450002e+02 2.78457600e+01 -2.45659584e+01 -1.33815513e-02 2.58333371e-02 -3.58202275e-01 9.33190604e-01
1317358177.258696079 8.40125407e+02 2.72043621e+01 -2.45854345e+01 -1.27379968e-02 2.43309692e-02 -3.67339934e-01 9.29681193e-01
1317358177.362616062 8.40786509e+02 2.65487247e+01 -2.46078829e+01 -1.19574501e-02 2.36382070e-02 -3.76225796e-01 9.26149235e-01
1317358177.466511011 8.41413661e+02 2.58898205e+01 -2.46341877e+01 -1.05633149e-02 2.28855770e-02 -3.85601630e-01 9.22321012e-01
1317358177.570406914 8.42064255e+02 2.52172643e+01 -2.46529845e+01 -1.00645519e-02 2.25543982e-02 -3.93821971e-01 9.18854863e-01
1317358177.674278975 8.42716507e+02 2.45338192e+01 -2.46731434e+01 -1.00838202e-02 2.18791262e-02 -4.01062304e-01 9.15733940e-01
1317358177.778100014 8.43347132e+02 2.38400028e+01 -2.46972216e+01 -1.06500260e-02 2.22194974e-02 -4.07869342e-01 9.12707768e-01
1317358177.881922960 8.43971084e+02 2.31522301e+01 -2.47478034e+01 -7.70917239e-03 2.16160248e-02 -4.15009140e-01 9.09527751e-01
1317358177.985718966 8.44582044e+02 2.24212351e+01 -2.47671448e+01 -7.00764356e-03 2.15802639e-02 -4.20325401e-01 9.07089710e-01
1317358178.089490891 8.45210182e+02 2.16869211e+01 -2.47966801e+01 -5.96675826e-03 2.08263265e-02 -4.24684496e-01 9.05082173e-01
1317358178.193268061 8.45831519e+02 2.09213589e+01 -2.48188181e+01 -3.88332482e-03 2.09725573e-02 -4.28754146e-01 9.03169394e-01
1317358178.297044039 8.46476658e+02 2.01285086e+01 -2.48403537e+01 -3.55108261e-03 2.08033105e-02 -4.33273448e-01 9.01015389e-01
1317358178.400815964 8.47110170e+02 1.93399610e+01 -2.48545539e+01 -2.72570562e-03 2.14893129e-02 -4.37053926e-01 8.99174425e-01
1317358178.504569054 8.47733400e+02 1.85388220e+01 -2.48800777e+01 -2.01524812e-03 2.36674359e-02 -4.39392439e-01 8.97981111e-01
1317358178.608294010 8.48412905e+02 1.76338588e+01 -2.49063522e+01 -1.46804715e-03 2.42471670e-02 -4.41563113e-01 8.96901297e-01
1317358178.712021112 8.49042892e+02 1.68223001e+01 -2.49414967e+01 1.16299659e-04 2.42239798e-02 -4.43166509e-01 8.96111952e-01
1317358178.815773010 8.49681516e+02 1.59957971e+01 -2.49816198e+01 2.50189843e-03 2.26810949e-02 -4.44630495e-01 8.95423381e-01
1317358178.919548035 8.50362822e+02 1.50868022e+01 -2.50164309e+01 5.27268322e-03 2.22043941e-02 -4.45770165e-01 8.94856482e-01
1317358179.023322105 8.51001618e+02 1.42594703e+01 -2.50278724e+01 6.19822090e-03 2.03925418e-02 -4.47089841e-01 8.94235092e-01
1317358179.127094030 8.51623358e+02 1.34461667e+01 -2.50786834e+01 4.68472105e-03 1.89365896e-02 -4.48475100e-01 8.93582421e-01
1317358179.230871916 8.52243041e+02 1.26278322e+01 -2.50978610e+01 1.80579421e-03 1.83071665e-02 -4.48858469e-01 8.93413488e-01
1317358179.334671021 8.52865329e+02 1.17985420e+01 -2.51191136e+01 -2.53751889e-03 2.04800766e-02 -4.49877090e-01 8.92852021e-01
1317358179.438467979 8.53499912e+02 1.09383361e+01 -2.51581873e+01 -5.27768901e-03 2.32077369e-02 -4.51024542e-01 8.92194155e-01
1317358179.542243004 8.54137802e+02 1.01040732e+01 -2.51848529e+01 -7.84725672e-03 2.54194915e-02 -4.50770268e-01 8.92243485e-01
1317358179.646015882 8.54762423e+02 9.28413103e+00 -2.52062511e+01 -8.94768026e-03 2.55853815e-02 -4.52021761e-01 8.91595006e-01
1317358179.749815941 8.55408117e+02 8.40833851e+00 -2.52383430e+01 -1.15304165e-02 2.65490609e-02 -4.52972134e-01 8.91054680e-01
1317358179.853615999 8.56035788e+02 7.57465192e+00 -2.52474783e+01 -1.28607786e-02 2.69701993e-02 -4.54067039e-01 8.90466357e-01
1317358179.957391024 8.56651173e+02 6.74930586e+00 -2.52532718e+01 -1.76411409e-02 2.84052778e-02 -4.56254517e-01 8.89220865e-01
1317358180.061192036 8.57250159e+02 5.92000469e+00 -2.52677107e+01 -1.82585017e-02 3.04974873e-02 -4.57940124e-01 8.88272128e-01
1317358180.165014029 8.57848309e+02 5.09031161e+00 -2.52795520e+01 -1.88832292e-02 3.41971437e-02 -4.60735560e-01 8.86677350e-01
1317358180.268886089 8.58385039e+02 4.23930575e+00 -2.53293718e+01 -1.93015934e-02 3.56062045e-02 -4.66990250e-01 8.83334451e-01
1317358180.372802973 8.58926781e+02 3.45347584e+00 -2.53357610e+01 -2.00649608e-02 3.70104960e-02 -4.72190547e-01 8.80490606e-01
1317358180.476769924 8.59425087e+02 2.63988028e+00 -2.53533751e+01 -2.28489959e-02 3.82020143e-02 -4.79865723e-01 8.76211970e-01
1317358180.580836058 8.59895416e+02 1.88966782e+00 -2.53770467e+01 -2.44081926e-02 3.93468816e-02 -4.87518402e-01 8.71884092e-01
1317358180.684945107 8.60346153e+02 1.15717525e+00 -2.53938037e+01 -2.46054288e-02 3.92013542e-02 -4.96024546e-01 8.67074089e-01
1317358180.789103031 8.60728878e+02 4.70636895e-01 -2.54193058e+01 -2.34658719e-02 3.80084334e-02 -5.08121360e-01 8.60126384e-01
1317358180.893357992 8.61096145e+02 -2.43725359e-01 -2.54428939e+01 -2.33364111e-02 3.71994400e-02 -5.21946257e-01 8.51847239e-01
1317358180.997636080 8.61429268e+02 -9.46028982e-01 -2.54472458e+01 -2.13020887e-02 3.72952339e-02 -5.37199403e-01 8.42361020e-01
1317358181.101914883 8.61683417e+02 -1.59660748e+00 -2.54679929e+01 -1.90132901e-02 3.76229638e-02 -5.53618063e-01 8.31703100e-01
1317358181.206242085 8.61930850e+02 -2.26768873e+00 -2.54704338e+01 -1.74312852e-02 3.81371294e-02 -5.71299201e-01 8.19670014e-01
1317358181.310544968 8.62137016e+02 -2.91651237e+00 -2.54784148e+01 -1.72713003e-02 3.71244407e-02 -5.89102358e-01 8.07020377e-01
1317358181.414823055 8.62191308e+02 -3.53387166e+00 -2.54868226e+01 -1.83930406e-02 3.64473213e-02 -6.09309441e-01 7.91880859e-01
1317358181.519124031 8.62316253e+02 -4.17600075e+00 -2.54912337e+01 -2.23680108e-02 3.53615159e-02 -6.27820067e-01 7.77233041e-01
1317358181.623429060 8.62424386e+02 -4.81040096e+00 -2.54978442e+01 -2.75424227e-02 3.57052559e-02 -6.46559456e-01 7.61529658e-01
1317358181.727732897 8.62390576e+02 -5.39467656e+00 -2.55251229e+01 -2.87860394e-02 3.41440390e-02 -6.66850104e-01 7.43852463e-01
1317358181.832011938 8.62404785e+02 -6.03061531e+00 -2.55216471e+01 -2.90990965e-02 3.20758137e-02 -6.85662703e-01 7.26629921e-01
1317358181.936266899 8.62383335e+02 -6.65358278e+00 -2.55135671e+01 -3.01633684e-02 3.00404589e-02 -7.04745992e-01 7.08181353e-01
1317358182.040518999 8.62294006e+02 -7.23395261e+00 -2.54898542e+01 -2.83826879e-02 2.61667442e-02 -7.23108283e-01 6.89655085e-01
1317358182.144722939 8.62219514e+02 -7.84290997e+00 -2.54728246e+01 -2.69345216e-02 2.47363544e-02 -7.40555861e-01 6.70999002e-01
1317358182.248883009 8.62103174e+02 -8.44109319e+00 -2.54549143e+01 -2.42712005e-02 2.45046081e-02 -7.57019924e-01 6.52480856e-01
1317358182.353018999 8.61976321e+02 -8.98165553e+00 -2.54407776e+01 -2.20460169e-02 2.31737271e-02 -7.73132661e-01 6.33437321e-01
1317358182.457130909 8.61814379e+02 -9.57196241e+00 -2.54284988e+01 -2.13601719e-02 2.22419123e-02 -7.89172787e-01 6.13396570e-01
1317358182.561242104 8.61640041e+02 -1.01590586e+01 -2.54159888e+01 -2.10715515e-02 2.05351417e-02 -8.04343337e-01 5.93435838e-01
1317358182.665328026 8.61416565e+02 -1.07475210e+01 -2.53968185e+01 -2.25777617e-02 1.97663340e-02 -8.18889902e-01 5.73165653e-01
1317358182.769391060 8.61183296e+02 -1.13409195e+01 -2.53832545e+01 -2.42561212e-02 1.89358449e-02 -8.33269840e-01 5.52009463e-01
1317358182.873431921 8.60913775e+02 -1.19266067e+01 -2.53665139e+01 -2.46421727e-02 1.72321970e-02 -8.46141643e-01 5.32109139e-01
1317358182.977472067 8.60615567e+02 -1.24919523e+01 -2.53374573e+01 -2.55935978e-02 1.59817984e-02 -8.58847285e-01 5.11342245e-01
1317358183.081484079 8.60288689e+02 -1.30557162e+01 -2.53100038e+01 -2.64588013e-02 1.63781384e-02 -8.70568208e-01 4.91062810e-01
1317358183.185451031 8.59935459e+02 -1.35740767e+01 -2.52976921e+01 -2.72850652e-02 1.70723089e-02 -8.81235364e-01 4.71580634e-01
1317358183.289393902 8.59547051e+02 -1.41136647e+01 -2.52728496e+01 -2.87817862e-02 1.64814935e-02 -8.90450858e-01 4.53869187e-01
1317358183.393285036 8.59140308e+02 -1.46343396e+01 -2.52404462e+01 -3.03622175e-02 1.46186817e-02 -8.98231084e-01 4.38229790e-01
1317358183.497107983 8.58699400e+02 -1.51359464e+01 -2.52301868e+01 -2.69073187e-02 1.38066509e-02 -9.05314625e-01 4.23663548e-01
1317358183.600860119 8.58265517e+02 -1.56612718e+01 -2.51877860e+01 -2.50377059e-02 1.24156659e-02 -9.11491214e-01 4.10369019e-01
1317358183.704545975 8.57806998e+02 -1.61704590e+01 -2.51470577e+01 -2.32647704e-02 1.29286793e-02 -9.16300054e-01 3.99607069e-01
1317358183.808178902 8.57316664e+02 -1.66363661e+01 -2.51181175e+01 -2.12371597e-02 1.36375433e-02 -9.20112313e-01 3.90840546e-01
1317358183.911827087 8.56837080e+02 -1.71321378e+01 -2.50866563e+01 -2.00396100e-02 1.22372076e-02 -9.22871306e-01 3.84392010e-01
1317358184.015501976 8.56360860e+02 -1.76096972e+01 -2.50534178e+01 -1.93570332e-02 1.24835413e-02 -9.24915235e-01 3.79475000e-01
1317358184.119182110 8.55803565e+02 -1.80569151e+01 -2.50378396e+01 -1.78218290e-02 1.17643963e-02 -9.27577421e-01 3.73020254e-01
1317358184.222862005 8.55329322e+02 -1.85338249e+01 -2.50040217e+01 -1.85265260e-02 1.23554305e-02 -9.29036707e-01 3.69316813e-01
1317358184.326540947 8.54846620e+02 -1.90115779e+01 -2.49785763e+01 -1.95281520e-02 1.19823595e-02 -9.29789466e-01 3.67378039e-01
1317358184.430242062 8.54370625e+02 -1.94787588e+01 -2.49573808e+01 -2.00095659e-02 1.20383986e-02 -9.30405684e-01 3.65786764e-01
1317358184.533946037 8.53844765e+02 -1.99628428e+01 -2.49396334e+01 -2.03007150e-02 9.69562617e-03 -9.31062723e-01 3.64164909e-01
1317358184.637650013 8.53335544e+02 -2.04301209e+01 -2.49021234e+01 -2.10663732e-02 8.66593884e-03 -9.31454345e-01 3.63144480e-01
1317358184.741398096 8.52839173e+02 -2.08910421e+01 -2.48570953e+01 -2.12096643e-02 7.92990303e-03 -9.32029220e-01 3.61674991e-01
1317358184.845171928 8.52318494e+02 -2.13509160e+01 -2.48235559e+01 -2.04533773e-02 7.78151466e-03 -9.32233018e-01 3.61196217e-01
1317358184.948949099 8.51814538e+02 -2.18073566e+01 -2.47863656e+01 -1.98748963e-02 8.51939297e-03 -9.32479108e-01 3.60576096e-01
1317358185.052747965 8.51305416e+02 -2.22745334e+01 -2.47508951e+01 -1.84333046e-02 1.06986582e-02 -9.32641169e-01 3.60175239e-01
1317358185.156570911 8.50772177e+02 -2.26708979e+01 -2.47152627e+01 -1.76297343e-02 1.10687222e-02 -9.33032954e-01 3.59188226e-01
1317358185.260416985 8.50278664e+02 -2.31258096e+01 -2.46867248e+01 -1.71709069e-02 1.14458089e-02 -9.32976911e-01 3.59344175e-01
1317358185.364286900 8.49789467e+02 -2.35683948e+01 -2.46552223e+01 -1.72132224e-02 1.05053548e-02 -9.32828067e-01 3.59757055e-01
1317358185.468182087 8.49336495e+02 -2.39786175e+01 -2.46492369e+01 -1.64130798e-02 8.97047984e-03 -9.32395086e-01 3.60956431e-01
1317358185.572102070 8.48859705e+02 -2.44205648e+01 -2.46193856e+01 -1.64856379e-02 9.26658901e-03 -9.32144212e-01 3.61593033e-01
1317358185.676022053 8.48390202e+02 -2.48677981e+01 -2.45937688e+01 -1.67268334e-02 9.11191096e-03 -9.31787933e-01 3.62503012e-01
1317358185.779959917 8.47963174e+02 -2.52559279e+01 -2.45738259e+01 -1.63292988e-02 7.37061810e-03 -9.31664350e-01 3.62878170e-01
1317358185.883930922 8.47481050e+02 -2.56862662e+01 -2.45499334e+01 -1.66641815e-02 6.86728547e-03 -9.31351396e-01 3.63675299e-01
1317358185.987921000 8.46997718e+02 -2.61126284e+01 -2.45122556e+01 -1.73132335e-02 5.94680513e-03 -9.31020236e-01 3.64508173e-01
1317358186.091932058 8.46512607e+02 -2.65490589e+01 -2.44772863e+01 -1.79692626e-02 6.11772892e-03 -9.30876593e-01 3.64840305e-01
1317358186.195924044 8.46075877e+02 -2.69355835e+01 -2.44517984e+01 -1.77913004e-02 7.20991341e-03 -9.31116729e-01 3.64215767e-01
1317358186.299913883 8.45601463e+02 -2.73742121e+01 -2.44265595e+01 -1.75266434e-02 7.12750535e-03 -9.31113576e-01 3.64238280e-01
1317358186.403930902 8.45130591e+02 -2.77984038e+01 -2.43924212e+01 -1.63185965e-02 7.72699886e-03 -9.30574963e-01 3.65655897e-01
1317358186.507946968 8.44660311e+02 -2.82359272e+01 -2.43698464e+01 -1.62601920e-02 8.05404442e-03 -9.30077352e-01 3.66915327e-01
1317358186.611963987 8.44216400e+02 -2.86648134e+01 -2.43313464e+01 -1.66633505e-02 7.89954568e-03 -9.30182049e-01 3.66635085e-01
1317358186.716028929 8.43740195e+02 -2.91066121e+01 -2.43041145e+01 -1.80028687e-02 8.08748248e-03 -9.30047562e-01 3.66908737e-01
1317358186.819967985 8.43317451e+02 -2.95516029e+01 -2.42973707e+01 -1.78827474e-02 3.18361780e-03 -9.30044338e-01 3.66998094e-01
1317358186.923836946 8.42820491e+02 -2.99977094e+01 -2.42655093e+01 -1.75650475e-02 9.25586687e-04 -9.29658262e-01 3.68002891e-01
1317358187.027780056 8.42328124e+02 -3.04504112e+01 -2.42351473e+01 -1.74946727e-02 2.62091471e-03 -9.29421716e-01 3.68595091e-01
1317358187.131725073 8.41876442e+02 -3.08769237e+01 -2.42246989e+01 -1.71135643e-02 1.65720586e-03 -9.29719525e-01 3.67866801e-01
1317358187.235667944 8.41367012e+02 -3.13553175e+01 -2.41897597e+01 -1.58440004e-02 2.37015598e-03 -9.29352199e-01 3.68846634e-01
1317358187.339586020 8.40869209e+02 -3.18354233e+01 -2.41652843e+01 -1.37186350e-02 1.21134253e-03 -9.28626139e-01 3.70761144e-01
1317358187.443504095 8.40423423e+02 -3.22685684e+01 -2.41486244e+01 -1.29176144e-02 3.44319353e-04 -9.27866794e-01 3.72687843e-01
1317358187.547446966 8.39939307e+02 -3.27416362e+01 -2.41106797e+01 -1.30800789e-02 1.78531123e-03 -9.27223750e-01 3.74275089e-01
1317358187.651391029 8.39448465e+02 -3.32030647e+01 -2.40778450e+01 -1.35316248e-02 2.94238236e-03 -9.26534101e-01 3.75955844e-01
1317358187.755309105 8.39028258e+02 -3.36301995e+01 -2.40553106e+01 -1.49759673e-02 1.30023362e-03 -9.25719300e-01 3.77912433e-01
1317358187.859225988 8.38525269e+02 -3.41207494e+01 -2.40257233e+01 -1.52785585e-02 1.05909928e-03 -9.25111693e-01 3.79386081e-01
1317358187.963144064 8.38030735e+02 -3.46054193e+01 -2.39850961e+01 -1.57415152e-02 1.60684397e-03 -9.24385364e-01 3.81131632e-01
1317358188.067061901 8.37634933e+02 -3.50125599e+01 -2.39846048e+01 -1.73011102e-02 1.35748168e-03 -9.23552185e-01 3.83079876e-01
1317358188.170980930 8.37152521e+02 -3.55044598e+01 -2.39501171e+01 -1.73873854e-02 5.29496907e-04 -9.22724592e-01 3.85067170e-01
1317358188.274926901 8.36653525e+02 -3.60016378e+01 -2.39244298e+01 -1.82832959e-02 4.50453495e-04 -9.22377639e-01 3.85856202e-01
1317358188.378917933 8.36274264e+02 -3.64907069e+01 -2.39022254e+01 -1.81063479e-02 -8.59686805e-04 -9.21078627e-01 3.88954475e-01
1317358188.482933044 8.35774162e+02 -3.70147193e+01 -2.38692140e+01 -1.81459188e-02 7.95574406e-04 -9.21129862e-01 3.88831415e-01
1317358188.586971998 8.35273525e+02 -3.75196875e+01 -2.38305060e+01 -1.85806671e-02 1.37043191e-03 -9.21524386e-01 3.87873286e-01
1317358188.691031933 8.34763225e+02 -3.80307917e+01 -2.37915911e+01 -2.00978579e-02 8.98519186e-04 -9.22115301e-01 3.86391822e-01
1317358188.795094013 8.34359978e+02 -3.85104698e+01 -2.37813735e+01 -1.85532445e-02 3.93255578e-04 -9.22580929e-01 3.85357044e-01
1317358188.899179935 8.33818824e+02 -3.90583750e+01 -2.37478796e+01 -1.93956111e-02 1.16954843e-03 -9.23758466e-01 3.82482338e-01
1317358189.003266096 8.33269481e+02 -3.95888247e+01 -2.37071836e+01 -1.90458220e-02 3.16699872e-03 -9.24946160e-01 3.79607465e-01
1317358189.107331038 8.32825804e+02 -4.00420852e+01 -2.36572799e+01 -2.00088850e-02 3.24326121e-03 -9.25893948e-01 3.77239344e-01
1317358189.211393118 8.32272683e+02 -4.05794591e+01 -2.36185566e+01 -2.12902134e-02 2.05280649e-03 -9.27016153e-01 3.74410957e-01
1317358189.315429926 8.31707517e+02 -4.11423161e+01 -2.35811237e+01 -2.24626568e-02 1.88022314e-03 -9.28530235e-01 3.70571850e-01
1317358189.419445038 8.31138625e+02 -4.16916905e+01 -2.35407492e+01 -2.27343996e-02 2.57822341e-03 -9.30000335e-01 3.66845848e-01
1317358189.523437023 8.30725385e+02 -4.20665793e+01 -2.35384834e+01 -2.24421840e-02 5.20849549e-03 -9.30724930e-01 3.64993596e-01
1317358189.627404928 8.30174382e+02 -4.25992258e+01 -2.34878199e+01 -2.22835312e-02 6.79531682e-03 -9.32052049e-01 3.61574676e-01
1317358189.731370926 8.29597194e+02 -4.31369883e+01 -2.34555424e+01 -2.19582254e-02 7.36858879e-03 -9.33252162e-01 3.58474466e-01
1317358189.835339069 8.28991348e+02 -4.36810113e+01 -2.34181199e+01 -2.18219408e-02 6.97974222e-03 -9.34543613e-01 3.55110293e-01
1317358189.939284086 8.28382487e+02 -4.42097196e+01 -2.33778191e+01 -2.12022166e-02 7.47710716e-03 -9.35366193e-01 3.52965499e-01
1317358190.043200970 8.27745056e+02 -4.47646262e+01 -2.33460849e+01 -2.02876129e-02 6.67751282e-03 -9.36293407e-01 3.50568795e-01
1317358190.147140980 8.27207501e+02 -4.51936236e+01 -2.33273289e+01 -1.92567251e-02 4.96740207e-03 -9.37847902e-01 3.46476285e-01
1317358190.251107931 8.26551716e+02 -4.57621381e+01 -2.32905815e+01 -1.92788790e-02 4.77522702e-03 -9.38915513e-01 3.43574127e-01
1317358190.355099916 8.25889123e+02 -4.63196688e+01 -2.32491942e+01 -1.79490478e-02 3.09577547e-03 -9.40299489e-01 3.39860439e-01
1317358190.459115028 8.25229616e+02 -4.67653017e+01 -2.32213297e+01 -1.80416860e-02 8.92927599e-04 -9.41900319e-01 3.35406455e-01
1317358190.563127995 8.24527447e+02 -4.73333399e+01 -2.31877300e+01 -1.74046506e-02 2.13585366e-03 -9.43290210e-01 3.31505800e-01
1317358190.667120934 8.23829703e+02 -4.78868886e+01 -2.31474921e+01 -1.64069415e-02 1.82939518e-03 -9.44591801e-01 3.27831963e-01
1317358190.771111965 8.23137410e+02 -4.84314164e+01 -2.31124927e+01 -1.60780584e-02 4.19810915e-03 -9.46448934e-01 3.22425630e-01
1317358190.875124931 8.22440331e+02 -4.89613046e+01 -2.30793540e+01 -1.47435844e-02 4.39305610e-03 -9.48023546e-01 3.17828073e-01
1317358190.979162931 8.21735495e+02 -4.94792226e+01 -2.30342161e+01 -1.48840670e-02 7.87726414e-03 -9.49829453e-01 3.12314621e-01
1317358191.083275080 8.21050139e+02 -4.99485471e+01 -2.29940111e+01 -1.67680545e-02 1.19408112e-02 -9.52805835e-01 3.02881643e-01
1317358191.187433958 8.20337860e+02 -5.04520796e+01 -2.29478647e+01 -2.16769483e-02 1.43511357e-02 -9.55502296e-01 2.93835867e-01
1317358191.291591883 8.19631017e+02 -5.09215007e+01 -2.28988275e+01 -2.76538532e-02 1.57716063e-02 -9.58380082e-01 2.83714892e-01
1317358191.395751953 8.18970268e+02 -5.12991162e+01 -2.28635582e+01 -3.02592235e-02 1.18196220e-02 -9.61716572e-01 2.72113784e-01
1317358191.499910116 8.18223383e+02 -5.17362403e+01 -2.27947480e+01 -3.23751338e-02 1.02440750e-02 -9.64828058e-01 2.60679357e-01
1317358191.604046106 8.17450042e+02 -5.21623244e+01 -2.27292620e+01 -3.27268284e-02 8.74586064e-03 -9.68174830e-01 2.47971699e-01
1317358191.708157063 8.16689912e+02 -5.25236426e+01 -2.26807875e+01 -3.08300113e-02 7.23211521e-03 -9.71182046e-01 2.36225824e-01
1317358191.812242031 8.15877562e+02 -5.29054766e+01 -2.26165803e+01 -2.77692926e-02 7.32548046e-03 -9.74316143e-01 2.23345600e-01
1317358191.916302919 8.15046365e+02 -5.33143420e+01 -2.25522524e+01 -2.64642997e-02 8.44654683e-03 -9.76922605e-01 2.11779413e-01
1317358192.020368099 8.14206480e+02 -5.36986683e+01 -2.24959722e+01 -2.64700370e-02 7.91146129e-03 -9.79322322e-01 2.00410916e-01
1317358192.124408007 8.13384278e+02 -5.40356876e+01 -2.24715838e+01 -2.67373010e-02 3.88346587e-03 -9.81655673e-01 1.88738376e-01
1317358192.228420973 8.12523914e+02 -5.43833173e+01 -2.24121663e+01 -2.79481915e-02 4.32842832e-03 -9.83868614e-01 1.76642898e-01
1317358192.332434893 8.11667087e+02 -5.47101516e+01 -2.23577372e+01 -2.73840805e-02 3.62951715e-03 -9.86024356e-01 1.64295187e-01
1317358192.436400890 8.10847993e+02 -5.49840351e+01 -2.23219581e+01 -2.46017705e-02 1.94689615e-04 -9.87727230e-01 1.54238885e-01
1317358192.540321112 8.09955158e+02 -5.52854199e+01 -2.22580376e+01 -2.21929484e-02 4.98023222e-04 -9.89159675e-01 1.45156341e-01
1317358192.644217968 8.09079204e+02 -5.55710680e+01 -2.22195688e+01 -1.97528255e-02 1.03499213e-03 -9.90203074e-01 1.38226721e-01
1317358192.748039961 8.08236965e+02 -5.58243654e+01 -2.21785379e+01 -1.69060358e-02 -1.16838409e-04 -9.90993679e-01 1.32837118e-01
1317358192.851814032 8.07511773e+02 -5.59111172e+01 -2.21392277e+01 -1.59927177e-02 -6.73261771e-04 -9.92288127e-01 1.22914816e-01
1317358192.955563068 8.06639364e+02 -5.61492142e+01 -2.20951442e+01 -1.84325792e-02 -1.06747541e-03 -9.92874141e-01 1.17728670e-01
1317358193.059290886 8.05767878e+02 -5.63857729e+01 -2.20524837e+01 -1.94749493e-02 -1.68820759e-03 -9.93336758e-01 1.13577994e-01
1317358193.163042068 8.05072015e+02 -5.64235370e+01 -2.20419737e+01 -1.79643666e-02 -4.07597431e-04 -9.93920053e-01 1.08628007e-01
1317358193.266817093 8.04224818e+02 -5.66015644e+01 -2.19966740e+01 -1.62813986e-02 -5.25241505e-04 -9.94327157e-01 1.05110160e-01
1317358193.370568991 8.03396995e+02 -5.67796451e+01 -2.19578288e+01 -1.62778758e-02 -2.94159205e-04 -9.94742401e-01 1.01106376e-01
1317358193.474319935 8.02577874e+02 -5.69359326e+01 -2.19058803e+01 -1.83160722e-02 1.22325503e-04 -9.95229308e-01 9.58286533e-02
1317358193.578093052 8.01896289e+02 -5.69308482e+01 -2.19070152e+01 -1.89702667e-02 -2.15277732e-03 -9.95985621e-01 8.74536346e-02
1317358193.681893110 8.01074197e+02 -5.70932811e+01 -2.18500626e+01 -2.23765203e-02 -5.67872502e-04 -9.96334800e-01 8.25586748e-02
1317358193.785691977 8.00236343e+02 -5.72414102e+01 -2.18030818e+01 -2.60197100e-02 1.81465470e-03 -9.96643306e-01 7.76002663e-02
1317358193.889466047 7.99500939e+02 -5.72530781e+01 -2.17425088e+01 -2.68870075e-02 4.54257670e-03 -9.97216530e-01 6.93948609e-02
1317358193.993266106 7.98668679e+02 -5.73805202e+01 -2.16971172e+01 -2.55977947e-02 5.16679764e-03 -9.97536692e-01 6.51045763e-02
1317358194.097090006 7.97821422e+02 -5.75097363e+01 -2.16311277e+01 -2.39168543e-02 6.24962550e-03 -9.97928568e-01 5.93927499e-02
1317358194.200887918 7.96992986e+02 -5.76189681e+01 -2.15821563e+01 -2.26588890e-02 7.25949944e-03 -9.98111480e-01 5.66334477e-02
1317358194.304661036 7.96207250e+02 -5.76799060e+01 -2.15495492e+01 -2.09053153e-02 5.88509509e-03 -9.98311569e-01 5.38734120e-02
1317358194.408437014 7.95350393e+02 -5.77642433e+01 -2.15020684e+01 -1.95909906e-02 3.35105043e-03 -9.98453668e-01 5.19156610e-02
1317358194.512188911 7.94491796e+02 -5.78407446e+01 -2.14466631e+01 -1.99005776e-02 2.22264814e-04 -9.98549558e-01 5.00269741e-02
1317358194.615915060 7.93692225e+02 -5.79086181e+01 -2.13816828e+01 -2.32773359e-02 -1.20968468e-04 -9.98468725e-01 5.01832332e-02
1317358194.719618082 7.92821768e+02 -5.79932817e+01 -2.13354373e+01 -2.49127416e-02 -1.51230976e-04 -9.98469124e-01 4.93836085e-02
1317358194.823344946 7.91969575e+02 -5.80690180e+01 -2.12854340e+01 -2.47673346e-02 -2.53773719e-04 -9.98402334e-01 5.07867481e-02
1317358194.927093983 7.91101268e+02 -5.81375022e+01 -2.12274965e+01 -2.17250238e-02 -2.00218530e-03 -9.98315508e-01 5.37602135e-02
1317358195.030821085 7.90233067e+02 -5.82048774e+01 -2.11979910e+01 -1.82088026e-02 -2.97420837e-03 -9.98149229e-01 5.79457593e-02
1317358195.134572983 7.89361689e+02 -5.83035702e+01 -2.11483925e+01 -1.63959041e-02 -5.13417166e-03 -9.97978347e-01 6.11885065e-02
1317358195.238347054 7.88494130e+02 -5.84144301e+01 -2.10996236e+01 -1.50279834e-02 -7.21792535e-03 -9.97836858e-01 6.35898259e-02
1317358195.342119932 7.87685310e+02 -5.86069688e+01 -2.10600403e+01 -1.53334796e-02 -1.13268986e-02 -9.97376142e-01 6.98385022e-02
1317358195.445919037 7.86826196e+02 -5.87347587e+01 -2.10006392e+01 -1.82658529e-02 -1.54489996e-02 -9.97144782e-01 7.16238161e-02
1317358195.549742937 7.85938383e+02 -5.88711012e+01 -2.09461872e+01 -2.05480072e-02 -1.70731515e-02 -9.97045456e-01 7.20183700e-02
1317358195.653541088 7.85171022e+02 -5.90991180e+01 -2.09275792e+01 -2.01774354e-02 -1.83921524e-02 -9.96526068e-01 7.86790606e-02
1317358195.757339954 7.84313815e+02 -5.92288267e+01 -2.08720600e+01 -1.95465890e-02 -1.88703782e-02 -9.96252705e-01 8.21120379e-02
1317358195.861186028 7.83440046e+02 -5.93608450e+01 -2.08207956e+01 -1.82827841e-02 -1.89288615e-02 -9.96026286e-01 8.50827617e-02
1317358195.965032101 7.82590929e+02 -5.95269385e+01 -2.07524279e+01 -1.63609094e-02 -2.02290473e-02 -9.95873433e-01 8.69437305e-02
1317358196.068902016 7.81831071e+02 -5.97579304e+01 -2.07280934e+01 -1.46115426e-02 -1.81205028e-02 -9.95482064e-01 9.20522134e-02
1317358196.172797918 7.80997087e+02 -5.99232939e+01 -2.06745582e+01 -1.55242391e-02 -1.89492370e-02 -9.95402253e-01 9.25974051e-02
1317358196.276719093 7.80154664e+02 -6.00862114e+01 -2.06297609e+01 -1.63666300e-02 -1.87264346e-02 -9.95545205e-01 9.09461278e-02
1317358196.380660057 7.79449893e+02 -6.03037290e+01 -2.06678059e+01 -1.47883899e-02 -1.42323877e-02 -9.94949350e-01 9.82574880e-02
1317358196.484602928 7.78643176e+02 -6.04586713e+01 -2.06214054e+01 -1.44072970e-02 -1.59083112e-02 -9.94882265e-01 9.87351753e-02
1317358196.588572025 7.77827780e+02 -6.06319436e+01 -2.05636978e+01 -1.59562730e-02 -1.91578776e-02 -9.94717531e-01 9.95761330e-02
1317358196.692536116 7.77122861e+02 -6.08110553e+01 -2.05369291e+01 -1.88812916e-02 -1.69387205e-02 -9.94509293e-01 1.01527550e-01
1317358196.796525955 7.76319107e+02 -6.09899311e+01 -2.04908148e+01 -2.02103498e-02 -1.73193331e-02 -9.94829844e-01 9.80059406e-02
1317358196.900518894 7.75481144e+02 -6.11579305e+01 -2.04410744e+01 -1.99255536e-02 -1.53542261e-02 -9.95060754e-01 9.60276843e-02
1317358197.004508018 7.74634308e+02 -6.13341791e+01 -2.03893755e+01 -1.82510806e-02 -1.43121232e-02 -9.95284662e-01 9.41833507e-02
1317358197.108477116 7.73789039e+02 -6.15037853e+01 -2.03338268e+01 -1.83092841e-02 -1.37170671e-02 -9.95422183e-01 9.27970315e-02
1317358197.212393045 7.72934029e+02 -6.16424338e+01 -2.02846961e+01 -1.91680299e-02 -1.36206219e-02 -9.95617034e-01 9.05195425e-02
1317358197.316286087 7.72056758e+02 -6.17916533e+01 -2.02256110e+01 -2.03031516e-02 -1.44065477e-02 -9.95778661e-01 8.83464262e-02
1317358197.420160055 7.71258703e+02 -6.20051811e+01 -2.02233340e+01 -2.08112780e-02 -1.04043062e-02 -9.95494612e-01 9.19190823e-02
1317358197.524030924 7.70420734e+02 -6.21720158e+01 -2.01699747e+01 -2.13313418e-02 -9.75782321e-03 -9.95351692e-01 9.34064665e-02
1317358197.627902031 7.69561588e+02 -6.23266166e+01 -2.01169536e+01 -2.11850929e-02 -9.22581087e-03 -9.95254785e-01 9.45197866e-02
1317358197.731796980 7.68850781e+02 -6.25548932e+01 -2.00966668e+01 -2.29644581e-02 -3.12214561e-03 -9.94494868e-01 1.02190227e-01
1317358197.835690975 7.67991006e+02 -6.27183089e+01 -2.00425165e+01 -2.32308099e-02 -2.16799340e-03 -9.94517192e-01 1.01937160e-01
1317358197.939560890 7.67283270e+02 -6.29870417e+01 -2.00140094e+01 -2.33944951e-02 -1.63018741e-03 -9.93780653e-01 1.08857951e-01
1317358198.043454885 7.66412342e+02 -6.31933705e+01 -1.99491625e+01 -2.20434538e-02 -3.75595720e-03 -9.94018218e-01 1.06900705e-01
1317358198.147373915 7.65564902e+02 -6.33835457e+01 -1.98914749e+01 -2.19744781e-02 -4.33262872e-03 -9.94004293e-01 1.07022502e-01
1317358198.251295090 7.64867310e+02 -6.36324650e+01 -1.98579986e+01 -2.19137827e-02 -5.01218122e-03 -9.93438355e-01 1.12137861e-01
1317358198.355237961 7.64016381e+02 -6.38282829e+01 -1.97997364e+01 -2.35901963e-02 -4.78411558e-03 -9.93766783e-01 1.08849416e-01
1317358198.459178925 7.63196112e+02 -6.40190200e+01 -1.97475280e+01 -2.40755561e-02 -5.27852968e-03 -9.93783951e-01 1.08563180e-01
1317358198.563122034 7.62497346e+02 -6.42721286e+01 -1.97343314e+01 -2.27951065e-02 -3.41858626e-03 -9.92995673e-01 1.15880493e-01
1317358198.667089939 7.61698178e+02 -6.44552436e+01 -1.96876436e+01 -1.99921712e-02 -4.12965257e-03 -9.93033497e-01 1.16050564e-01
1317358198.771033049 7.60911976e+02 -6.46484090e+01 -1.96524611e+01 -1.70114467e-02 -2.60522504e-03 -9.92968409e-01 1.17121993e-01
1317358198.874974966 7.60073332e+02 -6.48415549e+01 -1.95983042e+01 -1.55966741e-02 -3.14833374e-03 -9.93049921e-01 1.16613403e-01
1317358198.978941917 7.59217432e+02 -6.50399707e+01 -1.95503693e+01 -1.65303848e-02 -4.83389117e-03 -9.93105713e-01 1.15950083e-01
1317358199.082909107 7.58435501e+02 -6.52956620e+01 -1.95306227e+01 -1.74622537e-02 -4.94925058e-03 -9.92647844e-01 1.19669678e-01
1317358199.186898947 7.57596043e+02 -6.55010281e+01 -1.94914498e+01 -1.81247001e-02 -4.49226410e-03 -9.92667977e-01 1.19421951e-01
1317358199.290939093 7.56777613e+02 -6.56995765e+01 -1.94388092e+01 -1.84950022e-02 -5.21119223e-03 -9.92565084e-01 1.20188736e-01
1317358199.394953966 7.55962390e+02 -6.59545572e+01 -1.94190100e+01 -1.85598592e-02 -4.13953031e-03 -9.92416181e-01 1.21443486e-01
1317358199.498919964 7.55136371e+02 -6.61480191e+01 -1.93782755e+01 -1.91220847e-02 -5.34831119e-03 -9.92519139e-01 1.20463691e-01
1317358199.602907896 7.54352324e+02 -6.63798669e+01 -1.93322938e+01 -1.83206365e-02 -4.22101595e-03 -9.92570638e-01 1.20208423e-01
1317358199.706923008 7.53505800e+02 -6.66053595e+01 -1.92835811e+01 -1.93437074e-02 -4.66903622e-03 -9.92891994e-01 1.17343556e-01
1317358199.810940981 7.52642170e+02 -6.68231850e+01 -1.92371732e+01 -2.05936347e-02 -4.23887828e-03 -9.93406121e-01 1.12704090e-01
1317358199.914932013 7.51805111e+02 -6.70421153e+01 -1.91804628e+01 -2.16236459e-02 -2.91474330e-03 -9.94031317e-01 1.06890889e-01
1317358200.018922091 7.50962723e+02 -6.72334485e+01 -1.91310817e+01 -2.07609936e-02 -3.00698181e-03 -9.94529479e-01 1.02328172e-01
1317358200.122910976 7.50136646e+02 -6.74209869e+01 -1.90956423e+01 -1.93907580e-02 -2.23918320e-03 -9.95065583e-01 9.72803705e-02
1317358200.226877928 7.49297020e+02 -6.75951102e+01 -1.90444721e+01 -1.92872728e-02 -9.17175199e-04 -9.95744497e-01 9.01113581e-02
1317358200.330846071 7.48483727e+02 -6.77455319e+01 -1.89974723e+01 -1.95657158e-02 -1.04259459e-03 -9.96006767e-01 8.71011867e-02
1317358200.434813976 7.47784563e+02 -6.78915091e+01 -1.89685350e+01 -1.78915028e-02 9.31261575e-04 -9.95785550e-01 8.99453474e-02
1317358200.538779974 7.46974985e+02 -6.80309768e+01 -1.89151731e+01 -1.76796327e-02 -6.19544122e-04 -9.96019483e-01 8.73626713e-02
1317358200.642721891 7.46239617e+02 -6.82042006e+01 -1.88726516e+01 -1.70728067e-02 -3.39769936e-03 -9.95920070e-01 8.85448460e-02
1317358200.746640921 7.45448787e+02 -6.83546220e+01 -1.88174629e+01 -1.58060382e-02 -4.89228135e-03 -9.96119295e-01 8.64441184e-02
1317358200.850559950 7.44720713e+02 -6.85676104e+01 -1.87837877e+01 -1.63175338e-02 -6.78390084e-03 -9.96084480e-01 8.66223124e-02
1317358200.954477072 7.43929984e+02 -6.87247184e+01 -1.87409633e+01 -1.65263204e-02 -8.46774841e-03 -9.96162180e-01 8.55341370e-02
1317358201.058373928 7.43134312e+02 -6.88692533e+01 -1.86873111e+01 -1.71872754e-02 -8.54601510e-03 -9.96255940e-01 8.42951077e-02
1317358201.162267923 7.42397283e+02 -6.89935065e+01 -1.86705558e+01 -1.64401630e-02 -7.18911013e-03 -9.96145180e-01 8.58651207e-02
1317358201.266185999 7.41630820e+02 -6.91292536e+01 -1.86181775e+01 -1.72972927e-02 -9.30185752e-03 -9.96117900e-01 8.58103027e-02
1317358201.370104074 7.40854289e+02 -6.92798509e+01 -1.85725707e+01 -1.82844415e-02 -9.77902168e-03 -9.96317721e-01 8.31928441e-02
1317358201.474025011 7.40101829e+02 -6.94084689e+01 -1.85568176e+01 -1.80470942e-02 -8.00310794e-03 -9.96098513e-01 8.60116530e-02
1317358201.577969074 7.39311081e+02 -6.95519434e+01 -1.84979947e+01 -1.80359763e-02 -1.22524203e-02 -9.96229990e-01 8.39665907e-02
1317358201.681931973 7.38538170e+02 -6.96911696e+01 -1.84658521e+01 -1.86663301e-02 -1.27733848e-02 -9.96230315e-01 8.37470535e-02
1317358201.785923004 7.37763312e+02 -6.98215676e+01 -1.84116675e+01 -1.94390460e-02 -1.38071499e-02 -9.96363555e-01 8.17994590e-02
1317358201.889915943 7.36988558e+02 -6.99780473e+01 -1.83845939e+01 -1.77914201e-02 -1.37256147e-02 -9.96110496e-01 8.51994844e-02
1317358201.993902922 7.36204067e+02 -7.01168432e+01 -1.83290289e+01 -1.71268651e-02 -1.73708301e-02 -9.96132816e-01 8.44057946e-02
1317358202.097892046 7.35411676e+02 -7.02825707e+01 -1.83090904e+01 -1.67545690e-02 -1.38703699e-02 -9.96103671e-01 8.54656307e-02
1317358202.201886892 7.34625635e+02 -7.04417607e+01 -1.82585979e+01 -1.67299763e-02 -1.48416105e-02 -9.96208398e-01 8.40753374e-02
1317358202.305880070 7.33813463e+02 -7.05774221e+01 -1.82105283e+01 -1.72391069e-02 -1.73814903e-02 -9.96230567e-01 8.32187151e-02
1317358202.409869909 7.32998710e+02 -7.07268186e+01 -1.81967445e+01 -1.71631608e-02 -1.42382460e-02 -9.96230053e-01 8.38354336e-02
1317358202.513885021 7.32187968e+02 -7.08424598e+01 -1.81473449e+01 -1.71659819e-02 -1.42402062e-02 -9.96335338e-01 8.25738468e-02
1317358202.617877007 7.31402354e+02 -7.09672656e+01 -1.80984437e+01 -1.75793658e-02 -1.45420133e-02 -9.96436892e-01 8.11973934e-02
1317358202.721817017 7.30599324e+02 -7.10907895e+01 -1.80520634e+01 -1.75756901e-02 -1.53088874e-02 -9.96535548e-01 7.98350437e-02
1317358202.825758934 7.29757067e+02 -7.12053989e+01 -1.80023740e+01 -1.72788420e-02 -1.56357976e-02 -9.96590606e-01 7.91462413e-02
1317358202.929702044 7.28883485e+02 -7.13391935e+01 -1.79509566e+01 -1.73365957e-02 -1.57051935e-02 -9.96687970e-01 7.78837617e-02
1317358203.033644915 7.27969618e+02 -7.14823301e+01 -1.79321764e+01 -1.93004309e-02 -9.90561835e-03 -9.96659966e-01 7.87291823e-02
1317358203.137612104 7.27065221e+02 -7.16236719e+01 -1.78814283e+01 -1.92666527e-02 -9.42510137e-03 -9.96721919e-01 7.80088472e-02
1317358203.241579056 7.26124337e+02 -7.18530485e+01 -1.78573979e+01 -2.01781179e-02 -6.38996467e-03 -9.96549951e-01 8.02509006e-02
1317358203.345520973 7.25246270e+02 -7.20069827e+01 -1.78017367e+01 -1.89684609e-02 -6.99476187e-03 -9.96608703e-01 7.97644332e-02
1317358203.449438095 7.24367259e+02 -7.21858329e+01 -1.77697710e+01 -1.68706950e-02 -9.55555896e-03 -9.96544861e-01 8.07614428e-02
1317358203.553335905 7.23464819e+02 -7.23304736e+01 -1.77098384e+01 -1.55121684e-02 -1.00084142e-02 -9.96536866e-01 8.10769891e-02
1317358203.657229900 7.22543659e+02 -7.24823789e+01 -1.76698186e+01 -1.54929544e-02 -9.22177977e-03 -9.96680145e-01 7.93953103e-02
1317358203.761120081 7.21622890e+02 -7.26577185e+01 -1.76413955e+01 -1.72235469e-02 -9.11443694e-03 -9.96674412e-01 7.91226392e-02
1317358203.865015030 7.20686964e+02 -7.28088643e+01 -1.75998482e+01 -1.81274493e-02 -8.79378172e-03 -9.96521184e-01 8.08677551e-02
1317358203.968910933 7.19746527e+02 -7.29609475e+01 -1.75768953e+01 -1.82766779e-02 -5.37824165e-03 -9.96237221e-01 8.45484257e-02
1317358204.072783947 7.18810883e+02 -7.31219914e+01 -1.75292046e+01 -1.67306677e-02 -5.25467501e-03 -9.96122516e-01 8.62114064e-02
1317358204.176655054 7.17920930e+02 -7.33242451e+01 -1.74859256e+01 -1.51375425e-02 -7.06515586e-03 -9.95585035e-01 9.23654467e-02
1317358204.280524015 7.16985932e+02 -7.34790452e+01 -1.74376908e+01 -1.48527097e-02 -8.01125882e-03 -9.95381017e-01 9.45084502e-02
1317358204.384392977 7.16041969e+02 -7.36673040e+01 -1.73983216e+01 -1.58234803e-02 -7.68007845e-03 -9.95229857e-01 9.59591859e-02
1317358204.488241911 7.15151947e+02 -7.38511749e+01 -1.73383214e+01 -1.62240996e-02 -7.59115665e-03 -9.95066290e-01 9.75819219e-02
1317358204.592089891 7.14212671e+02 -7.40336544e+01 -1.72831947e+01 -1.57334604e-02 -8.48862711e-03 -9.94907980e-01 9.91892749e-02
1317358204.695960045 7.13288856e+02 -7.42221977e+01 -1.72637714e+01 -1.42970271e-02 -7.96134941e-03 -9.94807003e-01 1.00455153e-01
1317358204.799832106 7.12332394e+02 -7.44346611e+01 -1.72181994e+01 -1.33235678e-02 -9.28902276e-03 -9.94929149e-01 9.92581700e-02
1317358204.903702974 7.11410585e+02 -7.46373482e+01 -1.71821486e+01 -1.27982795e-02 -9.57411587e-03 -9.95053877e-01 9.80424490e-02
1317358205.007574081 7.10450602e+02 -7.48294506e+01 -1.71278691e+01 -1.37697435e-02 -1.02210828e-02 -9.95142835e-01 9.69363795e-02
1317358205.111469030 7.09525990e+02 -7.50395271e+01 -1.70915328e+01 -1.75465223e-02 -7.73133027e-03 -9.95233522e-01 9.56168547e-02
1317358205.215388060 7.08574225e+02 -7.52338006e+01 -1.70284564e+01 -1.93062425e-02 -6.90087150e-03 -9.95392773e-01 9.36636248e-02
1317358205.319307089 7.07608473e+02 -7.54224228e+01 -1.69760833e+01 -1.97255510e-02 -5.11250251e-03 -9.95701318e-01 9.03529222e-02
1317358205.423223972 7.06655588e+02 -7.56307534e+01 -1.69383910e+01 -1.87150186e-02 -3.25872651e-03 -9.95751184e-01 9.01038794e-02
1317358205.527143002 7.05675567e+02 -7.58046989e+01 -1.68824606e+01 -1.98975381e-02 -7.47877611e-04 -9.96042385e-01 8.66204080e-02
1317358205.631061077 7.04720555e+02 -7.59692882e+01 -1.68293176e+01 -2.10300099e-02 1.52510483e-03 -9.96315387e-01 8.31328043e-02
1317358205.734956026 7.03697103e+02 -7.61445543e+01 -1.67737980e+01 -2.02447537e-02 3.61211061e-03 -9.96536478e-01 8.05738836e-02
1317358205.838850975 7.02724600e+02 -7.63061324e+01 -1.67648483e+01 -1.83122055e-02 5.59884119e-03 -9.96541753e-01 8.08569713e-02
1317358205.942770004 7.01698922e+02 -7.64657163e+01 -1.67067569e+01 -1.81393799e-02 6.41390347e-03 -9.96769888e-01 7.79718839e-02
1317358206.046665907 7.00744277e+02 -7.66156129e+01 -1.66685188e+01 -1.67808922e-02 4.75967025e-03 -9.96704830e-01 7.92163432e-02
1317358206.150536060 6.99749505e+02 -7.67627678e+01 -1.66137148e+01 -1.60221799e-02 5.23213674e-03 -9.96842844e-01 7.75903293e-02
1317358206.254405975 6.98781706e+02 -7.69218737e+01 -1.65822483e+01 -1.37674383e-02 -2.13629476e-03 -9.97021599e-01 7.58539727e-02
1317358206.358278036 6.97798877e+02 -7.70668611e+01 -1.65366959e+01 -1.24024872e-02 -4.62615744e-03 -9.97033255e-01 7.58252280e-02
1317358206.462148905 6.96804612e+02 -7.72347926e+01 -1.65131491e+01 -1.24491086e-02 -8.40176338e-03 -9.97180825e-01 7.35175689e-02
1317358206.565994978 6.95789432e+02 -7.73874328e+01 -1.64604029e+01 -1.37251099e-02 -7.59716571e-03 -9.97274783e-01 7.20896081e-02
1317358206.669816971 6.94746121e+02 -7.75305099e+01 -1.64056114e+01 -1.53223255e-02 -6.04223994e-03 -9.97426757e-01 6.97752307e-02
1317358206.773663998 6.93703910e+02 -7.76864883e+01 -1.63768317e+01 -1.61367907e-02 -4.03754388e-03 -9.97493825e-01 6.87704249e-02
1317358206.877510071 6.92687456e+02 -7.78195240e+01 -1.63129342e+01 -1.63982073e-02 -4.83049876e-03 -9.97511451e-01 6.84008055e-02
1317358206.981357098 6.91611342e+02 -7.79988000e+01 -1.62709114e+01 -1.76021133e-02 -2.13185452e-03 -9.97545896e-01 6.77333451e-02
1317358207.085203886 6.90539481e+02 -7.81399639e+01 -1.62137538e+01 -1.85306911e-02 -1.42962872e-03 -9.97539548e-01 6.75974869e-02
1317358207.189027071 6.89437797e+02 -7.83735173e+01 -1.61832960e+01 -1.94307881e-02 -4.00180540e-03 -9.97145058e-01 7.28571361e-02
1317358207.292850018 6.88317438e+02 -7.85332069e+01 -1.61188121e+01 -1.90742108e-02 -3.98962940e-03 -9.97129116e-01 7.31695564e-02
1317358207.396696091 6.87158547e+02 -7.87414996e+01 -1.60934015e+01 -1.74022807e-02 -3.21216050e-03 -9.97005631e-01 7.52769194e-02
1317358207.500543118 6.86057444e+02 -7.89120851e+01 -1.60373507e+01 -1.70708420e-02 -2.61511345e-03 -9.97029773e-01 7.50558453e-02
1317358207.604391098 6.84955372e+02 -7.90828864e+01 -1.59812387e+01 -1.77442614e-02 -3.31842264e-03 -9.96950330e-01 7.59221256e-02
1317358207.708236933 6.83876764e+02 -7.92441927e+01 -1.59328675e+01 -1.77018089e-02 -2.85800113e-03 -9.96905239e-01 7.65403310e-02
1317358207.812060118 6.82771639e+02 -7.93984050e+01 -1.58742075e+01 -1.71643845e-02 -1.61053838e-03 -9.97007689e-01 7.53555493e-02
1317358207.915859938 6.81685493e+02 -7.96066309e+01 -1.58259131e+01 -1.53465925e-02 -4.35442520e-04 -9.96910861e-01 7.70261524e-02
1317358208.019658089 6.80569150e+02 -7.97884913e+01 -1.57684354e+01 -1.36349164e-02 8.98489609e-04 -9.96973271e-01 7.65348199e-02
1317358208.123455048 6.79552721e+02 -8.00278184e+01 -1.57280074e+01 -1.37188630e-02 2.85481332e-03 -9.96601066e-01 8.11785617e-02
1317358208.227256060 6.78453113e+02 -8.02030386e+01 -1.56759021e+01 -1.41362784e-02 2.75057106e-03 -9.96593803e-01 8.11997080e-02
1317358208.331078053 6.77390522e+02 -8.03861236e+01 -1.56230854e+01 -1.48844567e-02 2.71164721e-03 -9.96580131e-01 8.12351095e-02
1317358208.434876919 6.76332731e+02 -8.06232488e+01 -1.55874984e+01 -1.57380427e-02 5.36525866e-04 -9.96281979e-01 8.47009073e-02
1317358208.538698912 6.75253111e+02 -8.07842892e+01 -1.55286737e+01 -1.63615981e-02 -1.14680860e-03 -9.96199455e-01 8.55431347e-02
1317358208.642545938 6.74200918e+02 -8.09964231e+01 -1.54988842e+01 -1.55842707e-02 -3.19296350e-03 -9.95972822e-01 8.82330629e-02
1317358208.746391058 6.73116923e+02 -8.11948850e+01 -1.54332665e+01 -1.58394454e-02 -3.06641648e-03 -9.96001992e-01 8.78620542e-02
1317358208.850261927 6.72038092e+02 -8.13963962e+01 -1.54004139e+01 -1.63358135e-02 -4.72121317e-03 -9.95838675e-01 8.95331455e-02
1317358208.954109907 6.70899418e+02 -8.16006016e+01 -1.53553289e+01 -1.80804017e-02 -2.05509468e-03 -9.95867959e-01 8.89712565e-02
1317358209.057931900 6.69748472e+02 -8.18409648e+01 -1.53115766e+01 -1.84885462e-02 -9.26348940e-05 -9.95978668e-01 8.76621801e-02
1317358209.161778927 6.68592175e+02 -8.20416044e+01 -1.52484232e+01 -1.80960893e-02 -1.35077028e-03 -9.96024835e-01 8.72080010e-02
1317358209.265625954 6.67443964e+02 -8.22361002e+01 -1.51815863e+01 -1.82839495e-02 -2.23378667e-03 -9.96023357e-01 8.71675326e-02
1317358209.369448900 6.66374292e+02 -8.24684282e+01 -1.51401717e+01 -1.71103887e-02 -5.09182906e-03 -9.95808303e-01 8.97058050e-02
1317358209.473268986 6.65248924e+02 -8.26659097e+01 -1.50898420e+01 -1.64362416e-02 -4.86751780e-03 -9.95891879e-01 8.89130093e-02
1317358209.577091932 6.64242409e+02 -8.28997851e+01 -1.50453752e+01 -1.51399475e-02 -5.22426303e-03 -9.95656490e-01 9.17150049e-02
1317358209.680917978 6.63144493e+02 -8.31217834e+01 -1.49904834e+01 -1.48262221e-02 -5.54641778e-03 -9.95540543e-01 9.29970282e-02
1317358209.784746885 6.62166166e+02 -8.33513168e+01 -1.49559043e+01 -1.51230543e-02 -2.76082496e-03 -9.95312307e-01 9.54834104e-02
1317358209.888566971 6.61072745e+02 -8.35687599e+01 -1.49060386e+01 -1.52059198e-02 -1.63283141e-03 -9.95170921e-01 9.69585087e-02
1317358209.992387056 6.59968036e+02 -8.37854760e+01 -1.48556668e+01 -1.50107308e-02 -3.13359632e-03 -9.95080877e-01 9.78718859e-02
1317358210.096205950 6.58947539e+02 -8.40449097e+01 -1.48100126e+01 -1.42560891e-02 -2.77857948e-03 -9.94904353e-01 9.97716020e-02
1317358210.200005054 6.57824169e+02 -8.42721162e+01 -1.47489787e+01 -1.45635512e-02 -4.89822741e-03 -9.94993280e-01 9.87536511e-02
1317358210.303803921 6.56712397e+02 -8.44805045e+01 -1.46987429e+01 -1.46130437e-02 -7.09097724e-03 -9.95113833e-01 9.73891023e-02
1317358210.407624960 6.55600728e+02 -8.46915709e+01 -1.46409938e+01 -1.52626404e-02 -7.42970486e-03 -9.95164167e-01 9.67477732e-02
1317358210.511449099 6.54532906e+02 -8.49169938e+01 -1.45985575e+01 -1.46083865e-02 -6.50564362e-03 -9.95070967e-01 9.78674714e-02
1317358210.615250111 6.53447378e+02 -8.51271778e+01 -1.45464014e+01 -1.42539170e-02 -5.59240764e-03 -9.95080175e-01 9.78825667e-02
1317358210.719023943 6.52367026e+02 -8.53354053e+01 -1.44764096e+01 -1.37886758e-02 -5.17131709e-03 -9.95067185e-01 9.81041697e-02
1317358210.822798014 6.51389007e+02 -8.55769458e+01 -1.44405169e+01 -1.38089523e-02 -3.89240757e-03 -9.94917837e-01 9.96627287e-02
1317358210.926575899 6.50333902e+02 -8.57849364e+01 -1.43772066e+01 -1.46055732e-02 -2.89061847e-03 -9.94871570e-01 1.00044389e-01
1317358211.030349970 6.49353176e+02 -8.60045753e+01 -1.43411021e+01 -1.51239862e-02 -1.67750707e-03 -9.94697912e-01 1.01707987e-01
1317358211.134123087 6.48375899e+02 -8.62263044e+01 -1.42822410e+01 -1.53065288e-02 -1.59250631e-03 -9.94656061e-01 1.02090619e-01
1317358211.237898111 6.47465419e+02 -8.64385196e+01 -1.42650708e+01 -1.48545117e-02 -8.00118960e-04 -9.94603927e-01 1.02672938e-01
1317358211.341697931 6.46524353e+02 -8.66507916e+01 -1.42077128e+01 -1.37955653e-02 6.70601766e-04 -9.94753423e-01 1.01364985e-01
1317358211.445496082 6.45574389e+02 -8.68377149e+01 -1.41663810e+01 -1.19467259e-02 2.76167115e-03 -9.94926421e-01 9.98552252e-02
1317358211.549295902 6.44710226e+02 -8.70322865e+01 -1.41515999e+01 -9.33267921e-03 2.50655847e-03 -9.95287337e-01 9.64869689e-02
1317358211.653119087 6.43807020e+02 -8.72325407e+01 -1.41156678e+01 -9.40336080e-03 2.27819136e-03 -9.95597717e-01 9.32286010e-02
1317358211.756942034 6.42973168e+02 -8.74116919e+01 -1.41048549e+01 -9.38812861e-03 4.29682350e-03 -9.95698545e-01 9.20750149e-02
1317358211.860810041 6.42081479e+02 -8.75803167e+01 -1.40688923e+01 -1.06255194e-02 3.99854322e-03 -9.95912480e-01 8.96071558e-02
1317358211.964704037 6.41197266e+02 -8.77576739e+01 -1.40357721e+01 -1.12944109e-02 3.91481364e-03 -9.96307592e-01 8.50193686e-02
1317358212.068624973 6.40389150e+02 -8.79285567e+01 -1.40118890e+01 -1.09525334e-02 -1.32216041e-04 -9.96239694e-01 8.59447247e-02
1317358212.172565937 6.39500417e+02 -8.80880486e+01 -1.39770218e+01 -1.09522089e-02 -1.47941854e-03 -9.96594343e-01 8.17164328e-02
1317358212.276484013 6.38704035e+02 -8.82331947e+01 -1.39681907e+01 -1.17669810e-02 -3.66225681e-03 -9.96348403e-01 8.44866025e-02
1317358212.380403996 6.37840381e+02 -8.83764598e+01 -1.39308631e+01 -1.22317967e-02 -5.71448172e-03 -9.96450178e-01 8.30949503e-02
1317358212.484273911 6.37068922e+02 -8.85093332e+01 -1.39097307e+01 -1.19299128e-02 -6.82702390e-03 -9.96333786e-01 8.44396615e-02
1317358212.588098049 6.36215247e+02 -8.86349379e+01 -1.38732159e+01 -1.25376844e-02 -7.34550137e-03 -9.96249556e-01 8.52975471e-02
1317358212.691921949 6.35360661e+02 -8.87825620e+01 -1.38387077e+01 -1.37311171e-02 -7.10873807e-03 -9.96164741e-01 8.61204502e-02
1317358212.795722008 6.34502975e+02 -8.89282886e+01 -1.38029678e+01 -1.49555410e-02 -7.35760728e-03 -9.96050152e-01 8.72140536e-02
1317358212.899518967 6.33634378e+02 -8.90954920e+01 -1.37576769e+01 -1.63247404e-02 -8.06115070e-03 -9.96060354e-01 8.67887781e-02
1317358213.003346920 6.32742389e+02 -8.92445504e+01 -1.36974856e+01 -1.66023470e-02 -9.04133168e-03 -9.95974445e-01 8.76214601e-02
1317358213.107193947 6.31900831e+02 -8.94004924e+01 -1.36484557e+01 -1.52017391e-02 -7.04159720e-03 -9.95858182e-01 8.93633273e-02
1317358213.211083889 6.31006048e+02 -8.95665479e+01 -1.35982107e+01 -1.51378664e-02 -6.84723559e-03 -9.95968471e-01 8.81519389e-02
1317358213.314977884 6.30194236e+02 -8.97979910e+01 -1.35532286e+01 -1.53449337e-02 -6.22282712e-03 -9.95540048e-01 9.28753075e-02
1317358213.418898106 6.29305044e+02 -8.99731165e+01 -1.34978311e+01 -1.43483102e-02 -7.73956112e-03 -9.95696564e-01 9.12281609e-02
1317358213.522861958 6.28478949e+02 -9.01766838e+01 -1.34814189e+01 -1.47934228e-02 -5.87994616e-03 -9.95626322e-01 9.20587173e-02
1317358213.626827002 6.27597926e+02 -9.03465021e+01 -1.34358175e+01 -1.53649699e-02 -4.19568893e-03 -9.95758475e-01 9.06166271e-02
1317358213.730793953 6.26785750e+02 -9.05445304e+01 -1.34245220e+01 -1.54683458e-02 -5.14997580e-04 -9.95594622e-01 9.24760112e-02
1317358213.834763050 6.25899392e+02 -9.06989300e+01 -1.33800092e+01 -1.65836897e-02 2.43547677e-04 -9.95634461e-01 9.18528232e-02
1317358213.938752890 6.25071586e+02 -9.08508581e+01 -1.33451828e+01 -1.67686056e-02 3.71182657e-03 -9.95529592e-01 9.28755464e-02
1317358214.042742968 6.24140716e+02 -9.10166680e+01 -1.32967382e+01 -1.68471425e-02 6.02530081e-03 -9.95591225e-01 9.20759535e-02
1317358214.146711111 6.23245863e+02 -9.11861077e+01 -1.32632737e+01 -1.49278516e-02 6.62623524e-03 -9.95682236e-01 9.13790894e-02
1317358214.250677109 6.22330260e+02 -9.13563273e+01 -1.32210616e+01 -1.48344662e-02 4.92645010e-03 -9.95748487e-01 9.07778534e-02
1317358214.354619026 6.21404771e+02 -9.15335913e+01 -1.31883386e+01 -1.47815895e-02 7.71708975e-03 -9.95766487e-01 9.03938893e-02
1317358214.458539963 6.20474912e+02 -9.17323055e+01 -1.31611473e+01 -1.43937368e-02 5.50956620e-03 -9.95789389e-01 9.03656936e-02
1317358214.562483072 6.19531942e+02 -9.19167092e+01 -1.31185109e+01 -1.45594760e-02 6.33354976e-03 -9.95834375e-01 8.97875595e-02
1317358214.666425943 6.18608278e+02 -9.21117814e+01 -1.30911677e+01 -1.42201165e-02 3.57186181e-03 -9.95906347e-01 8.91940415e-02
1317358214.770343065 6.17658245e+02 -9.22904816e+01 -1.30426864e+01 -1.44419647e-02 3.12866973e-03 -9.95953904e-01 8.86423268e-02
1317358214.874263048 6.16745031e+02 -9.24560018e+01 -1.29941696e+01 -1.37343677e-02 -8.04988183e-04 -9.95981090e-01 8.85007783e-02
1317358214.978204966 6.15750656e+02 -9.26730434e+01 -1.29395286e+01 -1.27576068e-02 -1.14993342e-03 -9.96335434e-01 8.45672765e-02
1317358215.082146883 6.14793395e+02 -9.28684903e+01 -1.28892395e+01 -1.32962785e-02 -4.43421505e-03 -9.96459264e-01 8.29004298e-02
1317358215.186067104 6.13806424e+02 -9.30481650e+01 -1.28397409e+01 -1.29528911e-02 -4.12232800e-03 -9.96567598e-01 8.16593638e-02
1317358215.290011883 6.12856563e+02 -9.32122065e+01 -1.28260615e+01 -1.27159109e-02 -2.06705357e-03 -9.96610127e-01 8.12544646e-02
1317358215.393978119 6.11876327e+02 -9.33794029e+01 -1.27808508e+01 -1.25285618e-02 -5.71739048e-04 -9.96771842e-01 7.93007148e-02
1317358215.497944117 6.10925566e+02 -9.35620139e+01 -1.27741686e+01 -1.16907314e-02 -2.40747292e-04 -9.96546452e-01 8.22097162e-02
1317358215.601888895 6.09881747e+02 -9.37416461e+01 -1.27290132e+01 -1.18566603e-02 -1.28805099e-03 -9.96895517e-01 7.78273040e-02
1317358215.705806971 6.08871686e+02 -9.39151785e+01 -1.26882617e+01 -1.28332300e-02 -1.85564713e-04 -9.96922664e-01 7.73335409e-02
1317358215.809747934 6.07818883e+02 -9.40789026e+01 -1.26417503e+01 -1.35834708e-02 -2.93916070e-04 -9.97073640e-01 7.52300369e-02
1317358215.913666964 6.06802333e+02 -9.42436203e+01 -1.26168610e+01 -1.44963596e-02 9.27860671e-04 -9.97007015e-01 7.59342286e-02
1317358216.017563105 6.05747938e+02 -9.44153679e+01 -1.25614768e+01 -1.40735569e-02 -1.76716746e-03 -9.97150121e-01 7.40975571e-02
1317358216.121479034 6.04783112e+02 -9.45746124e+01 -1.25402940e+01 -1.23650401e-02 -6.92294373e-03 -9.96948393e-01 7.67664056e-02
1317358216.225421906 6.03757118e+02 -9.47316073e+01 -1.24984960e+01 -1.18144618e-02 -7.21665764e-03 -9.96934701e-01 7.70035118e-02
1317358216.329366922 6.02773574e+02 -9.49087735e+01 -1.24768055e+01 -9.75300878e-03 -7.31228117e-03 -9.96849112e-01 7.83789332e-02
1317358216.433285952 6.01702380e+02 -9.50894741e+01 -1.24292801e+01 -9.96106196e-03 -6.04846801e-03 -9.96952870e-01 7.71308554e-02
1317358216.537201881 6.00673086e+02 -9.52747974e+01 -1.24272616e+01 -1.14975548e-02 -2.42653188e-03 -9.97037184e-01 7.60182298e-02
1317358216.641119957 5.99612167e+02 -9.54429015e+01 -1.23740536e+01 -1.07339844e-02 -2.48148399e-03 -9.97030764e-01 7.62120728e-02
1317358216.745038986 5.98557475e+02 -9.56084555e+01 -1.23428266e+01 -1.17087699e-02 -4.77284313e-03 -9.97009205e-01 7.62415262e-02
1317358216.848958015 5.97483370e+02 -9.57778014e+01 -1.22961261e+01 -1.37014050e-02 -4.14199968e-03 -9.97104543e-01 7.46836323e-02
1317358216.952877998 5.96467632e+02 -9.59533055e+01 -1.22537525e+01 -1.25880327e-02 -8.15630210e-03 -9.96902592e-01 7.72025829e-02
1317358217.056796074 5.95399141e+02 -9.61088059e+01 -1.21975613e+01 -1.27369191e-02 -7.39457603e-03 -9.96945669e-01 7.66969600e-02
1317358217.160715103 5.94350781e+02 -9.62763717e+01 -1.21439550e+01 -1.20592155e-02 -1.04903426e-02 -9.96988516e-01 7.58843016e-02
1317358217.264611959 5.93251621e+02 -9.64422657e+01 -1.20853506e+01 -1.23536344e-02 -1.40783660e-02 -9.97022420e-01 7.48029508e-02
1317358217.368482113 5.92173668e+02 -9.66190235e+01 -1.20396446e+01 -1.34659045e-02 -1.33440327e-02 -9.96980584e-01 7.53015377e-02
1317358217.472351074 5.91075287e+02 -9.67851481e+01 -1.19890931e+01 -1.49676363e-02 -1.15953830e-02 -9.97140717e-01 7.31567336e-02
1317358217.576246977 5.89953928e+02 -9.69654104e+01 -1.19203930e+01 -1.68550969e-02 -1.50245045e-02 -9.97044970e-01 7.34268229e-02
1317358217.680144072 5.88818856e+02 -9.71417120e+01 -1.18613518e+01 -1.86386028e-02 -1.62238190e-02 -9.97015978e-01 7.31336432e-02
1317358217.784013987 5.87715348e+02 -9.74097901e+01 -1.18521016e+01 -1.77981008e-02 -1.60457843e-02 -9.96728707e-01 7.71857786e-02
1317358217.887883902 5.86620002e+02 -9.77488593e+01 -1.18439178e+01 -1.80720098e-02 -1.26545170e-02 -9.96116902e-01 8.52313475e-02
1317358217.991755962 5.85503121e+02 -9.79529826e+01 -1.17934351e+01 -1.48546988e-02 -1.47770124e-02 -9.96193204e-01 8.46172493e-02
1317358218.095627069 5.84405158e+02 -9.81677601e+01 -1.18008180e+01 -1.09814791e-02 -7.25245443e-03 -9.96233845e-01 8.57026004e-02
1317358218.199474096 5.83226308e+02 -9.83728696e+01 -1.17380532e+01 -1.10170584e-02 -6.59788416e-03 -9.96682504e-01 8.03683966e-02
1317358218.303318977 5.82066222e+02 -9.85676010e+01 -1.16937247e+01 -1.09229738e-02 -5.79198580e-03 -9.96977608e-01 7.66993462e-02
1317358218.407162905 5.80948668e+02 -9.87503031e+01 -1.16439796e+01 -1.09682139e-02 -4.22269906e-03 -9.97106955e-01 7.50971804e-02
1317358218.510986090 5.79795983e+02 -9.89350962e+01 -1.15942040e+01 -9.63508453e-03 -4.41228151e-03 -9.97155717e-01 7.46201878e-02
1317358218.614785910 5.78666500e+02 -9.91552961e+01 -1.15598365e+01 -8.93363034e-03 -1.37116625e-03 -9.96979486e-01 7.71376381e-02
1317358218.718585968 5.77511140e+02 -9.93459754e+01 -1.15176370e+01 -8.41182722e-03 -2.59149272e-03 -9.96983641e-01 7.71112455e-02
1317358218.822384119 5.76411278e+02 -9.96651479e+01 -1.15158616e+01 -7.94355937e-03 -3.51680013e-03 -9.96322998e-01 8.52350653e-02
1317358218.926181078 5.75250967e+02 -9.98685053e+01 -1.14754926e+01 -9.17373916e-03 -4.01690160e-03 -9.96433403e-01 8.37865135e-02
1317358219.030004978 5.74144721e+02 -1.00065231e+02 -1.14454599e+01 -1.01801946e-02 -2.48037426e-03 -9.96348274e-01 8.47368137e-02
1317358219.133805037 5.72991744e+02 -1.00269864e+02 -1.13977195e+01 -1.14112187e-02 -1.97958424e-03 -9.96463993e-01 8.32188416e-02
1317358219.237602949 5.71820775e+02 -1.00478919e+02 -1.13478845e+01 -1.19581650e-02 -1.90559833e-03 -9.96688416e-01 8.04087787e-02
1317358219.341402054 5.70654676e+02 -1.00673554e+02 -1.13110951e+01 -1.08882485e-02 -1.77482942e-03 -9.96759446e-01 7.96800083e-02
1317358219.445202112 5.69502406e+02 -1.00867548e+02 -1.12601931e+01 -1.09584635e-02 -2.40725823e-03 -9.96854830e-01 7.84510396e-02
1317358219.549000978 5.68403415e+02 -1.01096169e+02 -1.12169879e+01 -1.17777874e-02 -5.36276251e-03 -9.96759312e-01 7.93939474e-02
1317358219.652775049 5.67246376e+02 -1.01291900e+02 -1.11635041e+01 -1.26302796e-02 -6.37758320e-03 -9.96960309e-01 7.66155649e-02
1317358219.756525040 5.66175080e+02 -1.01538548e+02 -1.11441887e+01 -1.28021560e-02 -6.66992785e-03 -9.96878867e-01 7.76153478e-02
1317358219.860263109 5.65045563e+02 -1.01714721e+02 -1.10805763e+01 -1.15801223e-02 -8.23922069e-03 -9.97048784e-01 7.54436147e-02
1317358219.964013100 5.63913497e+02 -1.01889522e+02 -1.10306905e+01 -1.12980255e-02 -9.32802226e-03 -9.97021779e-01 7.57160109e-02
1317358220.067776918 5.62834064e+02 -1.02093030e+02 -1.09701806e+01 -1.09918852e-02 -7.39212382e-03 -9.96819690e-01 7.85814247e-02
1317358220.171551943 5.61698790e+02 -1.02286276e+02 -1.09115227e+01 -1.11420725e-02 -8.34802183e-03 -9.96826293e-01 7.83805196e-02
1317358220.275326014 5.60646509e+02 -1.02542181e+02 -1.08971215e+01 -1.12645845e-02 -6.33931887e-03 -9.96399276e-01 8.37938234e-02
1317358220.379098892 5.59509856e+02 -1.02742275e+02 -1.08412525e+01 -1.29478559e-02 -7.85242308e-03 -9.96607517e-01 8.08959232e-02
1317358220.482873917 5.58380232e+02 -1.02920382e+02 -1.08038714e+01 -1.34147230e-02 -6.58242973e-03 -9.96797796e-01 7.85548956e-02
1317358220.586673975 5.57297753e+02 -1.03122658e+02 -1.07815300e+01 -1.32046614e-02 -4.25851746e-03 -9.96796303e-01 7.87694815e-02
1317358220.690498114 5.56177196e+02 -1.03312073e+02 -1.07168273e+01 -1.32540727e-02 -5.87504412e-03 -9.96931250e-01 7.69278655e-02
1317358220.794318914 5.55102223e+02 -1.03480277e+02 -1.06627856e+01 -1.29033108e-02 -5.76869772e-03 -9.96776214e-01 7.89772520e-02
1317358220.898142099 5.53999739e+02 -1.03645216e+02 -1.06236603e+01 -1.35592752e-02 -6.93306795e-03 -9.96880161e-01 7.74468996e-02
1317358221.001940966 5.52988195e+02 -1.03918551e+02 -1.05906345e+01 -1.34951662e-02 -5.77628843e-03 -9.96425703e-01 8.31885366e-02
1317358221.105737925 5.51866245e+02 -1.04117421e+02 -1.05351541e+01 -1.39045953e-02 -5.89230453e-03 -9.96840492e-01 7.79806130e-02
1317358221.209537029 5.50775014e+02 -1.04303047e+02 -1.04794192e+01 -1.32229059e-02 -5.50302281e-03 -9.97028170e-01 7.56947750e-02
1317358221.313335896 5.49756714e+02 -1.04484909e+02 -1.04654371e+01 -1.15299629e-02 -3.54485543e-03 -9.96983387e-01 7.66721648e-02
1317358221.417135000 5.48664894e+02 -1.04642053e+02 -1.04177380e+01 -1.06459917e-02 -4.74950855e-03 -9.97113054e-01 7.50310736e-02
1317358221.520909071 5.47617269e+02 -1.04817787e+02 -1.03633927e+01 -8.78778105e-03 -4.31118599e-03 -9.97072794e-01 7.58289694e-02
1317358221.624707937 5.46546885e+02 -1.04985811e+02 -1.03167290e+01 -8.19176008e-03 -4.13533556e-03 -9.97131379e-01 7.51319359e-02
1317358221.728533983 5.45481275e+02 -1.05158341e+02 -1.02694758e+01 -7.82930112e-03 -5.82226001e-03 -9.97332948e-01 7.23311382e-02
1317358221.832355976 5.44523465e+02 -1.05389593e+02 -1.02704191e+01 -6.85328997e-03 -4.82092166e-03 -9.97096358e-01 7.56878015e-02
1317358221.936188936 5.43475130e+02 -1.05553629e+02 -1.02306125e+01 -5.87159912e-03 -7.24132022e-03 -9.97191941e-01 7.43055922e-02
1317358222.040010929 5.42510623e+02 -1.05755922e+02 -1.02206542e+01 -4.81211732e-03 -5.76503535e-03 -9.97075540e-01 7.60524558e-02
1317358222.143799067 5.41454024e+02 -1.05910410e+02 -1.01875766e+01 -5.12504052e-03 -7.01457815e-03 -9.97002817e-01 7.68759487e-02
1317358222.247575045 5.40497591e+02 -1.06099484e+02 -1.01596141e+01 -5.28333546e-03 -5.66825810e-03 -9.96603591e-01 8.19831626e-02
1317358222.351377964 5.39477263e+02 -1.06263603e+02 -1.01273001e+01 -6.57144447e-03 -5.53763511e-03 -9.96572919e-01 8.22713108e-02
1317358222.455178976 5.38432692e+02 -1.06446129e+02 -1.00819523e+01 -6.49541522e-03 -7.27494381e-03 -9.96658234e-01 8.11002380e-02
1317358222.558948994 5.37376372e+02 -1.06637362e+02 -1.00412349e+01 -5.94748499e-03 -7.60946125e-03 -9.96667698e-01 8.09952095e-02
1317358222.662744999 5.36360308e+02 -1.06797536e+02 -1.00083216e+01 -6.06746584e-03 -7.50975771e-03 -9.96627329e-01 8.14908368e-02
1317358222.766545057 5.35327640e+02 -1.06962874e+02 -9.97066087e+00 -6.36727627e-03 -8.68465724e-03 -9.96711101e-01 8.03182207e-02
1317358222.870318890 5.34321152e+02 -1.07138954e+02 -9.95796039e+00 -5.63008619e-03 -8.70249779e-03 -9.96700842e-01 8.04984492e-02
1317358222.974069118 5.33298097e+02 -1.07303764e+02 -9.92887999e+00 -4.39227120e-03 -9.71721621e-03 -9.96663951e-01 8.09150994e-02
1317358223.077842951 5.32252463e+02 -1.07461661e+02 -9.89728280e+00 -3.94484928e-03 -1.05437685e-02 -9.96677561e-01 8.06666356e-02
1317358223.181690931 5.31370990e+02 -1.07605107e+02 -9.90416312e+00 -5.09788403e-03 -6.78068377e-03 -9.96600937e-01 8.19427034e-02
1317358223.285562038 5.30358652e+02 -1.07781487e+02 -9.87440231e+00 -5.60959252e-03 -5.41421608e-03 -9.96659809e-01 8.12923410e-02
1317358223.389432907 5.29421429e+02 -1.07977359e+02 -9.85155771e+00 -6.84682941e-03 -4.87551025e-03 -9.96415852e-01 8.41712600e-02
1317358223.493278980 5.28407249e+02 -1.08147242e+02 -9.81276182e+00 -7.20735122e-03 -4.74277199e-03 -9.96314136e-01 8.53446068e-02
1317358223.597101927 5.27530457e+02 -1.08352162e+02 -9.78169723e+00 -6.33295206e-03 -2.37407734e-03 -9.96157129e-01 8.73225691e-02
1317358223.700951099 5.26532414e+02 -1.08522110e+02 -9.74023346e+00 -5.90783505e-03 -1.56632135e-03 -9.96139834e-01 8.75675508e-02
1317358223.804797888 5.25642114e+02 -1.08683631e+02 -9.70856464e+00 -5.60162851e-03 -1.79075309e-03 -9.96020590e-01 8.89291789e-02
1317358223.908643961 5.24676917e+02 -1.08863004e+02 -9.66570978e+00 -5.46367422e-03 -1.05326319e-03 -9.95969237e-01 8.95227223e-02
1317358224.012515068 5.23729222e+02 -1.09046579e+02 -9.63094997e+00 -4.63501940e-03 -1.13451195e-03 -9.95923815e-01 9.00721106e-02
1317358224.116409063 5.22847446e+02 -1.09229712e+02 -9.63032054e+00 -4.33815425e-03 -4.08334195e-03 -9.96084898e-01 8.82008137e-02
1317358224.220304966 5.21887470e+02 -1.09419149e+02 -9.60659056e+00 -4.89040914e-03 -4.85485913e-03 -9.96191343e-01 8.69213528e-02
1317358224.324152946 5.21011180e+02 -1.09596438e+02 -9.61527056e+00 -4.78383491e-03 -7.80491031e-03 -9.96246499e-01 8.60761907e-02
1317358224.427998066 5.20081653e+02 -1.09766463e+02 -9.58435586e+00 -4.73900050e-03 -8.06601748e-03 -9.96113215e-01 8.75839271e-02
1317358224.531821966 5.19177347e+02 -1.09926248e+02 -9.55853685e+00 -5.37517517e-03 -6.06122321e-03 -9.95956149e-01 8.94746775e-02
1317358224.635597944 5.18220767e+02 -1.10103532e+02 -9.52033335e+00 -5.84571140e-03 -5.13588528e-03 -9.95788151e-01 9.13532057e-02
1317358224.739320993 5.17291692e+02 -1.10284114e+02 -9.48520087e+00 -5.98335182e-03 -5.14237802e-03 -9.95711580e-01 9.21748562e-02
1317358224.843023062 5.16341696e+02 -1.10473138e+02 -9.45695077e+00 -6.42185402e-03 -7.10705507e-03 -9.95512607e-01 9.41429662e-02
1317358224.946727991 5.15437663e+02 -1.10646547e+02 -9.43375206e+00 -8.00499872e-03 -1.04767008e-02 -9.94957461e-01 9.94274097e-02
1317358225.050407887 5.14498042e+02 -1.10857982e+02 -9.39253814e+00 -8.92516425e-03 -1.05562505e-02 -9.94411386e-01 1.04665666e-01
1317358225.154061079 5.13549769e+02 -1.11095230e+02 -9.35353604e+00 -1.02238519e-02 -1.16195057e-02 -9.93641478e-01 1.11521624e-01
1317358225.257667065 5.12706107e+02 -1.11387288e+02 -9.32598696e+00 -1.04805049e-02 -1.50948118e-02 -9.92447503e-01 1.21285861e-01
1317358225.361272097 5.11819557e+02 -1.11672390e+02 -9.28595658e+00 -8.96694375e-03 -1.65418176e-02 -9.91801044e-01 1.26398777e-01
1317358225.464926004 5.11045988e+02 -1.11981846e+02 -9.25432729e+00 -7.93641542e-03 -1.60291016e-02 -9.90194363e-01 1.38546759e-01
1317358225.568603992 5.10198524e+02 -1.12276649e+02 -9.22341287e+00 -7.85332039e-03 -1.52852515e-02 -9.88826929e-01 1.48074275e-01
1317358225.672308922 5.09356022e+02 -1.12579084e+02 -9.18477712e+00 -7.71008176e-03 -1.63027809e-02 -9.87109560e-01 1.59026695e-01
1317358225.776036024 5.08586481e+02 -1.12896715e+02 -9.16594885e+00 -7.80637250e-03 -1.61167779e-02 -9.83792152e-01 1.78416119e-01
1317358225.879760981 5.07746628e+02 -1.13251068e+02 -9.13577806e+00 -8.64513853e-03 -1.55243178e-02 -9.81225632e-01 1.92043004e-01
1317358225.983513117 5.06943833e+02 -1.13653398e+02 -9.09315335e+00 -1.01326151e-02 -1.37417358e-02 -9.77398160e-01 2.10716233e-01
1317358226.087289095 5.06118267e+02 -1.14039297e+02 -9.05692484e+00 -1.04236632e-02 -1.29417031e-02 -9.74631128e-01 2.23199517e-01
1317358226.191086054 5.05317890e+02 -1.14429681e+02 -9.01839931e+00 -1.00536272e-02 -1.26430049e-02 -9.71491343e-01 2.36524101e-01
1317358226.294884920 5.04608060e+02 -1.14909413e+02 -8.97681175e+00 -1.05235391e-02 -1.06735040e-02 -9.66561303e-01 2.55997223e-01
1317358226.398684025 5.03895972e+02 -1.15344415e+02 -8.94479983e+00 -9.81034070e-03 -1.01197971e-02 -9.62613556e-01 2.70511533e-01
1317358226.502532005 5.03185838e+02 -1.15804392e+02 -8.91107023e+00 -9.45541173e-03 -8.89728369e-03 -9.58822139e-01 2.83710309e-01
1317358226.606451988 5.02532229e+02 -1.16317706e+02 -8.86848311e+00 -9.56360418e-03 -8.12508007e-03 -9.54415986e-01 2.98215770e-01
1317358226.710417032 5.01860985e+02 -1.16829681e+02 -8.83272103e+00 -9.58669228e-03 -7.34751317e-03 -9.51886824e-01 3.06211665e-01
1317358226.814408064 5.01245585e+02 -1.17398777e+02 -8.82054881e+00 -8.80283837e-03 -5.78425728e-03 -9.48015271e-01 3.18050466e-01
1317358226.918446064 5.00582167e+02 -1.17924569e+02 -8.78425247e+00 -9.49349856e-03 -4.80189433e-03 -9.45880164e-01 3.24341687e-01
1317358227.022507906 4.99918069e+02 -1.18433631e+02 -8.74415531e+00 -1.00789510e-02 -4.50067908e-03 -9.44045714e-01 3.29629866e-01
1317358227.126619101 4.99302997e+02 -1.18959119e+02 -8.71701857e+00 -1.03294956e-02 -2.42794915e-03 -9.42976555e-01 3.32689980e-01
1317358227.230777979 4.98657521e+02 -1.19473204e+02 -8.68505909e+00 -1.08423417e-02 -1.24177277e-03 -9.42500638e-01 3.34026121e-01
1317358227.334935904 4.98029408e+02 -1.19977778e+02 -8.65685111e+00 -1.08392261e-02 -3.37064491e-04 -9.42314862e-01 3.34552085e-01
1317358227.439120054 4.97446357e+02 -1.20457642e+02 -8.63519386e+00 -1.08635372e-02 1.98246846e-03 -9.42234830e-01 3.34770933e-01
1317358227.543350935 4.96864390e+02 -1.20944441e+02 -8.60769073e+00 -1.03093527e-02 3.48085930e-03 -9.43389786e-01 3.31507637e-01
1317358227.647629023 4.96264868e+02 -1.21419964e+02 -8.57276723e+00 -9.73406910e-03 4.36240196e-03 -9.45134881e-01 3.26506163e-01
1317358227.751955986 4.95762179e+02 -1.21861935e+02 -8.56940538e+00 -9.20777815e-03 4.61078225e-03 -9.47073736e-01 3.20850894e-01
1317358227.856329918 4.95177377e+02 -1.22314933e+02 -8.54793136e+00 -9.42940694e-03 4.84478989e-03 -9.50142762e-01 3.11634955e-01
1317358227.960728884 4.94584781e+02 -1.22767373e+02 -8.52206836e+00 -1.02830590e-02 7.16059204e-03 -9.54202149e-01 2.98900056e-01
1317358228.065128088 4.93991022e+02 -1.23172396e+02 -8.49728967e+00 -1.08137494e-02 8.15094717e-03 -9.58789029e-01 2.83796094e-01
1317358228.169503927 4.93393794e+02 -1.23548449e+02 -8.47324533e+00 -1.14456628e-02 7.47432015e-03 -9.63342564e-01 2.67925801e-01
1317358228.273879051 4.92809862e+02 -1.23896879e+02 -8.45471494e+00 -1.24853842e-02 7.33067452e-03 -9.67770089e-01 2.51418836e-01
1317358228.378252983 4.92330996e+02 -1.24195315e+02 -8.43345827e+00 -1.29534524e-02 7.57186180e-03 -9.71873370e-01 2.35025590e-01
1317358228.482604980 4.91726411e+02 -1.24504107e+02 -8.40627848e+00 -1.24773374e-02 7.43343887e-03 -9.76281289e-01 2.16018295e-01
1317358228.586954117 4.91090975e+02 -1.24772789e+02 -8.38224412e+00 -1.06649490e-02 8.84172923e-03 -9.80416473e-01 1.96447505e-01
1317358228.691278934 4.90459314e+02 -1.25039919e+02 -8.35425277e+00 -9.65868127e-03 8.68595953e-03 -9.84110514e-01 1.77081224e-01
1317358228.795582056 4.89940085e+02 -1.25122629e+02 -8.30497511e+00 -1.20004189e-02 8.55927993e-03 -9.87772412e-01 1.55204354e-01
1317358228.899887085 4.89316325e+02 -1.25300541e+02 -8.27743198e+00 -1.32397099e-02 8.15423588e-03 -9.91085053e-01 1.32320199e-01
1317358229.004164934 4.88666674e+02 -1.25438740e+02 -8.25459908e+00 -1.39326716e-02 8.74761707e-03 -9.93975578e-01 1.08360090e-01
1317358229.108395100 4.88047993e+02 -1.25495382e+02 -8.24142337e+00 -1.26921533e-02 9.07361391e-03 -9.96299637e-01 8.45198883e-02
1317358229.212601900 4.87399604e+02 -1.25580219e+02 -8.20711077e+00 -1.21465579e-02 6.00702044e-03 -9.98043738e-01 6.10333791e-02
1317358229.316785097 4.86755236e+02 -1.25635118e+02 -8.18031754e+00 -1.17655196e-02 4.90480206e-03 -9.99234854e-01 3.69759737e-02
1317358229.420919895 4.86139541e+02 -1.25581706e+02 -8.16910525e+00 -1.14973206e-02 6.51667356e-03 -9.99857910e-01 1.04644325e-02
1317358229.525032043 4.85515963e+02 -1.25559790e+02 -8.14021611e+00 -1.20983502e-02 6.14053058e-03 -9.99829871e-01 -1.24960818e-02
1317358229.629139900 4.84861650e+02 -1.25517668e+02 -8.10717863e+00 -1.23707875e-02 5.18079488e-03 -9.99232255e-01 -3.68106497e-02
1317358229.733252048 4.84244489e+02 -1.25405301e+02 -8.08887993e+00 -1.30107439e-02 3.16744332e-03 -9.97966836e-01 -6.23127791e-02
1317358229.837388039 4.83619684e+02 -1.25292327e+02 -8.07228300e+00 -1.31773886e-02 2.75089858e-03 -9.96052664e-01 -8.77375561e-02
1317358229.941524029 4.82995784e+02 -1.25148706e+02 -8.04056502e+00 -1.30882649e-02 1.89790376e-03 -9.93420295e-01 -1.13759454e-01
1317358230.045609951 4.82455364e+02 -1.24911081e+02 -8.02629166e+00 -1.31721824e-02 2.87011690e-03 -9.90215440e-01 -1.38894340e-01
1317358230.149672985 4.81878473e+02 -1.24705320e+02 -7.99534416e+00 -1.35954732e-02 1.61231349e-03 -9.86364518e-01 -1.64004882e-01
1317358230.253709078 4.81338771e+02 -1.24457180e+02 -7.97178206e+00 -1.35257489e-02 -1.80722097e-04 -9.82072477e-01 -1.88017743e-01
1317358230.357700109 4.80852016e+02 -1.24170942e+02 -7.98203873e+00 -1.17496396e-02 -1.39408193e-03 -9.76979468e-01 -2.13004980e-01
1317358230.461667061 4.80340040e+02 -1.23873652e+02 -7.95691604e+00 -1.12834853e-02 -3.49111326e-03 -9.71637112e-01 -2.36181745e-01
1317358230.565609932 4.79830014e+02 -1.23572010e+02 -7.92862036e+00 -1.07493937e-02 -5.42526589e-03 -9.65506275e-01 -2.60101231e-01
1317358230.669553995 4.79422122e+02 -1.23272354e+02 -7.90306838e+00 -9.65190231e-03 -8.13354661e-03 -9.59129590e-01 -2.82685541e-01
1317358230.773497105 4.79024468e+02 -1.22976838e+02 -7.88278771e+00 -1.03564018e-02 -1.04804513e-02 -9.52523941e-01 -3.04106968e-01
1317358230.877389908 4.78618895e+02 -1.22682512e+02 -7.86559123e+00 -9.89713445e-03 -1.17088565e-02 -9.45176488e-01 -3.26199871e-01
1317358230.981286049 4.78288997e+02 -1.22418426e+02 -7.86494948e+00 -9.49653378e-03 -1.17025154e-02 -9.38176419e-01 -3.45829255e-01
1317358231.085228920 4.77944122e+02 -1.22142270e+02 -7.84067548e+00 -8.63806322e-03 -1.22785886e-02 -9.30401545e-01 -3.66234332e-01
1317358231.189171076 4.77651412e+02 -1.21854359e+02 -7.82791061e+00 -7.34082806e-03 -1.15898851e-02 -9.22272542e-01 -3.86296706e-01
1317358231.293088913 4.77450855e+02 -1.21634112e+02 -7.84135893e+00 -5.97324572e-03 -1.13349201e-02 -9.14812750e-01 -4.03674960e-01
1317358231.397032022 4.77228146e+02 -1.21346930e+02 -7.83267258e+00 -6.17992096e-03 -1.22408470e-02 -9.05544160e-01 -4.24030358e-01
1317358231.501024008 4.77032986e+02 -1.21055274e+02 -7.82662790e+00 -5.89516531e-03 -1.20476685e-02 -8.95464348e-01 -4.44931120e-01
1317358231.605037928 4.76902383e+02 -1.20775625e+02 -7.81422725e+00 -3.82261451e-03 -1.08798722e-02 -8.86252930e-01 -4.63058053e-01
1317358231.709100962 4.76740686e+02 -1.20481293e+02 -7.81164910e+00 -1.97734023e-03 -9.90311050e-03 -8.75078386e-01 -4.83875849e-01
1317358231.813213110 4.76571996e+02 -1.20172925e+02 -7.81634479e+00 -4.02175818e-04 -9.43753029e-03 -8.61285950e-01 -5.08032759e-01
1317358231.917346954 4.76433682e+02 -1.19838485e+02 -7.81172176e+00 1.32427356e-03 -9.42817828e-03 -8.46533581e-01 -5.32250178e-01
1317358232.021503925 4.76369819e+02 -1.19496588e+02 -7.82678358e+00 2.83576552e-03 -8.50565432e-03 -8.31611143e-01 -5.55285979e-01
1317358232.125664949 4.76283525e+02 -1.19166645e+02 -7.82227619e+00 2.74611509e-03 -9.69484145e-03 -8.15066521e-01 -5.79279755e-01
1317358232.229800940 4.76241595e+02 -1.18840615e+02 -7.81734932e+00 3.08356714e-03 -1.00427719e-02 -7.97732927e-01 -6.02919407e-01
1317358232.333909988 4.76208295e+02 -1.18507567e+02 -7.80486749e+00 3.24957310e-03 -1.01905644e-02 -7.80634656e-01 -6.24896092e-01
1317358232.437994957 4.76166392e+02 -1.18182433e+02 -7.80000773e+00 4.22066545e-03 -1.00021044e-02 -7.62163722e-01 -6.47293291e-01
1317358232.542057037 4.76168524e+02 -1.17852188e+02 -7.80492537e+00 5.39132903e-03 -8.17988991e-03 -7.42823247e-01 -6.69415900e-01
1317358232.646121025 4.76204308e+02 -1.17545024e+02 -7.82928372e+00 7.01370688e-03 -7.96977566e-03 -7.23312272e-01 -6.90439460e-01
1317358232.750184059 4.76225067e+02 -1.17193139e+02 -7.83688863e+00 7.74482781e-03 -7.30671824e-03 -7.02063484e-01 -7.12034756e-01
1317358232.854247093 4.76259797e+02 -1.16846072e+02 -7.83854600e+00 7.77191690e-03 -7.39360591e-03 -6.80113987e-01 -7.33027896e-01
1317358232.958285093 4.76339568e+02 -1.16517897e+02 -7.85722879e+00 7.79588336e-03 -7.02385888e-03 -6.56934140e-01 -7.53874940e-01
1317358233.062275887 4.76436479e+02 -1.16141196e+02 -7.86257656e+00 6.98083429e-03 -8.26247772e-03 -6.33615136e-01 -7.73572788e-01
1317358233.166220903 4.76538403e+02 -1.15776002e+02 -7.85308482e+00 7.61482959e-03 -9.44197656e-03 -6.10618242e-01 -7.91832196e-01
1317358233.270139933 4.76645213e+02 -1.15398669e+02 -7.85175845e+00 9.87726245e-03 -9.47950947e-03 -5.87795809e-01 -8.08893482e-01
1317358233.374010086 4.76798270e+02 -1.15053385e+02 -7.85235772e+00 1.12516035e-02 -8.80599434e-03 -5.64722752e-01 -8.25156997e-01
1317358233.477807999 4.76995309e+02 -1.14680052e+02 -7.85115888e+00 1.06656445e-02 -1.12790746e-02 -5.43545774e-01 -8.39235973e-01
1317358233.581558943 4.77187692e+02 -1.14283754e+02 -7.84125925e+00 1.35286806e-02 -1.35912889e-02 -5.23839278e-01 -8.51601234e-01
1317358233.685286045 4.77398569e+02 -1.13892564e+02 -7.83987849e+00 1.66373983e-02 -1.28518519e-02 -5.04654052e-01 -8.63065649e-01
1317358233.789014101 4.77655546e+02 -1.13534635e+02 -7.87475254e+00 2.09660917e-02 -1.32845326e-02 -4.88038612e-01 -8.72469058e-01
1317358233.892751932 4.77937210e+02 -1.13129845e+02 -7.91173343e+00 2.24148434e-02 -1.31519890e-02 -4.70419542e-01 -8.82060120e-01
1317358233.996454000 4.78238617e+02 -1.12742649e+02 -7.94120565e+00 2.21016552e-02 -1.57067299e-02 -4.53352635e-01 -8.90918741e-01
1317358234.100122929 4.78583119e+02 -1.12334760e+02 -7.97938422e+00 2.16231462e-02 -1.89041506e-02 -4.40460762e-01 -8.97312314e-01
1317358234.203800917 4.78916923e+02 -1.11933500e+02 -7.98232174e+00 2.33432200e-02 -1.82100678e-02 -4.26704958e-01 -9.03906171e-01
1317358234.307455063 4.79267230e+02 -1.11516671e+02 -7.99875138e+00 2.59404869e-02 -1.66512729e-02 -4.13732883e-01 -9.09876326e-01
1317358234.411084890 4.79625477e+02 -1.11091706e+02 -8.01905043e+00 2.83216533e-02 -1.32326935e-02 -4.02559636e-01 -9.14859836e-01
1317358234.514692068 4.79998298e+02 -1.10675113e+02 -8.06567891e+00 3.00395360e-02 -1.00155509e-02 -3.95790413e-01 -9.17794783e-01
1317358234.618300915 4.80399974e+02 -1.10270689e+02 -8.08667990e+00 2.84128540e-02 -1.04670451e-02 -3.88583736e-01 -9.20915757e-01
1317358234.721955061 4.80811046e+02 -1.09859225e+02 -8.10349979e+00 2.83762996e-02 -1.15979300e-02 -3.82328515e-01 -9.23517829e-01
1317358234.825633049 4.81209212e+02 -1.09440547e+02 -8.11283368e+00 2.91313459e-02 -1.25112397e-02 -3.78594251e-01 -9.25019582e-01
1317358234.929311037 4.81633917e+02 -1.09000396e+02 -8.13148890e+00 3.03760931e-02 -1.33408473e-02 -3.75034729e-01 -9.26416897e-01
1317358235.033014059 4.82082160e+02 -1.08558172e+02 -8.15833483e+00 3.15283505e-02 -1.21178260e-02 -3.73447754e-01 -9.27036082e-01
1317358235.136742115 4.82514967e+02 -1.08126194e+02 -8.18105524e+00 3.28535533e-02 -9.21072550e-03 -3.72056709e-01 -9.27582671e-01
1317358235.240468979 4.82982161e+02 -1.07681912e+02 -8.20811673e+00 3.30076633e-02 -5.22244236e-03 -3.70726399e-01 -9.28140699e-01
1317358235.344196081 4.83466857e+02 -1.07232504e+02 -8.24283534e+00 3.36658648e-02 -2.59317662e-03 -3.69120702e-01 -9.28767889e-01
1317358235.447922945 4.83968912e+02 -1.06757771e+02 -8.25790463e+00 3.44987503e-02 -9.75181715e-04 -3.69104454e-01 -9.28746891e-01
1317358235.551697016 4.84471157e+02 -1.06269529e+02 -8.27235718e+00 3.73608967e-02 -1.57078155e-04 -3.69638632e-01 -9.28424160e-01
1317358235.655493975 4.84918186e+02 -1.05744216e+02 -8.28933647e+00 3.92753647e-02 9.43134617e-04 -3.72147339e-01 -9.27341854e-01
1317358235.759293079 4.85428241e+02 -1.05238430e+02 -8.30325459e+00 3.96190173e-02 1.33183595e-03 -3.72954834e-01 -9.27002293e-01
1317358235.863140106 4.85952112e+02 -1.04730211e+02 -8.32593063e+00 4.03305013e-02 8.12973615e-04 -3.73334195e-01 -9.26819491e-01
1317358235.967010021 4.86558854e+02 -1.04238432e+02 -8.33221328e+00 4.25966450e-02 1.29116302e-03 -3.72109978e-01 -9.27209805e-01
1317358236.070880890 4.87080880e+02 -1.03713623e+02 -8.34779831e+00 4.43178793e-02 1.10639468e-03 -3.73097269e-01 -9.26732501e-01
1317358236.174777031 4.87610228e+02 -1.03171857e+02 -8.36597979e+00 4.64850322e-02 5.85506026e-04 -3.74638708e-01 -9.26004664e-01
1317358236.278670073 4.88145024e+02 -1.02633949e+02 -8.37564348e+00 4.46254640e-02 -5.39695254e-04 -3.75503839e-01 -9.25745723e-01
1317358236.382515907 4.88775773e+02 -1.02107600e+02 -8.40050131e+00 4.40524433e-02 -1.34638141e-03 -3.76312590e-01 -9.25443896e-01
1317358236.486365080 4.89331474e+02 -1.01562162e+02 -8.41904347e+00 4.34834131e-02 -4.63746762e-04 -3.76644589e-01 -9.25336604e-01
1317358236.590235949 4.89894112e+02 -1.00990737e+02 -8.44277833e+00 4.37252438e-02 -2.03434860e-04 -3.76324112e-01 -9.25455685e-01
1317358236.694107056 4.90579799e+02 -1.00447183e+02 -8.48401082e+00 4.57723997e-02 -3.11044657e-03 -3.74335417e-01 -9.26157766e-01
1317358236.798002958 4.91160849e+02 -9.98808270e+01 -8.51237816e+00 4.68553052e-02 -5.12636659e-03 -3.75580511e-01 -9.25590396e-01
1317358236.901896954 4.91752188e+02 -9.92975766e+01 -8.53876061e+00 4.83552326e-02 -6.64468311e-03 -3.77046781e-01 -9.24907209e-01
1317358237.005790949 4.92528583e+02 -9.88392982e+01 -8.55542303e+00 5.00164696e-02 -4.85707283e-03 -3.72754745e-01 -9.26568217e-01
1317358237.109710932 4.93149264e+02 -9.82375343e+01 -8.58562818e+00 4.77130363e-02 -3.89462302e-03 -3.73713355e-01 -9.26308062e-01
1317358237.213606119 4.93779687e+02 -9.76413367e+01 -8.62192492e+00 4.79274245e-02 -3.09144580e-03 -3.75346421e-01 -9.25639492e-01
1317358237.317473888 4.94493318e+02 -9.70195290e+01 -8.64682437e+00 5.13059746e-02 -1.23342552e-03 -3.73629442e-01 -9.26157230e-01
1317358237.421345949 4.95127030e+02 -9.64109668e+01 -8.68021296e+00 5.12103277e-02 -1.22882825e-03 -3.75870926e-01 -9.25255121e-01
1317358237.525192976 4.95762169e+02 -9.57822588e+01 -8.71764936e+00 4.94239805e-02 -8.33375959e-04 -3.77032421e-01 -9.24880062e-01
1317358237.629039049 4.96399714e+02 -9.51354146e+01 -8.74923609e+00 4.93054237e-02 1.94786403e-03 -3.79765437e-01 -9.23765876e-01
1317358237.732886076 4.97160999e+02 -9.45401593e+01 -8.80197336e+00 4.82572190e-02 1.24926170e-03 -3.79266575e-01 -9.24027351e-01
1317358237.836685896 4.97819597e+02 -9.38795962e+01 -8.83563551e+00 4.73720760e-02 -4.08418322e-03 -3.82957827e-01 -9.22541332e-01
1317358237.940485954 4.98502985e+02 -9.32156177e+01 -8.90070585e+00 4.45125757e-02 -1.16092765e-02 -3.85957020e-01 -9.21369108e-01
1317358238.044307947 4.99306815e+02 -9.25799131e+01 -8.97193386e+00 4.10207602e-02 -1.98011517e-02 -3.82941665e-01 -9.22648846e-01
1317358238.148104906 5.00001351e+02 -9.18920108e+01 -9.03258015e+00 3.88103218e-02 -2.21406501e-02 -3.86027607e-01 -9.21404492e-01
1317358238.251903057 5.00686998e+02 -9.11919017e+01 -9.07252900e+00 3.86604244e-02 -2.10956486e-02 -3.87579971e-01 -9.20783422e-01
1317358238.355751991 5.01479949e+02 -9.05147259e+01 -9.11332990e+00 3.39018780e-02 -1.90214900e-02 -3.85473280e-01 -9.21899775e-01
1317358238.459598064 5.02174245e+02 -8.98140957e+01 -9.15072922e+00 3.34883345e-02 -1.41542511e-02 -3.88317721e-01 -9.20808089e-01
1317358238.563442945 5.02928258e+02 -8.91154757e+01 -9.19231665e+00 3.74534794e-02 -1.14081987e-02 -3.86060192e-01 -9.21642348e-01
1317358238.667313099 5.03609195e+02 -8.83830041e+01 -9.24008654e+00 3.95868558e-02 -8.12246029e-03 -3.86976586e-01 -9.21203576e-01
1317358238.771209002 5.04302504e+02 -8.76609705e+01 -9.27785298e+00 4.23289205e-02 -8.88193751e-03 -3.87864263e-01 -9.20701193e-01
1317358238.875128984 5.05045269e+02 -8.69856068e+01 -9.33788029e+00 4.01736643e-02 -1.24983457e-02 -3.85938650e-01 -9.21564554e-01
1317358238.979022980 5.05767610e+02 -8.62670068e+01 -9.38413135e+00 4.11601044e-02 -1.32376858e-02 -3.87175348e-01 -9.20991780e-01
1317358239.082916975 5.06476150e+02 -8.55680955e+01 -9.41099343e+00 4.07930525e-02 -1.28737520e-02 -3.86541354e-01 -9.21279532e-01
1317358239.186837912 5.07175424e+02 -8.48558160e+01 -9.44785631e+00 4.07865310e-02 -1.27597182e-02 -3.86942827e-01 -9.21112858e-01
1317358239.290756941 5.07877907e+02 -8.42361493e+01 -9.46297189e+00 4.03353426e-02 -1.46738830e-02 -3.84741239e-01 -9.22025985e-01
1317358239.394649982 5.08566379e+02 -8.35459497e+01 -9.49150984e+00 3.95661699e-02 -1.44623483e-02 -3.85906455e-01 -9.21575589e-01
1317358239.498543978 5.09251925e+02 -8.29142352e+01 -9.52474084e+00 3.77044962e-02 -1.52447827e-02 -3.84987452e-01 -9.22025287e-01
1317358239.602438927 5.09946205e+02 -8.22007744e+01 -9.55065451e+00 3.78474235e-02 -1.79935211e-02 -3.86317886e-01 -9.21413206e-01
1317358239.706335068 5.10650341e+02 -8.14887906e+01 -9.60334081e+00 3.87866039e-02 -1.82243758e-02 -3.87579103e-01 -9.20839785e-01
1317358239.810276031 5.11399541e+02 -8.07460618e+01 -9.65916352e+00 3.44143657e-02 -1.96148919e-02 -3.86809285e-01 -9.21308572e-01
1317358239.914266109 5.12120797e+02 -8.00014173e+01 -9.69979802e+00 3.46705720e-02 -1.69400918e-02 -3.88289670e-01 -9.20729123e-01
1317358240.018256903 5.12898493e+02 -7.91993219e+01 -9.79689255e+00 3.33999720e-02 -1.54068377e-02 -3.85159971e-01 -9.22116515e-01
1317358240.122200966 5.13629040e+02 -7.84646927e+01 -9.84412176e+00 3.30586365e-02 -1.67874643e-02 -3.84746700e-01 -9.22277227e-01
1317358240.226144075 5.14366635e+02 -7.77319228e+01 -9.92703797e+00 2.58639553e-02 -2.09912076e-02 -3.82661481e-01 -9.23287938e-01
1317358240.330086946 5.15104714e+02 -7.69753694e+01 -9.98275763e+00 2.72841816e-02 -2.11667528e-02 -3.83393298e-01 -9.22939392e-01
1317358240.433981895 5.15847522e+02 -7.62735086e+01 -9.99919572e+00 2.49150944e-02 -2.01649938e-02 -3.80475815e-01 -9.24235233e-01
1317358240.537851095 5.16566930e+02 -7.55338996e+01 -1.00351705e+01 2.56580248e-02 -1.95783907e-02 -3.80387161e-01 -9.24264010e-01
1317358240.641746998 5.17286745e+02 -7.48204382e+01 -1.00581563e+01 2.98717320e-02 -2.02798002e-02 -3.80088627e-01 -9.24245121e-01
1317358240.745641947 5.17991447e+02 -7.41257800e+01 -1.00826079e+01 3.66376609e-02 -1.79148762e-02 -3.79041169e-01 -9.24480682e-01
1317358240.849514008 5.18715452e+02 -7.34147828e+01 -1.01282256e+01 3.74188704e-02 -1.67258576e-02 -3.79131239e-01 -9.24434734e-01
1317358240.953408957 5.19393553e+02 -7.27947332e+01 -1.01917067e+01 3.62584048e-02 -1.53231584e-02 -3.78091287e-01 -9.24931082e-01
1317358241.057303905 5.20113145e+02 -7.20960638e+01 -1.02416277e+01 3.44264960e-02 -1.38286633e-02 -3.79190238e-01 -9.24574685e-01
1317358241.161197901 5.20848758e+02 -7.13461788e+01 -1.02682396e+01 3.37174281e-02 -1.20585438e-02 -3.80018607e-01 -9.24285445e-01
1317358241.265091896 5.21573928e+02 -7.05888027e+01 -1.02914512e+01 3.42216920e-02 -7.13267067e-03 -3.80981656e-01 -9.23921522e-01
1317358241.368984938 5.22267247e+02 -6.98539697e+01 -1.02985323e+01 3.63174975e-02 -3.11961104e-03 -3.83064696e-01 -9.23002029e-01
1317358241.472929001 5.22938392e+02 -6.91163462e+01 -1.03049331e+01 4.31434868e-02 7.33760211e-04 -3.83907064e-01 -9.22362980e-01
1317358241.576874018 5.23625611e+02 -6.83753637e+01 -1.03321234e+01 4.87576535e-02 2.56468529e-03 -3.85534073e-01 -9.21400886e-01
1317358241.680767059 5.24293632e+02 -6.76620644e+01 -1.04029014e+01 4.63622235e-02 1.47755690e-03 -3.86345426e-01 -9.21187046e-01
1317358241.784661055 5.24980121e+02 -6.69498219e+01 -1.04244781e+01 4.61520807e-02 2.30479895e-03 -3.87754673e-01 -9.20603599e-01
1317358241.888556957 5.25683969e+02 -6.62331981e+01 -1.04423544e+01 4.65432981e-02 1.01933575e-03 -3.90206784e-01 -9.19549535e-01
1317358241.992453098 5.26408567e+02 -6.56606347e+01 -1.05283279e+01 4.28206284e-02 -6.36835696e-03 -3.86622936e-01 -9.21221224e-01
1317358242.096365929 5.27147974e+02 -6.49435369e+01 -1.05569073e+01 4.34595965e-02 -7.77664987e-03 -3.89407723e-01 -9.20006746e-01
1317358242.200308084 5.27868393e+02 -6.42186485e+01 -1.05994974e+01 4.15330777e-02 -4.30523381e-03 -3.90996082e-01 -9.19444687e-01
1317358242.304279089 5.28614759e+02 -6.35354529e+01 -1.06340273e+01 3.75159270e-02 -7.54595791e-04 -3.89139963e-01 -9.20414078e-01
1317358242.408246040 5.29330671e+02 -6.28057113e+01 -1.06348231e+01 3.79458059e-02 2.94283476e-03 -3.89965095e-01 -9.20042760e-01
1317358242.512212992 5.30057659e+02 -6.20766922e+01 -1.06338199e+01 4.35416393e-02 6.74738747e-03 -3.90995676e-01 -9.19337250e-01
1317358242.616180897 5.30822804e+02 -6.13624237e+01 -1.07214440e+01 4.58499440e-02 2.67101796e-03 -3.90526965e-01 -9.19445125e-01
1317358242.720150948 5.31540105e+02 -6.06067116e+01 -1.07400544e+01 4.70385666e-02 1.17263611e-03 -3.90942593e-01 -9.19211557e-01
1317358242.824115992 5.32246382e+02 -5.98565316e+01 -1.07675659e+01 4.72004820e-02 -3.51903640e-04 -3.91234849e-01 -9.19079585e-01
1317358242.928056002 5.32977833e+02 -5.91573354e+01 -1.07850356e+01 3.95211811e-02 -4.01114628e-03 -3.88484182e-01 -9.20598733e-01
1317358243.031979084 5.33683042e+02 -5.84121514e+01 -1.07974064e+01 3.75762872e-02 -3.14941551e-03 -3.89600943e-01 -9.20211502e-01
1317358243.135899067 5.34419442e+02 -5.76784714e+01 -1.08626817e+01 3.16216468e-02 -6.58790568e-03 -3.86343851e-01 -9.21789076e-01
1317358243.239810944 5.35146797e+02 -5.69240654e+01 -1.08949259e+01 3.56008267e-02 -6.95428044e-03 -3.87339387e-01 -9.21223327e-01
1317358243.343729019 5.35889814e+02 -5.61464373e+01 -1.09267266e+01 3.92892773e-02 -6.90983235e-03 -3.88860444e-01 -9.20432595e-01
1317358243.447673082 5.36673194e+02 -5.54233636e+01 -1.09725762e+01 3.90854213e-02 -5.52384599e-03 -3.85781996e-01 -9.21745121e-01
1317358243.551615953 5.37427642e+02 -5.46537735e+01 -1.10263972e+01 3.91178094e-02 -6.15990228e-03 -3.86778140e-01 -9.21322160e-01
1317358243.655556917 5.38178400e+02 -5.38744503e+01 -1.10611566e+01 4.12602387e-02 -4.22130708e-03 -3.87260461e-01 -9.21036975e-01
1317358243.759500027 5.38984268e+02 -5.31326730e+01 -1.10801443e+01 3.37108566e-02 -5.35109161e-03 -3.86928006e-01 -9.21477977e-01
1317358243.863444090 5.39727797e+02 -5.23694236e+01 -1.11077058e+01 3.24317393e-02 -2.12021368e-03 -3.87859743e-01 -9.21145215e-01
1317358243.967410088 5.40473491e+02 -5.16316533e+01 -1.11398070e+01 2.29984573e-02 -6.61950594e-03 -3.87427791e-01 -9.21589366e-01
1317358244.071377993 5.41223831e+02 -5.08688697e+01 -1.11493690e+01 2.27654546e-02 -8.48478835e-03 -3.87261253e-01 -9.21649860e-01
1317358244.175322056 5.41951198e+02 -5.01062449e+01 -1.11662631e+01 2.31814789e-02 -1.03735771e-02 -3.86300602e-01 -9.22023239e-01
1317358244.279263973 5.42720618e+02 -4.94263120e+01 -1.11590404e+01 1.99222380e-02 -1.23718876e-02 -3.83508040e-01 -9.23239744e-01
1317358244.383207083 5.43454093e+02 -4.86588249e+01 -1.11771290e+01 2.44193743e-02 -1.03727875e-02 -3.83901842e-01 -9.22992673e-01
1317358244.487148046 5.44200709e+02 -4.79073866e+01 -1.11848559e+01 2.95550849e-02 -7.38142504e-03 -3.83227637e-01 -9.23151445e-01
1317358244.591089010 5.44938272e+02 -4.71518900e+01 -1.12208370e+01 3.27513562e-02 -7.24949180e-03 -3.85338176e-01 -9.22165540e-01
1317358244.694984913 5.45656842e+02 -4.63989824e+01 -1.12482725e+01 3.65445628e-02 -3.66768597e-03 -3.89158686e-01 -9.20438243e-01
1317358244.798880100 5.46361182e+02 -4.56550170e+01 -1.13184343e+01 4.08116882e-02 -2.00490785e-03 -3.91540612e-01 -9.19253140e-01
1317358244.902798891 5.47057375e+02 -4.49098763e+01 -1.13410082e+01 4.22089494e-02 8.03006044e-04 -3.92832170e-01 -9.18640651e-01
1317358245.006716967 5.47777887e+02 -4.41907388e+01 -1.13695286e+01 4.11764508e-02 -1.43306456e-03 -3.90616276e-01 -9.19631106e-01
1317358245.110658884 5.48471539e+02 -4.34383592e+01 -1.13876438e+01 4.44084371e-02 4.02642315e-04 -3.91260215e-01 -9.19207905e-01
1317358245.214626074 5.49162086e+02 -4.26719434e+01 -1.13856705e+01 4.98716592e-02 1.04165410e-03 -3.91161610e-01 -9.18969166e-01
1317358245.318571091 5.49966455e+02 -4.19716920e+01 -1.14355753e+01 4.44426917e-02 -4.36722444e-03 -3.87014312e-01 -9.20991692e-01
1317358245.422489882 5.50695377e+02 -4.12505503e+01 -1.14450297e+01 4.82486047e-02 -3.69323924e-03 -3.88017991e-01 -9.20380612e-01
1317358245.526408911 5.51394706e+02 -4.05147625e+01 -1.14752407e+01 4.86270850e-02 -2.66195179e-03 -3.89101294e-01 -9.19906791e-01
1317358245.630327940 5.52125353e+02 -3.98139823e+01 -1.15070659e+01 4.47780440e-02 -3.73361306e-03 -3.86514634e-01 -9.21188051e-01
1317358245.734247923 5.52813006e+02 -3.90933711e+01 -1.15388264e+01 4.48057883e-02 -2.42412489e-03 -3.88859752e-01 -9.20203596e-01
1317358245.838165998 5.53520645e+02 -3.83989536e+01 -1.15947374e+01 4.24691399e-02 -5.44242001e-03 -3.89762797e-01 -9.19919406e-01
1317358245.942061901 5.54216595e+02 -3.76622390e+01 -1.16288449e+01 4.45091731e-02 -8.21214613e-03 -3.91351255e-01 -9.19127678e-01
1317358246.045932055 5.54917874e+02 -3.69256918e+01 -1.16595005e+01 4.51525972e-02 -1.17025429e-02 -3.92549530e-01 -9.18547310e-01
1317358246.149801016 5.55637972e+02 -3.62237878e+01 -1.16858644e+01 4.07822488e-02 -1.63882279e-02 -3.92189910e-01 -9.18833668e-01
1317358246.253673077 5.56325187e+02 -3.54985865e+01 -1.17146723e+01 3.88600264e-02 -1.38223417e-02 -3.94758063e-01 -9.17858874e-01
1317358246.357542992 5.57007880e+02 -3.47715293e+01 -1.17401489e+01 3.58274217e-02 -5.05124394e-03 -3.97395394e-01 -9.16933903e-01
1317358246.461437941 5.57742451e+02 -3.41041419e+01 -1.17556458e+01 3.56083378e-02 3.99722245e-03 -3.94060759e-01 -9.18385641e-01
1317358246.565357924 5.58417818e+02 -3.33697483e+01 -1.17788005e+01 3.68005637e-02 7.64741809e-03 -3.95848638e-01 -9.17546234e-01
1317358246.669251919 5.59118444e+02 -3.26739886e+01 -1.18827466e+01 3.73717266e-02 1.88919285e-03 -3.92019006e-01 -9.19195781e-01
1317358246.773121119 5.59811285e+02 -3.19376798e+01 -1.18998458e+01 4.13068616e-02 -3.68701666e-04 -3.92270067e-01 -9.18922087e-01
1317358246.877019882 5.60515037e+02 -3.11979189e+01 -1.19274922e+01 4.23742106e-02 -2.05926265e-03 -3.93227632e-01 -9.18461875e-01
1317358246.980916023 5.61205391e+02 -3.05597069e+01 -1.19275578e+01 3.78574728e-02 -4.23160744e-03 -3.88400215e-01 -9.20703089e-01
1317358247.084784031 5.61881524e+02 -2.98589067e+01 -1.19563037e+01 3.76523666e-02 -3.53011640e-03 -3.88850079e-01 -9.20524553e-01
1317358247.188677073 5.62566861e+02 -2.91491479e+01 -1.19633580e+01 3.54719873e-02 -2.82464136e-03 -3.88349959e-01 -9.20824668e-01
1317358247.292573929 5.63225144e+02 -2.84683485e+01 -1.19730870e+01 3.37601967e-02 -1.77484238e-03 -3.89012881e-01 -9.20611795e-01
1317358247.396469116 5.63869498e+02 -2.77848520e+01 -1.19821920e+01 3.35910661e-02 7.84632877e-04 -3.91001500e-01 -9.19776523e-01
1317358247.500385046 5.64497312e+02 -2.70996043e+01 -1.19933306e+01 3.11410330e-02 -4.28831606e-05 -3.91765468e-01 -9.19537956e-01
1317358247.604304075 5.65149149e+02 -2.64151898e+01 -1.19955364e+01 3.05192656e-02 -1.35684027e-03 -3.92540279e-01 -9.19227318e-01
1317358247.708223104 5.65826031e+02 -2.58184181e+01 -1.20462296e+01 2.96012880e-02 -6.72438094e-03 -3.89085407e-01 -9.20701413e-01
1317358247.812139988 5.66462292e+02 -2.51575291e+01 -1.20470148e+01 3.12019666e-02 -8.37002421e-03 -3.88951826e-01 -9.20691510e-01
1317358247.916081905 5.67096086e+02 -2.44844967e+01 -1.20544950e+01 3.22174040e-02 -7.72529373e-03 -3.88776702e-01 -9.20736137e-01
1317358248.020047903 5.67723835e+02 -2.38076973e+01 -1.20683348e+01 3.23855362e-02 -3.55102629e-03 -3.90149183e-01 -9.20175082e-01
1317358248.123990059 5.68368721e+02 -2.33265454e+01 -1.21676682e+01 3.15809513e-02 -6.16975149e-03 -3.85545834e-01 -9.22127425e-01
1317358248.227910995 5.69020844e+02 -2.26583434e+01 -1.21955240e+01 2.90204960e-02 -3.77490507e-03 -3.86110225e-01 -9.21988316e-01
1317358248.331784964 5.69676787e+02 -2.19923585e+01 -1.21850395e+01 2.96042596e-02 -4.29313582e-03 -3.87865945e-01 -9.21230246e-01
1317358248.435632944 5.70378381e+02 -2.13625419e+01 -1.22367572e+01 3.09776263e-02 -8.20510685e-03 -3.87159048e-01 -9.21455878e-01
1317358248.539526939 5.71017111e+02 -2.06932517e+01 -1.22535098e+01 3.23881651e-02 -1.10477677e-02 -3.88910792e-01 -9.20639642e-01
1317358248.643445015 5.71652794e+02 -2.00385236e+01 -1.22762831e+01 3.26835780e-02 -1.22653137e-02 -3.90150072e-01 -9.20089271e-01
1317358248.747386932 5.72355413e+02 -1.94413819e+01 -1.23052992e+01 3.01053029e-02 -1.38674210e-02 -3.85735192e-01 -9.22013952e-01
1317358248.851331949 5.72981998e+02 -1.87908606e+01 -1.23361979e+01 3.13353119e-02 -1.31525713e-02 -3.85934124e-01 -9.21900190e-01
1317358248.955275059 5.73608690e+02 -1.81386982e+01 -1.23633750e+01 3.15267733e-02 -1.18272314e-02 -3.85843079e-01 -9.21949726e-01
1317358249.059215069 5.74245120e+02 -1.74848877e+01 -1.23862651e+01 3.30868091e-02 -1.15421366e-02 -3.85812214e-01 -9.21911589e-01
1317358249.163156986 5.74855803e+02 -1.68694997e+01 -1.24845559e+01 3.59834205e-02 -1.40601947e-02 -3.84958585e-01 -9.22124933e-01
1317358249.267124891 5.75492050e+02 -1.62259083e+01 -1.25247158e+01 3.86376793e-02 -1.25854860e-02 -3.85284521e-01 -9.21902692e-01
1317358249.371068001 5.76111272e+02 -1.55870611e+01 -1.25417039e+01 3.98644645e-02 -1.05730135e-02 -3.86295802e-01 -9.21452434e-01
1317358249.475011110 5.76725542e+02 -1.49521631e+01 -1.25711211e+01 4.17715301e-02 -8.98101365e-03 -3.86751136e-01 -9.21193812e-01
1317358249.578970909 5.77319029e+02 -1.43454279e+01 -1.26589292e+01 4.27393403e-02 -1.32113262e-02 -3.86874317e-01 -9.21046726e-01
1317358249.682913065 5.77930074e+02 -1.37072960e+01 -1.26951602e+01 4.42532187e-02 -1.48974737e-02 -3.87015465e-01 -9.20890193e-01
1317358249.786861897 5.78534104e+02 -1.30790795e+01 -1.27277438e+01 4.54611501e-02 -1.46616907e-02 -3.87312692e-01 -9.20710159e-01
1317358249.890829086 5.79131917e+02 -1.24699177e+01 -1.27606007e+01 4.75384797e-02 -1.05173161e-02 -3.89203870e-01 -9.19864026e-01
1317358249.994796991 5.79732378e+02 -1.18839038e+01 -1.27719952e+01 3.62615466e-02 -9.09839566e-03 -3.90342851e-01 -9.19910201e-01
1317358250.098763943 5.80366802e+02 -1.12313680e+01 -1.27960965e+01 4.01234839e-02 -7.02385279e-03 -3.90049743e-01 -9.19892369e-01
1317358250.202730894 5.80991826e+02 -1.05793649e+01 -1.28251797e+01 4.12294915e-02 -7.10078772e-03 -3.90373811e-01 -9.19705385e-01
1317358250.306674004 5.81643032e+02 -9.89113263e+00 -1.28596853e+01 4.02088945e-02 -6.70917545e-03 -3.90203003e-01 -9.19825988e-01
1317358250.410590887 5.82281993e+02 -9.22937208e+00 -1.28759469e+01 4.22792865e-02 -7.20741207e-03 -3.90757546e-01 -9.19493913e-01
1317358250.514509916 5.82899783e+02 -8.56382996e+00 -1.28926715e+01 4.45372334e-02 -7.59706694e-03 -3.91368533e-01 -9.19124252e-01
1317358250.618452072 5.83597561e+02 -7.88695445e+00 -1.29467991e+01 4.14935500e-02 -6.45256540e-03 -3.88891430e-01 -9.20326087e-01
1317358250.722394943 5.84229765e+02 -7.23068567e+00 -1.29589758e+01 4.32839181e-02 -6.22555422e-04 -3.89569441e-01 -9.19979220e-01
1317358250.826338053 5.84867297e+02 -6.55035346e+00 -1.29808584e+01 4.10162745e-02 2.68873078e-03 -3.93212548e-01 -9.18528349e-01
1317358250.930282116 5.85484566e+02 -5.88725437e+00 -1.29941451e+01 3.54391295e-02 -1.04840357e-03 -3.93398599e-01 -9.18684119e-01
1317358251.034224987 5.86114776e+02 -5.20016532e+00 -1.30082241e+01 3.56171417e-02 -3.21122740e-03 -3.94498689e-01 -9.18200355e-01
1317358251.138190985 5.86750290e+02 -4.52355612e+00 -1.30129806e+01 3.59389872e-02 -4.97617016e-03 -3.95539285e-01 -9.17732151e-01
1317358251.242156982 5.87400687e+02 -3.85622451e+00 -1.30685515e+01 2.92328171e-02 -9.13661808e-03 -3.94591645e-01 -9.18346012e-01
1317358251.346122980 5.88029068e+02 -3.16391206e+00 -1.30681765e+01 2.83499819e-02 -8.29754441e-03 -3.94751150e-01 -9.18313105e-01
1317358251.450088978 5.88661896e+02 -2.47973019e+00 -1.30745651e+01 3.03830460e-02 -7.08466078e-03 -3.94838773e-01 -9.18220573e-01
1317358251.554056883 5.89372519e+02 -1.88158786e+00 -1.32057336e+01 3.05340792e-02 -1.28611011e-02 -3.89203448e-01 -9.20555777e-01
1317358251.658000946 5.89991710e+02 -1.23691398e+00 -1.32390056e+01 3.19137152e-02 -1.22440167e-02 -3.89479665e-01 -9.20400559e-01
1317358251.761941910 5.90663395e+02 -6.55944772e-01 -1.32378111e+01 3.12972886e-02 -9.99016878e-03 -3.86857346e-01 -9.21554160e-01
1317358251.865907907 5.91291052e+02 -2.49841903e-02 -1.32437947e+01 3.27036985e-02 -9.19105305e-03 -3.86535529e-01 -9.21648674e-01
1317358251.969875097 5.91906840e+02 6.16226478e-01 -1.32700286e+01 3.66282705e-02 -6.52570452e-03 -3.86823668e-01 -9.21402863e-01
1317358252.073848009 5.92526547e+02 1.21937858e+00 -1.33502601e+01 3.88969325e-02 -7.71061609e-03 -3.85885059e-01 -9.21694253e-01
1317358252.177789927 5.93168290e+02 1.89295038e+00 -1.33840716e+01 4.02112554e-02 -1.09993369e-02 -3.86029275e-01 -9.21544068e-01
1317358252.281752110 5.93793776e+02 2.54480462e+00 -1.34148876e+01 4.35077862e-02 -1.17877632e-02 -3.86729071e-01 -9.21091063e-01
1317358252.385746956 5.94409639e+02 3.20319582e+00 -1.34581047e+01 4.13556071e-02 -1.02469718e-02 -3.85981276e-01 -9.21522202e-01
1317358252.489712000 5.95041975e+02 3.85052288e+00 -1.34913182e+01 4.22633752e-02 -9.07258035e-03 -3.86691321e-01 -9.21195591e-01
1317358252.593672037 5.95677585e+02 4.49880969e+00 -1.35000536e+01 3.74579310e-02 -1.06357367e-02 -3.87118295e-01 -9.21207474e-01
1317358252.697639942 5.96333161e+02 5.13147351e+00 -1.35285870e+01 2.95153956e-02 -1.31803869e-02 -3.85110377e-01 -9.22304243e-01
1317358252.801609993 5.96983034e+02 5.78758771e+00 -1.35439942e+01 2.67550607e-02 -1.25827920e-02 -3.84518300e-01 -9.22643765e-01
1317358252.905601025 5.97631405e+02 6.44682669e+00 -1.35617578e+01 2.22629763e-02 -1.45020866e-02 -3.84192757e-01 -9.22870508e-01
1317358253.009593010 5.98278981e+02 7.03196797e+00 -1.35864499e+01 2.05907220e-02 -1.88547467e-02 -3.81330765e-01 -9.24016974e-01
1317358253.113560915 5.98924959e+02 7.68547765e+00 -1.36391506e+01 2.53752315e-02 -1.94587756e-02 -3.81933725e-01 -9.23636337e-01
1317358253.217525959 5.99511124e+02 8.28847769e+00 -1.37209874e+01 3.28709192e-02 -1.60669915e-02 -3.80751947e-01 -9.23953088e-01
1317358253.321511030 6.00130443e+02 8.91829995e+00 -1.37913020e+01 3.32212997e-02 -1.64490608e-02 -3.80461947e-01 -9.24053289e-01
1317358253.425477982 6.00738644e+02 9.53659776e+00 -1.38487633e+01 3.28346519e-02 -1.53757091e-02 -3.80705289e-01 -9.23985366e-01
1317358253.529423952 6.01288645e+02 1.00869800e+01 -1.39096168e+01 3.80327519e-02 -1.20727114e-02 -3.80870032e-01 -9.23767167e-01
1317358253.633392096 6.01895947e+02 1.06986907e+01 -1.39489731e+01 3.65609611e-02 -9.91884989e-03 -3.80873203e-01 -9.23850916e-01
1317358253.737360001 6.02488117e+02 1.12616178e+01 -1.39404149e+01 2.79060413e-02 -1.35109961e-02 -3.80216542e-01 -9.24377676e-01
1317358253.841326952 6.03091559e+02 1.18478811e+01 -1.39621057e+01 2.73714608e-02 -1.30063156e-02 -3.81731362e-01 -9.23776383e-01
1317358253.945295095 6.03689699e+02 1.24481666e+01 -1.39820494e+01 3.17555250e-02 -1.11871738e-02 -3.84331968e-01 -9.22580822e-01
1317358254.049283981 6.04293393e+02 1.30766525e+01 -1.40166366e+01 3.39975893e-02 -1.07288899e-02 -3.85272467e-01 -9.22113974e-01
1317358254.153254032 6.04901197e+02 1.37101113e+01 -1.40488809e+01 3.80302660e-02 -6.84089385e-03 -3.85710493e-01 -9.21810347e-01
1317358254.257199049 6.05500923e+02 1.43502222e+01 -1.40657555e+01 4.35419537e-02 -4.35276892e-03 -3.85936971e-01 -9.21486737e-01
1317358254.361160994 6.06099485e+02 1.49789888e+01 -1.41063645e+01 4.43019144e-02 -2.92298982e-03 -3.86521103e-01 -9.21211286e-01
1317358254.465125084 6.06721951e+02 1.56130582e+01 -1.41247483e+01 4.85997772e-02 -2.03480976e-03 -3.89051125e-01 -9.19931054e-01
1317358254.569092035 6.07306238e+02 1.62375912e+01 -1.41587365e+01 4.88052209e-02 -4.65802422e-03 -3.90411535e-01 -9.19334100e-01
1317358254.673058987 6.07902532e+02 1.68566066e+01 -1.41892089e+01 4.77115469e-02 -8.95449743e-03 -3.91726422e-01 -9.18800215e-01
1317358254.777025938 6.08599626e+02 1.74066421e+01 -1.42205535e+01 3.94941778e-02 -1.68713175e-02 -3.84451366e-01 -9.22145713e-01
1317358254.881016016 6.09179699e+02 1.79972703e+01 -1.42661313e+01 3.90184272e-02 -1.22326732e-02 -3.84708286e-01 -9.22132018e-01
1317358254.985008001 6.09760073e+02 1.85916183e+01 -1.42931068e+01 3.67878654e-02 -7.24254243e-03 -3.85086796e-01 -9.22118408e-01
1317358255.088974953 6.10381893e+02 1.90939744e+01 -1.43105616e+01 2.65999921e-02 -8.49396320e-03 -3.80037352e-01 -9.24549568e-01
1317358255.192941904 6.10959861e+02 1.96830842e+01 -1.43328677e+01 3.13419795e-02 -5.20209462e-03 -3.80035660e-01 -9.24426047e-01
1317358255.296909094 6.11532797e+02 2.02748793e+01 -1.43568111e+01 3.65751402e-02 -6.22387883e-03 -3.79566073e-01 -9.24420423e-01
1317358255.400875092 6.12143164e+02 2.08509861e+01 -1.43708802e+01 4.16128865e-02 -6.16518827e-03 -3.78013356e-01 -9.24843912e-01
1317358255.504817009 6.12729865e+02 2.14462663e+01 -1.43808963e+01 4.45071409e-02 -5.24359192e-03 -3.78936748e-01 -9.24336822e-01
1317358255.608758926 6.13303674e+02 2.20437854e+01 -1.44076320e+01 4.59803482e-02 -2.32445556e-03 -3.79825170e-01 -9.23911925e-01
1317358255.712726116 6.13903083e+02 2.25957635e+01 -1.44250498e+01 4.49561000e-02 -2.89615959e-03 -3.77599048e-01 -9.24872705e-01
1317358255.816668987 6.14505989e+02 2.31858501e+01 -1.44496134e+01 4.69397538e-02 -2.23286647e-03 -3.78719365e-01 -9.24317757e-01
1317358255.920613050 6.15107127e+02 2.38000661e+01 -1.44659720e+01 4.75075611e-02 -2.22211639e-03 -3.79353795e-01 -9.24028567e-01
1317358256.024532080 6.15782902e+02 2.44138496e+01 -1.45155775e+01 4.07566826e-02 -8.16129529e-03 -3.79202383e-01 -9.24379705e-01
1317358256.128427982 6.16399095e+02 2.50244247e+01 -1.45458238e+01 3.95647466e-02 -8.34756820e-03 -3.80680450e-01 -9.23822138e-01
1317358256.232346058 6.17033285e+02 2.56436652e+01 -1.45749379e+01 3.88354408e-02 -9.32249788e-03 -3.81422727e-01 -9.23537548e-01
1317358256.336263895 6.17654884e+02 2.62718396e+01 -1.45970658e+01 4.14724060e-02 -8.11989300e-03 -3.81793810e-01 -9.23280886e-01
1317358256.440182924 6.18331310e+02 2.68882390e+01 -1.46000751e+01 3.67082791e-02 -7.35862965e-03 -3.81567715e-01 -9.23582390e-01
1317358256.544102907 6.18961153e+02 2.75344182e+01 -1.46207318e+01 3.37334301e-02 -4.83760079e-03 -3.82644349e-01 -9.23267001e-01
1317358256.647973061 6.19605268e+02 2.81745184e+01 -1.46546167e+01 2.74189547e-02 -4.51359158e-03 -3.84007378e-01 -9.22911784e-01
1317358256.751821041 6.20287910e+02 2.87880127e+01 -1.47386362e+01 2.16076650e-02 -1.02433546e-02 -3.84209228e-01 -9.22936320e-01
1317358256.855667114 6.20945755e+02 2.94510815e+01 -1.47817879e+01 2.60978268e-02 -1.13288696e-02 -3.86161519e-01 -9.21992322e-01
1317358256.959511995 6.21598051e+02 3.01197702e+01 -1.48138531e+01 2.73474352e-02 -1.50687167e-02 -3.88129234e-01 -9.21075865e-01
1317358257.063381910 6.22244871e+02 3.07897892e+01 -1.49107830e+01 2.76904586e-02 -2.19123230e-02 -3.86669849e-01 -9.21541923e-01
1317358257.167253017 6.22898816e+02 3.14710997e+01 -1.49707754e+01 2.80452972e-02 -2.12698723e-02 -3.88527502e-01 -9.20764592e-01
1317358257.271148920 6.23528283e+02 3.21500474e+01 -1.49738543e+01 2.88763341e-02 -1.62927940e-02 -3.90062675e-01 -9.20191182e-01
1317358257.375067949 6.24180943e+02 3.28425877e+01 -1.50005970e+01 2.92577292e-02 -9.50265960e-03 -3.90322695e-01 -9.20164050e-01
1317358257.478986979 6.24860241e+02 3.35352632e+01 -1.50312681e+01 2.79949914e-02 -5.82081597e-03 -3.92738591e-01 -9.19205525e-01
1317358257.582906961 6.25499298e+02 3.41904674e+01 -1.50436749e+01 2.55481630e-02 -6.83380749e-03 -3.93141078e-01 -9.19097755e-01
1317358257.686825037 6.26156101e+02 3.48956235e+01 -1.50778568e+01 3.43722103e-02 -7.02873295e-03 -3.91923462e-01 -9.19328640e-01
1317358257.790741920 6.26824250e+02 3.55919260e+01 -1.51213680e+01 3.87273550e-02 -8.62228548e-03 -3.92081927e-01 -9.19074323e-01
1317358257.894637108 6.27452424e+02 3.62118059e+01 -1.51377137e+01 3.36328592e-02 -1.33667124e-02 -3.90495147e-01 -9.19893310e-01
1317358257.998507977 6.28112394e+02 3.69129436e+01 -1.51860282e+01 3.18204044e-02 -1.38608709e-02 -3.90901361e-01 -9.19777943e-01
1317358258.102379084 6.28732214e+02 3.75679900e+01 -1.52430492e+01 3.54640570e-02 -1.10458825e-02 -3.87365931e-01 -9.21177466e-01
1317358258.206250906 6.29387602e+02 3.82516233e+01 -1.52820960e+01 3.40195807e-02 -9.72364876e-03 -3.87840573e-01 -9.21047126e-01
1317358258.310120106 6.30042484e+02 3.89338171e+01 -1.53115719e+01 3.48168664e-02 -8.99593951e-03 -3.88165344e-01 -9.20887900e-01
1317358258.414015055 6.30656457e+02 3.95649756e+01 -1.53518410e+01 3.28321094e-02 -1.19051375e-02 -3.86700777e-01 -9.21543721e-01
1317358258.517935038 6.31289586e+02 4.02482637e+01 -1.53895114e+01 3.61189075e-02 -1.24398250e-02 -3.87550533e-01 -9.21056599e-01
1317358258.621851921 6.31924990e+02 4.09284120e+01 -1.54278679e+01 3.69140806e-02 -1.10325400e-02 -3.88344681e-01 -9.20708446e-01
1317358258.725771904 6.32550097e+02 4.15356058e+01 -1.54367623e+01 3.40274084e-02 -1.02327855e-02 -3.88545179e-01 -9.20744302e-01
1317358258.829689980 6.33200440e+02 4.22044988e+01 -1.54547757e+01 3.42013546e-02 -5.09540134e-03 -3.89481302e-01 -9.20385039e-01
1317358258.933609009 6.33861512e+02 4.28669090e+01 -1.54849566e+01 3.72561098e-02 -4.97937695e-03 -3.88394259e-01 -9.20726391e-01
1317358259.037503958 6.34512756e+02 4.35381163e+01 -1.55213655e+01 3.68875404e-02 -5.53340388e-03 -3.88410214e-01 -9.20731338e-01
1317358259.141400099 6.35170186e+02 4.42041664e+01 -1.55414273e+01 3.61452724e-02 -9.65726898e-03 -3.89298041e-01 -9.20351722e-01
1317358259.245318890 6.35859820e+02 4.47846301e+01 -1.55839968e+01 3.00301161e-02 -1.45463265e-02 -3.86376409e-01 -9.21737417e-01
1317358259.349236012 6.36500388e+02 4.54411857e+01 -1.56147623e+01 2.99990231e-02 -1.45802717e-02 -3.86804961e-01 -9.21558135e-01
1317358259.453155041 6.37138718e+02 4.60934244e+01 -1.56475269e+01 2.86260068e-02 -1.56601167e-02 -3.86886331e-01 -9.21549933e-01
1317358259.557074070 6.37720246e+02 4.66938043e+01 -1.57042430e+01 2.27464927e-02 -1.91019900e-02 -3.86959204e-01 -9.21618297e-01
1317358259.660991907 6.38357103e+02 4.73514522e+01 -1.57524367e+01 2.21625964e-02 -1.96421183e-02 -3.87291785e-01 -9.21481459e-01
1317358259.764935017 6.38971693e+02 4.79758373e+01 -1.57859574e+01 2.42863219e-02 -2.11247301e-02 -3.86309797e-01 -9.21807280e-01
1317358259.868901968 6.39587653e+02 4.86106133e+01 -1.58075682e+01 2.41941281e-02 -2.10616145e-02 -3.86387501e-01 -9.21778581e-01
1317358259.972868919 6.40215266e+02 4.92505440e+01 -1.58270942e+01 2.75396559e-02 -1.76950066e-02 -3.85866723e-01 -9.21973604e-01
1317358260.076836109 6.40835185e+02 4.98316982e+01 -1.58551307e+01 2.61979361e-02 -1.50562371e-02 -3.83521921e-01 -9.23037331e-01
1317358260.180804014 6.41447875e+02 5.04772101e+01 -1.58664396e+01 2.74129065e-02 -1.42804114e-02 -3.82932988e-01 -9.23258863e-01
1317358260.284770012 6.42056379e+02 5.10883863e+01 -1.58892856e+01 2.80778162e-02 -1.61657758e-02 -3.83041064e-01 -9.23162958e-01
1317358260.388712883 6.42668802e+02 5.17152059e+01 -1.59095190e+01 3.18635665e-02 -1.64162215e-02 -3.83609061e-01 -9.22799712e-01
1317358260.492655039 6.43281612e+02 5.23433384e+01 -1.59514963e+01 3.44132427e-02 -1.67772478e-02 -3.83636865e-01 -9.22690094e-01
1317358260.596613884 6.43894509e+02 5.29614325e+01 -1.59832665e+01 3.18635426e-02 -1.72618338e-02 -3.83554683e-01 -9.22806886e-01
1317358260.700579882 6.44501454e+02 5.35166186e+01 -1.60502917e+01 2.74545416e-02 -1.89105114e-02 -3.82679412e-01 -9.23279540e-01
1317358260.804532051 6.45073437e+02 5.41165726e+01 -1.60811237e+01 2.78670430e-02 -1.82666683e-02 -3.82780383e-01 -9.23238287e-01
1317358260.908473969 6.45663653e+02 5.47372368e+01 -1.61193900e+01 3.42211680e-02 -1.73316319e-02 -3.83550775e-01 -9.22722780e-01
1317358261.012415886 6.46268786e+02 5.53556594e+01 -1.61583387e+01 3.80646115e-02 -1.96009914e-02 -3.83872190e-01 -9.22393098e-01
1317358261.116365910 6.46866193e+02 5.59349204e+01 -1.62799188e+01 4.12215663e-02 -2.12813650e-02 -3.81581020e-01 -9.23170521e-01
1317358261.220305920 6.47457010e+02 5.65371802e+01 -1.63033615e+01 4.39591038e-02 -1.89351027e-02 -3.82350513e-01 -9.22776866e-01
1317358261.324265957 6.48049890e+02 5.71360481e+01 -1.63416197e+01 4.73113176e-02 -1.45105205e-02 -3.82987918e-01 -9.22426874e-01
1317358261.428256989 6.48644030e+02 5.77496433e+01 -1.63937292e+01 5.44653071e-02 -9.29842758e-03 -3.82595672e-01 -9.22262230e-01
1317358261.532248020 6.49206065e+02 5.83304867e+01 -1.64159020e+01 5.86680441e-02 -6.69530099e-03 -3.82523421e-01 -9.22056975e-01
1317358261.636287928 6.49767256e+02 5.89155278e+01 -1.64389577e+01 6.06864769e-02 -6.22521843e-03 -3.81310929e-01 -9.22431772e-01
1317358261.740375042 6.50318086e+02 5.94429612e+01 -1.64876062e+01 5.05757974e-02 -1.12066831e-02 -3.80000407e-01 -9.23534617e-01
1317358261.844461918 6.50842916e+02 5.99806169e+01 -1.65249495e+01 5.43521791e-02 -1.30271885e-02 -3.78314641e-01 -9.23988185e-01
1317358261.948525906 6.51349435e+02 6.04996952e+01 -1.65511301e+01 5.71498451e-02 -1.49320125e-02 -3.76650906e-01 -9.24470132e-01
1317358262.052635908 6.51782578e+02 6.09156881e+01 -1.65763972e+01 5.55835431e-02 -1.44978277e-02 -3.75021767e-01 -9.25234542e-01
1317358262.156773090 6.52288348e+02 6.13971795e+01 -1.66167521e+01 5.32605774e-02 -1.07933660e-02 -3.72965441e-01 -9.26252446e-01
1317358262.260883093 6.52767976e+02 6.18501639e+01 -1.66524150e+01 5.01709581e-02 -8.59120120e-03 -3.69980999e-01 -9.27643858e-01
1317358262.365017891 6.53134983e+02 6.21380682e+01 -1.66999111e+01 4.90144424e-02 -7.27181875e-03 -3.65488996e-01 -9.29495831e-01
1317358262.469151020 6.53594221e+02 6.25619551e+01 -1.67156637e+01 4.85682039e-02 -7.75080357e-03 -3.61369494e-01 -9.31124666e-01
1317358262.573236942 6.54036751e+02 6.29644300e+01 -1.67367625e+01 4.78246336e-02 -9.79421400e-03 -3.58030322e-01 -9.32432929e-01
1317358262.677323103 6.54356396e+02 6.31556431e+01 -1.67478676e+01 3.70019421e-02 -1.58355507e-02 -3.51777560e-01 -9.35217964e-01
1317358262.781410933 6.54770781e+02 6.35187046e+01 -1.67579643e+01 3.58263777e-02 -1.59279923e-02 -3.49683076e-01 -9.36047283e-01
1317358262.885497093 6.55162952e+02 6.38643829e+01 -1.67676986e+01 3.68782846e-02 -1.48205954e-02 -3.47323283e-01 -9.36902812e-01
1317358262.989583969 6.55484115e+02 6.41086299e+01 -1.67664728e+01 3.25788880e-02 -1.72576076e-02 -3.41828721e-01 -9.39038826e-01
1317358263.093599081 6.55892586e+02 6.44177884e+01 -1.67969136e+01 2.93100692e-02 -1.64157821e-02 -3.38988920e-01 -9.40190382e-01
1317358263.197570086 6.56305241e+02 6.47150506e+01 -1.68120022e+01 2.42482490e-02 -1.50795848e-02 -3.37035900e-01 -9.41058675e-01
1317358263.301513910 6.56639598e+02 6.48717738e+01 -1.68150337e+01 2.08219795e-02 -1.54527178e-02 -3.32629544e-01 -9.42701037e-01
1317358263.405428886 6.57030441e+02 6.51863978e+01 -1.68239822e+01 2.23446074e-02 -1.24876325e-02 -3.32849331e-01 -9.42632537e-01
1317358263.509322882 6.57406693e+02 6.55207545e+01 -1.68425191e+01 2.60717602e-02 -1.11999560e-02 -3.34977763e-01 -9.41798664e-01
1317358263.613181114 6.57758026e+02 6.57691723e+01 -1.68874942e+01 2.43448362e-02 -1.28823177e-02 -3.34703766e-01 -9.41920784e-01
1317358263.717004061 6.58112720e+02 6.60355303e+01 -1.69003076e+01 2.10143139e-02 -1.53788952e-02 -3.38120448e-01 -9.40742500e-01
1317358263.820813894 6.58458542e+02 6.62965933e+01 -1.69051430e+01 1.80747418e-02 -1.89106929e-02 -3.42014566e-01 -9.39330467e-01
1317358263.924613953 6.58774609e+02 6.65670663e+01 -1.69089858e+01 1.63819928e-02 -2.10320781e-02 -3.46891061e-01 -9.37526465e-01
1317358264.028363943 6.59041469e+02 6.68980893e+01 -1.69230659e+01 1.43209362e-02 -2.15211079e-02 -3.54840937e-01 -9.34569239e-01
1317358264.132113934 6.59335661e+02 6.71837006e+01 -1.69366450e+01 1.56297958e-02 -2.02188992e-02 -3.62087306e-01 -9.31793801e-01
1317358264.235863924 6.59621397e+02 6.74787382e+01 -1.69532309e+01 1.74379903e-02 -1.87750827e-02 -3.69673181e-01 -9.28808458e-01
1317358264.339590073 6.59856328e+02 6.77501784e+01 -1.69888591e+01 1.61204153e-02 -1.72765623e-02 -3.77581933e-01 -9.25674638e-01
1317358264.443293095 6.60132230e+02 6.80277127e+01 -1.70013745e+01 1.29147592e-02 -1.65321711e-02 -3.86540842e-01 -9.22033662e-01
1317358264.546972990 6.60391852e+02 6.83033538e+01 -1.70081171e+01 1.06723857e-02 -1.61030725e-02 -3.95611257e-01 -9.18214858e-01
1317358264.650625944 6.60638091e+02 6.85684502e+01 -1.70097291e+01 1.03773938e-02 -1.69260884e-02 -4.06224148e-01 -9.13557748e-01
1317358264.754257917 6.60858521e+02 6.88510025e+01 -1.70030939e+01 1.07577744e-02 -1.72680672e-02 -4.18690115e-01 -9.07901245e-01
1317358264.857914925 6.61064670e+02 6.91341499e+01 -1.70132379e+01 9.05552293e-03 -1.84589575e-02 -4.32609450e-01 -9.01346952e-01
1317358264.961591959 6.61261546e+02 6.94382462e+01 -1.70178302e+01 9.06456972e-03 -1.86180655e-02 -4.48411547e-01 -8.93587313e-01
1317358265.065291882 6.61410017e+02 6.97153435e+01 -1.70185851e+01 1.13785397e-02 -1.95429107e-02 -4.64055528e-01 -8.85517403e-01
1317358265.169020891 6.61585879e+02 7.00040668e+01 -1.70237323e+01 1.40303243e-02 -1.85787322e-02 -4.79493901e-01 -8.77236331e-01
1317358265.272748947 6.61742985e+02 7.03013608e+01 -1.70404955e+01 1.35340708e-02 -1.94203648e-02 -4.94255075e-01 -8.68994591e-01
1317358265.376499891 6.61903042e+02 7.05975618e+01 -1.70524107e+01 1.22461843e-02 -2.05883513e-02 -5.08647797e-01 -8.60641371e-01
1317358265.480273962 6.62014380e+02 7.09025775e+01 -1.70593158e+01 9.05675008e-03 -2.05536303e-02 -5.23211621e-01 -8.51906757e-01
1317358265.584049940 6.62137483e+02 7.11992527e+01 -1.70577169e+01 9.50814492e-03 -2.10698144e-02 -5.37647679e-01 -8.42852675e-01
1317358265.687849045 6.62250917e+02 7.15116713e+01 -1.70696250e+01 1.04388166e-02 -2.07876461e-02 -5.52047085e-01 -8.33488405e-01
1317358265.791624069 6.62352767e+02 7.18155443e+01 -1.70773306e+01 1.09172083e-02 -2.09435394e-02 -5.66129847e-01 -8.23977657e-01
1317358265.895399094 6.62427711e+02 7.21606267e+01 -1.70904915e+01 1.11417039e-02 -2.17279539e-02 -5.78229236e-01 -8.15508865e-01
1317358265.999171019 6.62532807e+02 7.25016671e+01 -1.71030167e+01 1.07531539e-02 -2.28438662e-02 -5.92548276e-01 -8.05139161e-01
1317358266.102921963 6.62627242e+02 7.28500351e+01 -1.71229168e+01 9.71712187e-03 -2.38995010e-02 -6.06469302e-01 -7.94688226e-01
1317358266.206697941 6.62708501e+02 7.32113893e+01 -1.71350464e+01 8.65987631e-03 -2.51608090e-02 -6.20607153e-01 -7.83670021e-01
1317358266.310471058 6.62722268e+02 7.35875618e+01 -1.71506859e+01 8.61814160e-03 -2.71616449e-02 -6.33965890e-01 -7.72835831e-01
1317358266.414247036 6.62757284e+02 7.39818631e+01 -1.71653829e+01 8.53456508e-03 -2.55801987e-02 -6.48350316e-01 -7.60864431e-01
1317358266.518023968 6.62795794e+02 7.43923018e+01 -1.71760660e+01 7.50479524e-03 -2.40297829e-02 -6.62977614e-01 -7.48215832e-01
1317358266.621773958 6.62797137e+02 7.48306097e+01 -1.71906460e+01 4.87985892e-03 -2.42827032e-02 -6.77597361e-01 -7.35015887e-01
1317358266.725500107 6.62759021e+02 7.52568627e+01 -1.72276155e+01 3.07502759e-03 -2.58304502e-02 -6.91211626e-01 -7.22184063e-01
1317358266.829251051 6.62733060e+02 7.57101318e+01 -1.72398185e+01 7.35331220e-04 -2.65877986e-02 -7.06676193e-01 -7.07036991e-01
1317358266.933027029 6.62686023e+02 7.61689409e+01 -1.72451225e+01 -3.14468042e-04 -2.68894774e-02 -7.21693708e-01 -6.91689995e-01
1317358267.036801100 6.62574014e+02 7.66329265e+01 -1.72465056e+01 -6.32610683e-04 -2.91851671e-02 -7.37535449e-01 -6.74677173e-01
1317358267.140551090 6.62496122e+02 7.71034013e+01 -1.72687380e+01 -1.72366422e-03 -3.11268627e-02 -7.52534950e-01 -6.57814029e-01
1317358267.244302034 6.62390084e+02 7.75781943e+01 -1.72802037e+01 -3.09551930e-03 -3.22304253e-02 -7.67832234e-01 -6.39832226e-01
1317358267.348052025 6.62276126e+02 7.80337992e+01 -1.72836128e+01 -4.71130298e-03 -3.21978404e-02 -7.82756536e-01 -6.21476715e-01
1317358267.451778889 6.62143367e+02 7.84425358e+01 -1.73162117e+01 -5.55793786e-03 -3.53920173e-02 -7.96827715e-01 -6.03143521e-01
1317358267.555505991 6.61975858e+02 7.89153075e+01 -1.73268747e+01 -7.65563214e-03 -3.58137333e-02 -8.11349893e-01 -5.83412478e-01
1317358267.659256935 6.61793154e+02 7.93864890e+01 -1.73358495e+01 -9.62672691e-03 -3.72773798e-02 -8.25382060e-01 -5.63260312e-01
1317358267.763031960 6.61573896e+02 7.98599783e+01 -1.73331072e+01 -1.00992516e-02 -3.55830245e-02 -8.39503314e-01 -5.42094124e-01
1317358267.866830111 6.61305882e+02 8.03497170e+01 -1.73329812e+01 -1.07737988e-02 -3.42870649e-02 -8.53281976e-01 -5.20209758e-01
1317358267.970702887 6.60998901e+02 8.08373198e+01 -1.73374061e+01 -1.05718626e-02 -3.21001522e-02 -8.65882885e-01 -4.99103843e-01
1317358268.074620962 6.60669195e+02 8.13275373e+01 -1.73321627e+01 -1.19563288e-02 -3.34695336e-02 -8.76980997e-01 -4.79208898e-01
1317358268.178560972 6.60313117e+02 8.18144757e+01 -1.73386345e+01 -1.25930544e-02 -3.25367627e-02 -8.87274231e-01 -4.59920876e-01
1317358268.282576084 6.59975234e+02 8.22706036e+01 -1.73579772e+01 -1.17176264e-02 -3.29232462e-02 -8.95685082e-01 -4.43313649e-01
1317358268.386663914 6.59551318e+02 8.27737787e+01 -1.73561095e+01 -1.17412694e-02 -3.15707665e-02 -9.03379607e-01 -4.27516919e-01
1317358268.490823030 6.59078344e+02 8.33029249e+01 -1.73688640e+01 -1.21023136e-02 -2.95863790e-02 -9.09775047e-01 -4.13868993e-01
1317358268.595056057 6.58578048e+02 8.38333532e+01 -1.73717339e+01 -1.17907182e-02 -2.77547010e-02 -9.14836987e-01 -4.02695844e-01
1317358268.699335098 6.58001212e+02 8.43650240e+01 -1.74068332e+01 -1.37057144e-02 -2.98379507e-02 -9.19460915e-01 -3.91807958e-01
1317358268.803637028 6.57470139e+02 8.49006696e+01 -1.73953861e+01 -1.36678987e-02 -2.83874797e-02 -9.22364627e-01 -3.85033550e-01
1317358268.907962084 6.56919268e+02 8.54483259e+01 -1.73834145e+01 -1.35595483e-02 -2.68344385e-02 -9.24086208e-01 -3.80999649e-01
1317358269.012336016 6.56340617e+02 8.60018431e+01 -1.73901984e+01 -1.34781469e-02 -2.71263336e-02 -9.25003186e-01 -3.78750060e-01
1317358269.116710901 6.55776061e+02 8.65537421e+01 -1.73694246e+01 -1.30986211e-02 -2.61320629e-02 -9.25077879e-01 -3.78650841e-01
1317358269.221038103 6.55185442e+02 8.71169221e+01 -1.73615179e+01 -1.34412580e-02 -2.68812790e-02 -9.24974106e-01 -3.78839850e-01
1317358269.325341940 6.54590105e+02 8.77050990e+01 -1.73537675e+01 -1.35795645e-02 -2.76015338e-02 -9.24742059e-01 -3.79349279e-01
1317358269.429596901 6.54021037e+02 8.83074639e+01 -1.73304803e+01 -1.40070939e-02 -2.79065485e-02 -9.24187313e-01 -3.80661052e-01
1317358269.533802986 6.53380137e+02 8.89468771e+01 -1.73222289e+01 -1.58940767e-02 -2.92892250e-02 -9.23759073e-01 -3.81521553e-01
1317358269.638009071 6.52726285e+02 8.95919726e+01 -1.73113886e+01 -1.78769308e-02 -2.75700372e-02 -9.23495451e-01 -3.82199502e-01
1317358269.742166996 6.52054743e+02 9.02688669e+01 -1.73433657e+01 -1.59116547e-02 -2.47521360e-02 -9.23149640e-01 -3.83313049e-01
1317358269.846302032 6.51367981e+02 9.09414850e+01 -1.73273681e+01 -1.57555558e-02 -2.53118531e-02 -9.23111427e-01 -3.83374967e-01
1317358269.950436115 6.50657646e+02 9.16468407e+01 -1.73098866e+01 -1.52751394e-02 -2.60701956e-02 -9.22858904e-01 -3.83951114e-01
1317358270.054522991 6.49912249e+02 9.24119396e+01 -1.73134673e+01 -1.39896185e-02 -2.52243437e-02 -9.22541442e-01 -3.84818544e-01
1317358270.158561945 6.49177605e+02 9.31450131e+01 -1.73038029e+01 -1.46965458e-02 -2.24662929e-02 -9.22530909e-01 -3.84988311e-01
1317358270.262602091 6.48419467e+02 9.39008260e+01 -1.72879239e+01 -1.57254653e-02 -2.17513658e-02 -9.23024520e-01 -3.83803755e-01
1317358270.366617918 6.47622477e+02 9.46958533e+01 -1.72400363e+01 -1.70210492e-02 -2.11188247e-02 -9.23007578e-01 -3.83824557e-01
1317358270.470609903 6.46816375e+02 9.54911183e+01 -1.72129976e+01 -1.66641754e-02 -2.01995001e-02 -9.23210651e-01 -3.83401069e-01
1317358270.574600935 6.46002190e+02 9.63007501e+01 -1.71727210e+01 -1.59651743e-02 -2.01454087e-02 -9.23558226e-01 -3.82595711e-01
1317358270.678566933 6.45173615e+02 9.71264440e+01 -1.71478797e+01 -1.51563105e-02 -1.90255606e-02 -9.23963703e-01 -3.81705893e-01
1317358270.782531977 6.44334002e+02 9.79880452e+01 -1.71730373e+01 -1.37371517e-02 -2.18799441e-02 -9.23960931e-01 -3.81613361e-01
1317358270.886497021 6.43513724e+02 9.88023450e+01 -1.71468478e+01 -1.32290858e-02 -2.10298409e-02 -9.24064259e-01 -3.81428868e-01
1317358270.990466118 6.42664153e+02 9.96297609e+01 -1.71164953e+01 -1.32126283e-02 -2.04239882e-02 -9.24263178e-01 -3.80980136e-01
1317358271.094433069 6.41786870e+02 1.00480020e+02 -1.71414948e+01 -1.28754633e-02 -2.35618540e-02 -9.24542390e-01 -3.80132122e-01
1317358271.198373079 6.40888695e+02 1.01350822e+02 -1.71277538e+01 -1.22525109e-02 -2.31317441e-02 -9.24749451e-01 -3.79675191e-01
1317358271.302318096 6.39996838e+02 1.02222342e+02 -1.70954196e+01 -1.36058577e-02 -2.71009824e-02 -9.24684586e-01 -3.79524484e-01
1317358271.406260967 6.39121927e+02 1.03060931e+02 -1.71108395e+01 -1.42821133e-02 -3.22596742e-02 -9.25005733e-01 -3.78311681e-01
1317358271.510179043 6.38219300e+02 1.03948927e+02 -1.70868361e+01 -1.48392237e-02 -3.21359447e-02 -9.24987904e-01 -3.78344361e-01
1317358271.614098072 6.37276313e+02 1.04846936e+02 -1.70567485e+01 -1.43437900e-02 -3.29368498e-02 -9.25186870e-01 -3.77807723e-01
1317358271.718017101 6.36349567e+02 1.05756220e+02 -1.70863096e+01 -1.08606002e-02 -3.41890735e-02 -9.25613393e-01 -3.76766507e-01
1317358271.821934938 6.35449398e+02 1.06619137e+02 -1.70636108e+01 -9.89358622e-03 -3.44895054e-02 -9.25658360e-01 -3.76655270e-01
1317358271.925854921 6.34569976e+02 1.07466603e+02 -1.70496442e+01 -1.00428304e-02 -3.48548742e-02 -9.25823874e-01 -3.76210623e-01
1317358272.029772997 6.33708378e+02 1.08302981e+02 -1.70635119e+01 -7.16250665e-03 -2.75309685e-02 -9.26021899e-01 -3.76396317e-01
1317358272.133692026 6.32825528e+02 1.09162524e+02 -1.70477620e+01 -7.71241302e-03 -2.80454597e-02 -9.25884347e-01 -3.76685740e-01
1317358272.237587929 6.31940538e+02 1.10004094e+02 -1.70274055e+01 -8.22855490e-03 -2.80679887e-02 -9.25833754e-01 -3.76797477e-01
1317358272.341456890 6.31095616e+02 1.10768793e+02 -1.70626286e+01 -6.99774218e-03 -2.95250709e-02 -9.26181703e-01 -3.75854700e-01
1317358272.445327997 6.30202551e+02 1.11618524e+02 -1.70481601e+01 -7.15888150e-03 -3.02526565e-02 -9.25991840e-01 -3.76261397e-01
1317358272.549175978 6.29334787e+02 1.12472739e+02 -1.70370993e+01 -7.40648010e-03 -3.06067629e-02 -9.26196971e-01 -3.75722691e-01
1317358272.652997971 6.28450668e+02 1.13317375e+02 -1.70644596e+01 -5.55261056e-03 -3.10296143e-02 -9.26542986e-01 -3.74865877e-01
1317358272.756843090 6.27553906e+02 1.14178069e+02 -1.70554959e+01 -5.72531132e-03 -3.28227181e-02 -9.26292916e-01 -3.75328288e-01
1317358272.860691071 6.26643130e+02 1.15051657e+02 -1.70457797e+01 -6.26034956e-03 -3.29886975e-02 -9.26202911e-01 -3.75527257e-01
1317358272.964490891 6.25761075e+02 1.15911653e+02 -1.70337856e+01 -6.34853448e-03 -3.32289518e-02 -9.25977541e-01 -3.76060003e-01
1317358273.068288088 6.24881269e+02 1.16788853e+02 -1.70476359e+01 -5.60697851e-03 -3.17426258e-02 -9.26185020e-01 -3.75689070e-01
1317358273.172085047 6.24004267e+02 1.17641108e+02 -1.70445922e+01 -5.24260256e-03 -3.15381668e-02 -9.26166262e-01 -3.75757787e-01
1317358273.275886059 6.23119277e+02 1.18498092e+02 -1.70394768e+01 -5.02468558e-03 -3.23479831e-02 -9.26239388e-01 -3.75511594e-01
1317358273.379708052 6.22225965e+02 1.19341330e+02 -1.70337661e+01 -5.00359485e-03 -2.96816312e-02 -9.26441693e-01 -3.75232934e-01
1317358273.483505964 6.21366055e+02 1.20178694e+02 -1.70223434e+01 -5.55875411e-03 -3.00115062e-02 -9.26048170e-01 -3.76169106e-01
1317358273.587306023 6.20497797e+02 1.21023731e+02 -1.70113290e+01 -5.39470970e-03 -2.96242035e-02 -9.25686794e-01 -3.77090524e-01
1317358273.691129923 6.19621265e+02 1.21878362e+02 -1.70069510e+01 -4.08206376e-03 -3.08489053e-02 -9.25617053e-01 -3.77180000e-01
1317358273.794930935 6.18754404e+02 1.22649278e+02 -1.70301913e+01 -3.81652570e-03 -3.08647746e-02 -9.25948049e-01 -3.76368184e-01
1317358273.898705006 6.17875397e+02 1.23495748e+02 -1.70107508e+01 -5.00397892e-03 -3.28451049e-02 -9.25682122e-01 -3.76840508e-01
1317358274.002501965 6.17007259e+02 1.24326144e+02 -1.70005843e+01 -6.50002771e-03 -3.30186673e-02 -9.25368499e-01 -3.77572057e-01
1317358274.106300116 6.16129419e+02 1.25125922e+02 -1.69915503e+01 -7.77220690e-03 -3.44514335e-02 -9.25236828e-01 -3.77742642e-01
1317358274.210100889 6.15277978e+02 1.25958396e+02 -1.69712082e+01 -8.76527903e-03 -3.80486371e-02 -9.24899784e-01 -3.78200821e-01
1317358274.313924074 6.14421123e+02 1.26804395e+02 -1.69542383e+01 -8.81695336e-03 -4.05299913e-02 -9.24859710e-01 -3.78039811e-01
1317358274.417721987 6.13536500e+02 1.27633076e+02 -1.69690196e+01 -8.52464070e-03 -3.97220682e-02 -9.25222943e-01 -3.77242618e-01
1317358274.521495104 6.12671149e+02 1.28481394e+02 -1.69670042e+01 -8.25147328e-03 -4.00849440e-02 -9.25149448e-01 -3.77390525e-01
1317358274.625267982 6.11805222e+02 1.29323156e+02 -1.69610407e+01 -7.96284248e-03 -4.08807991e-02 -9.24917534e-01 -3.77879489e-01
1317358274.729018927 6.10955646e+02 1.30163110e+02 -1.69355463e+01 -9.02457347e-03 -3.61677571e-02 -9.25549402e-01 -3.76787413e-01
1317358274.832771063 6.10093662e+02 1.31013476e+02 -1.69280190e+01 -9.86237659e-03 -3.57433202e-02 -9.25621939e-01 -3.76628697e-01
1317358274.936523914 6.09232955e+02 1.31852124e+02 -1.69211001e+01 -9.68161289e-03 -3.57993607e-02 -9.25570867e-01 -3.76753557e-01
1317358275.040272951 6.08383314e+02 1.32684654e+02 -1.69112887e+01 -9.63665354e-03 -3.60492098e-02 -9.25514658e-01 -3.76868951e-01
1317358275.144027948 6.07537083e+02 1.33526027e+02 -1.68953661e+01 -1.03024984e-02 -3.62501602e-02 -9.25596540e-01 -3.76630892e-01
1317358275.247756958 6.06681160e+02 1.34377576e+02 -1.68847258e+01 -1.10010650e-02 -3.62933038e-02 -9.25755386e-01 -3.76216344e-01
1317358275.351476908 6.05826458e+02 1.35209230e+02 -1.68593532e+01 -1.17334054e-02 -3.69837108e-02 -9.25865999e-01 -3.75854604e-01
1317358275.455178976 6.04980283e+02 1.36017486e+02 -1.68472039e+01 -1.24316496e-02 -3.77312998e-02 -9.26166009e-01 -3.75017769e-01
1317358275.558881044 6.04134313e+02 1.36808772e+02 -1.68538558e+01 -9.13632719e-03 -3.14362802e-02 -9.26748215e-01 -3.74253968e-01
1317358275.662585974 6.03286955e+02 1.37626127e+02 -1.68424639e+01 -8.38105554e-03 -3.44188432e-02 -9.27044936e-01 -3.73273073e-01
1317358275.766288042 6.02437688e+02 1.38446916e+02 -1.68286567e+01 -7.09044858e-03 -3.64490866e-02 -9.27594224e-01 -3.71739351e-01
1317358275.869988918 6.01649763e+02 1.39076847e+02 -1.68435609e+01 -6.07516060e-03 -3.56844483e-02 -9.28587438e-01 -3.69344125e-01
1317358275.973691940 6.00795619e+02 1.39873380e+02 -1.68331170e+01 -5.92043407e-03 -3.56491245e-02 -9.29479854e-01 -3.67098475e-01
1317358276.077394962 5.99948066e+02 1.40659198e+02 -1.68197758e+01 -6.79247756e-03 -3.74224420e-02 -9.30398598e-01 -3.64570805e-01
1317358276.181097984 5.99098363e+02 1.41430781e+02 -1.68084502e+01 -7.79228086e-03 -3.81764581e-02 -9.31317765e-01 -3.62117465e-01
1317358276.284800053 5.98289566e+02 1.42099885e+02 -1.68514344e+01 -6.19081455e-03 -3.66384228e-02 -9.32412959e-01 -3.59479309e-01
1317358276.388504028 5.97437619e+02 1.42863026e+02 -1.68509928e+01 -6.06468784e-03 -3.62502456e-02 -9.33747717e-01 -3.56039801e-01
1317358276.492208004 5.96568546e+02 1.43630064e+02 -1.68551488e+01 -5.83426815e-03 -3.66049418e-02 -9.35438241e-01 -3.51541374e-01
1317358276.595911026 5.95693110e+02 1.44318880e+02 -1.68885594e+01 -3.75756523e-03 -3.39811431e-02 -9.37363243e-01 -3.46671767e-01
1317358276.699635983 5.94815312e+02 1.45062474e+02 -1.68902365e+01 -4.00055636e-03 -3.37857349e-02 -9.38654340e-01 -3.43177141e-01
1317358276.803385973 5.93940597e+02 1.45804384e+02 -1.68985225e+01 -3.81249113e-03 -3.13320492e-02 -9.39954395e-01 -3.39837465e-01
1317358276.907186031 5.93025574e+02 1.46467354e+02 -1.68821312e+01 -2.29768053e-03 -2.28215343e-02 -9.42128945e-01 -3.34465168e-01
1317358277.011032104 5.92124809e+02 1.47188038e+02 -1.68693592e+01 -2.00517269e-03 -2.08394288e-02 -9.42832018e-01 -3.32610106e-01
1317358277.114928961 5.91247773e+02 1.47877529e+02 -1.68432617e+01 -4.98866709e-03 -1.93792029e-02 -9.43552429e-01 -3.30618170e-01
1317358277.218823910 5.90377584e+02 1.48552305e+02 -1.68196257e+01 -8.09822322e-03 -1.73267030e-02 -9.44149230e-01 -3.28962666e-01
1317358277.322715998 5.89542885e+02 1.49156880e+02 -1.68127244e+01 -1.04487225e-02 -1.71386784e-02 -9.44782910e-01 -3.27081555e-01
1317358277.426635027 5.88661009e+02 1.49846286e+02 -1.67949737e+01 -9.95450460e-03 -1.67539254e-02 -9.45194190e-01 -3.25926613e-01
1317358277.530529976 5.87754288e+02 1.50529742e+02 -1.67791270e+01 -7.29261568e-03 -1.70152177e-02 -9.45550108e-01 -3.24949678e-01
1317358277.634427071 5.86974149e+02 1.51098905e+02 -1.67359259e+01 -6.21068959e-03 -1.93448937e-02 -9.45663062e-01 -3.24512827e-01
1317358277.738347054 5.86088843e+02 1.51783656e+02 -1.67270572e+01 -6.86300968e-03 -1.87827069e-02 -9.45838785e-01 -3.24020217e-01
1317358277.842263937 5.85219355e+02 1.52429026e+02 -1.67092743e+01 -6.45349368e-03 -1.70231129e-02 -9.45812894e-01 -3.24201382e-01
1317358277.946206093 5.84363126e+02 1.53076509e+02 -1.67047791e+01 -5.71412378e-03 -1.67942975e-02 -9.45550022e-01 -3.24993009e-01
1317358278.050198078 5.83563968e+02 1.53753979e+02 -1.66455435e+01 -5.19548546e-03 -1.63399178e-02 -9.44419143e-01 -3.28296353e-01
1317358278.154189110 5.82700426e+02 1.54431646e+02 -1.66335737e+01 -6.36863153e-04 -1.57522624e-02 -9.43349908e-01 -3.31424820e-01
1317358278.258177996 5.81857661e+02 1.55099756e+02 -1.66322921e+01 1.22377993e-03 -1.74202625e-02 -9.42145634e-01 -3.34748625e-01
1317358278.362190962 5.81101703e+02 1.55727217e+02 -1.66353732e+01 1.44690125e-03 -1.71395664e-02 -9.40599216e-01 -3.39082964e-01
1317358278.466181040 5.80268692e+02 1.56421798e+02 -1.66273886e+01 2.16499877e-03 -1.36293486e-02 -9.39271625e-01 -3.42897022e-01
1317358278.570147991 5.79433414e+02 1.57103395e+02 -1.66289491e+01 2.76053590e-03 -1.08098671e-02 -9.38024001e-01 -3.46390676e-01
1317358278.674113989 5.78616044e+02 1.57802941e+02 -1.66274548e+01 2.56598742e-03 -9.77015329e-03 -9.37360883e-01 -3.48213346e-01
1317358278.778081894 5.77892955e+02 1.58499633e+02 -1.66153330e+01 3.53831975e-03 -7.31252800e-03 -9.35407818e-01 -3.53477328e-01
1317358278.882050037 5.77064346e+02 1.59221200e+02 -1.66025622e+01 4.68314327e-03 -4.72890984e-03 -9.34099592e-01 -3.56950497e-01
1317358278.986017942 5.76235451e+02 1.59956834e+02 -1.65856238e+01 6.36215883e-03 -1.92466725e-03 -9.32692455e-01 -3.60611430e-01
1317358279.089984894 5.75416156e+02 1.60692701e+02 -1.65846406e+01 6.40755572e-03 -4.99688255e-04 -9.31235295e-01 -3.64361797e-01
1317358279.193974972 5.74652403e+02 1.61412983e+02 -1.66151851e+01 7.44006454e-03 7.35569298e-04 -9.29993516e-01 -3.67499884e-01
1317358279.297967911 5.73852581e+02 1.62160271e+02 -1.66106651e+01 5.83258152e-03 1.09435539e-03 -9.28652728e-01 -3.70902811e-01
1317358279.401910067 5.73056101e+02 1.62906414e+02 -1.66033938e+01 6.16056508e-03 3.11252245e-03 -9.27515357e-01 -3.73721315e-01
1317358279.505826950 5.72278133e+02 1.63675023e+02 -1.65789509e+01 7.35596042e-03 4.52360698e-03 -9.26899432e-01 -3.75210434e-01
1317358279.609721899 5.71534787e+02 1.64469329e+02 -1.66167445e+01 1.15748600e-02 3.15816707e-03 -9.25757070e-01 -3.77928427e-01
1317358279.713568926 5.70731542e+02 1.65272724e+02 -1.66147981e+01 1.14359906e-02 3.46615667e-03 -9.25724967e-01 -3.78008585e-01
1317358279.817415953 5.69921583e+02 1.66067978e+02 -1.66142143e+01 1.18179610e-02 4.81485157e-03 -9.25829071e-01 -3.77726996e-01
1317358279.921262026 5.69136931e+02 1.66848749e+02 -1.66211283e+01 8.96855683e-03 2.89067991e-03 -9.25545863e-01 -3.78518248e-01
1317358280.025110960 5.68338662e+02 1.67643505e+02 -1.66186322e+01 9.08513531e-03 3.59869927e-03 -9.25598194e-01 -3.78381411e-01
1317358280.128982067 5.67520993e+02 1.68453321e+02 -1.66194774e+01 9.47133635e-03 3.39535626e-03 -9.25776235e-01 -3.77937996e-01
1317358280.232826948 5.66693690e+02 1.69256002e+02 -1.66147538e+01 1.02151092e-02 5.22317323e-03 -9.25848913e-01 -3.77719685e-01
1317358280.336648941 5.65845017e+02 1.70114721e+02 -1.66885418e+01 8.66568926e-03 -2.78478230e-04 -9.25628317e-01 -3.78334570e-01
1317358280.440496922 5.65026548e+02 1.70924336e+02 -1.66817911e+01 9.22213492e-03 -3.17695942e-04 -9.25822017e-01 -3.77847118e-01
1317358280.544343948 5.64188730e+02 1.71739438e+02 -1.66722588e+01 9.42131874e-03 1.52579320e-04 -9.25787454e-01 -3.77926985e-01
1317358280.648164988 5.63321519e+02 1.72523310e+02 -1.67027573e+01 1.03890592e-02 1.97732566e-03 -9.25401173e-01 -3.78841426e-01
1317358280.751987934 5.62484723e+02 1.73341629e+02 -1.67135882e+01 1.03505653e-02 1.11414796e-03 -9.25710884e-01 -3.78088591e-01
1317358280.855838060 5.61648761e+02 1.74147382e+02 -1.67145862e+01 1.19521166e-02 3.14349796e-03 -9.26089997e-01 -3.77100229e-01
1317358280.959685087 5.60835493e+02 1.74936867e+02 -1.67030088e+01 1.11442157e-02 2.46466350e-03 -9.26033926e-01 -3.77267677e-01
1317358281.063504934 5.60001049e+02 1.75724774e+02 -1.67032886e+01 1.15360264e-02 2.68832514e-03 -9.26263811e-01 -3.76689588e-01
1317358281.167352915 5.59162382e+02 1.76521343e+02 -1.66969977e+01 1.31030317e-02 4.96167969e-03 -9.26611337e-01 -3.75759393e-01
1317358281.271199942 5.58306581e+02 1.77294496e+02 -1.67397940e+01 1.17568012e-02 2.07035201e-03 -9.27136941e-01 -3.74532486e-01
1317358281.375045061 5.57477048e+02 1.78090754e+02 -1.67443831e+01 1.11737302e-02 1.70520112e-03 -9.27463244e-01 -3.73743455e-01
1317358281.478915930 5.56649157e+02 1.78890632e+02 -1.67432876e+01 8.40085324e-03 -3.61873575e-03 -9.27510593e-01 -3.73684935e-01
1317358281.582787991 5.55810182e+02 1.79680326e+02 -1.67277399e+01 8.57739269e-03 -2.28917527e-03 -9.27484642e-01 -3.73755837e-01
1317358281.686657906 5.54983406e+02 1.80473493e+02 -1.67126691e+01 1.03540721e-02 -9.70460366e-04 -9.27673065e-01 -3.73248624e-01
1317358281.790529013 5.54195669e+02 1.81286487e+02 -1.67152863e+01 9.96881688e-03 -4.94044130e-03 -9.27587666e-01 -3.73439870e-01
1317358281.894398928 5.53358087e+02 1.82061784e+02 -1.67101560e+01 9.85999636e-03 -4.37838589e-03 -9.27570773e-01 -3.73491729e-01
1317358281.998267889 5.52555521e+02 1.82840063e+02 -1.67162791e+01 8.62103583e-03 -2.69387439e-03 -9.27259816e-01 -3.74309570e-01
1317358282.102140903 5.51707248e+02 1.83642769e+02 -1.66925077e+01 1.09110459e-02 9.54895001e-04 -9.27352471e-01 -3.74028652e-01
1317358282.206037045 5.50879196e+02 1.84426325e+02 -1.66579170e+01 1.18460897e-02 3.35858229e-03 -9.27772444e-01 -3.72943270e-01
1317358282.309931040 5.50051265e+02 1.85209802e+02 -1.66437664e+01 1.33239927e-02 6.85619746e-03 -9.27830843e-01 -3.72700135e-01
1317358282.413800955 5.49240065e+02 1.85971801e+02 -1.66285919e+01 1.31701027e-02 6.31858238e-03 -9.28239822e-01 -3.71695381e-01
1317358282.517672062 5.48435429e+02 1.86735782e+02 -1.66235363e+01 1.39246786e-02 6.47191099e-03 -9.28456873e-01 -3.71122692e-01
1317358282.621542931 5.47611202e+02 1.87499036e+02 -1.66129082e+01 1.43180471e-02 7.32360515e-03 -9.28241685e-01 -3.71629833e-01
1317358282.725413084 5.46831020e+02 1.88242908e+02 -1.66186449e+01 1.35340220e-02 6.56529063e-03 -9.27526558e-01 -3.73454429e-01
1317358282.829282999 5.46018556e+02 1.89005500e+02 -1.66154291e+01 1.38406745e-02 8.07545472e-03 -9.27434072e-01 -3.73643233e-01
1317358282.933155060 5.45387413e+02 1.89725738e+02 -1.67212736e+01 1.03629110e-02 1.03301158e-03 -9.26042780e-01 -3.77274850e-01
1317358283.037050009 5.44599558e+02 1.90465436e+02 -1.67124900e+01 1.06362318e-02 1.84036718e-03 -9.26345061e-01 -3.76521330e-01
1317358283.140945911 5.43835312e+02 1.91206599e+02 -1.67090075e+01 9.40850815e-03 1.70211619e-03 -9.26174857e-01 -3.76973099e-01
1317358283.244839907 5.43117418e+02 1.91919581e+02 -1.67471672e+01 7.41933407e-03 -2.41871256e-03 -9.26204837e-01 -3.76939920e-01
1317358283.348758936 5.42339437e+02 1.92677619e+02 -1.67443662e+01 6.43962642e-03 -3.23167606e-03 -9.25972259e-01 -3.77522799e-01
1317358283.452652931 5.41610577e+02 1.93408727e+02 -1.67455657e+01 5.69500965e-03 -7.81422546e-03 -9.26111047e-01 -3.77127079e-01
1317358283.556545973 5.40844233e+02 1.94143405e+02 -1.67389095e+01 7.73332250e-03 -6.21056730e-03 -9.26297622e-01 -3.76662104e-01
1317358283.660464048 5.40071531e+02 1.94890561e+02 -1.67426963e+01 9.15696029e-03 -6.02924955e-03 -9.26360551e-01 -3.76478323e-01
1317358283.764384031 5.39331529e+02 1.95645059e+02 -1.67580601e+01 1.06095482e-02 -2.73284270e-03 -9.26363660e-01 -3.76470900e-01
1317358283.868279934 5.38565137e+02 1.96395540e+02 -1.67620169e+01 1.04464443e-02 3.01879881e-04 -9.26583036e-01 -3.75945019e-01
1317358283.972173929 5.37774024e+02 1.97148319e+02 -1.67918636e+01 1.29076846e-02 3.61979140e-04 -9.26215831e-01 -3.76772470e-01
1317358284.076069117 5.36997981e+02 1.97882780e+02 -1.67942382e+01 1.39294581e-02 2.30070687e-03 -9.26341616e-01 -3.76419828e-01
1317358284.179939985 5.36232031e+02 1.98618061e+02 -1.67999145e+01 1.39462802e-02 4.68594061e-03 -9.26472311e-01 -3.76075259e-01
1317358284.283834934 5.35479169e+02 1.99359029e+02 -1.68045605e+01 1.28607074e-02 2.79125027e-03 -9.25908721e-01 -3.77518016e-01
1317358284.387729883 5.34720574e+02 2.00095470e+02 -1.68015600e+01 1.42869349e-02 5.94741545e-03 -9.26087780e-01 -3.76990631e-01
1317358284.491624117 5.34001841e+02 2.00798533e+02 -1.68148801e+01 1.08819638e-02 1.01192043e-03 -9.25983037e-01 -3.77406907e-01
1317358284.595566034 5.33264494e+02 2.01528297e+02 -1.68147542e+01 1.13976119e-02 2.31778422e-03 -9.26077984e-01 -3.77152874e-01
1317358284.699510098 5.32524082e+02 2.02252419e+02 -1.68113973e+01 1.24285297e-02 2.78132412e-03 -9.26228005e-01 -3.76748561e-01
1317358284.803430080 5.31772484e+02 2.02976183e+02 -1.68459620e+01 1.18014876e-02 -1.09040315e-03 -9.25927489e-01 -3.77515325e-01
1317358284.907372952 5.31030035e+02 2.03713129e+02 -1.68441063e+01 1.25630794e-02 -3.96014341e-04 -9.25709033e-01 -3.78027510e-01
1317358285.011338949 5.30295786e+02 2.04417101e+02 -1.68687911e+01 1.32725812e-02 -3.32039713e-03 -9.25216351e-01 -3.79193245e-01
1317358285.115304947 5.29558177e+02 2.05136456e+02 -1.68708690e+01 1.33511248e-02 -3.37239542e-03 -9.25069277e-01 -3.79548688e-01
1317358285.219247103 5.28808236e+02 2.05847987e+02 -1.68722736e+01 1.16008549e-02 -5.06648509e-04 -9.24902720e-01 -3.80026476e-01
1317358285.323191881 5.28069236e+02 2.06578793e+02 -1.68798833e+01 1.16957462e-02 1.89861441e-03 -9.25170358e-01 -3.79367123e-01
1317358285.427134037 5.27333669e+02 2.07290330e+02 -1.68825328e+01 1.19122978e-02 4.38025459e-03 -9.25394799e-01 -3.78791997e-01
1317358285.531053066 5.26580922e+02 2.08001923e+02 -1.68972032e+01 1.10560332e-02 2.33759672e-03 -9.25109639e-01 -3.79531889e-01
1317358285.634994984 5.25846177e+02 2.08723011e+02 -1.68931152e+01 1.20953592e-02 4.60054080e-03 -9.25057339e-01 -3.79606977e-01
1317358285.738936901 5.25135356e+02 2.09430182e+02 -1.69137398e+01 1.14438088e-02 -2.95213924e-03 -9.24804956e-01 -3.80257962e-01
1317358285.842856884 5.24416605e+02 2.10136897e+02 -1.69168166e+01 1.00307216e-02 -3.44464175e-03 -9.25137932e-01 -3.79482972e-01
1317358285.946774960 5.23708043e+02 2.10824278e+02 -1.69179613e+01 9.01710229e-03 -2.62440649e-03 -9.25606379e-01 -3.78371029e-01
1317358286.050693035 5.23016941e+02 2.11498692e+02 -1.69038220e+01 1.17055585e-02 2.40048468e-03 -9.25814292e-01 -3.77789775e-01
1317358286.154611111 5.22329836e+02 2.12147661e+02 -1.69153023e+01 1.21972829e-02 3.60650486e-03 -9.26147677e-01 -3.76946547e-01
1317358286.258506060 5.21679026e+02 2.12762706e+02 -1.69230045e+01 1.13434014e-02 2.14574202e-04 -9.26164266e-01 -3.76949644e-01
1317358286.362402916 5.20998700e+02 2.13401015e+02 -1.69168234e+01 1.16367934e-02 3.25885189e-03 -9.26225325e-01 -3.76776608e-01
1317358286.466346025 5.20350927e+02 2.14021596e+02 -1.69148324e+01 1.12336734e-02 6.13551559e-03 -9.26283240e-01 -3.76610568e-01
1317358286.570264101 5.19799674e+02 2.14626851e+02 -1.69568785e+01 7.44575847e-03 -3.52786150e-03 -9.25711970e-01 -3.78139476e-01
1317358286.674160004 5.19174690e+02 2.15240048e+02 -1.69438540e+01 8.69679886e-03 -3.96685619e-03 -9.26044557e-01 -3.77293133e-01
1317358286.778100967 5.18582635e+02 2.15843932e+02 -1.69405999e+01 1.00504854e-02 -4.25088703e-03 -9.25776988e-01 -3.77912538e-01
1317358286.882041931 5.17960716e+02 2.16451432e+02 -1.69445536e+01 9.28906018e-03 -4.22373175e-03 -9.25720578e-01 -3.78070477e-01
1317358286.985985041 5.17396256e+02 2.17003750e+02 -1.69534847e+01 8.40246333e-03 -7.43466028e-03 -9.25477285e-01 -3.78636923e-01
1317358287.089951992 5.16791679e+02 2.17584477e+02 -1.69586410e+01 8.70139330e-03 -6.47045405e-03 -9.25524416e-01 -3.78532659e-01
1317358287.193896055 5.16221776e+02 2.18153085e+02 -1.69621055e+01 8.54482805e-03 -5.81040054e-03 -9.25250173e-01 -3.79216748e-01
1317358287.297863007 5.15680164e+02 2.18687888e+02 -1.69864404e+01 8.25707833e-03 -4.65042374e-03 -9.24533421e-01 -3.80983133e-01
1317358287.401851892 5.15140579e+02 2.19218821e+02 -1.69880364e+01 7.36406877e-03 -3.10442564e-03 -9.24206271e-01 -3.81810032e-01
1317358287.505867958 5.14595279e+02 2.19748750e+02 -1.69788017e+01 6.65629922e-03 -2.57792680e-03 -9.23202008e-01 -3.84248747e-01
1317358287.609930992 5.14117397e+02 2.20256781e+02 -1.69747265e+01 7.50433993e-03 -2.86488085e-03 -9.21455622e-01 -3.88400584e-01
1317358287.713993073 5.13612070e+02 2.20791490e+02 -1.69675786e+01 8.61091058e-03 -3.38894266e-03 -9.19945708e-01 -3.91936554e-01
1317358287.818080902 5.13135119e+02 2.21305122e+02 -1.69535034e+01 9.87292540e-03 -2.01678169e-03 -9.18366629e-01 -3.95602315e-01
1317358287.922168016 5.12694451e+02 2.21802110e+02 -1.69551699e+01 9.14465727e-03 -2.09187846e-03 -9.17002580e-01 -3.98770945e-01
1317358288.026256084 5.12249140e+02 2.22293688e+02 -1.69492427e+01 8.91963726e-03 -2.09013075e-03 -9.15459673e-01 -4.02305430e-01
1317358288.130342007 5.11807976e+02 2.22772323e+02 -1.69382216e+01 8.05673547e-03 -9.05019664e-04 -9.13297194e-01 -4.07213096e-01
1317358288.234405041 5.11380402e+02 2.23261408e+02 -1.69374625e+01 7.41138574e-03 1.96709726e-04 -9.11353008e-01 -4.11558898e-01
1317358288.338466883 5.10957415e+02 2.23719857e+02 -1.69415814e+01 7.98351479e-03 -1.82856521e-04 -9.09100801e-01 -4.16499657e-01
1317358288.442504883 5.10559061e+02 2.24194176e+02 -1.69381572e+01 7.89076823e-03 -1.41644502e-03 -9.06744196e-01 -4.21604901e-01
1317358288.546518087 5.10183997e+02 2.24652847e+02 -1.69351593e+01 7.03161724e-03 -3.60765899e-03 -9.04647268e-01 -4.26087856e-01
1317358288.650507927 5.09875928e+02 2.25046546e+02 -1.69767566e+01 8.51858152e-03 -6.72531644e-03 -9.01218585e-01 -4.33228884e-01
1317358288.754476070 5.09504796e+02 2.25517163e+02 -1.69827336e+01 7.11517368e-03 -8.38296881e-03 -8.99090965e-01 -4.37623738e-01
1317358288.858418941 5.09154530e+02 2.25985833e+02 -1.69731612e+01 7.72625504e-03 -1.09432309e-02 -8.97428677e-01 -4.40956143e-01
1317358288.962312937 5.08818518e+02 2.26450768e+02 -1.69735833e+01 7.30596511e-03 -1.28323445e-02 -8.96542160e-01 -4.42712220e-01
1317358289.066205978 5.08539692e+02 2.26854116e+02 -1.69850635e+01 6.49386918e-03 -1.64532221e-02 -8.94824521e-01 -4.46067482e-01
1317358289.170125961 5.08205279e+02 2.27312493e+02 -1.69956151e+01 5.29425898e-03 -1.88540044e-02 -8.93626138e-01 -4.48384682e-01
1317358289.274023056 5.07874809e+02 2.27767587e+02 -1.69877641e+01 5.42866398e-03 -1.89615614e-02 -8.92197511e-01 -4.51214571e-01
1317358289.377918005 5.07599492e+02 2.28184422e+02 -1.69990177e+01 4.76142441e-03 -1.95617124e-02 -8.90045210e-01 -4.55427482e-01
1317358289.481836081 5.07291725e+02 2.28634633e+02 -1.70064457e+01 4.38064946e-03 -2.07185459e-02 -8.88473247e-01 -4.58439573e-01
1317358289.585777044 5.06985017e+02 2.29069755e+02 -1.70057346e+01 4.40493696e-03 -2.26729843e-02 -8.86739970e-01 -4.61691193e-01
1317358289.689718962 5.06691947e+02 2.29530789e+02 -1.70147786e+01 2.68009844e-03 -2.36307645e-02 -8.83162354e-01 -4.68464151e-01
1317358289.793663025 5.06405360e+02 2.29965845e+02 -1.70230960e+01 2.17750143e-03 -2.50062042e-02 -8.81339156e-01 -4.71816956e-01
1317358289.897629023 5.06109981e+02 2.30409632e+02 -1.70259344e+01 1.61204842e-03 -2.72065755e-02 -8.79626512e-01 -4.74883567e-01
1317358290.001596928 5.05842741e+02 2.30843529e+02 -1.70492914e+01 7.23589561e-04 -3.02989044e-02 -8.77209613e-01 -4.79150026e-01
1317358290.105591059 5.05573029e+02 2.31274230e+02 -1.70509076e+01 1.55686505e-04 -3.14622521e-02 -8.74827950e-01 -4.83410964e-01
1317358290.209606886 5.05339557e+02 2.31648571e+02 -1.70567886e+01 -3.98224863e-04 -3.22284717e-02 -8.73187132e-01 -4.86318209e-01
1317358290.313617945 5.05088663e+02 2.32044713e+02 -1.70669330e+01 -2.25972623e-04 -3.25242420e-02 -8.70659555e-01 -4.90809599e-01
1317358290.417632103 5.04847634e+02 2.32436729e+02 -1.70776304e+01 -5.36849736e-05 -3.32437300e-02 -8.67943701e-01 -4.95548769e-01
1317358290.521670103 5.04627737e+02 2.32809669e+02 -1.70800206e+01 -4.42956324e-04 -3.41181960e-02 -8.64994136e-01 -5.00620513e-01
1317358290.625734091 5.04474800e+02 2.33113387e+02 -1.70756748e+01 8.37015624e-05 -3.25602900e-02 -8.61390003e-01 -5.06899481e-01
1317358290.729798079 5.04258011e+02 2.33482546e+02 -1.70710027e+01 -4.20966271e-05 -3.24001172e-02 -8.57435617e-01 -5.13570242e-01
1317358290.833884001 5.04059208e+02 2.33821705e+02 -1.70749115e+01 -6.94320318e-05 -3.26762620e-02 -8.53477097e-01 -5.20104896e-01
1317358290.937994003 5.03925130e+02 2.34131340e+02 -1.70860782e+01 6.02206047e-04 -3.25592700e-02 -8.48939837e-01 -5.27485246e-01
1317358291.042104006 5.03768998e+02 2.34475458e+02 -1.70960725e+01 3.94774095e-04 -3.18693462e-02 -8.43803041e-01 -5.35705719e-01
1317358291.146239996 5.03616865e+02 2.34818474e+02 -1.70992428e+01 5.30191352e-04 -3.15101164e-02 -8.38142635e-01 -5.44539948e-01
1317358291.250421047 5.03530378e+02 2.35129936e+02 -1.71127680e+01 -1.28671495e-03 -3.30965728e-02 -8.31573245e-01 -5.54426641e-01
1317358291.354626894 5.03427702e+02 2.35437707e+02 -1.71191739e+01 3.07337173e-04 -3.39645103e-02 -8.24145102e-01 -5.65359327e-01
1317358291.458811045 5.03331606e+02 2.35728531e+02 -1.71289979e+01 7.59793822e-04 -3.56584907e-02 -8.16548773e-01 -5.76173581e-01
1317358291.562947989 5.03252407e+02 2.35994194e+02 -1.71336008e+01 2.11903358e-05 -3.79438128e-02 -8.09131592e-01 -5.86401171e-01
1317358291.667033911 5.03255896e+02 2.36181082e+02 -1.71357830e+01 -1.31759624e-03 -3.68503443e-02 -8.02285888e-01 -5.95800025e-01
1317358291.771073103 5.03188043e+02 2.36363605e+02 -1.71405332e+01 -7.00269271e-04 -3.60324110e-02 -7.96290332e-01 -6.03840112e-01
1317358291.875065088 5.03130995e+02 2.36500615e+02 -1.71403844e+01 -1.13388138e-03 -3.54804364e-02 -7.91204002e-01 -6.10521155e-01
1317358291.979007959 5.03112540e+02 2.36609586e+02 -1.71488589e+01 -1.18213712e-03 -3.57859095e-02 -7.87039066e-01 -6.15863199e-01
1317358292.082878113 5.03107665e+02 2.36687245e+02 -1.71466315e+01 -1.60954231e-03 -3.65300695e-02 -7.83491376e-01 -6.20325904e-01
1317358292.186675072 5.03112623e+02 2.36729453e+02 -1.71466566e+01 -2.06111592e-03 -3.69760604e-02 -7.81650196e-01 -6.22616650e-01
1317358292.290448904 5.03107075e+02 2.36739397e+02 -1.71380449e+01 -2.42066846e-03 -3.70237234e-02 -7.81010538e-01 -6.23414728e-01
1317358292.394248962 5.03138068e+02 2.36719991e+02 -1.71413813e+01 -1.96093921e-03 -3.46479308e-02 -7.80893524e-01 -6.23699430e-01
1317358292.498096943 5.03138766e+02 2.36695494e+02 -1.71396260e+01 -3.00109300e-03 -3.16276533e-02 -7.80758844e-01 -6.24024288e-01
1317358292.601943016 5.03141443e+02 2.36674582e+02 -1.71382399e+01 -4.76981497e-03 -3.00786527e-02 -7.80749638e-01 -6.24101374e-01
1317358292.705789089 5.03150298e+02 2.36674320e+02 -1.71420848e+01 -4.86855734e-03 -3.03514879e-02 -7.80813051e-01 -6.24008064e-01
1317358292.809659958 5.03189566e+02 2.36745354e+02 -1.71554687e+01 -5.65180230e-03 -3.11051345e-02 -7.80523335e-01 -6.24326718e-01
1317358292.913531065 5.03181656e+02 2.36745158e+02 -1.71566108e+01 -5.56139433e-03 -3.10363395e-02 -7.80610933e-01 -6.24221425e-01
1317358293.017426014 5.03181201e+02 2.36723487e+02 -1.71595309e+01 -5.60163660e-03 -3.09679193e-02 -7.80638734e-01 -6.24189696e-01
1317358293.121320009 5.03170104e+02 2.36704080e+02 -1.71626282e+01 -4.85265012e-03 -3.07434381e-02 -7.80854610e-01 -6.23936993e-01
1317358293.225214005 5.03154684e+02 2.36702851e+02 -1.71701102e+01 -4.64807984e-03 -3.06013295e-02 -7.82203881e-01 -6.22253198e-01
1317358293.329158068 5.03140297e+02 2.36677905e+02 -1.71700658e+01 -4.41024681e-03 -3.08896812e-02 -7.82255519e-01 -6.22175763e-01
1317358293.433100939 5.03119381e+02 2.36650869e+02 -1.71743708e+01 -4.24457715e-03 -3.10738079e-02 -7.82492397e-01 -6.21869801e-01
1317358293.537041903 5.03108941e+02 2.36622465e+02 -1.71768176e+01 -4.18964983e-03 -3.10503085e-02 -7.82578164e-01 -6.21763413e-01
1317358293.641007900 5.03074345e+02 2.36633276e+02 -1.71800188e+01 -4.31040058e-03 -3.21475687e-02 -7.82969580e-01 -6.21213805e-01
1317358293.744998932 5.03075149e+02 2.36607610e+02 -1.71812323e+01 -4.52326476e-03 -3.22508399e-02 -7.83122801e-01 -6.21013769e-01
1317358293.848989010 5.03076552e+02 2.36576548e+02 -1.71792297e+01 -4.67853123e-03 -3.20337264e-02 -7.83109156e-01 -6.21041063e-01
1317358293.952980995 5.03085709e+02 2.36626350e+02 -1.71758550e+01 -5.80492083e-03 -3.19198470e-02 -7.81842429e-01 -6.22631386e-01
1317358294.056997061 5.03087935e+02 2.36621946e+02 -1.71741964e+01 -5.94802584e-03 -3.19113593e-02 -7.81643270e-01 -6.22880474e-01
1317358294.161010981 5.03095220e+02 2.36629147e+02 -1.71706336e+01 -6.35334165e-03 -3.16743187e-02 -7.81092741e-01 -6.23578786e-01
1317358294.265048981 5.03087235e+02 2.36628709e+02 -1.71696878e+01 -5.82026294e-03 -3.15753779e-02 -7.80177498e-01 -6.24733696e-01
1317358294.369113922 5.03138474e+02 2.36738708e+02 -1.71625056e+01 -6.45323146e-03 -3.09696668e-02 -7.78357449e-01 -6.27023857e-01
1317358294.473177910 5.03135574e+02 2.36755074e+02 -1.71643716e+01 -6.50552495e-03 -3.10633543e-02 -7.77019850e-01 -6.28675511e-01
1317358294.577238083 5.03137652e+02 2.36771929e+02 -1.71668112e+01 -6.43030800e-03 -3.08859893e-02 -7.75282472e-01 -6.30826280e-01
1317358294.681324005 5.03131242e+02 2.36784573e+02 -1.71702833e+01 -6.17790390e-03 -2.98391640e-02 -7.73287934e-01 -6.33322373e-01
1317358294.785459042 5.03125764e+02 2.36893734e+02 -1.71691284e+01 -5.85286573e-03 -2.93787740e-02 -7.69889964e-01 -6.37473195e-01
1317358294.889619112 5.03112870e+02 2.36937151e+02 -1.71714516e+01 -6.24306847e-03 -2.84984429e-02 -7.66143357e-01 -6.42007181e-01
1317358294.993776083 5.03104732e+02 2.36988107e+02 -1.71743598e+01 -6.31692980e-03 -2.87159665e-02 -7.61458639e-01 -6.47546316e-01
1317358295.097960949 5.03094528e+02 2.37106527e+02 -1.71821082e+01 -5.41051976e-03 -2.93990703e-02 -7.55380202e-01 -6.54604592e-01
1317358295.202191114 5.03085550e+02 2.37202429e+02 -1.71849681e+01 -4.92472458e-03 -2.96998105e-02 -7.48718949e-01 -6.62203597e-01
1317358295.306421041 5.03083019e+02 2.37314290e+02 -1.71905953e+01 -4.41941967e-03 -2.97326968e-02 -7.41481007e-01 -6.70300195e-01
1317358295.410605907 5.03080855e+02 2.37439192e+02 -1.71957832e+01 -3.87167965e-03 -2.97386393e-02 -7.33585739e-01 -6.78934892e-01
1317358295.514787912 5.03083816e+02 2.37592406e+02 -1.72010754e+01 -3.37654553e-03 -2.98667433e-02 -7.24839461e-01 -6.88261819e-01
1317358295.618972063 5.03103141e+02 2.37765272e+02 -1.72034911e+01 -3.19493369e-03 -3.05251378e-02 -7.15694965e-01 -6.97738293e-01
1317358295.723104954 5.03112949e+02 2.37956340e+02 -1.72100516e+01 -3.14861603e-03 -3.08878618e-02 -7.07042734e-01 -7.06488923e-01
1317358295.827191114 5.03122281e+02 2.38163694e+02 -1.72178910e+01 -3.62266047e-03 -3.08219450e-02 -6.98837500e-01 -7.14606907e-01
1317358295.931231976 5.03134725e+02 2.38407133e+02 -1.72192492e+01 -2.85077712e-03 -3.00966132e-02 -6.90724614e-01 -7.22485692e-01
1317358296.035223007 5.03136709e+02 2.38658070e+02 -1.72287721e+01 -1.42975198e-03 -2.81641344e-02 -6.83881459e-01 -7.29047932e-01
1317358296.139236927 5.03146735e+02 2.38926183e+02 -1.72458528e+01 9.12217901e-04 -2.51735196e-02 -6.76537511e-01 -7.35977213e-01
1317358296.243321896 5.03170986e+02 2.39212478e+02 -1.72551013e+01 2.82242300e-03 -2.49465545e-02 -6.67986681e-01 -7.43749620e-01
1317358296.347433090 5.03203491e+02 2.39534082e+02 -1.72707543e+01 5.09107724e-03 -2.46117906e-02 -6.58347183e-01 -7.52294708e-01
1317358296.451543093 5.03299871e+02 2.39911601e+02 -1.72860723e+01 7.25440855e-03 -2.29649564e-02 -6.46719342e-01 -7.62347740e-01
1317358296.555676937 5.03368098e+02 2.40271371e+02 -1.73033772e+01 7.47569483e-03 -2.27748755e-02 -6.34851019e-01 -7.72262652e-01
1317358296.659858942 5.03455112e+02 2.40656140e+02 -1.73261336e+01 7.10766357e-03 -2.23296486e-02 -6.22289359e-01 -7.82436464e-01
1317358296.764044046 5.03572882e+02 2.41057651e+02 -1.73398277e+01 6.22462678e-03 -2.19061742e-02 -6.08895690e-01 -7.92923333e-01
1317358296.868226051 5.03760105e+02 2.41538028e+02 -1.73533953e+01 6.67723988e-03 -2.12780563e-02 -5.93399024e-01 -8.04599439e-01
1317358296.972409964 5.03930907e+02 2.42001171e+02 -1.73732488e+01 7.53562393e-03 -2.12430467e-02 -5.78251279e-01 -8.15547305e-01
1317358297.076545954 5.04125084e+02 2.42470043e+02 -1.73917984e+01 8.47969340e-03 -2.03588897e-02 -5.63267578e-01 -8.25980173e-01
1317358297.180632114 5.04419468e+02 2.42954032e+02 -1.74127418e+01 8.32444068e-03 -2.05712035e-02 -5.47338193e-01 -8.36617255e-01
1317358297.284668922 5.04667238e+02 2.43448473e+02 -1.74370813e+01 8.14806277e-03 -2.13956979e-02 -5.33398748e-01 -8.45554025e-01
1317358297.388683081 5.04947273e+02 2.43967435e+02 -1.74560404e+01 7.65748765e-03 -2.19510665e-02 -5.20380971e-01 -8.53617689e-01
1317358297.492650986 5.05263373e+02 2.44489791e+02 -1.74771533e+01 7.86064341e-03 -2.34695526e-02 -5.08428569e-01 -8.60748384e-01
1317358297.596546888 5.05631158e+02 2.45019882e+02 -1.75050147e+01 8.34181928e-03 -2.31375671e-02 -4.96812907e-01 -8.67509079e-01
1317358297.700417995 5.05962888e+02 2.45562836e+02 -1.75268549e+01 8.08623472e-03 -2.33947717e-02 -4.86428146e-01 -8.73369885e-01
1317358297.804287910 5.06312207e+02 2.46101337e+02 -1.75491158e+01 8.46418366e-03 -2.10056054e-02 -4.77487740e-01 -8.78346503e-01
1317358297.908158064 5.06690519e+02 2.46664035e+02 -1.75749425e+01 7.83826564e-03 -1.98527372e-02 -4.68367287e-01 -8.83276013e-01
1317358298.012026072 5.07085775e+02 2.47196971e+02 -1.76253981e+01 8.62603617e-03 -1.84950533e-02 -4.59108493e-01 -8.88145774e-01
1317358298.115921021 5.07503960e+02 2.47768469e+02 -1.76568041e+01 9.58679656e-03 -1.84628852e-02 -4.49733206e-01 -8.92920634e-01
1317358298.219816923 5.07936396e+02 2.48353915e+02 -1.76773963e+01 1.08002411e-02 -2.03124059e-02 -4.41432389e-01 -8.96999558e-01
1317358298.323713064 5.08421365e+02 2.48948456e+02 -1.77104873e+01 1.06764521e-02 -1.92170934e-02 -4.32987274e-01 -9.01131920e-01
1317358298.427582979 5.08844257e+02 2.49505079e+02 -1.77639090e+01 8.98721454e-03 -1.83242667e-02 -4.25869112e-01 -9.04554559e-01
1317358298.531403065 5.09359102e+02 2.50122638e+02 -1.77926592e+01 8.70603201e-03 -1.60297253e-02 -4.18818600e-01 -9.07886685e-01
1317358298.635179043 5.09882976e+02 2.50743990e+02 -1.78139426e+01 9.40118855e-03 -1.64526290e-02 -4.14000788e-01 -9.10079269e-01
1317358298.738918066 5.10434163e+02 2.51376784e+02 -1.78377188e+01 1.06617424e-02 -1.81665629e-02 -4.09504224e-01 -9.12065016e-01
1317358298.842622042 5.10956199e+02 2.51975489e+02 -1.78616086e+01 1.14153222e-02 -1.93089068e-02 -4.06198158e-01 -9.13509667e-01
1317358298.946312904 5.11530831e+02 2.52605521e+02 -1.78939996e+01 1.13096380e-02 -1.94350823e-02 -4.04313756e-01 -9.14343894e-01
1317358299.050019026 5.12112865e+02 2.53244210e+02 -1.79320308e+01 1.15726537e-02 -1.96044151e-02 -4.02526256e-01 -9.15125321e-01
1317358299.153722048 5.12656163e+02 2.53779439e+02 -1.79732871e+01 1.22339026e-02 -2.04270400e-02 -4.00350682e-01 -9.16052618e-01
1317358299.257446051 5.13243012e+02 2.54441310e+02 -1.80142942e+01 1.23234691e-02 -2.03882811e-02 -3.98962999e-01 -9.16657502e-01
1317358299.361196995 5.13862935e+02 2.55110589e+02 -1.80508889e+01 1.32353137e-02 -2.02102044e-02 -3.97143615e-01 -9.17438457e-01
1317358299.464971066 5.14492780e+02 2.55791623e+02 -1.80851624e+01 1.40017558e-02 -2.09073915e-02 -3.95073591e-01 -9.18304791e-01
1317358299.568769932 5.15057897e+02 2.56415205e+02 -1.81462991e+01 1.40686167e-02 -2.20029634e-02 -3.95275190e-01 -9.18191411e-01
1317358299.672569036 5.15725339e+02 2.57137283e+02 -1.81932152e+01 1.33266361e-02 -2.21688347e-02 -3.94080678e-01 -9.18711795e-01
