1317357761.935647964 0.00000000e+00 0.00000000e+00 0.00000000e+00 0.00000000e+00 0.00000000e+00 0.00000000e+00 1.00000000e+00
1317357762.039568901 3.54232966e-01 1.22032957e-02 4.54299653e-03 -4.41527275e-04 -1.94798345e-04 3.82081721e-04 9.99999811e-01
1317357762.143488884 8.22858810e-01 1.74191734e-02 8.54251355e-03 -9.52601932e-04 -3.25149824e-04 -3.88629323e-05 9.99999493e-01
1317357762.247406960 1.41637306e+00 9.92364226e-03 1.70007769e-02 -1.28707762e-03 -7.98101940e-04 -1.68795904e-03 9.99997429e-01
1317357762.351346970 1.93733553e+00 -1.12704314e-03 2.26570136e-02 -2.02992485e-03 -8.81241914e-04 -2.38148116e-03 9.99994716e-01
1317357762.455291033 2.43917433e+00 -7.41697306e-03 3.30053066e-02 -2.32164089e-03 -3.83147194e-04 -3.38557139e-03 9.99991501e-01
1317357762.559210062 2.98138085e+00 -5.72573239e-03 3.99824591e-02 -2.23711196e-03 2.99868148e-04 -4.51868167e-03 9.99987243e-01
1317357762.663129091 3.51561512e+00 -6.99291804e-03 4.47717630e-02 -2.45123296e-03 5.85892733e-04 -4.78208755e-03 9.99985390e-01
1317357762.767049074 4.02982011e+00 -7.01628668e-03 5.46345902e-02 -2.26503429e-03 3.93314876e-04 -4.89000853e-03 9.99985401e-01
1317357762.870966911 4.54914259e+00 -1.57191334e-02 6.35295728e-02 -2.12661388e-03 -7.47844908e-05 -5.69155028e-03 9.99981539e-01
1317357762.974884987 5.07595496e+00 -1.68386896e-02 7.20114378e-02 -1.24307743e-03 8.24376979e-05 -6.20475379e-03 9.99979974e-01
1317357763.078830004 5.61029121e+00 -2.88828903e-02 7.87117230e-02 -1.99617819e-03 3.02295099e-04 -6.84027885e-03 9.99974567e-01
1317357763.182771921 6.14453662e+00 -2.42801640e-02 8.16953297e-02 -2.36585767e-03 -1.13866535e-04 -7.53974336e-03 9.99968771e-01
1317357763.286695957 6.68389784e+00 -3.34044294e-02 8.61115257e-02 -1.83081226e-03 -4.44521924e-04 -7.93346211e-03 9.99966755e-01
1317357763.390639067 7.22422968e+00 -2.81855706e-02 9.29507296e-02 -2.20667146e-03 -6.22186204e-04 -8.17516216e-03 9.99963954e-01
1317357763.494574070 7.76325701e+00 -3.09415804e-02 1.06017094e-01 -3.30903917e-03 -8.34270314e-04 -8.79207341e-03 9.99955526e-01
1317357763.598541975 8.31938950e+00 -3.70682820e-02 1.13073057e-01 -2.80943735e-03 -9.82065224e-04 -1.01776879e-02 9.99943777e-01
1317357763.702558041 8.88091220e+00 -3.92400033e-02 1.17913183e-01 -3.71846492e-03 -9.96983461e-04 -1.19015739e-02 9.99921763e-01
1317357763.806549072 9.44998662e+00 -4.55170344e-02 1.35417743e-01 -2.79562235e-03 -1.27938578e-03 -1.37393246e-02 9.99900884e-01
1317357763.910563946 1.00298555e+01 -6.30288750e-02 1.49081692e-01 -2.51530276e-03 -1.36077295e-03 -1.59079633e-02 9.99869371e-01
1317357764.014601946 1.06319887e+01 -9.45154852e-02 1.41475847e-01 -4.77049185e-03 -9.80437148e-04 -1.94005366e-02 9.99799930e-01
1317357764.118614912 1.12222631e+01 -1.14157133e-01 1.48404882e-01 -5.62769737e-03 -6.22170481e-04 -2.23844820e-02 9.99733403e-01
1317357764.222655058 1.18162324e+01 -1.40133010e-01 1.60537373e-01 -4.94493682e-03 -8.36654915e-04 -2.55556241e-02 9.99660821e-01
1317357764.326694965 1.24244304e+01 -1.70591478e-01 1.69511778e-01 -3.55200964e-03 -1.25365706e-03 -2.87589060e-02 9.99579280e-01
1317357764.430711031 1.30599830e+01 -2.07712571e-01 1.85630017e-01 -3.59658556e-03 -1.48802226e-03 -3.13990599e-02 9.99499349e-01
1317357764.534748077 1.36933974e+01 -2.44374603e-01 1.88593432e-01 -4.81294635e-03 -2.42545800e-03 -3.46310486e-02 9.99385633e-01
1317357764.638786077 1.43255501e+01 -2.86914471e-01 2.06247717e-01 -6.49905072e-03 -3.68831791e-03 -3.78155169e-02 9.99256796e-01
1317357764.742799997 1.49944452e+01 -3.45645544e-01 2.23483166e-01 -6.05285206e-03 -3.44515952e-03 -4.06531010e-02 9.99149048e-01
1317357764.846813917 1.56683609e+01 -4.18223809e-01 2.25906294e-01 -4.07424724e-03 -2.62746777e-03 -4.32125801e-02 9.99054138e-01
1317357764.950808048 1.63417730e+01 -4.87313531e-01 2.34680882e-01 -1.24812671e-03 -7.44549470e-04 -4.57516883e-02 9.98951786e-01
1317357765.054775000 1.70669526e+01 -5.54245837e-01 2.43198951e-01 -1.29962961e-03 3.67664525e-04 -4.76863095e-02 9.98861448e-01
1317357765.158716917 1.77903622e+01 -6.17449641e-01 2.39975066e-01 -2.55443890e-04 6.21758521e-04 -4.90494796e-02 9.98796124e-01
1317357765.262635946 1.85267206e+01 -6.94822701e-01 2.41524317e-01 4.39837081e-05 -4.08563505e-04 -4.94039882e-02 9.98778793e-01
1317357765.366508007 1.92876333e+01 -7.84052881e-01 2.44882412e-01 2.98111835e-03 -1.08167632e-03 -4.75060960e-02 9.98865914e-01
1317357765.470330954 2.00598965e+01 -8.61286068e-01 2.48902143e-01 4.18866687e-03 -1.60891298e-03 -4.55618963e-02 9.98951440e-01
1317357765.574127913 2.08598929e+01 -9.25591759e-01 2.62398994e-01 3.63297917e-03 -1.62951113e-03 -4.18445249e-02 9.99116200e-01
1317357765.677880049 2.16693871e+01 -9.81413677e-01 2.78771581e-01 3.41430611e-03 -1.11494680e-03 -3.74643431e-02 9.99291510e-01
1317357765.781652927 2.24901249e+01 -1.03402411e+00 2.73323608e-01 4.87067203e-03 -2.47817693e-04 -3.23229375e-02 9.99465579e-01
1317357765.885476112 2.33331574e+01 -1.07410395e+00 2.77658462e-01 4.68636546e-03 1.59846450e-03 -2.73664991e-02 9.99613204e-01
1317357765.989300966 2.41621299e+01 -1.10743535e+00 2.77967149e-01 3.83767448e-03 2.35681291e-03 -2.35116592e-02 9.99713419e-01
1317357766.093147039 2.50054347e+01 -1.12784544e+00 2.85874065e-01 3.88763725e-03 3.14605580e-03 -2.02209672e-02 9.99783027e-01
1317357766.197015047 2.58530552e+01 -1.15679634e+00 2.91206199e-01 3.20661536e-03 3.51090390e-03 -1.73752546e-02 9.99837733e-01
1317357766.300884008 2.66954832e+01 -1.17486071e+00 2.93797108e-01 2.32779127e-03 3.80897121e-03 -1.47629548e-02 9.99881057e-01
1317357766.404755116 2.75199204e+01 -1.19731734e+00 3.02744626e-01 2.41540500e-03 3.81136930e-03 -1.23191943e-02 9.99913935e-01
1317357766.508626938 2.83509599e+01 -1.21014127e+00 3.13621491e-01 3.24266369e-03 3.58266869e-03 -9.89548335e-03 9.99939363e-01
1317357766.612523079 2.91978796e+01 -1.21419329e+00 3.18523558e-01 3.55120972e-03 3.58936169e-03 -7.85913896e-03 9.99956369e-01
1317357766.716417074 3.00340062e+01 -1.21911290e+00 3.26167762e-01 2.22898964e-03 3.92843989e-03 -5.67200263e-03 9.99973713e-01
1317357766.820334911 3.08645219e+01 -1.21305958e+00 3.28758183e-01 -1.52184658e-05 4.56941332e-03 -4.54305166e-03 9.99979240e-01
1317357766.924278021 3.16729314e+01 -1.21391880e+00 3.32393094e-01 -6.26978474e-04 4.67356865e-03 -3.96734445e-03 9.99981012e-01
1317357767.028222084 3.24896638e+01 -1.21694577e+00 3.42767643e-01 -1.21249027e-03 4.61375671e-03 -3.40812329e-03 9.99982814e-01
1317357767.132189989 3.33077581e+01 -1.20408947e+00 3.53556821e-01 -2.57260151e-03 4.05041482e-03 -3.04065117e-03 9.99983865e-01
1317357767.236156940 3.41077543e+01 -1.20059173e+00 3.54390964e-01 -2.38920950e-03 4.04415838e-03 -2.47329805e-03 9.99985910e-01
1317357767.340122938 3.49154253e+01 -1.19527076e+00 3.62399702e-01 -3.31559469e-03 4.20888473e-03 -1.80972654e-03 9.99984008e-01
1317357767.444091082 3.56857418e+01 -1.18180591e+00 3.74047823e-01 -4.16714126e-03 4.30215619e-03 -2.15295502e-03 9.99979745e-01
1317357767.548057079 3.64507938e+01 -1.17643901e+00 3.77877261e-01 -4.13150417e-03 4.37287362e-03 -1.72997963e-03 9.99980408e-01
1317357767.652046919 3.71978145e+01 -1.17019380e+00 3.84926018e-01 -4.77933984e-03 4.37104118e-03 -1.62707093e-03 9.99977702e-01
1317357767.756036043 3.79507276e+01 -1.16650066e+00 3.88847616e-01 -5.80144125e-03 4.43575351e-03 -1.58088276e-03 9.99972084e-01
1317357767.860024929 3.86791513e+01 -1.16232870e+00 3.97804230e-01 -7.19188953e-03 4.35753337e-03 -1.63706972e-03 9.99963304e-01
1317357767.964040995 3.94059434e+01 -1.15346621e+00 3.99550655e-01 -6.93474653e-03 4.62088657e-03 -2.43101503e-03 9.99962323e-01
1317357768.068082094 4.01226831e+01 -1.15069520e+00 4.11463497e-01 -9.19302968e-03 4.38833127e-03 -3.96655712e-03 9.99940247e-01
1317357768.172146082 4.07976607e+01 -1.13984747e+00 4.15844296e-01 -1.01607177e-02 4.05406708e-03 -5.83800266e-03 9.99923118e-01
1317357768.276232004 4.14576508e+01 -1.14389094e+00 4.25179766e-01 -1.08917680e-02 4.02484591e-03 -8.37104005e-03 9.99897543e-01
1317357768.380319118 4.21184683e+01 -1.14418791e+00 4.32429224e-01 -1.09152530e-02 4.14343197e-03 -1.08805841e-02 9.99872643e-01
1317357768.484381914 4.27586437e+01 -1.15152409e+00 4.38537889e-01 -1.15607434e-02 4.29545460e-03 -1.42749606e-02 9.99822046e-01
1317357768.588468075 4.34114728e+01 -1.17464943e+00 4.43870734e-01 -1.09848503e-02 4.50023475e-03 -1.80824315e-02 9.99766026e-01
1317357768.692553997 4.40156494e+01 -1.19310564e+00 4.51602591e-01 -1.16277933e-02 4.96019749e-03 -2.26667772e-02 9.99663147e-01
1317357768.796639919 4.46247703e+01 -1.22299101e+00 4.54542966e-01 -1.23790227e-02 4.96435912e-03 -2.78523487e-02 9.99523067e-01
1317357768.900774956 4.52360677e+01 -1.25261937e+00 4.55734911e-01 -1.20689703e-02 4.87172389e-03 -3.36793893e-02 9.99347940e-01
1317357769.004909992 4.57918405e+01 -1.29813219e+00 4.69954603e-01 -1.19723114e-02 4.98420138e-03 -4.02283151e-02 9.99106353e-01
1317357769.109019995 4.63839675e+01 -1.34356106e+00 4.75164622e-01 -1.10967146e-02 4.91134377e-03 -4.64010951e-02 9.98849178e-01
1317357769.213151932 4.69444675e+01 -1.40929283e+00 4.86586240e-01 -1.08383685e-02 5.30269097e-03 -5.41868256e-02 9.98457911e-01
1317357769.317287922 4.74859117e+01 -1.47509410e+00 4.83488616e-01 -1.11689247e-02 5.39595945e-03 -6.25320996e-02 9.97965869e-01
1317357769.421423912 4.80286506e+01 -1.53672891e+00 4.89397193e-01 -1.12194403e-02 5.52077011e-03 -7.10207139e-02 9.97396463e-01
1317357769.525608063 4.85437222e+01 -1.63671661e+00 5.05559647e-01 -1.23559955e-02 5.50465705e-03 -8.22977558e-02 9.96515985e-01
1317357769.629813910 4.90540088e+01 -1.73070311e+00 5.09873144e-01 -1.36990113e-02 5.23966911e-03 -9.38648325e-02 9.95476909e-01
1317357769.734045982 4.95583445e+01 -1.84457162e+00 5.15762809e-01 -1.39801291e-02 4.21628601e-03 -1.06758822e-01 9.94177717e-01
1317357769.838277102 5.00381747e+01 -1.97698499e+00 5.13885785e-01 -1.35716165e-02 3.26207822e-03 -1.20305162e-01 9.92638826e-01
1317357769.942506075 5.05023720e+01 -2.11014752e+00 5.22996195e-01 -1.31157877e-02 2.19179917e-03 -1.34367202e-01 9.90842383e-01
1317357770.046736002 5.09395130e+01 -2.26814676e+00 5.26717157e-01 -1.27329661e-02 1.42335738e-03 -1.49894465e-01 9.88618984e-01
1317357770.150990963 5.13681946e+01 -2.41736643e+00 5.32275991e-01 -1.28066201e-02 1.00182180e-03 -1.65906177e-01 9.86057872e-01
1317357770.255248070 5.18072206e+01 -2.58305146e+00 5.34467893e-01 -1.27355969e-02 1.41820379e-03 -1.82418731e-01 9.83137427e-01
1317357770.359503031 5.22194700e+01 -2.76371426e+00 5.36370420e-01 -1.28290603e-02 1.93965327e-03 -1.99463042e-01 9.79819447e-01
1317357770.463783026 5.26024372e+01 -2.95748577e+00 5.47671158e-01 -1.25645922e-02 2.47346171e-03 -2.17263875e-01 9.76028904e-01
1317357770.568058968 5.29740649e+01 -3.15529620e+00 5.56248617e-01 -1.25445824e-02 2.54079335e-03 -2.36093371e-01 9.71646076e-01
1317357770.672360897 5.33142824e+01 -3.36346677e+00 5.61219350e-01 -1.24218313e-02 2.35029758e-03 -2.55521979e-01 9.66720587e-01
1317357770.776640892 5.36458262e+01 -3.57668451e+00 5.73127868e-01 -1.21280995e-02 1.92755002e-03 -2.75302582e-01 9.61279190e-01
1317357770.880894899 5.39671694e+01 -3.81493416e+00 5.86523793e-01 -1.20999965e-02 1.26125876e-03 -2.95379183e-01 9.55302642e-01
1317357770.985147953 5.42685443e+01 -4.07061574e+00 5.91080388e-01 -1.06992406e-02 6.99723530e-04 -3.15672947e-01 9.48807476e-01
1317357771.089401960 5.45527732e+01 -4.32956023e+00 5.99577718e-01 -9.00556360e-03 1.17436245e-03 -3.36475773e-01 9.41648329e-01
1317357771.193634033 5.48278662e+01 -4.60059129e+00 6.04372446e-01 -7.69853765e-03 2.30955454e-03 -3.57144543e-01 9.34014547e-01
1317357771.297842026 5.50929124e+01 -4.86894790e+00 6.12024244e-01 -6.25546775e-03 3.64308573e-03 -3.78248358e-01 9.25675849e-01
1317357771.402050018 5.53340921e+01 -5.14042848e+00 6.22544871e-01 -5.46954111e-03 5.59978223e-03 -4.00098738e-01 9.16438610e-01
1317357771.506253958 5.55447504e+01 -5.42650078e+00 6.24830130e-01 -3.61348725e-03 7.21399608e-03 -4.22437223e-01 9.06356273e-01
1317357771.610436916 5.57404791e+01 -5.72969965e+00 6.27145110e-01 -2.00776556e-03 7.95615812e-03 -4.44212455e-01 8.95883901e-01
1317357771.714620113 5.59106245e+01 -6.04067492e+00 6.24151586e-01 -4.41280278e-04 7.65262114e-03 -4.66495828e-01 8.84490184e-01
1317357771.818825960 5.60844488e+01 -6.35703652e+00 6.28877499e-01 4.60558135e-05 6.96388351e-03 -4.89055424e-01 8.72224910e-01
1317357771.923011065 5.62553954e+01 -6.69666769e+00 6.31086067e-01 -1.75642220e-04 6.51071720e-03 -5.11835505e-01 8.59058785e-01
1317357772.027169943 5.64028852e+01 -7.05635480e+00 6.33920442e-01 -1.50818451e-03 6.35772849e-03 -5.34220425e-01 8.45319964e-01
1317357772.131328106 5.65608145e+01 -7.43808482e+00 6.36703720e-01 -3.66622570e-03 7.42296815e-03 -5.56244045e-01 8.30977750e-01
1317357772.235440016 5.66912319e+01 -7.84422401e+00 6.36436813e-01 -4.94003670e-03 7.87941159e-03 -5.77726020e-01 8.16177773e-01
1317357772.339500904 5.67923586e+01 -8.27881313e+00 6.38224627e-01 -5.15857356e-03 7.46261194e-03 -5.97639915e-01 8.01713309e-01
1317357772.443519115 5.68742042e+01 -8.72113125e+00 6.31776652e-01 -4.83218121e-03 7.76387162e-03 -6.15853382e-01 7.87807708e-01
1317357772.547439098 5.69518970e+01 -9.19803588e+00 6.24402245e-01 -3.76186851e-03 8.05479255e-03 -6.32065849e-01 7.74863685e-01
1317357772.651329994 5.70238277e+01 -9.69732998e+00 6.29242057e-01 -3.55998545e-03 9.18575924e-03 -6.46876545e-01 7.62531103e-01
1317357772.755202055 5.70655017e+01 -1.02067646e+01 6.32582403e-01 -3.17850578e-03 1.01946899e-02 -6.60417383e-01 7.50822779e-01
1317357772.859025002 5.71040413e+01 -1.07425781e+01 6.29280449e-01 -2.46176599e-03 1.02214145e-02 -6.72603568e-01 7.39928309e-01
1317357772.962822914 5.71395450e+01 -1.12926241e+01 6.33959998e-01 -2.06226791e-03 1.06065901e-02 -6.83449041e-01 7.29918253e-01
1317357773.066574097 5.71637149e+01 -1.18589146e+01 6.33950814e-01 -2.58014371e-03 1.01975896e-02 -6.93109852e-01 7.20755219e-01
1317357773.170277119 5.71726163e+01 -1.24447190e+01 6.27071785e-01 -4.29384079e-03 1.02632625e-02 -7.01383491e-01 7.12697290e-01
1317357773.273956060 5.71813798e+01 -1.30444627e+01 6.15398698e-01 -5.24454307e-03 1.06051979e-02 -7.08874932e-01 7.05234965e-01
1317357773.377633095 5.71702825e+01 -1.36629175e+01 6.02339741e-01 -4.42423424e-03 9.46560146e-03 -7.15394836e-01 6.98642295e-01
1317357773.481311083 5.71456827e+01 -1.42849038e+01 5.96066547e-01 -4.17388976e-03 9.47291365e-03 -7.20751326e-01 6.93116418e-01
1317357773.585012913 5.71099927e+01 -1.49486358e+01 5.93757910e-01 -3.83049980e-03 9.53872136e-03 -7.25992501e-01 6.87625791e-01
1317357773.688739061 5.70652135e+01 -1.56278651e+01 5.92144789e-01 -3.94122193e-03 9.17229106e-03 -7.31142095e-01 6.82152163e-01
1317357773.792490959 5.70063519e+01 -1.63322202e+01 5.98386689e-01 -3.91563582e-03 8.04781589e-03 -7.35195223e-01 6.77796345e-01
1317357773.896241903 5.69409262e+01 -1.70481292e+01 5.99349611e-01 -3.40689941e-03 6.35624833e-03 -7.38791357e-01 6.73895631e-01
1317357773.999944925 5.68556210e+01 -1.77760295e+01 5.94112377e-01 -2.08093014e-03 3.82760239e-03 -7.40926748e-01 6.71571719e-01
1317357774.103625059 5.67771055e+01 -1.85263871e+01 6.10134152e-01 -1.75250675e-03 3.35092644e-03 -7.41763389e-01 6.70651008e-01
1317357774.207304001 5.66925113e+01 -1.93165497e+01 5.97955505e-01 -6.21995776e-04 2.50403738e-03 -7.41981953e-01 6.70414890e-01
1317357774.311007977 5.66189169e+01 -2.00904998e+01 5.93636806e-01 1.54853171e-03 1.79262584e-03 -7.41161631e-01 6.71322445e-01
1317357774.414736032 5.65367321e+01 -2.09083729e+01 5.98470771e-01 2.59139612e-03 1.50315006e-03 -7.39857002e-01 6.72757491e-01
1317357774.518460989 5.64696360e+01 -2.17140005e+01 6.07829689e-01 3.08977879e-03 5.20719027e-04 -7.38056535e-01 6.74731601e-01
1317357774.622211933 5.64081367e+01 -2.25166107e+01 6.08646904e-01 2.34074021e-03 5.09674924e-04 -7.36918151e-01 6.75977736e-01
1317357774.725963116 5.63325712e+01 -2.33087355e+01 6.04961491e-01 3.29942062e-03 -4.39984933e-04 -7.35491026e-01 6.77526288e-01
1317357774.829714060 5.62618873e+01 -2.41242745e+01 6.02819664e-01 5.38717931e-03 -1.24286136e-03 -7.33912691e-01 6.79221316e-01
1317357774.933489084 5.61867314e+01 -2.49372115e+01 6.09367216e-01 7.53539064e-03 -9.00687189e-04 -7.32741398e-01 6.80464878e-01
1317357775.037261963 5.61240656e+01 -2.57463446e+01 6.09337505e-01 9.25122918e-03 -1.15866766e-04 -7.31254081e-01 6.82042426e-01
1317357775.141060114 5.60633160e+01 -2.65624856e+01 6.13516344e-01 1.11353068e-02 -2.00509770e-04 -7.29280499e-01 6.84124198e-01
1317357775.244883060 5.60106012e+01 -2.74037511e+01 6.14796656e-01 1.10204616e-02 7.19303182e-04 -7.28028964e-01 6.85457410e-01
1317357775.348706961 5.59883092e+01 -2.81947905e+01 6.20518481e-01 1.01952161e-02 3.87343856e-03 -7.26202807e-01 6.87394019e-01
1317357775.452555895 5.59658300e+01 -2.90001689e+01 6.12830950e-01 8.81699999e-03 7.06259940e-03 -7.24576408e-01 6.89101886e-01
1317357775.556399107 5.59339912e+01 -2.98123860e+01 5.99910370e-01 7.53026298e-03 8.97858529e-03 -7.22978048e-01 6.90771614e-01
1317357775.660221100 5.59008719e+01 -3.06076255e+01 5.81520900e-01 6.79791647e-03 7.78251808e-03 -7.21670052e-01 6.92160066e-01
1317357775.764066935 5.58699122e+01 -3.14332406e+01 5.84371388e-01 5.42266238e-03 4.88630305e-03 -7.20702641e-01 6.93205902e-01
1317357775.867938042 5.58464311e+01 -3.22748039e+01 5.94019961e-01 3.61562361e-03 2.94655922e-03 -7.19927403e-01 6.94033702e-01
1317357775.971812010 5.58254361e+01 -3.31020925e+01 5.94269358e-01 3.42048489e-03 2.37421816e-03 -7.19235938e-01 6.94753430e-01
1317357776.075683117 5.58060906e+01 -3.39239192e+01 5.91749496e-01 4.59553451e-03 2.72755112e-03 -7.18633100e-01 6.95368902e-01
1317357776.179550886 5.57758875e+01 -3.47393087e+01 5.92339965e-01 5.30747764e-03 2.31109865e-03 -7.18263069e-01 6.95747550e-01
1317357776.283446074 5.57549779e+01 -3.55726106e+01 6.01307256e-01 5.34517615e-03 2.30131977e-03 -7.18313171e-01 6.95695566e-01
1317357776.387341022 5.57413579e+01 -3.64105734e+01 6.13497825e-01 3.29184293e-03 3.34911232e-03 -7.18224372e-01 6.95795730e-01
1317357776.491235018 5.57262891e+01 -3.72622094e+01 6.07418799e-01 2.52085707e-03 3.85084838e-03 -7.18512150e-01 6.95499178e-01
1317357776.595177889 5.57046535e+01 -3.81307081e+01 6.10385846e-01 2.80129686e-03 3.76032931e-03 -7.18947775e-01 6.95048279e-01
1317357776.699121952 5.56762348e+01 -3.89850784e+01 6.06582782e-01 1.70306435e-03 3.23744666e-03 -7.19462679e-01 6.94521470e-01
1317357776.803040028 5.56430344e+01 -3.98586060e+01 6.02703987e-01 1.32092708e-04 2.14324769e-03 -7.20119770e-01 6.93846457e-01
1317357776.906960011 5.56069768e+01 -4.07329391e+01 6.16818137e-01 -4.35559767e-04 1.76391976e-03 -7.20373563e-01 6.93583902e-01
1317357777.010853052 5.55732584e+01 -4.16130945e+01 6.16974272e-01 -6.31856245e-05 1.26529486e-03 -7.20585141e-01 6.93365308e-01
1317357777.114747047 5.55508095e+01 -4.24893672e+01 6.23427626e-01 6.09664241e-05 -4.03109994e-04 -7.20980199e-01 6.92955544e-01
1317357777.218667984 5.55121522e+01 -4.33865989e+01 6.34566192e-01 3.50189403e-04 -8.14323891e-04 -7.21594516e-01 6.92315368e-01
1317357777.322609901 5.54821847e+01 -4.43097387e+01 6.29458113e-01 1.00820326e-04 1.27558972e-03 -7.22086611e-01 6.91801480e-01
1317357777.426552057 5.54402411e+01 -4.52489093e+01 6.38825524e-01 1.19500123e-03 1.11175064e-03 -7.22429931e-01 6.91442211e-01
1317357777.530471087 5.54075783e+01 -4.61883640e+01 6.28236816e-01 4.42408008e-04 1.38355271e-03 -7.23043780e-01 6.90800682e-01
1317357777.634365082 5.53738719e+01 -4.71242923e+01 6.37115967e-01 -7.05685292e-04 2.39824112e-04 -7.23175809e-01 6.90663589e-01
1317357777.738261938 5.53265297e+01 -4.80783169e+01 6.43367882e-01 -1.28401668e-03 -1.57392326e-04 -7.23525144e-01 6.90296815e-01
1317357777.842186928 5.52771724e+01 -4.90478949e+01 6.48565406e-01 7.87407017e-04 -9.71340877e-04 -7.23709195e-01 6.90103932e-01
1317357777.946079969 5.52291233e+01 -5.00419090e+01 6.55762497e-01 2.71554185e-03 2.92761866e-04 -7.23855131e-01 6.89946585e-01
1317357778.049945116 5.51836348e+01 -5.10294024e+01 6.46080659e-01 5.91865364e-03 5.29504985e-04 -7.23394122e-01 6.90409758e-01
1317357778.153790951 5.51485621e+01 -5.20212458e+01 6.47362207e-01 4.99207757e-03 1.19844596e-03 -7.22957561e-01 6.90873366e-01
1317357778.257637978 5.51061797e+01 -5.30224373e+01 6.48673650e-01 3.17620910e-03 8.31964948e-04 -7.22440870e-01 6.91424912e-01
1317357778.361509085 5.50754607e+01 -5.40250672e+01 6.63805582e-01 1.81936906e-03 8.75862803e-04 -7.22158572e-01 6.91724598e-01
1317357778.465379000 5.50498636e+01 -5.50418302e+01 6.68074181e-01 7.25826357e-04 1.81472761e-03 -7.22507920e-01 6.91359882e-01
1317357778.569228888 5.50159336e+01 -5.60432859e+01 6.79019512e-01 6.88217851e-04 4.35977759e-03 -7.22728988e-01 6.91117449e-01
1317357778.673074961 5.49727451e+01 -5.70674216e+01 6.72936950e-01 2.41855396e-03 6.06659850e-03 -7.22864026e-01 6.90959440e-01
1317357778.776943922 5.49240795e+01 -5.81231148e+01 6.62097374e-01 3.55727066e-03 5.19522322e-03 -7.23024236e-01 6.90793970e-01
1317357778.880790949 5.48780223e+01 -5.91558913e+01 6.61128062e-01 3.06996507e-03 3.79896391e-03 -7.23102430e-01 6.90723547e-01
1317357778.984637022 5.48362349e+01 -6.02092780e+01 6.52411315e-01 2.76345775e-03 3.34972792e-03 -7.23364479e-01 6.90452731e-01
1317357779.088510036 5.47826545e+01 -6.12748370e+01 6.44935415e-01 4.02988165e-03 3.79824903e-03 -7.24250503e-01 6.89514715e-01
1317357779.192404985 5.47368769e+01 -6.23581112e+01 6.49682406e-01 6.27973489e-03 3.77424451e-03 -7.25244592e-01 6.88452324e-01
1317357779.296324015 5.46889062e+01 -6.34394834e+01 6.53753200e-01 7.93527339e-03 4.73716140e-03 -7.26225185e-01 6.87394771e-01
1317357779.400243044 5.46208635e+01 -6.45329029e+01 6.44094219e-01 1.00167858e-02 3.15668492e-03 -7.27458133e-01 6.86071691e-01
1317357779.504158974 5.45528930e+01 -6.56082973e+01 6.31783102e-01 1.06739888e-02 3.44138969e-03 -7.28654114e-01 6.84790044e-01
1317357779.608078003 5.44763051e+01 -6.66787273e+01 6.32876986e-01 1.27159849e-02 2.24036607e-03 -7.29645081e-01 6.83704132e-01
1317357779.711996078 5.43963190e+01 -6.77390926e+01 6.20714351e-01 1.44734405e-02 3.43536774e-04 -7.30605189e-01 6.82646658e-01
1317357779.815890074 5.43205316e+01 -6.87841944e+01 6.06890291e-01 1.42459204e-02 -8.72822658e-04 -7.31690459e-01 6.81487612e-01
1317357779.919786930 5.42457153e+01 -6.98442226e+01 6.05342138e-01 1.29192984e-02 -2.30004791e-03 -7.32570250e-01 6.80564935e-01
1317357780.023680925 5.41504778e+01 -7.09132086e+01 6.07240488e-01 1.23664579e-02 -3.27338812e-03 -7.33388451e-01 6.79689440e-01
1317357780.127527952 5.40738463e+01 -7.19963458e+01 6.10344828e-01 1.21212057e-02 -3.18748471e-03 -7.33313793e-01 6.79774814e-01
1317357780.231328011 5.39917849e+01 -7.30927051e+01 5.98416887e-01 1.26412693e-02 -2.94209394e-03 -7.32461707e-01 6.80684502e-01
1317357780.335100889 5.39080721e+01 -7.41756674e+01 5.87685745e-01 1.36466457e-02 -1.79973202e-03 -7.31144903e-01 6.82083324e-01
1317357780.438875914 5.38351535e+01 -7.52328667e+01 5.82848986e-01 1.42529115e-02 -4.59799488e-04 -7.29496954e-01 6.83835388e-01
1317357780.542627096 5.37773837e+01 -7.62715355e+01 5.71607778e-01 1.76345661e-02 -1.72067324e-03 -7.27925273e-01 6.85427501e-01
1317357780.646378040 5.37293121e+01 -7.73646190e+01 5.66850373e-01 1.96457382e-02 -2.34444462e-03 -7.26272933e-01 6.87121660e-01
1317357780.750152111 5.36791446e+01 -7.84138628e+01 5.59025129e-01 1.91978637e-02 -3.67903523e-03 -7.25004854e-01 6.88466316e-01
1317357780.853926897 5.36307572e+01 -7.94456656e+01 5.56554420e-01 1.81456574e-02 -5.01709990e-03 -7.24071377e-01 6.89468059e-01
1317357780.957726955 5.35884573e+01 -8.05144381e+01 5.50820079e-01 1.82036328e-02 -5.14477879e-03 -7.23124778e-01 6.90458337e-01
1317357781.061526060 5.35480329e+01 -8.15884632e+01 5.40231666e-01 1.83312574e-02 -4.39184646e-03 -7.22684186e-01 6.90921301e-01
1317357781.165297985 5.34929410e+01 -8.26612342e+01 5.27244560e-01 1.80926282e-02 -6.13931869e-03 -7.22107932e-01 6.91516522e-01
1317357781.269072056 5.34524859e+01 -8.37207994e+01 5.18531690e-01 1.73349906e-02 -8.62219317e-03 -7.21349008e-01 6.92301065e-01
1317357781.372848988 5.34131443e+01 -8.47989870e+01 5.23935977e-01 1.65528730e-02 -9.52008685e-03 -7.20621029e-01 6.93066160e-01
1317357781.476600885 5.33809661e+01 -8.58819539e+01 5.29672052e-01 1.56482105e-02 -8.69918381e-03 -7.19779859e-01 6.93971478e-01
1317357781.580327034 5.33547190e+01 -8.69672594e+01 5.27790209e-01 1.45915969e-02 -6.28713155e-03 -7.18761852e-01 6.95074786e-01
1317357781.684029102 5.33303328e+01 -8.80619661e+01 5.16281155e-01 1.51976079e-02 -4.48775403e-03 -7.17406588e-01 6.96474464e-01
1317357781.787755966 5.33048831e+01 -8.91341582e+01 5.06177778e-01 1.48928570e-02 -2.52908579e-03 -7.16114021e-01 6.97819830e-01
1317357781.891530991 5.32885888e+01 -9.02177651e+01 5.04259637e-01 1.29171978e-02 -3.03921994e-03 -7.15004432e-01 6.98993971e-01
1317357781.995304108 5.32751513e+01 -9.12832039e+01 5.06967270e-01 9.93774276e-03 -5.70986696e-03 -7.14085345e-01 6.99964827e-01
1317357782.099103928 5.32659129e+01 -9.23708507e+01 5.26860638e-01 6.13150093e-03 -7.32884836e-03 -7.13515239e-01 7.00574547e-01
1317357782.202903986 5.32645595e+01 -9.34704906e+01 5.40920456e-01 5.44325389e-03 -6.30590384e-03 -7.13482717e-01 7.00623307e-01
1317357782.306704044 5.32458945e+01 -9.45662804e+01 5.39875644e-01 6.87310394e-03 -4.29054369e-03 -7.13292851e-01 7.00819278e-01
1317357782.410526991 5.32300607e+01 -9.56513706e+01 5.43416281e-01 8.27999658e-03 -2.29585397e-03 -7.13692762e-01 7.00406177e-01
1317357782.514348984 5.32178328e+01 -9.67707609e+01 5.36066892e-01 1.01854693e-02 -4.24394233e-04 -7.14392117e-01 6.99671337e-01
1317357782.618171930 5.31952481e+01 -9.78702494e+01 5.29831795e-01 1.20011014e-02 9.41945697e-04 -7.15065300e-01 6.98954007e-01
1317357782.721992970 5.31697635e+01 -9.89605318e+01 5.31642163e-01 1.14556259e-02 1.98759068e-03 -7.15552186e-01 6.98462517e-01
1317357782.825815916 5.31470915e+01 -1.00050059e+02 5.17935106e-01 1.17345008e-02 2.02144817e-03 -7.16149745e-01 6.97845082e-01
1317357782.929615021 5.31231682e+01 -1.01128107e+02 5.20238183e-01 1.36982215e-02 1.54798471e-03 -7.16824925e-01 6.97116912e-01
1317357783.033412933 5.31036504e+01 -1.02201242e+02 5.13939299e-01 1.40555686e-02 2.81709752e-04 -7.17582223e-01 6.96331900e-01
1317357783.137208939 5.30779061e+01 -1.03259527e+02 5.07000245e-01 1.06046497e-02 -2.37802057e-03 -7.17526263e-01 6.96446658e-01
1317357783.240984917 5.30426321e+01 -1.04316068e+02 5.05323592e-01 7.19754451e-03 -3.85055878e-03 -7.17602666e-01 6.96404898e-01
1317357783.344784975 5.30199026e+01 -1.05376220e+02 5.16560603e-01 6.81543995e-03 -4.11555978e-03 -7.18211583e-01 6.95779228e-01
1317357783.448606968 5.29975165e+01 -1.06452505e+02 5.33484922e-01 6.71255689e-03 -1.96116584e-04 -7.18843615e-01 6.95139382e-01
1317357783.552406073 5.29736607e+01 -1.07507811e+02 5.42029950e-01 7.28966476e-03 5.00147009e-03 -7.19775014e-01 6.94151118e-01
1317357783.656204939 5.29411437e+01 -1.08542651e+02 5.16877253e-01 9.74982884e-03 7.78904360e-03 -7.20455198e-01 6.93389197e-01
1317357783.760004997 5.29046875e+01 -1.09595858e+02 5.05958426e-01 1.28829808e-02 9.10266858e-03 -7.20853494e-01 6.92907938e-01
1317357783.863779068 5.28683254e+01 -1.10652958e+02 4.96596772e-01 1.34389152e-02 9.10645033e-03 -7.21536169e-01 6.92186409e-01
1317357783.967556000 5.28249851e+01 -1.11685391e+02 4.82933827e-01 1.26294047e-02 5.69756042e-03 -7.22311684e-01 6.91428859e-01
1317357784.071332932 5.27588663e+01 -1.12721880e+02 4.81681198e-01 1.12921706e-02 -2.37554111e-03 -7.22941516e-01 6.90812860e-01
1317357784.175105095 5.27139346e+01 -1.13764163e+02 4.95680671e-01 9.27583042e-03 -7.82841243e-03 -7.23410876e-01 6.90311074e-01
1317357784.278902054 5.26769481e+01 -1.14811465e+02 5.04530149e-01 9.56101355e-03 -7.81737998e-03 -7.23570420e-01 6.90140074e-01
1317357784.382725000 5.26297572e+01 -1.15852096e+02 5.16067313e-01 1.33972639e-02 -4.52507180e-03 -7.23628890e-01 6.90044395e-01
1317357784.486524105 5.25779955e+01 -1.16872006e+02 5.00416885e-01 1.66413306e-02 -1.42705520e-04 -7.23709343e-01 6.89904219e-01
1317357784.590323925 5.25380984e+01 -1.17899892e+02 4.79013255e-01 1.80389399e-02 3.32764733e-03 -7.23778466e-01 6.89788558e-01
1317357784.694147110 5.24982844e+01 -1.18888018e+02 4.58372606e-01 2.05951707e-02 4.77036715e-03 -7.23433658e-01 6.90070159e-01
1317357784.797993898 5.24647975e+01 -1.19883582e+02 4.39523823e-01 2.10451203e-02 6.98150080e-03 -7.23209799e-01 6.90272373e-01
1317357784.901865959 5.24299596e+01 -1.20894085e+02 4.23000248e-01 1.96152981e-02 7.70342931e-03 -7.22931833e-01 6.90597902e-01
1317357785.005759954 5.23899585e+01 -1.21905193e+02 4.04101074e-01 1.69054621e-02 5.92502631e-03 -7.22882318e-01 6.90738919e-01
1317357785.109654903 5.23475488e+01 -1.22894623e+02 3.82145510e-01 1.52706300e-02 3.25410191e-03 -7.23002642e-01 6.90668805e-01
1317357785.213526011 5.23053545e+01 -1.23883312e+02 3.75956811e-01 1.30410494e-02 1.78927345e-03 -7.23086727e-01 6.90631822e-01
1317357785.317420959 5.22582265e+01 -1.24833039e+02 3.65262565e-01 1.17174075e-02 -5.38631059e-04 -7.23314079e-01 6.90419550e-01
1317357785.421313047 5.22189628e+01 -1.25803691e+02 3.66764640e-01 1.00265099e-02 -1.62545831e-03 -7.23017120e-01 6.90755436e-01
1317357785.525182962 5.21818787e+01 -1.26773927e+02 3.70988939e-01 1.00823367e-02 -1.84574898e-03 -7.23030338e-01 6.90740233e-01
1317357785.629054070 5.21415872e+01 -1.27746628e+02 3.77149687e-01 1.13958672e-02 9.78741230e-04 -7.23026315e-01 6.90725795e-01
1317357785.732949018 5.21089062e+01 -1.28722375e+02 3.68162157e-01 1.43147614e-02 4.69641621e-03 -7.22887477e-01 6.90801510e-01
1317357785.836868048 5.20709532e+01 -1.29663871e+02 3.63507893e-01 1.58572259e-02 9.08701191e-03 -7.23107287e-01 6.90493901e-01
1317357785.940813065 5.20364087e+01 -1.30592431e+02 3.35753096e-01 1.63411737e-02 1.13435712e-02 -7.23446710e-01 6.90093578e-01
1317357786.044755936 5.20000303e+01 -1.31490201e+02 3.21323704e-01 1.39767463e-02 1.22049724e-02 -7.24005218e-01 6.89544874e-01
1317357786.148653984 5.19692730e+01 -1.32367710e+02 3.05205243e-01 1.00782903e-02 1.14390282e-02 -7.24514804e-01 6.89090614e-01
1317357786.252547979 5.19303751e+01 -1.33223136e+02 2.84606122e-01 7.75757251e-03 8.68674116e-03 -7.24659905e-01 6.89008260e-01
1317357786.356437922 5.18809707e+01 -1.34072065e+02 2.78846039e-01 7.06052240e-03 5.78585427e-03 -7.24461955e-01 6.89254343e-01
1317357786.460309982 5.18377254e+01 -1.34915345e+02 2.80226750e-01 7.98097417e-03 3.18989465e-03 -7.23670992e-01 6.90091606e-01
1317357786.564181089 5.17940810e+01 -1.35707463e+02 2.85541559e-01 9.36353082e-03 2.05596401e-03 -7.22507045e-01 6.91297090e-01
1317357786.668050051 5.17657976e+01 -1.36500479e+02 2.89689379e-01 1.12546613e-02 3.01058986e-03 -7.20930468e-01 6.92909467e-01
1317357786.771943092 5.17384268e+01 -1.37264757e+02 2.92231143e-01 1.30577059e-02 4.28712352e-03 -7.19669890e-01 6.94180356e-01
1317357786.875859976 5.17152075e+01 -1.38010937e+02 2.91191413e-01 1.37607788e-02 3.33951059e-03 -7.18038631e-01 6.95859191e-01
1317357786.979782104 5.16928211e+01 -1.38723795e+02 2.85640287e-01 1.33785792e-02 1.31125723e-03 -7.16462269e-01 6.97496316e-01
1317357787.083724976 5.16870530e+01 -1.39399663e+02 2.94515983e-01 1.28200216e-02 -1.43428281e-03 -7.15141925e-01 6.98860227e-01
1317357787.187691927 5.16751654e+01 -1.40049376e+02 3.03805677e-01 1.23746191e-02 -1.13450642e-03 -7.13581766e-01 7.00461737e-01
1317357787.291682959 5.16667936e+01 -1.40674634e+02 3.04100653e-01 1.16655505e-02 4.75072427e-05 -7.12376116e-01 7.01700921e-01
1317357787.395697117 5.16648929e+01 -1.41273115e+02 3.13953181e-01 9.83196384e-03 2.19367479e-03 -7.10964142e-01 7.03156106e-01
1317357787.499711037 5.16691980e+01 -1.41843075e+02 3.10437146e-01 8.56442146e-03 3.55697968e-03 -7.09675602e-01 7.04467557e-01
1317357787.603750944 5.16782493e+01 -1.42364845e+02 3.13214363e-01 7.50885170e-03 2.35406864e-03 -7.08718370e-01 7.05447622e-01
1317357787.707838058 5.16799438e+01 -1.42905126e+02 3.19748259e-01 5.25642474e-03 1.98783736e-03 -7.08340722e-01 7.05848312e-01
1317357787.811949015 5.16811100e+01 -1.43426529e+02 3.28056927e-01 3.79963996e-03 2.80814979e-03 -7.08488004e-01 7.05707039e-01
1317357787.916058064 5.16908724e+01 -1.43961309e+02 3.39373646e-01 2.30870301e-03 4.92473407e-03 -7.08975370e-01 7.05212267e-01
1317357788.020168066 5.17037389e+01 -1.44490344e+02 3.39963671e-01 1.75557437e-03 8.62510052e-03 -7.09702423e-01 7.04446589e-01
1317357788.124279022 5.17035236e+01 -1.45018540e+02 3.29583466e-01 3.03601602e-03 1.12332252e-02 -7.10696719e-01 7.03402282e-01
1317357788.228389978 5.16937420e+01 -1.45542131e+02 3.05914569e-01 4.34473716e-03 1.11199013e-02 -7.11659215e-01 7.02423400e-01
1317357788.332499981 5.16809030e+01 -1.46054560e+02 3.14480648e-01 4.60878339e-03 1.00039346e-02 -7.12621460e-01 7.01462283e-01
1317357788.436585903 5.16685497e+01 -1.46562583e+02 3.30275918e-01 4.52504466e-03 9.62626139e-03 -7.13705081e-01 7.00365559e-01
1317357788.540652037 5.16712807e+01 -1.47062807e+02 3.34907620e-01 3.33103963e-03 9.49558834e-03 -7.14664883e-01 6.99394626e-01
1317357788.644714117 5.16615479e+01 -1.47548228e+02 3.27680934e-01 2.54008491e-03 8.58160848e-03 -7.15620494e-01 6.98431967e-01
1317357788.748776913 5.16477406e+01 -1.48049050e+02 3.31813228e-01 2.57968825e-03 7.94909498e-03 -7.16403295e-01 6.97636350e-01
1317357788.852840900 5.16386059e+01 -1.48555688e+02 3.26372863e-01 2.48622961e-03 9.50436231e-03 -7.17274054e-01 6.96721908e-01
1317357788.956902027 5.16349232e+01 -1.49063477e+02 3.08540570e-01 2.95830157e-03 1.10837377e-02 -7.18341558e-01 6.95596007e-01
1317357789.060966015 5.16175904e+01 -1.49552773e+02 3.00026547e-01 4.32530718e-03 1.19440791e-02 -7.19193945e-01 6.94693242e-01
1317357789.165007114 5.16086003e+01 -1.50046157e+02 2.97708683e-01 4.20652395e-03 1.32308681e-02 -7.20086225e-01 6.93745687e-01
1317357789.269021034 5.15954201e+01 -1.50540338e+02 2.90360295e-01 4.22368386e-03 1.46042452e-02 -7.20890210e-01 6.92882517e-01
1317357789.373033047 5.15806094e+01 -1.51029027e+02 2.91012497e-01 4.60115724e-03 1.51226332e-02 -7.21242770e-01 6.92501987e-01
1317357789.477024078 5.15659521e+01 -1.51518989e+02 2.85355884e-01 4.70819712e-03 1.52783781e-02 -7.21750479e-01 6.91968677e-01
1317357789.580991030 5.15461346e+01 -1.52008476e+02 2.76569185e-01 4.86783399e-03 1.42607798e-02 -7.21250109e-01 6.92510805e-01
1317357789.684909105 5.15178819e+01 -1.52484304e+02 2.74451580e-01 4.99515169e-03 1.29252992e-02 -7.19697455e-01 6.94149522e-01
1317357789.788779974 5.15058901e+01 -1.52949701e+02 2.72706670e-01 4.71211322e-03 1.25162731e-02 -7.17150820e-01 6.96789668e-01
1317357789.892626047 5.15009983e+01 -1.53423467e+02 2.68899809e-01 4.08816708e-03 1.30747230e-02 -7.13855186e-01 7.00159347e-01
1317357789.996402025 5.15072937e+01 -1.53889339e+02 2.49707145e-01 4.85143267e-03 1.23886716e-02 -7.08426655e-01 7.05659024e-01
1317357790.100080967 5.15229929e+01 -1.54345546e+02 2.38782197e-01 6.49395205e-03 1.02946046e-02 -7.00563710e-01 7.13486046e-01
1317357790.203687906 5.15498123e+01 -1.54791448e+02 2.29794541e-01 8.26069274e-03 7.71681835e-03 -6.89699545e-01 7.24007423e-01
1317357790.307270050 5.15923905e+01 -1.55242547e+02 2.38456968e-01 9.67948133e-03 6.91328216e-03 -6.76250669e-01 7.36575554e-01
1317357790.410876989 5.16641245e+01 -1.55672324e+02 2.41258423e-01 9.04891272e-03 7.92808302e-03 -6.61396927e-01 7.49939576e-01
1317357790.514530897 5.17527180e+01 -1.56089314e+02 2.45583080e-01 8.03343345e-03 8.05786171e-03 -6.45177849e-01 7.63947694e-01
1317357790.618207932 5.18673733e+01 -1.56497288e+02 2.43116784e-01 7.42542711e-03 6.59816207e-03 -6.28839322e-01 7.77471822e-01
1317357790.721911907 5.19827442e+01 -1.56887773e+02 2.42594322e-01 6.98654911e-03 4.00344388e-03 -6.12075720e-01 7.90758164e-01
1317357790.825639009 5.21447131e+01 -1.57287551e+02 2.53141853e-01 6.70263268e-03 2.51142582e-03 -5.94301142e-01 8.04210744e-01
1317357790.929389954 5.22970943e+01 -1.57665798e+02 2.56413435e-01 5.51187204e-03 2.76819468e-03 -5.76796898e-01 8.16864307e-01
1317357791.033166885 5.24899372e+01 -1.58034365e+02 2.58587511e-01 2.29637803e-03 3.79865347e-03 -5.59050170e-01 8.29121948e-01
1317357791.136941910 5.26932323e+01 -1.58384154e+02 2.58039731e-01 3.96445733e-05 4.60354026e-03 -5.40812584e-01 8.41130522e-01
1317357791.240741014 5.29150160e+01 -1.58733147e+02 2.62750315e-01 -2.24519839e-03 3.58856140e-03 -5.22226636e-01 8.52796237e-01
1317357791.344538927 5.31381750e+01 -1.59086613e+02 2.58722166e-01 -2.76806640e-03 2.06509056e-03 -5.03583960e-01 8.63939389e-01
1317357791.448312044 5.33809380e+01 -1.59446559e+02 2.59833690e-01 -2.82543857e-03 1.27487267e-03 -4.84667180e-01 8.74693156e-01
1317357791.552110910 5.36402367e+01 -1.59794266e+02 2.61797114e-01 -4.72748585e-03 1.40261292e-03 -4.65817197e-01 8.84867234e-01
1317357791.655934095 5.39327996e+01 -1.60129150e+02 2.72483152e-01 -6.58269860e-03 1.73433902e-03 -4.47249756e-01 8.94383204e-01
1317357791.759782076 5.42430913e+01 -1.60456396e+02 2.81019524e-01 -8.12494143e-03 2.70312413e-03 -4.28899609e-01 9.03311576e-01
1317357791.863651991 5.45759615e+01 -1.60772109e+02 2.90921110e-01 -9.29984984e-03 3.27341229e-03 -4.10842765e-01 9.11652905e-01
1317357791.967559099 5.48919698e+01 -1.61083577e+02 2.91702272e-01 -9.06970946e-03 2.33184367e-03 -3.93593449e-01 9.19236912e-01
1317357792.071502924 5.52359236e+01 -1.61414770e+02 2.90085158e-01 -9.59419752e-03 5.73717133e-04 -3.77667090e-01 9.25891566e-01
1317357792.175479889 5.56038378e+01 -1.61736291e+02 3.00107696e-01 -9.62945221e-03 2.95397625e-04 -3.62324459e-01 9.32002239e-01
1317357792.279493093 5.59952129e+01 -1.62041374e+02 2.99971634e-01 -1.14871184e-02 1.07804749e-03 -3.48761558e-01 9.37140469e-01
1317357792.383557081 5.64088601e+01 -1.62350755e+02 3.01798308e-01 -1.27689309e-02 3.07684469e-03 -3.36701520e-01 9.41519821e-01
1317357792.487668037 5.68610315e+01 -1.62665479e+02 3.19030554e-01 -1.39604715e-02 4.96360837e-03 -3.27491327e-01 9.44738005e-01
1317357792.591800928 5.72928233e+01 -1.62999541e+02 3.21227637e-01 -1.27393092e-02 5.66616043e-03 -3.19132673e-01 9.47607483e-01
1317357792.695983887 5.77432344e+01 -1.63323335e+02 3.26541709e-01 -1.13545943e-02 7.30643786e-03 -3.12366986e-01 9.49865546e-01
1317357792.800190926 5.82199710e+01 -1.63647781e+02 3.28522311e-01 -9.04687722e-03 8.66966269e-03 -3.06992517e-01 9.51629437e-01
1317357792.904373884 5.87202396e+01 -1.63980525e+02 3.25424843e-01 -5.76140677e-03 9.31599074e-03 -3.02439341e-01 9.53105694e-01
1317357793.008517027 5.92335066e+01 -1.64317144e+02 3.16714679e-01 -3.90609848e-03 9.77353684e-03 -2.97036944e-01 9.54807978e-01
1317357793.112627983 5.97474357e+01 -1.64669556e+02 3.13556325e-01 -1.98436580e-03 8.96148655e-03 -2.91141111e-01 9.56636089e-01
1317357793.216732025 6.02873427e+01 -1.65014575e+02 3.21204152e-01 -1.62175444e-04 7.19916198e-03 -2.85650266e-01 9.58306878e-01
1317357793.320872068 6.08386761e+01 -1.65349715e+02 3.06945526e-01 4.45467325e-04 4.35674884e-03 -2.80204667e-01 9.59930292e-01
1317357793.425004959 6.14105478e+01 -1.65686897e+02 3.03544156e-01 -5.79162415e-04 2.04403496e-03 -2.76222839e-01 9.61091270e-01
1317357793.529159069 6.19916291e+01 -1.66032277e+02 3.01049419e-01 -2.08186222e-03 4.68271282e-04 -2.73968964e-01 9.61736166e-01
1317357793.633389950 6.25816652e+01 -1.66385109e+02 3.10238020e-01 -4.48540227e-03 8.89505043e-04 -2.73815574e-01 9.61771346e-01
1317357793.737646103 6.31910960e+01 -1.66737286e+02 3.09738424e-01 -6.19332596e-03 2.54128979e-03 -2.75297569e-01 9.61335755e-01
1317357793.841881037 6.38271456e+01 -1.67107046e+02 3.31674457e-01 -9.41476919e-03 4.37620111e-03 -2.78312584e-01 9.60434442e-01
1317357793.946086884 6.44611848e+01 -1.67499204e+02 3.36450123e-01 -1.03998893e-02 4.89477086e-03 -2.80368399e-01 9.59823653e-01
1317357794.050302982 6.51090271e+01 -1.67904525e+02 3.24231852e-01 -1.10349251e-02 6.25129290e-03 -2.83247553e-01 9.58962969e-01
1317357794.154485941 6.57815292e+01 -1.68332918e+02 3.25186955e-01 -9.82165221e-03 6.33670618e-03 -2.85992556e-01 9.58160550e-01
1317357794.258655071 6.64461685e+01 -1.68786383e+02 3.19691641e-01 -8.90776441e-03 7.53771821e-03 -2.89306648e-01 9.57165345e-01
1317357794.362814903 6.71145110e+01 -1.69234498e+02 3.26873630e-01 -7.81879206e-03 7.58213737e-03 -2.92550951e-01 9.56187910e-01
1317357794.466927052 6.77820050e+01 -1.69679827e+02 3.30832829e-01 -8.54793175e-03 7.36335907e-03 -2.95783040e-01 9.55188519e-01
1317357794.571038008 6.84537726e+01 -1.70147928e+02 3.29175056e-01 -9.10124562e-03 6.13819771e-03 -2.98433231e-01 9.54367380e-01
1317357794.675122976 6.91497870e+01 -1.70625424e+02 3.40539573e-01 -9.61139274e-03 4.99056765e-03 -3.00627892e-01 9.53680023e-01
1317357794.779186010 6.98531268e+01 -1.71117011e+02 3.38235326e-01 -8.70595498e-03 4.88456771e-03 -3.02682627e-01 9.53039125e-01
1317357794.883249044 7.05722365e+01 -1.71620413e+02 3.32911599e-01 -7.92022344e-03 7.11837112e-03 -3.04742719e-01 9.52375175e-01
1317357794.987287045 7.12541613e+01 -1.72134597e+02 3.26707460e-01 -8.39246368e-03 1.05456080e-02 -3.06691980e-01 9.51713395e-01
1317357795.091326952 7.19475760e+01 -1.72643565e+02 3.33617211e-01 -7.62377835e-03 9.45014326e-03 -3.08627758e-01 9.51105399e-01
1317357795.195365906 7.26361312e+01 -1.73134715e+02 3.31791762e-01 -7.57074881e-03 4.06374530e-03 -3.10164937e-01 9.50643930e-01
1317357795.299416065 7.33267352e+01 -1.73637023e+02 3.35507037e-01 -8.01991111e-03 5.49072142e-04 -3.11405209e-01 9.50243219e-01
1317357795.403453112 7.40273904e+01 -1.74148456e+02 3.35938240e-01 -6.60645572e-03 -7.34403549e-04 -3.12525067e-01 9.49886255e-01
1317357795.507457018 7.47399359e+01 -1.74679290e+02 3.51784146e-01 -5.41463594e-03 8.68399725e-04 -3.13314565e-01 9.49633567e-01
1317357795.611473083 7.54363672e+01 -1.75194887e+02 3.79149933e-01 -2.46991629e-03 2.68570100e-03 -3.13194697e-01 9.49681930e-01
1317357795.715462923 7.61162393e+01 -1.75702841e+02 3.81865260e-01 -5.93359718e-04 3.10867885e-03 -3.12741256e-01 9.49833086e-01
1317357795.819428921 7.68009476e+01 -1.76213923e+02 3.91051258e-01 1.37832138e-03 2.66139823e-03 -3.12464533e-01 9.49924698e-01
1317357795.923394918 7.74774118e+01 -1.76716920e+02 3.88833342e-01 2.21002404e-03 2.01310426e-03 -3.12053505e-01 9.50059826e-01
1317357796.027363062 7.81703462e+01 -1.77213540e+02 3.94641919e-01 2.83674446e-03 2.28907388e-04 -3.11535151e-01 9.50230367e-01
1317357796.131330967 7.88507403e+01 -1.77709835e+02 4.01515376e-01 3.04485370e-03 -1.59149423e-03 -3.10995400e-01 9.50405207e-01
1317357796.235272884 7.95148742e+01 -1.78199051e+02 4.16983311e-01 3.30797292e-03 -1.39960592e-03 -3.10785532e-01 9.50473278e-01
1317357796.339225054 8.01823622e+01 -1.78678518e+02 4.41469120e-01 3.19609147e-03 1.72304063e-03 -3.11212421e-01 9.50333439e-01
1317357796.443192959 8.08540044e+01 -1.79168108e+02 4.42597841e-01 5.10468072e-03 5.67477625e-03 -3.11504780e-01 9.50213929e-01
1317357796.547154903 8.15044520e+01 -1.79646815e+02 4.40158622e-01 5.87194592e-03 7.67592822e-03 -3.11677375e-01 9.50138839e-01
1317357796.651119947 8.21435548e+01 -1.80117754e+02 4.39086273e-01 6.66612118e-03 7.82239471e-03 -3.12306297e-01 9.49925866e-01
1317357796.755091906 8.27663035e+01 -1.80572794e+02 4.31182280e-01 6.38737130e-03 6.67567238e-03 -3.12932195e-01 9.49730529e-01
1317357796.859072924 8.33726334e+01 -1.81009960e+02 4.37913582e-01 4.63900250e-03 3.46659593e-03 -3.13839633e-01 9.49458344e-01
1317357796.963066101 8.39791836e+01 -1.81452171e+02 4.35318648e-01 4.17860973e-03 -3.32573160e-04 -3.15153625e-01 9.49031412e-01
1317357797.067063093 8.45475243e+01 -1.81887230e+02 4.51661032e-01 4.27650164e-03 -1.85063025e-03 -3.17077875e-01 9.48388058e-01
1317357797.171072006 8.51107020e+01 -1.82310769e+02 4.60880451e-01 4.62180214e-03 -6.60771369e-04 -3.18918861e-01 9.47770522e-01
1317357797.275054932 8.56566040e+01 -1.82731535e+02 4.79945730e-01 7.40931756e-03 1.41541943e-03 -3.20555152e-01 9.47199817e-01
1317357797.379026890 8.61614562e+01 -1.83129462e+02 4.88954574e-01 9.82146280e-03 3.45239134e-03 -3.22005379e-01 9.46680599e-01
1317357797.482997894 8.66436611e+01 -1.83505925e+02 5.00109511e-01 1.25437444e-02 4.45483716e-03 -3.23582750e-01 9.46106238e-01
1317357797.586985111 8.71017508e+01 -1.83861373e+02 4.98630058e-01 1.50575149e-02 4.80534832e-03 -3.25751192e-01 9.45323406e-01
1317357797.690960884 8.75453427e+01 -1.84201189e+02 5.00126006e-01 1.55242156e-02 4.15976899e-03 -3.27470063e-01 9.44724856e-01
1317357797.794898033 8.79513619e+01 -1.84532845e+02 5.07663479e-01 1.65363825e-02 2.50226506e-03 -3.29077160e-01 9.44154918e-01
1317357797.898840904 8.83497130e+01 -1.84851694e+02 5.08411755e-01 1.73309199e-02 1.82183744e-03 -3.30338888e-01 9.43701510e-01
1317357798.002780914 8.87215574e+01 -1.85148742e+02 5.12170079e-01 1.96926005e-02 1.72194644e-03 -3.32541415e-01 9.42881458e-01
1317357798.106720924 8.90648927e+01 -1.85438037e+02 5.12901816e-01 1.90379515e-02 2.17228541e-03 -3.34480817e-01 9.42207738e-01
1317357798.210640907 8.93667459e+01 -1.85694224e+02 5.19097863e-01 1.77580449e-02 2.49360227e-03 -3.36608531e-01 9.41473914e-01
1317357798.314558983 8.96758762e+01 -1.85945471e+02 5.13407019e-01 1.66818982e-02 3.88388634e-03 -3.38379409e-01 9.40853870e-01
1317357798.418453932 8.99649220e+01 -1.86182462e+02 5.20853825e-01 1.71358683e-02 4.79075723e-03 -3.39894060e-01 9.40295400e-01
1317357798.522350073 9.02465287e+01 -1.86416399e+02 5.18647003e-01 1.69359552e-02 5.01618293e-03 -3.41180052e-01 9.39831997e-01
1317357798.626267910 9.05070675e+01 -1.86645026e+02 5.27276399e-01 1.63430189e-02 4.97406356e-03 -3.42622248e-01 9.39317922e-01
1317357798.730187893 9.07696350e+01 -1.86852534e+02 5.27560444e-01 1.48762050e-02 3.98351378e-03 -3.43722807e-01 9.38944866e-01
1317357798.834106922 9.10212749e+01 -1.87062792e+02 5.30322407e-01 1.36287838e-02 2.54504797e-03 -3.44910059e-01 9.38533340e-01
1317357798.938024998 9.12700191e+01 -1.87263629e+02 5.25996701e-01 1.17254749e-02 2.04973158e-03 -3.46222097e-01 9.38077060e-01
1317357799.041944027 9.15282268e+01 -1.87471390e+02 5.29038495e-01 1.00716871e-02 2.16123433e-03 -3.47584987e-01 9.37591898e-01
1317357799.145862103 9.17688168e+01 -1.87676418e+02 5.31550028e-01 8.83373635e-03 2.30473397e-03 -3.48929383e-01 9.37104551e-01
1317357799.249754906 9.20019676e+01 -1.87888741e+02 5.28899396e-01 8.36496163e-03 2.50265186e-03 -3.50261896e-01 9.36611108e-01
1317357799.353626013 9.22343423e+01 -1.88086070e+02 5.26777315e-01 7.66049823e-03 2.31871862e-03 -3.51428474e-01 9.36180521e-01
1317357799.457499027 9.24751486e+01 -1.88295169e+02 5.35358883e-01 6.67727081e-03 1.97042587e-03 -3.51892489e-01 9.36014534e-01
1317357799.561346054 9.27160547e+01 -1.88502137e+02 5.39185845e-01 5.65243569e-03 1.32354745e-03 -3.51902230e-01 9.36018760e-01
1317357799.665175915 9.29489482e+01 -1.88703228e+02 5.39360632e-01 5.38540548e-03 7.35756724e-04 -3.51093120e-01 9.36324771e-01
1317357799.768974066 9.31702246e+01 -1.88903917e+02 5.44815900e-01 5.45105395e-03 7.90790512e-05 -3.49935328e-01 9.36757998e-01
1317357799.872764111 9.34013070e+01 -1.89101395e+02 5.47926209e-01 5.30130842e-03 3.18433704e-04 -3.48205567e-01 9.37403156e-01
1317357799.976543903 9.36437994e+01 -1.89298331e+02 5.51956895e-01 4.80995791e-03 2.15242644e-04 -3.46160657e-01 9.38162895e-01
1317357800.080296040 9.38965919e+01 -1.89510231e+02 5.60659670e-01 4.14740436e-03 -1.23041658e-03 -3.43383008e-01 9.39185495e-01
1317357800.184072018 9.41608924e+01 -1.89713294e+02 5.62448827e-01 2.94957248e-03 -3.54879630e-03 -3.40340290e-01 9.40291015e-01
1317357800.287847042 9.44205103e+01 -1.89926310e+02 5.67299258e-01 2.17746987e-03 -4.37202664e-03 -3.37095688e-01 9.41457722e-01
1317357800.391616106 9.46954236e+01 -1.90154118e+02 5.65085524e-01 2.37913975e-03 -3.77380207e-03 -3.33240203e-01 9.42831409e-01
1317357800.495394945 9.49933819e+01 -1.90383923e+02 5.63607879e-01 2.59454503e-03 -2.50533761e-03 -3.28427754e-01 9.44522208e-01
1317357800.599143982 9.53022548e+01 -1.90619266e+02 5.68056922e-01 3.76872779e-03 -9.81416921e-04 -3.23061810e-01 9.46369854e-01
1317357800.702893019 9.56146083e+01 -1.90849744e+02 5.73461230e-01 3.74888110e-03 -1.11010218e-03 -3.18149930e-01 9.48032349e-01
1317357800.806643009 9.59524551e+01 -1.91082316e+02 5.77604320e-01 3.80364617e-03 -5.03000194e-04 -3.12931276e-01 9.49768022e-01
1317357800.910392046 9.63124012e+01 -1.91324979e+02 5.86672537e-01 3.97901036e-03 1.29675366e-03 -3.07759642e-01 9.51454933e-01
1317357801.014142036 9.66829551e+01 -1.91581119e+02 5.92320928e-01 4.08943028e-03 2.25769857e-03 -3.02704558e-01 9.53072993e-01
1317357801.117892027 9.70829242e+01 -1.91838760e+02 5.87415042e-01 4.26001535e-03 2.79331411e-03 -2.97262082e-01 9.54782333e-01
1317357801.221666098 9.74785605e+01 -1.92096539e+02 5.81360091e-01 4.01366133e-03 2.81399017e-03 -2.92466027e-01 9.56263350e-01
1317357801.325465918 9.78951161e+01 -1.92362876e+02 5.81834424e-01 3.14103948e-03 3.32657058e-03 -2.88899483e-01 9.57348503e-01
1317357801.429313898 9.83330390e+01 -1.92631632e+02 5.85364143e-01 1.61758197e-03 3.51603656e-03 -2.86104130e-01 9.58190716e-01
1317357801.533207893 9.87812395e+01 -1.92915107e+02 5.86585299e-01 -1.85591262e-04 2.24933547e-03 -2.84327857e-01 9.58724452e-01
1317357801.637125969 9.92494539e+01 -1.93198982e+02 5.89636343e-01 -2.47997476e-03 1.69244478e-03 -2.83323172e-01 9.59019794e-01
1317357801.741045952 9.97425014e+01 -1.93501360e+02 5.82001806e-01 -3.84412690e-03 8.20836081e-04 -2.82702635e-01 9.59199546e-01
1317357801.844964981 1.00260762e+02 -1.93810009e+02 5.79885411e-01 -5.67803130e-03 4.39789780e-04 -2.82109689e-01 9.59365254e-01
1317357801.948882103 1.00787534e+02 -1.94149421e+02 5.85240803e-01 -7.57133685e-03 1.33082561e-03 -2.81767371e-01 9.59451954e-01
1317357802.052824974 1.01322987e+02 -1.94473896e+02 6.03313562e-01 -9.41196037e-03 1.29910756e-03 -2.81517649e-01 9.59509010e-01
1317357802.156769037 1.01873842e+02 -1.94810709e+02 6.06740727e-01 -1.27253946e-02 7.56525244e-05 -2.81479244e-01 9.59482931e-01
1317357802.260688066 1.02452659e+02 -1.95167998e+02 6.08182070e-01 -1.52152683e-02 -4.73658101e-04 -2.80897180e-01 9.59617135e-01
1317357802.364604950 1.03052117e+02 -1.95538100e+02 6.24024553e-01 -1.73320939e-02 1.39656287e-03 -2.80659556e-01 9.59649864e-01
1317357802.468549013 1.03666714e+02 -1.95914840e+02 6.29190420e-01 -1.86587791e-02 5.51564657e-03 -2.80673350e-01 9.59606116e-01
1317357802.572515965 1.04299629e+02 -1.96308881e+02 6.24250813e-01 -1.79939509e-02 9.26701929e-03 -2.81617094e-01 9.59313375e-01
1317357802.676481962 1.04920528e+02 -1.96712810e+02 6.21993253e-01 -1.68432441e-02 9.52206261e-03 -2.82510935e-01 9.59068927e-01
1317357802.780472994 1.05566804e+02 -1.97124160e+02 6.29320063e-01 -1.66248814e-02 8.13557861e-03 -2.83345592e-01 9.58839247e-01
1317357802.884464025 1.06226463e+02 -1.97544415e+02 6.22127372e-01 -1.72107005e-02 7.74624707e-03 -2.84414778e-01 9.58515530e-01
1317357802.988429070 1.06905325e+02 -1.97989423e+02 6.20204058e-01 -1.60280588e-02 7.48414892e-03 -2.84914147e-01 9.58389805e-01
1317357803.092396021 1.07602125e+02 -1.98436412e+02 6.22442120e-01 -1.49199349e-02 6.45861353e-03 -2.85432802e-01 9.58260819e-01
1317357803.196362972 1.08300951e+02 -1.98888550e+02 6.27136025e-01 -1.51252022e-02 4.93094610e-03 -2.86197059e-01 9.58038703e-01
1317357803.300304890 1.09016712e+02 -1.99353386e+02 6.37687167e-01 -1.51719427e-02 4.40184856e-03 -2.86793931e-01 9.57862034e-01
1317357803.404223919 1.09749217e+02 -1.99840017e+02 6.39848699e-01 -1.42248038e-02 6.50069625e-03 -2.87476987e-01 9.57659845e-01
1317357803.508145094 1.10494543e+02 -2.00332127e+02 6.42810757e-01 -1.31317504e-02 9.34282746e-03 -2.88034912e-01 9.57484286e-01
1317357803.612063885 1.11237002e+02 -2.00817498e+02 6.33439287e-01 -1.47190273e-02 1.09900713e-02 -2.88596507e-01 9.57274582e-01
1317357803.715982914 1.11984840e+02 -2.01304252e+02 6.29131155e-01 -1.55103075e-02 1.07811247e-02 -2.89071561e-01 9.57121116e-01
1317357803.819924116 1.12740554e+02 -2.01805308e+02 6.20561426e-01 -1.46354700e-02 1.02852972e-02 -2.89520681e-01 9.57004593e-01
1317357803.923866987 1.13509470e+02 -2.02325365e+02 6.09612787e-01 -1.37450319e-02 8.51564241e-03 -2.90227773e-01 9.56820985e-01
1317357804.027786970 1.14298531e+02 -2.02850765e+02 6.19382033e-01 -1.33703711e-02 7.72479898e-03 -2.91270283e-01 9.56516170e-01
1317357804.131681919 1.15108432e+02 -2.03387796e+02 6.16954714e-01 -1.25885551e-02 8.34983501e-03 -2.90926953e-01 9.56626007e-01
1317357804.235552073 1.15932348e+02 -2.03938091e+02 6.09603975e-01 -1.12413264e-02 9.48301206e-03 -2.90676691e-01 9.56708297e-01
1317357804.339421034 1.16751369e+02 -2.04480333e+02 5.98113515e-01 -1.04117240e-02 8.06591140e-03 -2.89984004e-01 9.56940863e-01
1317357804.443291903 1.17576414e+02 -2.05026073e+02 6.02343549e-01 -1.11018022e-02 6.36457928e-03 -2.89874261e-01 9.56979182e-01
1317357804.547175884 1.18414584e+02 -2.05575324e+02 6.04562029e-01 -1.10993488e-02 5.20267154e-03 -2.89424937e-01 9.57122219e-01
1317357804.651024103 1.19264623e+02 -2.06142461e+02 6.02048930e-01 -1.12260317e-02 6.03974866e-03 -2.89178521e-01 9.57190305e-01
1317357804.754833937 1.20138729e+02 -2.06725143e+02 6.10119716e-01 -1.07553765e-02 7.92584026e-03 -2.88602809e-01 9.57355692e-01
1317357804.858656883 1.21014284e+02 -2.07301836e+02 6.04438616e-01 -9.80744466e-03 1.06465666e-02 -2.88524555e-01 9.57363069e-01
1317357804.962480068 1.21855859e+02 -2.07859859e+02 5.90873016e-01 -8.86937879e-03 1.14484098e-02 -2.88707740e-01 9.57307740e-01
1317357805.066301107 1.22720455e+02 -2.08424464e+02 5.93723389e-01 -8.93182508e-03 1.00425116e-02 -2.87648945e-01 9.57641611e-01
1317357805.170099020 1.23553006e+02 -2.08968658e+02 5.97034380e-01 -9.68342582e-03 8.55748131e-03 -2.86910972e-01 9.57870082e-01
1317357805.273850918 1.24399208e+02 -2.09524699e+02 6.05711182e-01 -9.37972024e-03 8.89154643e-03 -2.85548014e-01 9.58277253e-01
1317357805.377603054 1.25263285e+02 -2.10079983e+02 6.05777337e-01 -8.81546472e-03 9.79929265e-03 -2.83763137e-01 9.58803809e-01
1317357805.481379032 1.26144484e+02 -2.10633883e+02 6.02045049e-01 -8.25801025e-03 1.18881781e-02 -2.82310945e-01 9.59213744e-01
1317357805.585175991 1.27012725e+02 -2.11172323e+02 6.01745817e-01 -1.01541594e-02 1.32861728e-02 -2.81479875e-01 9.59421415e-01
1317357805.688973904 1.27882343e+02 -2.11724023e+02 5.94741762e-01 -1.36140902e-02 1.56456578e-02 -2.81213986e-01 9.59420952e-01
1317357805.792748928 1.28744784e+02 -2.12259695e+02 5.92791620e-01 -1.56462334e-02 1.76525438e-02 -2.81160136e-01 9.59370919e-01
1317357805.896548986 1.29576265e+02 -2.12791191e+02 5.78231469e-01 -1.75375799e-02 1.75613214e-02 -2.81605257e-01 9.59209316e-01
1317357806.000346899 1.30436140e+02 -2.13324031e+02 5.69045143e-01 -1.90706227e-02 1.38490697e-02 -2.81683819e-01 9.59217775e-01
1317357806.104120970 1.31294495e+02 -2.13875425e+02 5.73283513e-01 -2.02050889e-02 1.17391837e-02 -2.81237128e-01 9.59353753e-01
1317357806.207895994 1.32140322e+02 -2.14415521e+02 5.80743863e-01 -2.01323391e-02 1.04865602e-02 -2.81434235e-01 9.59311989e-01
1317357806.311671972 1.32993962e+02 -2.14955868e+02 5.97243707e-01 -2.03054502e-02 1.03397946e-02 -2.81327797e-01 9.59341153e-01
1317357806.415471077 1.33845086e+02 -2.15488376e+02 5.94487064e-01 -2.21061580e-02 1.04971805e-02 -2.81944532e-01 9.59118558e-01
1317357806.519269943 1.34690156e+02 -2.16029760e+02 5.98838288e-01 -2.33833877e-02 1.18565016e-02 -2.81450040e-01 9.59217658e-01
1317357806.623066902 1.35543903e+02 -2.16561981e+02 5.97375837e-01 -2.29817138e-02 1.24293171e-02 -2.80983097e-01 9.59356999e-01
1317357806.726866961 1.36388799e+02 -2.17091162e+02 5.96026883e-01 -2.30794455e-02 1.33641359e-02 -2.81337943e-01 9.59238084e-01
1317357806.830641031 1.37230671e+02 -2.17628123e+02 5.98721577e-01 -2.19234636e-02 1.37925594e-02 -2.81214009e-01 9.59295475e-01
1317357806.934416056 1.38097719e+02 -2.18170045e+02 6.00447761e-01 -2.15202915e-02 1.50080807e-02 -2.81081318e-01 9.59325246e-01
1317357807.038191080 1.38934225e+02 -2.18700804e+02 5.90924705e-01 -1.98793616e-02 1.47850084e-02 -2.80998681e-01 9.59388324e-01
1317357807.141988993 1.39769769e+02 -2.19230414e+02 5.92184994e-01 -1.93379343e-02 1.29347607e-02 -2.80492004e-01 9.59574370e-01
1317357807.245786905 1.40593983e+02 -2.19751792e+02 5.92033570e-01 -1.83483896e-02 1.10145794e-02 -2.80525766e-01 9.59607894e-01
1317357807.349586964 1.41418613e+02 -2.20284085e+02 6.00835853e-01 -1.72758960e-02 1.02539711e-02 -2.80790719e-01 9.59558738e-01
1317357807.453385115 1.42228383e+02 -2.20809657e+02 6.02429987e-01 -1.67557077e-02 1.11327890e-02 -2.81840319e-01 9.59250406e-01
1317357807.557183981 1.43046221e+02 -2.21333252e+02 6.12819827e-01 -1.62476005e-02 1.19933715e-02 -2.82758153e-01 9.58978624e-01
1317357807.660983086 1.43860531e+02 -2.21854470e+02 6.08875173e-01 -1.46358205e-02 1.38114560e-02 -2.83859771e-01 9.58654613e-01
1317357807.764781952 1.44692183e+02 -2.22385207e+02 5.99622114e-01 -1.32207839e-02 1.54216778e-02 -2.84788309e-01 9.58375188e-01
1317357807.868580103 1.45501442e+02 -2.22897496e+02 6.03560485e-01 -1.37623337e-02 1.51394253e-02 -2.85446734e-01 9.58176162e-01
1317357807.972403049 1.46298799e+02 -2.23415007e+02 6.05703224e-01 -1.40899562e-02 1.31743584e-02 -2.87029575e-01 9.57727483e-01
1317357808.076275110 1.47089987e+02 -2.23923595e+02 6.13258473e-01 -1.52099136e-02 1.03645487e-02 -2.89546844e-01 9.56986865e-01
1317357808.180145025 1.47918968e+02 -2.24454950e+02 6.10114626e-01 -1.73453093e-02 9.60646962e-03 -2.92811550e-01 9.55964566e-01
1317357808.284015894 1.48727539e+02 -2.24990014e+02 6.19704768e-01 -1.86168159e-02 9.17349312e-03 -2.95505737e-01 9.55115501e-01
1317357808.387861967 1.49521751e+02 -2.25528208e+02 6.16984521e-01 -2.05746666e-02 1.11876912e-02 -2.97575151e-01 9.54411100e-01
1317357808.491708040 1.50316129e+02 -2.26063631e+02 6.29536550e-01 -2.03705996e-02 1.24630080e-02 -2.99452294e-01 9.53812369e-01
1317357808.595555067 1.51093463e+02 -2.26595941e+02 6.30539877e-01 -2.06042831e-02 1.27875236e-02 -3.01203363e-01 9.53251529e-01
1317357808.699377060 1.51853911e+02 -2.27131218e+02 6.39229760e-01 -2.18379258e-02 1.32425342e-02 -3.02171010e-01 9.52911549e-01
1317357808.803177118 1.52634654e+02 -2.27695070e+02 6.44431190e-01 -2.16613957e-02 1.35986998e-02 -3.02786405e-01 9.52715200e-01
1317357808.906977892 1.53410542e+02 -2.28247349e+02 6.48556483e-01 -2.07530846e-02 1.27686420e-02 -3.03659198e-01 9.52469087e-01
1317357809.010776043 1.54178384e+02 -2.28795118e+02 6.43082818e-01 -1.84523346e-02 1.08779594e-02 -3.04762779e-01 9.52187392e-01
1317357809.114550114 1.54956486e+02 -2.29352685e+02 6.43273492e-01 -1.66060914e-02 1.07529393e-02 -3.05304688e-01 9.52049190e-01
1317357809.218348980 1.55727314e+02 -2.29914382e+02 6.46535517e-01 -1.44350535e-02 1.16262845e-02 -3.05110604e-01 9.52136533e-01
1317357809.322146893 1.56508600e+02 -2.30475563e+02 6.42850699e-01 -1.31742715e-02 1.26051324e-02 -3.05079174e-01 9.52152428e-01
1317357809.425921917 1.57281837e+02 -2.31024552e+02 6.46485854e-01 -1.30556856e-02 1.31303959e-02 -3.05108019e-01 9.52137720e-01
1317357809.529700041 1.58057380e+02 -2.31567242e+02 6.31024247e-01 -1.34761380e-02 1.40045860e-02 -3.05751633e-01 9.51912919e-01
1317357809.633497000 1.58842517e+02 -2.32118523e+02 6.20908507e-01 -1.35377679e-02 1.40945702e-02 -3.06199905e-01 9.51766615e-01
1317357809.737340927 1.59639295e+02 -2.32677498e+02 6.18211661e-01 -1.29788003e-02 1.27979722e-02 -3.07055047e-01 9.51517189e-01
1317357809.841188908 1.60419062e+02 -2.33221603e+02 6.09003056e-01 -1.28545587e-02 1.17410563e-02 -3.07979606e-01 9.51233657e-01
1317357809.945010900 1.61187581e+02 -2.33780211e+02 6.06756362e-01 -1.27202764e-02 1.27153781e-02 -3.08799889e-01 9.50956961e-01
1317357810.048831940 1.61949789e+02 -2.34338510e+02 6.01628436e-01 -1.17989731e-02 1.37603537e-02 -3.09668309e-01 9.50671855e-01
1317357810.152682066 1.62704831e+02 -2.34895957e+02 5.92626141e-01 -1.03421090e-02 1.32584228e-02 -3.10159830e-01 9.50535709e-01
1317357810.256529093 1.63465680e+02 -2.35452948e+02 5.87764538e-01 -9.40939447e-03 1.22423955e-02 -3.10657654e-01 9.50396448e-01
1317357810.360351086 1.64237007e+02 -2.36015517e+02 5.88533011e-01 -7.91426251e-03 1.05197592e-02 -3.11083374e-01 9.50291447e-01
1317357810.464173079 1.64984654e+02 -2.36556653e+02 5.91447360e-01 -8.05955332e-03 8.60943096e-03 -3.12116906e-01 9.49970504e-01
1317357810.567994118 1.65727544e+02 -2.37086228e+02 5.93540160e-01 -8.27837103e-03 7.67509619e-03 -3.13121826e-01 9.49645873e-01
1317357810.671817064 1.66481120e+02 -2.37641249e+02 6.05469425e-01 -8.89723309e-03 8.22991503e-03 -3.13344415e-01 9.49562207e-01
1317357810.775671005 1.67226748e+02 -2.38187396e+02 6.08277117e-01 -8.15081263e-03 1.00943593e-02 -3.13499106e-01 9.49499857e-01
1317357810.879517078 1.67976066e+02 -2.38735847e+02 6.04074943e-01 -6.27918652e-03 1.07812097e-02 -3.13504630e-01 9.49504705e-01
1317357810.983335018 1.68692160e+02 -2.39276593e+02 6.03354933e-01 -4.62138714e-03 1.00747396e-02 -3.13657945e-01 9.49471345e-01
1317357811.087157011 1.69386112e+02 -2.39804099e+02 6.02999429e-01 -2.77679219e-03 9.20879285e-03 -3.13827445e-01 9.49431315e-01
1317357811.190979004 1.70094644e+02 -2.40329109e+02 6.06025620e-01 -1.05729011e-03 8.17382900e-03 -3.13620497e-01 9.49512641e-01
1317357811.294826031 1.70788570e+02 -2.40839264e+02 6.08083512e-01 1.27445094e-04 8.46781152e-03 -3.13209597e-01 9.49646265e-01
1317357811.398672104 1.71481597e+02 -2.41344688e+02 6.10454846e-01 9.83065798e-04 1.05311858e-02 -3.12111733e-01 9.49986523e-01
1317357811.502473116 1.72151783e+02 -2.41826456e+02 6.13600116e-01 2.00324620e-03 1.16169291e-02 -3.10517466e-01 9.50494575e-01
1317357811.606247902 1.72779897e+02 -2.42287758e+02 6.06164726e-01 2.99566549e-03 1.19322271e-02 -3.08306750e-01 9.51207441e-01
1317357811.710020065 1.73403572e+02 -2.42732148e+02 6.08182441e-01 2.30048732e-03 9.97978299e-03 -3.05646080e-01 9.52090114e-01
1317357811.813819885 1.74003500e+02 -2.43158665e+02 6.07795138e-01 2.73556945e-03 8.06094765e-03 -3.02767620e-01 9.53026393e-01
1317357811.917619944 1.74611325e+02 -2.43578423e+02 6.04095129e-01 2.41573073e-03 7.11515335e-03 -2.99684755e-01 9.54008693e-01
1317357812.021419048 1.75193107e+02 -2.43964201e+02 6.07937055e-01 7.38222518e-04 7.75908275e-03 -2.97303585e-01 9.54751187e-01
1317357812.125289917 1.75748007e+02 -2.44327702e+02 6.15938083e-01 -1.32628801e-03 8.29630869e-03 -2.95617166e-01 9.55269545e-01
1317357812.229232073 1.76315243e+02 -2.44694865e+02 6.28516504e-01 -3.85940542e-03 8.75460607e-03 -2.95424798e-01 9.55318089e-01
1317357812.333245039 1.76846437e+02 -2.45049839e+02 6.34189839e-01 -6.11267097e-03 7.85136120e-03 -2.98419327e-01 9.54382993e-01
1317357812.437356949 1.77387928e+02 -2.45412800e+02 6.31292233e-01 -8.20874705e-03 7.22209511e-03 -3.03545267e-01 9.52754286e-01
1317357812.541516066 1.77900538e+02 -2.45792112e+02 6.29888457e-01 -8.35041881e-03 8.16785203e-03 -3.10276275e-01 9.50574663e-01
1317357812.645699024 1.78391316e+02 -2.46171637e+02 6.27406115e-01 -6.00468189e-03 1.04000376e-02 -3.19503940e-01 9.47508847e-01
1317357812.749932051 1.78875241e+02 -2.46554122e+02 6.27136967e-01 -4.51325474e-03 1.23152115e-02 -3.31156781e-01 9.43484580e-01
1317357812.854211092 1.79318449e+02 -2.46933623e+02 6.30079928e-01 -4.21615412e-03 1.35885879e-02 -3.44305364e-01 9.38749908e-01
1317357812.958512068 1.79746947e+02 -2.47317565e+02 6.24982755e-01 -3.22697826e-03 1.41016430e-02 -3.59029973e-01 9.33213914e-01
1317357813.062792063 1.80125372e+02 -2.47717045e+02 6.30260733e-01 -2.46712411e-03 1.31405429e-02 -3.74194569e-01 9.27253829e-01
1317357813.167021036 1.80476316e+02 -2.48102297e+02 6.30838180e-01 -2.37609015e-03 9.73133226e-03 -3.89316678e-01 9.21049499e-01
1317357813.271224976 1.80831902e+02 -2.48503557e+02 6.31112560e-01 -1.98824256e-03 3.64694974e-03 -4.04653263e-01 9.14460761e-01
1317357813.375407934 1.81170837e+02 -2.48908932e+02 6.28745000e-01 -1.89753961e-03 -7.35839619e-04 -4.19421764e-01 9.07789206e-01
1317357813.479496002 1.81499638e+02 -2.49317773e+02 6.34650090e-01 -2.01742177e-03 -1.32475986e-03 -4.32460012e-01 9.01649884e-01
1317357813.583488941 1.81824240e+02 -2.49745291e+02 6.32157931e-01 -8.64676830e-04 -1.54823008e-03 -4.42443346e-01 8.96794704e-01
1317357813.687383890 1.82131868e+02 -2.50186661e+02 6.47983069e-01 7.56545505e-04 -6.28066356e-04 -4.49485427e-01 8.93287123e-01
1317357813.791182995 1.82430243e+02 -2.50622044e+02 6.62558742e-01 3.61305596e-03 5.86606188e-04 -4.53460752e-01 8.91268729e-01
1317357813.894910097 1.82727763e+02 -2.51068176e+02 6.71796560e-01 6.29392695e-03 2.00053547e-03 -4.54840849e-01 8.90548250e-01
1317357813.998589039 1.83031564e+02 -2.51498336e+02 6.86786319e-01 6.03644398e-03 3.22449490e-03 -4.53627873e-01 8.91164921e-01
1317357814.102243900 1.83340932e+02 -2.51915830e+02 6.93262321e-01 4.45126512e-03 4.69495055e-03 -4.50287157e-01 8.92860358e-01
1317357814.205898046 1.83666108e+02 -2.52327246e+02 6.87873408e-01 3.32601633e-03 6.28783971e-03 -4.45848315e-01 8.95080265e-01
1317357814.309600115 1.83983357e+02 -2.52722028e+02 6.80109416e-01 2.85707938e-03 8.12179655e-03 -4.41257236e-01 8.97339359e-01
1317357814.413326979 1.84299355e+02 -2.53125415e+02 6.76179931e-01 2.41405511e-03 8.90508734e-03 -4.35519799e-01 9.00131866e-01
1317357814.517076969 1.84629827e+02 -2.53519943e+02 6.82550965e-01 2.65573200e-03 9.73852152e-03 -4.29733225e-01 9.02899476e-01
1317357814.620826960 1.84971589e+02 -2.53922333e+02 6.79481176e-01 3.40219896e-03 1.03006408e-02 -4.24297267e-01 9.05457979e-01
1317357814.724554062 1.85313793e+02 -2.54320550e+02 6.77322362e-01 3.64386982e-03 1.00354277e-02 -4.18508056e-01 9.08150328e-01
1317357814.828279972 1.85680323e+02 -2.54709528e+02 6.76722123e-01 2.40620829e-03 1.05560483e-02 -4.11687144e-01 9.11260926e-01
1317357814.932008028 1.86063749e+02 -2.55092740e+02 6.58461893e-01 1.74009250e-03 1.05453707e-02 -4.04096304e-01 9.14654003e-01
1317357815.035712004 1.86432367e+02 -2.55485442e+02 6.57471051e-01 2.85229574e-03 8.77863626e-03 -3.96079608e-01 9.18169779e-01
1317357815.139436007 1.86829996e+02 -2.55893933e+02 6.66495800e-01 3.71055516e-03 6.85217658e-03 -3.87162357e-01 9.21978627e-01
1317357815.243185997 1.87243855e+02 -2.56290677e+02 6.57841577e-01 4.24519901e-03 6.05513366e-03 -3.78359414e-01 9.25629228e-01
1317357815.346915007 1.87693508e+02 -2.56675705e+02 6.57449199e-01 4.41041131e-03 5.16870884e-03 -3.69099478e-01 9.29365057e-01
1317357815.450640917 1.88134968e+02 -2.57053212e+02 6.50916957e-01 4.13762107e-03 4.50178735e-03 -3.59735500e-01 9.33034289e-01
1317357815.554369926 1.88587618e+02 -2.57436476e+02 6.49183876e-01 4.48013793e-03 4.44272798e-03 -3.50179904e-01 9.36661212e-01
1317357815.658119917 1.89052779e+02 -2.57827675e+02 6.53416041e-01 5.37375656e-03 4.25624667e-03 -3.41107611e-01 9.39999258e-01
1317357815.761892080 1.89551236e+02 -2.58210086e+02 6.46536121e-01 4.95067582e-03 4.18921854e-03 -3.32100585e-01 9.43221683e-01
1317357815.865668058 1.90058623e+02 -2.58578313e+02 6.46153479e-01 4.92646018e-03 4.08305598e-03 -3.22448645e-01 9.46565333e-01
1317357815.969440937 1.90575707e+02 -2.58944882e+02 6.49867451e-01 3.73541406e-03 4.66218828e-03 -3.14045055e-01 9.49389285e-01
1317357816.073237896 1.91116086e+02 -2.59325147e+02 6.41213613e-01 2.90420033e-03 5.27702979e-03 -3.06219766e-01 9.51941791e-01
1317357816.177038908 1.91663538e+02 -2.59704474e+02 6.38714853e-01 3.34483990e-03 5.56990697e-03 -2.98703186e-01 9.54323947e-01
1317357816.280862093 1.92239330e+02 -2.60073073e+02 6.42147290e-01 3.10633504e-03 5.97520497e-03 -2.90692770e-01 9.56792747e-01
1317357816.384708881 1.92818052e+02 -2.60435652e+02 6.40987135e-01 2.36991900e-03 6.56030132e-03 -2.82705707e-01 9.59181333e-01
1317357816.488508940 1.93425845e+02 -2.60776878e+02 6.28857291e-01 1.42139841e-03 5.90343882e-03 -2.74124903e-01 9.61674928e-01
1317357816.592305899 1.94048972e+02 -2.61134185e+02 6.24833392e-01 8.24777279e-04 5.32711602e-03 -2.65743898e-01 9.64028590e-01
1317357816.696105003 1.94694500e+02 -2.61493030e+02 6.29773651e-01 8.27880850e-04 5.68912391e-03 -2.57093215e-01 9.66369509e-01
1317357816.799881935 1.95338172e+02 -2.61847757e+02 6.30684785e-01 1.42242938e-04 6.55063883e-03 -2.48698830e-01 9.68558703e-01
1317357816.903677940 1.96001754e+02 -2.62195481e+02 6.36113584e-01 -1.34521096e-03 7.11671784e-03 -2.40002145e-01 9.70745339e-01
1317357817.007476091 1.96700850e+02 -2.62519571e+02 6.27493976e-01 -3.05516034e-03 7.60227706e-03 -2.30820630e-01 9.72961823e-01
1317357817.111252069 1.97420757e+02 -2.62840023e+02 6.25220675e-01 -4.82638096e-03 7.69297437e-03 -2.21598676e-01 9.75095663e-01
1317357817.215049982 1.98150880e+02 -2.63156757e+02 6.14131181e-01 -6.93121950e-03 9.03199363e-03 -2.12350708e-01 9.77127196e-01
1317357817.318850040 1.98899996e+02 -2.63470727e+02 6.17583146e-01 -8.95466910e-03 1.05685100e-02 -2.02991964e-01 9.79082419e-01
1317357817.422648907 1.99669359e+02 -2.63764972e+02 6.16218937e-01 -1.24056153e-02 1.04152057e-02 -1.93497438e-01 9.80967056e-01
1317357817.526448011 2.00462043e+02 -2.64052156e+02 6.03916889e-01 -1.47814985e-02 8.40146862e-03 -1.84465302e-01 9.82691953e-01
1317357817.630247116 2.01243880e+02 -2.64321224e+02 5.98515210e-01 -1.66052092e-02 7.51543139e-03 -1.75731809e-01 9.84269331e-01
1317357817.734093904 2.02064469e+02 -2.64598687e+02 5.89596853e-01 -1.75485536e-02 7.93078285e-03 -1.66778486e-01 9.85806313e-01
1317357817.837939024 2.02897601e+02 -2.64870930e+02 5.85055871e-01 -1.78944037e-02 8.65010779e-03 -1.58561010e-01 9.87149113e-01
1317357817.941785097 2.03745346e+02 -2.65135216e+02 5.76408911e-01 -1.66703402e-02 8.76810915e-03 -1.51088777e-01 9.88340732e-01
1317357818.045681000 2.04598314e+02 -2.65399476e+02 5.79121719e-01 -1.47705981e-02 7.38760365e-03 -1.44635573e-01 9.89347160e-01
1317357818.149600983 2.05464669e+02 -2.65624170e+02 5.80126352e-01 -1.38528373e-02 6.03009273e-03 -1.37318278e-01 9.90411746e-01
1317357818.253519058 2.06348185e+02 -2.65874352e+02 5.75037014e-01 -1.28574532e-02 5.76731395e-03 -1.31128457e-01 9.91265228e-01
1317357818.357438087 2.07276193e+02 -2.66118315e+02 5.69155278e-01 -1.15800480e-02 6.15391197e-03 -1.25501531e-01 9.92006753e-01
1317357818.461380959 2.08225605e+02 -2.66355740e+02 5.78262142e-01 -8.87493739e-03 5.33950260e-03 -1.19537440e-01 9.92775667e-01
1317357818.565372944 2.09134172e+02 -2.66566337e+02 5.86919403e-01 -5.51629879e-03 1.36101249e-03 -1.14181144e-01 9.93443700e-01
1317357818.669388056 2.10071529e+02 -2.66761215e+02 5.84738225e-01 -5.21389658e-03 -2.08255624e-03 -1.10065002e-01 9.93908534e-01
1317357818.773423910 2.11047066e+02 -2.66965259e+02 5.84190210e-01 -5.74569145e-03 -2.22753318e-04 -1.07848451e-01 9.94150717e-01
1317357818.877511024 2.12043234e+02 -2.67179552e+02 5.86232376e-01 -7.01053990e-03 4.54642300e-03 -1.06946425e-01 9.94229674e-01
1317357818.981599092 2.13044835e+02 -2.67389812e+02 6.01213505e-01 -4.49533247e-03 7.91319139e-03 -1.07181955e-01 9.94197768e-01
1317357819.085635900 2.14017803e+02 -2.67613214e+02 6.01576810e-01 -9.26531048e-04 8.78139747e-03 -1.06416716e-01 9.94282410e-01
1317357819.189625978 2.15031778e+02 -2.67852785e+02 5.71545719e-01 4.62070434e-03 8.22730865e-03 -1.05113144e-01 9.94415500e-01
1317357819.293595076 2.16054428e+02 -2.68086016e+02 5.71216346e-01 7.83346967e-03 7.03581404e-03 -1.03578574e-01 9.94565540e-01
1317357819.397537947 2.17088279e+02 -2.68295088e+02 5.68575666e-01 8.97971280e-03 5.41371203e-03 -1.01359347e-01 9.94794622e-01
1317357819.501456976 2.18105384e+02 -2.68492141e+02 5.72346056e-01 9.47318664e-03 3.85250702e-03 -9.88718327e-02 9.95047626e-01
1317357819.605400085 2.19108598e+02 -2.68690865e+02 5.74793851e-01 7.05270868e-03 3.13584864e-03 -9.71050010e-02 9.95244214e-01
1317357819.709342003 2.20158363e+02 -2.68889553e+02 5.64418293e-01 6.35898255e-03 4.88380075e-03 -9.59194996e-02 9.95356801e-01
1317357819.813285112 2.21219246e+02 -2.69089623e+02 5.67903039e-01 4.07646200e-03 9.49136848e-03 -9.47898366e-02 9.95443712e-01
1317357819.917227030 2.22256378e+02 -2.69290976e+02 5.63127243e-01 2.75028119e-03 1.38222180e-02 -9.36367484e-02 9.95506676e-01
1317357820.021147013 2.23282333e+02 -2.69474978e+02 5.44954362e-01 3.66686467e-03 1.38660500e-02 -9.28818514e-02 9.95573829e-01
1317357820.125067949 2.24293743e+02 -2.69669250e+02 5.35687750e-01 7.12423192e-03 1.26490093e-02 -9.18811253e-02 9.95664154e-01
1317357820.228960991 2.25309037e+02 -2.69855067e+02 5.23875983e-01 1.00728747e-02 1.16347929e-02 -9.08757523e-02 9.95743324e-01
1317357820.332854986 2.26322248e+02 -2.70028373e+02 5.11633078e-01 1.11996165e-02 1.08011810e-02 -8.95512284e-02 9.95860673e-01
1317357820.436774015 2.27329200e+02 -2.70203586e+02 5.03016463e-01 1.21602076e-02 9.84959399e-03 -8.82835424e-02 9.95972455e-01
1317357820.540666103 2.28348033e+02 -2.70397584e+02 4.97103383e-01 1.28969163e-02 9.36085430e-03 -8.71412724e-02 9.96068493e-01
1317357820.644560099 2.29370066e+02 -2.70575058e+02 4.91678958e-01 1.44908343e-02 1.01430342e-02 -8.59500145e-02 9.96142424e-01
1317357820.748456955 2.30394084e+02 -2.70744458e+02 4.75604805e-01 1.59997691e-02 1.26489510e-02 -8.46382928e-02 9.96202977e-01
1317357820.852303982 2.31400547e+02 -2.70918846e+02 4.68405145e-01 1.75475345e-02 1.32153349e-02 -8.28338805e-02 9.96321227e-01
1317357820.956149101 2.32407377e+02 -2.71083567e+02 4.64163388e-01 1.84118038e-02 9.80612293e-03 -8.10870956e-02 9.96488700e-01
1317357821.060020924 2.33432752e+02 -2.71246977e+02 4.65303959e-01 1.71367290e-02 5.02615763e-03 -7.99579383e-02 9.96638248e-01
1317357821.163893938 2.34464594e+02 -2.71386921e+02 4.68294447e-01 1.46241749e-02 3.96859260e-03 -7.82367246e-02 9.96819642e-01
1317357821.267764091 2.35487265e+02 -2.71519744e+02 4.69635967e-01 1.21658706e-02 6.33132865e-03 -7.70238601e-02 9.96934918e-01
1317357821.371634960 2.36489102e+02 -2.71667037e+02 4.61699500e-01 1.02277379e-02 9.87770998e-03 -7.62936064e-02 9.96984007e-01
1317357821.475506067 2.37510351e+02 -2.71830096e+02 4.40556294e-01 9.39793799e-03 1.25281037e-02 -7.48909475e-02 9.97068740e-01
1317357821.579377890 2.38523987e+02 -2.71973232e+02 4.34352862e-01 1.10092094e-02 1.28865562e-02 -7.38927098e-02 9.97122160e-01
1317357821.683271885 2.39496256e+02 -2.72107518e+02 4.27254190e-01 1.12905019e-02 1.06481570e-02 -7.21212537e-02 9.97275121e-01
1317357821.787189007 2.40468445e+02 -2.72246851e+02 4.23236793e-01 1.07252919e-02 5.45929925e-03 -7.12633076e-02 9.97384933e-01
1317357821.891083002 2.41458827e+02 -2.72372525e+02 4.26930579e-01 9.76383691e-03 3.56866799e-04 -7.10398164e-02 9.97425629e-01
1317357821.994980097 2.42476516e+02 -2.72511505e+02 4.43946524e-01 7.54474270e-03 -4.10190170e-05 -7.05216163e-02 9.97481718e-01
1317357822.098897934 2.43498997e+02 -2.72625501e+02 4.67461247e-01 2.84533248e-03 3.78330661e-03 -7.01680653e-02 9.97523951e-01
1317357822.202816010 2.44519720e+02 -2.72762576e+02 4.58669495e-01 8.07427919e-04 8.39281127e-03 -6.92610701e-02 9.97562937e-01
1317357822.306734085 2.45509865e+02 -2.72900503e+02 4.33410058e-01 -4.13296128e-04 1.05812174e-02 -6.83414390e-02 9.97605791e-01
1317357822.410650969 2.46487452e+02 -2.73033101e+02 4.27868268e-01 -1.20448750e-03 9.45324476e-03 -6.78722962e-02 9.97648504e-01
1317357822.514547110 2.47476507e+02 -2.73155758e+02 4.23985836e-01 -1.79586106e-03 6.34986551e-03 -6.69705144e-02 9.97733133e-01
1317357822.618443012 2.48465487e+02 -2.73292286e+02 4.31206011e-01 -8.27688314e-04 6.56295670e-03 -6.64137171e-02 9.97770244e-01
1317357822.722335100 2.49462845e+02 -2.73428877e+02 4.41059467e-01 -1.30792899e-03 8.40995050e-03 -6.57050454e-02 9.97802791e-01
1317357822.826208115 2.50463446e+02 -2.73545986e+02 4.31393840e-01 -1.17819625e-03 9.86124001e-03 -6.48318227e-02 9.97846783e-01
1317357822.930079937 2.51430496e+02 -2.73673776e+02 4.19853669e-01 8.33788533e-04 9.53301849e-03 -6.49815510e-02 9.97840581e-01
1317357823.033925056 2.52402018e+02 -2.73794988e+02 4.09796160e-01 2.05654475e-03 8.72151669e-03 -6.40827622e-02 9.97904357e-01
1317357823.137748957 2.53378847e+02 -2.73920088e+02 4.21061689e-01 1.95371780e-03 8.44986495e-03 -6.27358504e-02 9.97992483e-01
1317357823.241595984 2.54363393e+02 -2.74037027e+02 4.23271441e-01 5.60845495e-04 9.10732759e-03 -6.18939909e-02 9.98041019e-01
1317357823.345441103 2.55350955e+02 -2.74143614e+02 4.14937602e-01 7.29988877e-04 9.47293990e-03 -6.14810319e-02 9.98063031e-01
1317357823.449261904 2.56331333e+02 -2.74253671e+02 4.03286862e-01 -7.02950923e-04 9.27212374e-03 -6.15478084e-02 9.98060820e-01
1317357823.553064108 2.57313765e+02 -2.74368180e+02 4.00762966e-01 -1.63837903e-03 8.84329238e-03 -6.14270938e-02 9.98071052e-01
1317357823.656863928 2.58267943e+02 -2.74480823e+02 3.93958176e-01 -2.82480807e-03 8.71718257e-03 -6.06837017e-02 9.98114983e-01
1317357823.760660887 2.59232251e+02 -2.74598347e+02 4.00150331e-01 -3.32525110e-03 7.96314171e-03 -6.02600059e-02 9.98145412e-01
1317357823.864435911 2.60207457e+02 -2.74707972e+02 3.91734410e-01 -5.53242557e-03 9.21968813e-03 -5.99466502e-02 9.98143671e-01
1317357823.968235016 2.61170269e+02 -2.74803088e+02 3.78458019e-01 -7.97816295e-03 1.20035961e-02 -6.02409762e-02 9.98079800e-01
1317357824.072033882 2.62125002e+02 -2.74910932e+02 3.70327890e-01 -7.94426245e-03 1.28206838e-02 -6.05556243e-02 9.98050868e-01
1317357824.175807953 2.63065841e+02 -2.75017842e+02 3.65032930e-01 -6.91546203e-03 1.22654445e-02 -6.06934322e-02 9.98057134e-01
1317357824.279583931 2.64023477e+02 -2.75125253e+02 3.64327689e-01 -6.22560041e-03 1.14434600e-02 -5.99153599e-02 9.98118449e-01
1317357824.383359909 2.64990926e+02 -2.75244580e+02 3.59282614e-01 -6.58545608e-03 1.23299750e-02 -5.97990869e-02 9.98112555e-01
1317357824.487133026 2.65954670e+02 -2.75342372e+02 3.57555681e-01 -9.43042065e-03 1.38180747e-02 -6.02951743e-02 9.98040390e-01
1317357824.590907097 2.66908987e+02 -2.75452945e+02 3.29285813e-01 -1.25829712e-02 1.54404012e-02 -6.07014049e-02 9.97957215e-01
1317357824.694680929 2.67834608e+02 -2.75551165e+02 3.33265706e-01 -1.56556460e-02 1.59197120e-02 -6.05672299e-02 9.97914362e-01
1317357824.798487902 2.68778921e+02 -2.75641634e+02 3.22974342e-01 -1.88860944e-02 1.30758855e-02 -6.00187059e-02 9.97932909e-01
1317357824.902287006 2.69730648e+02 -2.75749575e+02 3.11457199e-01 -1.98730425e-02 1.08127024e-02 -5.93379352e-02 9.97981541e-01
1317357825.006078959 2.70662009e+02 -2.75863105e+02 2.94764202e-01 -1.96348760e-02 1.19726661e-02 -5.92180544e-02 9.97980135e-01
1317357825.109875917 2.71613704e+02 -2.75966320e+02 2.98322264e-01 -2.04456986e-02 1.38558236e-02 -5.99830219e-02 9.97893795e-01
1317357825.213674068 2.72559651e+02 -2.76067876e+02 2.74312749e-01 -2.21315259e-02 1.53738042e-02 -6.02917075e-02 9.97816993e-01
1317357825.317522049 2.73490287e+02 -2.76156480e+02 2.66744913e-01 -2.35945914e-02 1.66121377e-02 -6.02422771e-02 9.97766606e-01
1317357825.421392918 2.74397012e+02 -2.76251065e+02 2.58736582e-01 -2.41452542e-02 1.70386542e-02 -6.12962155e-02 9.97682046e-01
1317357825.525262117 2.75265128e+02 -2.76355341e+02 2.48318615e-01 -2.68875967e-02 1.56497423e-02 -6.27962346e-02 9.97541365e-01
1317357825.629111052 2.76142849e+02 -2.76469115e+02 2.35282826e-01 -2.78121485e-02 1.37565055e-02 -6.38570876e-02 9.97476574e-01
1317357825.732959032 2.77021874e+02 -2.76584373e+02 2.39947040e-01 -2.86138388e-02 1.37093798e-02 -6.54343973e-02 9.97352315e-01
1317357825.836806059 2.77878939e+02 -2.76665664e+02 2.24254747e-01 -3.21463824e-02 1.72761697e-02 -6.67024758e-02 9.97105272e-01
1317357825.940654039 2.78703252e+02 -2.76755174e+02 2.01886560e-01 -3.41912721e-02 1.94832685e-02 -6.78383202e-02 9.96919917e-01
1317357826.044523954 2.79516287e+02 -2.76856151e+02 1.96331617e-01 -3.48414633e-02 1.78770310e-02 -6.94012373e-02 9.96819920e-01
1317357826.148391962 2.80309824e+02 -2.76957029e+02 1.99627770e-01 -3.56343091e-02 1.49708204e-02 -7.12100838e-02 9.96712192e-01
1317357826.252280951 2.81106902e+02 -2.77059636e+02 1.94680509e-01 -3.83592759e-02 1.28757125e-02 -7.35511445e-02 9.96470276e-01
1317357826.356200933 2.81887002e+02 -2.77170296e+02 1.79487086e-01 -3.99853168e-02 1.24116736e-02 -7.58594505e-02 9.96239162e-01
1317357826.460171938 2.82645218e+02 -2.77298011e+02 1.74150940e-01 -3.94125892e-02 1.26038196e-02 -8.00226381e-02 9.95933818e-01
1317357826.564187050 2.83405311e+02 -2.77427816e+02 1.60697213e-01 -4.00386315e-02 1.48313295e-02 -8.60813370e-02 9.95372766e-01
1317357826.668203115 2.84181704e+02 -2.77569316e+02 1.61100052e-01 -3.76788772e-02 1.66066861e-02 -9.36100821e-02 9.94757092e-01
1317357826.772239923 2.84943470e+02 -2.77721401e+02 1.51084657e-01 -3.70399255e-02 1.77469958e-02 -9.98239412e-02 9.94157064e-01
1317357826.876277924 2.85687656e+02 -2.77896697e+02 1.51550281e-01 -2.99661211e-02 1.61731850e-02 -1.06794376e-01 9.93697852e-01
1317357826.980293036 2.86394148e+02 -2.78082871e+02 1.38873500e-01 -2.72123962e-02 1.32196312e-02 -1.12931519e-01 9.93142084e-01
1317357827.084307909 2.87086391e+02 -2.78260178e+02 1.39577356e-01 -2.59486132e-02 1.12751524e-02 -1.19086643e-01 9.92480686e-01
1317357827.188301086 2.87791763e+02 -2.78442926e+02 1.47526745e-01 -2.43283642e-02 1.14029818e-02 -1.24793975e-01 9.91818817e-01
1317357827.292243004 2.88494268e+02 -2.78635993e+02 1.57118532e-01 -2.34793779e-02 1.36774254e-02 -1.29656008e-01 9.91186646e-01
1317357827.396181107 2.89163855e+02 -2.78828298e+02 1.53180662e-01 -2.16828856e-02 1.65453786e-02 -1.33809663e-01 9.90631656e-01
1317357827.500124931 2.89861230e+02 -2.79030675e+02 1.54981589e-01 -1.78144659e-02 1.80918311e-02 -1.39045474e-01 9.89960447e-01
1317357827.604022980 2.90499715e+02 -2.79226203e+02 1.39763705e-01 -1.57494626e-02 1.72105232e-02 -1.42878111e-01 9.89465309e-01
1317357827.707894087 2.91157308e+02 -2.79433048e+02 1.29984319e-01 -1.50901944e-02 1.66034771e-02 -1.45850341e-01 9.89052217e-01
1317357827.811764002 2.91782123e+02 -2.79623253e+02 1.23212640e-01 -1.27612829e-02 1.61062643e-02 -1.48071025e-01 9.88763222e-01
1317357827.915610075 2.92375466e+02 -2.79821487e+02 1.15416826e-01 -9.14717230e-03 1.69897132e-02 -1.49509382e-01 9.88572012e-01
1317357828.019412041 2.92947699e+02 -2.80013403e+02 1.22921905e-01 -4.16727204e-03 1.98998341e-02 -1.49469821e-01 9.88557233e-01
1317357828.123186111 2.93494115e+02 -2.80202866e+02 1.09023340e-01 -1.76792493e-03 2.08211529e-02 -1.49266043e-01 9.88576250e-01
1317357828.226934910 2.94040346e+02 -2.80364896e+02 9.28821933e-02 -6.33386297e-04 2.05804535e-02 -1.48832888e-01 9.88647973e-01
1317357828.330686092 2.94566958e+02 -2.80522993e+02 8.07601321e-02 -5.75439550e-04 2.03623492e-02 -1.47756162e-01 9.88814017e-01
1317357828.434437990 2.95060459e+02 -2.80682557e+02 6.86695734e-02 5.40262038e-04 2.01011145e-02 -1.46231576e-01 9.89045995e-01
1317357828.538187981 2.95540710e+02 -2.80821654e+02 5.00627997e-02 2.05021028e-03 1.90515157e-02 -1.44641613e-01 9.89298560e-01
1317357828.641961098 2.96015942e+02 -2.80968256e+02 4.51997735e-02 2.28948943e-03 1.78524715e-02 -1.44309803e-01 9.89368853e-01
1317357828.745738029 2.96465181e+02 -2.81100406e+02 4.13816374e-02 2.05103062e-03 1.71092203e-02 -1.42459289e-01 9.89650655e-01
1317357828.849510908 2.96933812e+02 -2.81232354e+02 3.17761868e-02 4.00868834e-03 1.60806989e-02 -1.40996403e-01 9.89871384e-01
1317357828.953284979 2.97369489e+02 -2.81361705e+02 3.09056934e-02 5.09494668e-03 1.48498256e-02 -1.40022830e-01 9.90023803e-01
1317357829.057086945 2.97786368e+02 -2.81456099e+02 2.46713697e-02 4.76166775e-03 1.39912365e-02 -1.38283696e-01 9.90282380e-01
1317357829.160883904 2.98189849e+02 -2.81566474e+02 1.70069423e-02 4.93405948e-03 1.39551338e-02 -1.36829941e-01 9.90483961e-01
1317357829.264683008 2.98578280e+02 -2.81681543e+02 1.58469246e-02 5.38490350e-03 1.40158501e-02 -1.35461324e-01 9.90668859e-01
1317357829.368480921 2.98937509e+02 -2.81787548e+02 1.22628589e-02 6.54484962e-03 1.40579261e-02 -1.33919599e-01 9.90870870e-01
1317357829.472255945 2.99274540e+02 -2.81875306e+02 9.99288842e-03 7.61399738e-03 1.40532924e-02 -1.31979684e-01 9.91123552e-01
1317357829.576030970 2.99575428e+02 -2.81959355e+02 5.99612113e-03 9.61273052e-03 1.33688088e-02 -1.29585687e-01 9.91431500e-01
1317357829.679780960 2.99851962e+02 -2.82034762e+02 1.20042079e-02 1.09122086e-02 1.20970881e-02 -1.26480544e-01 9.91835297e-01
1317357829.783531904 3.00121066e+02 -2.82103413e+02 1.03058666e-02 1.19820286e-02 1.09200586e-02 -1.22761065e-01 9.92303837e-01
1317357829.887283087 3.00367503e+02 -2.82160526e+02 1.18519678e-02 1.28323336e-02 9.55560298e-03 -1.17715196e-01 9.92918503e-01
1317357829.991008997 3.00593582e+02 -2.82212913e+02 1.36047846e-02 1.34706704e-02 8.34688276e-03 -1.11046201e-01 9.93688891e-01
1317357830.094734907 3.00799769e+02 -2.82239419e+02 1.40780750e-02 1.35938438e-02 7.66028154e-03 -1.03239984e-01 9.94534078e-01
1317357830.198462009 3.01003254e+02 -2.82263199e+02 1.45297032e-02 1.26795830e-02 7.59984391e-03 -9.54575200e-02 9.95323732e-01
1317357830.302213907 3.01178088e+02 -2.82269916e+02 1.30533258e-02 1.16721749e-02 7.97258281e-03 -8.79633155e-02 9.96023420e-01
1317357830.405965090 3.01337180e+02 -2.82267495e+02 1.26887339e-02 1.09728904e-02 8.11191690e-03 -8.04243242e-02 9.96667307e-01
1317357830.509721994 3.01451959e+02 -2.82263492e+02 1.22404667e-02 1.05963945e-02 8.34940850e-03 -7.24274246e-02 9.97282443e-01
1317357830.613497019 3.01598115e+02 -2.82264403e+02 1.47201742e-02 1.04716274e-02 8.45725902e-03 -6.41953906e-02 9.97846567e-01
1317357830.717237949 3.01752334e+02 -2.82278300e+02 1.91082946e-02 1.10907284e-02 8.08071513e-03 -5.56384453e-02 9.98356680e-01
1317357830.820991039 3.01904403e+02 -2.82290292e+02 1.99182474e-02 1.09177438e-02 7.96101762e-03 -4.67924678e-02 9.98813241e-01
1317357830.924767017 3.02067284e+02 -2.82285324e+02 2.17591459e-02 9.36599617e-03 8.17576430e-03 -3.70632220e-02 9.99235584e-01
1317357831.028541088 3.02214988e+02 -2.82266966e+02 2.18661835e-02 7.27614425e-03 8.61248177e-03 -2.76234303e-02 9.99554815e-01
1317357831.132314920 3.02362454e+02 -2.82246415e+02 2.13254598e-02 5.69865762e-03 8.92049883e-03 -1.78566459e-02 9.99784522e-01
1317357831.236088037 3.02505634e+02 -2.82236646e+02 1.90517241e-02 5.59605613e-03 8.93130294e-03 -8.15828816e-03 9.99911175e-01
1317357831.339862108 3.02642015e+02 -2.82226507e+02 2.18495277e-02 5.70195610e-03 8.56854543e-03 1.52957749e-03 9.99945863e-01
1317357831.443639040 3.02781022e+02 -2.82221543e+02 2.66699351e-02 5.21001274e-03 8.02885920e-03 1.16625457e-02 9.99886183e-01
1317357831.547415018 3.02933957e+02 -2.82184656e+02 3.08116298e-02 3.45688075e-03 8.01326229e-03 2.32144940e-02 9.99692415e-01
1317357831.651165009 3.03099227e+02 -2.82162462e+02 3.24103502e-02 1.38997428e-03 7.97317155e-03 3.47463009e-02 9.99363393e-01
1317357831.754890919 3.03283658e+02 -2.82101986e+02 2.81280170e-02 2.05945387e-04 8.34392907e-03 4.83089618e-02 9.98797567e-01
1317357831.858592987 3.03478711e+02 -2.82056877e+02 2.53634289e-02 6.84904466e-04 9.15606455e-03 6.25541650e-02 9.97999336e-01
1317357831.962272882 3.03687957e+02 -2.82018889e+02 2.52083954e-02 2.10911754e-03 1.01356740e-02 7.71603296e-02 9.96964946e-01
1317357832.065953016 3.03929584e+02 -2.81927663e+02 2.08163651e-02 1.31194148e-03 1.10495210e-02 9.39202044e-02 9.95517545e-01
1317357832.169631958 3.04164113e+02 -2.81845586e+02 1.17047408e-02 3.47525607e-05 1.19429355e-02 1.10710924e-01 9.93780890e-01
1317357832.273336887 3.04397173e+02 -2.81759213e+02 3.15393844e-03 -9.87677766e-04 1.28007215e-02 1.28336435e-01 9.91647581e-01
1317357832.377037048 3.04653236e+02 -2.81647592e+02 5.79184896e-03 -7.72012192e-04 1.42096512e-02 1.46683090e-01 9.89081170e-01
1317357832.480714083 3.04922255e+02 -2.81521813e+02 5.51102563e-03 -1.75757577e-03 1.44839809e-02 1.66053983e-01 9.86008722e-01
1317357832.584368944 3.05182248e+02 -2.81393434e+02 2.25986913e-03 -2.55888369e-03 1.50037037e-02 1.86501102e-01 9.82336846e-01
1317357832.688024044 3.05480918e+02 -2.81227235e+02 -1.13351893e-02 -2.21001343e-03 1.54527593e-02 2.09156896e-01 9.77757496e-01
1317357832.791677952 3.05777735e+02 -2.81053727e+02 -1.58465204e-02 -5.95111770e-04 1.52566143e-02 2.32346595e-01 9.72513209e-01
1317357832.895330906 3.06070057e+02 -2.80864510e+02 -2.50645586e-02 5.24132790e-04 1.54570016e-02 2.55818236e-01 9.66601178e-01
1317357832.999010086 3.06381190e+02 -2.80631589e+02 -3.80344396e-02 1.42328285e-03 1.58408046e-02 2.79390429e-01 9.60045849e-01
1317357833.102691889 3.06693715e+02 -2.80387345e+02 -4.61665395e-02 3.29786936e-03 1.55610272e-02 3.03347313e-01 9.52747284e-01
1317357833.206346989 3.06993056e+02 -2.80134602e+02 -5.66004627e-02 4.73281916e-03 1.55461211e-02 3.27474797e-01 9.44720158e-01
1317357833.310000896 3.07304522e+02 -2.79847762e+02 -6.70107018e-02 5.92466216e-03 1.62106040e-02 3.52376429e-01 9.35699186e-01
1317357833.413703918 3.07595781e+02 -2.79533552e+02 -6.95315178e-02 6.70723297e-03 1.65068129e-02 3.77150850e-01 9.25980439e-01
1317357833.517457008 3.07894014e+02 -2.79186740e+02 -8.09000920e-02 8.45659769e-03 1.66271356e-02 4.01912684e-01 9.15487967e-01
1317357833.621232986 3.08185104e+02 -2.78804456e+02 -8.63093150e-02 9.67669842e-03 1.71212643e-02 4.26302578e-01 9.04366815e-01
1317357833.725028992 3.08460046e+02 -2.78417102e+02 -9.74982211e-02 1.04964793e-02 1.73301800e-02 4.48661318e-01 8.93472165e-01
1317357833.828852892 3.08737441e+02 -2.77992453e+02 -1.09394491e-01 1.15213104e-02 1.81796549e-02 4.69727993e-01 8.82548793e-01
1317357833.932698011 3.09009385e+02 -2.77516691e+02 -1.17498332e-01 1.21845653e-02 1.98460847e-02 4.89894789e-01 8.71470462e-01
1317357834.036569118 3.09252234e+02 -2.77018562e+02 -1.22069170e-01 1.22966319e-02 2.08926976e-02 5.08977417e-01 8.60438422e-01
1317357834.140465021 3.09463751e+02 -2.76509105e+02 -1.28142367e-01 1.16779178e-02 2.10286708e-02 5.25584536e-01 8.50401268e-01
1317357834.244455099 3.09684895e+02 -2.75969873e+02 -1.32183268e-01 9.46854364e-03 2.00885519e-02 5.40052706e-01 8.41338143e-01
1317357834.348567009 3.09888907e+02 -2.75414955e+02 -1.41931881e-01 8.24086836e-03 1.86934442e-02 5.51967723e-01 8.33615184e-01
1317357834.452725887 3.10095973e+02 -2.74834250e+02 -1.55557958e-01 7.91542764e-03 1.69346303e-02 5.61269407e-01 8.27422030e-01
1317357834.556907892 3.10321156e+02 -2.74218025e+02 -1.67763386e-01 8.45316338e-03 1.57189219e-02 5.69286991e-01 8.21945121e-01
1317357834.661089897 3.10517242e+02 -2.73556679e+02 -1.89431199e-01 8.26976221e-03 1.36637465e-02 5.76164695e-01 8.17177556e-01
1317357834.765252113 3.10734235e+02 -2.72895223e+02 -1.95102623e-01 9.45569339e-03 1.26913191e-02 5.83173318e-01 8.12193574e-01
1317357834.869400024 3.10947694e+02 -2.72211536e+02 -1.93260434e-01 1.00041999e-02 1.24992668e-02 5.89011761e-01 8.07965859e-01
1317357834.973558903 3.11168746e+02 -2.71513096e+02 -1.96039207e-01 1.05886562e-02 1.29615782e-02 5.94340856e-01 8.04039069e-01
1317357835.077750921 3.11380560e+02 -2.70784726e+02 -1.91419743e-01 9.85819967e-03 1.23483399e-02 5.99010891e-01 8.00584966e-01
1317357835.181931973 3.11584390e+02 -2.70025594e+02 -1.87208019e-01 9.78749596e-03 1.27851320e-02 6.02111563e-01 7.98249592e-01
1317357835.286113977 3.11788477e+02 -2.69258626e+02 -1.94657622e-01 8.99622935e-03 1.25319582e-02 6.04817195e-01 7.96214908e-01
1317357835.390320063 3.12003833e+02 -2.68462878e+02 -1.97604223e-01 8.92856489e-03 1.28143507e-02 6.06863529e-01 7.94652584e-01
1317357835.494528055 3.12214056e+02 -2.67627541e+02 -2.03084394e-01 8.62308920e-03 1.30092624e-02 6.07472669e-01 7.94187231e-01
1317357835.598733902 3.12432564e+02 -2.66794413e+02 -2.00253748e-01 8.35370388e-03 1.26802701e-02 6.08385127e-01 7.93496669e-01
1317357835.702918053 3.12648252e+02 -2.65942998e+02 -2.08442850e-01 7.91842001e-03 1.21691192e-02 6.08869718e-01 7.93137363e-01
1317357835.807075977 3.12877871e+02 -2.65070786e+02 -2.10742138e-01 8.35620464e-03 1.27735234e-02 6.09366906e-01 7.92741436e-01
1317357835.911211967 3.13107981e+02 -2.64168032e+02 -2.14553418e-01 8.12323426e-03 1.33845154e-02 6.09527421e-01 7.92610365e-01
1317357836.015299082 3.13347348e+02 -2.63246076e+02 -2.30809202e-01 8.00834813e-03 1.40470367e-02 6.09864799e-01 7.92340504e-01
1317357836.119335890 3.13592066e+02 -2.62318612e+02 -2.47994905e-01 8.32389522e-03 1.49909363e-02 6.10660534e-01 7.91706825e-01
1317357836.223352909 3.13834257e+02 -2.61378813e+02 -2.58453735e-01 8.02463112e-03 1.51318729e-02 6.11828331e-01 7.90805112e-01
1317357836.327373981 3.14076281e+02 -2.60436242e+02 -2.67689781e-01 7.66170999e-03 1.56853456e-02 6.12929566e-01 7.89944691e-01
1317357836.431385994 3.14316687e+02 -2.59501811e+02 -2.69364112e-01 6.99367045e-03 1.63645700e-02 6.13556084e-01 7.89450582e-01
1317357836.535372972 3.14552837e+02 -2.58555822e+02 -2.72083540e-01 7.02598294e-03 1.58394709e-02 6.14223793e-01 7.88941620e-01
1317357836.639362097 3.14780819e+02 -2.57586976e+02 -2.79669188e-01 7.52901984e-03 1.54917973e-02 6.15024155e-01 7.88320117e-01
1317357836.743375063 3.15024855e+02 -2.56605790e+02 -2.84452998e-01 7.73583830e-03 1.56080192e-02 6.15916226e-01 7.87619038e-01
1317357836.847368956 3.15273774e+02 -2.55609996e+02 -2.93407948e-01 6.49579621e-03 1.58818678e-02 6.16090308e-01 7.87488605e-01
1317357836.951337099 3.15510345e+02 -2.54627342e+02 -2.98147294e-01 5.02560110e-03 1.71115103e-02 6.16414751e-01 7.87219661e-01
1317357837.055325985 3.15738899e+02 -2.53624815e+02 -3.08742740e-01 3.96061775e-03 1.77159932e-02 6.16910838e-01 7.86823662e-01
1317357837.159317017 3.15971670e+02 -2.52624203e+02 -3.15936545e-01 2.70575889e-03 1.77763225e-02 6.16626139e-01 7.87050752e-01
1317357837.263309002 3.16211714e+02 -2.51640257e+02 -3.28100842e-01 2.30926078e-03 1.77381144e-02 6.16179470e-01 7.87402621e-01
1317357837.367299080 3.16460558e+02 -2.50658229e+02 -3.41337408e-01 1.21371495e-03 1.76406264e-02 6.15567603e-01 7.87885690e-01
1317357837.471266031 3.16706259e+02 -2.49666867e+02 -3.57993331e-01 8.78920102e-04 1.84568835e-02 6.15231444e-01 7.88129965e-01
1317357837.575207949 3.16949248e+02 -2.48687079e+02 -3.68517599e-01 8.68312977e-04 1.85686785e-02 6.15119724e-01 7.88214549e-01
1317357837.679150105 3.17191506e+02 -2.47692052e+02 -3.64261902e-01 9.65428705e-04 1.76380337e-02 6.14870166e-01 7.88430496e-01
1317357837.783140898 3.17433887e+02 -2.46720686e+02 -3.67880585e-01 1.91420104e-04 1.57845838e-02 6.14604007e-01 7.88677833e-01
1317357837.887130976 3.17667815e+02 -2.45726781e+02 -3.84402963e-01 -1.14020111e-03 1.51433634e-02 6.14498925e-01 7.88771481e-01
1317357837.991075993 3.17909960e+02 -2.44746454e+02 -3.89093085e-01 -2.48390389e-03 1.45896846e-02 6.14044765e-01 7.89132433e-01
1317357838.095020056 3.18154825e+02 -2.43754900e+02 -3.98224289e-01 -4.60997023e-03 1.42927167e-02 6.13874642e-01 7.89260661e-01
1317357838.198961973 3.18388572e+02 -2.42757086e+02 -4.05945775e-01 -6.97548043e-03 1.35373490e-02 6.13857324e-01 7.89270086e-01
1317357838.302877903 3.18617432e+02 -2.41781328e+02 -4.15498522e-01 -8.94472947e-03 1.23478057e-02 6.14232652e-01 7.88977676e-01
1317357838.406795979 3.18849681e+02 -2.40795213e+02 -4.25747828e-01 -1.01606480e-02 1.08124105e-02 6.14394160e-01 7.88859727e-01
1317357838.510714054 3.19079867e+02 -2.39832081e+02 -4.45298822e-01 -1.14889807e-02 8.90273332e-03 6.14511438e-01 7.88774009e-01
1317357838.614609003 3.19312682e+02 -2.38853414e+02 -4.56210323e-01 -1.24867666e-02 7.92177782e-03 6.15459191e-01 7.88030019e-01
1317357838.718481064 3.19536918e+02 -2.37902659e+02 -4.75543486e-01 -1.24532514e-02 7.61827694e-03 6.16396700e-01 7.87300442e-01
1317357838.822328091 3.19740187e+02 -2.37006831e+02 -4.85092180e-01 -1.28872883e-02 5.82862994e-03 6.17886507e-01 7.86140070e-01
1317357838.926152945 3.19963733e+02 -2.36065691e+02 -4.92490003e-01 -1.10248061e-02 5.05671605e-03 6.19949790e-01 7.84547730e-01
1317357839.029927015 3.20171396e+02 -2.35156750e+02 -5.07249833e-01 -9.66529429e-03 5.72673311e-03 6.22444428e-01 7.82583363e-01
1317357839.133651972 3.20373585e+02 -2.34226365e+02 -5.12291519e-01 -1.03689579e-02 6.85460153e-03 6.26101167e-01 7.79642757e-01
1317357839.237330914 3.20575248e+02 -2.33306205e+02 -5.19306569e-01 -1.08049864e-02 7.01322598e-03 6.30868334e-01 7.75782967e-01
1317357839.340961933 3.20767572e+02 -2.32417123e+02 -5.23158961e-01 -8.81013448e-03 7.38606636e-03 6.36854389e-01 7.70898382e-01
1317357839.444617987 3.20927026e+02 -2.31518073e+02 -5.27790133e-01 -7.18264718e-03 6.52096894e-03 6.44378084e-01 7.64645520e-01
1317357839.548273087 3.21058321e+02 -2.30647851e+02 -5.39381062e-01 -6.06477042e-03 5.85373483e-03 6.52900987e-01 7.57396364e-01
1317357839.651904106 3.21168092e+02 -2.29765221e+02 -5.34670074e-01 -7.76981908e-03 4.93670464e-03 6.62032335e-01 7.49418739e-01
1317357839.755558968 3.21248632e+02 -2.28871226e+02 -5.35480003e-01 -8.82798579e-03 4.80603821e-03 6.72087856e-01 7.40403189e-01
1317357839.859235048 3.21321550e+02 -2.27987170e+02 -5.35858325e-01 -9.93024048e-03 4.92029968e-03 6.81687973e-01 7.31559081e-01
1317357839.962937117 3.21332014e+02 -2.27115690e+02 -5.38713193e-01 -1.06978845e-02 4.69606083e-03 6.92471088e-01 7.21351020e-01
1317357840.066664934 3.21304934e+02 -2.26255423e+02 -5.45524767e-01 -9.48932103e-03 4.50918472e-03 7.03377385e-01 7.10738963e-01
1317357840.170368910 3.21298103e+02 -2.25392434e+02 -5.45212293e-01 -7.23412974e-03 3.31034423e-03 7.13995344e-01 7.00105247e-01
1317357840.274048090 3.21220813e+02 -2.24548363e+02 -5.44225407e-01 -4.01217845e-03 3.15905219e-03 7.25920140e-01 6.87760041e-01
1317357840.377751112 3.21129911e+02 -2.23689154e+02 -5.57002422e-01 -2.79048579e-03 3.28363065e-03 7.37964598e-01 6.74825669e-01
1317357840.481477976 3.21027891e+02 -2.22825450e+02 -5.49753166e-01 -5.36533172e-03 2.83763285e-03 7.49535401e-01 6.61936435e-01
1317357840.585206985 3.20855129e+02 -2.21984326e+02 -5.60658562e-01 -7.51624751e-03 5.09008870e-03 7.61286575e-01 6.48352024e-01
1317357840.688958883 3.20688250e+02 -2.21138031e+02 -5.57748950e-01 -9.28918997e-03 5.30971538e-03 7.72101748e-01 6.35408851e-01
1317357840.792756081 3.20465173e+02 -2.20304219e+02 -5.44602711e-01 -1.00899605e-02 4.10002576e-03 7.82197214e-01 6.22935712e-01
1317357840.896552086 3.20241599e+02 -2.19484135e+02 -5.54968643e-01 -8.21872685e-03 1.64357505e-03 7.91704667e-01 6.10846521e-01
1317357841.000349998 3.19985829e+02 -2.18678981e+02 -5.70129675e-01 -5.27285731e-03 1.64555799e-03 8.00887579e-01 5.98789257e-01
1317357841.104195118 3.19726961e+02 -2.17868588e+02 -5.69686162e-01 -5.58720819e-03 1.45769455e-03 8.09307858e-01 5.87356323e-01
1317357841.208066940 3.19438871e+02 -2.17066408e+02 -5.68117570e-01 -7.09697396e-03 2.30986515e-03 8.17314939e-01 5.76142854e-01
1317357841.311964035 3.19128586e+02 -2.16248861e+02 -5.65611121e-01 -8.24308377e-03 2.96714195e-03 8.25027002e-01 5.65025391e-01
1317357841.415884018 3.18770709e+02 -2.15440687e+02 -5.79426756e-01 -7.83961147e-03 3.56742111e-03 8.32512832e-01 5.53938803e-01
1317357841.519850016 3.18405187e+02 -2.14614402e+02 -5.87902734e-01 -6.80032564e-03 3.63065587e-03 8.38794996e-01 5.44392808e-01
1317357841.623840094 3.18031545e+02 -2.13807978e+02 -5.89938106e-01 -6.11706267e-03 2.75587436e-03 8.44112390e-01 5.36124294e-01
1317357841.727828979 3.17611392e+02 -2.12994726e+02 -5.94866131e-01 -6.36619064e-03 2.92777459e-03 8.48640268e-01 5.28923998e-01
1317357841.831867933 3.17203752e+02 -2.12176923e+02 -6.03468797e-01 -6.76118308e-03 3.64122534e-03 8.52904512e-01 5.22010461e-01
1317357841.935930967 3.16774504e+02 -2.11355823e+02 -6.19305246e-01 -5.45884602e-03 5.08738290e-03 8.56392365e-01 5.16271670e-01
1317357842.039968967 3.16315297e+02 -2.10540736e+02 -6.15209272e-01 -3.23233693e-03 5.27704566e-03 8.59414885e-01 5.11241391e-01
1317357842.143984079 3.15852567e+02 -2.09719169e+02 -6.12722263e-01 -1.13535657e-03 3.58665343e-03 8.62376121e-01 5.06254158e-01
1317357842.248020887 3.15369696e+02 -2.08888389e+02 -6.23609124e-01 1.52331059e-04 3.08718909e-03 8.64543626e-01 5.02548272e-01
1317357842.352061033 3.14881928e+02 -2.08036857e+02 -6.12838359e-01 8.53474369e-05 2.83119457e-03 8.67068781e-01 4.98180395e-01
1317357842.456108093 3.14362513e+02 -2.07170967e+02 -6.04248434e-01 -1.61915215e-03 3.99907564e-03 8.69449461e-01 4.94003056e-01
1317357842.560169935 3.13849368e+02 -2.06315042e+02 -6.09083476e-01 -4.32305265e-03 5.51006569e-03 8.71029239e-01 4.91181245e-01
1317357842.664200068 3.13322204e+02 -2.05474736e+02 -6.13311482e-01 -5.48004788e-03 6.92588799e-03 8.72692135e-01 4.88190986e-01
1317357842.768215895 3.12799150e+02 -2.04628226e+02 -6.23163409e-01 -5.44670638e-03 7.29446978e-03 8.73428193e-01 4.86867862e-01
1317357842.872231007 3.12256137e+02 -2.03761848e+02 -6.18040759e-01 -4.41779960e-03 7.21826708e-03 8.74546334e-01 4.84868116e-01
1317357842.976246119 3.11703357e+02 -2.02915432e+02 -6.32134085e-01 -4.33870320e-03 7.52544004e-03 8.75653917e-01 4.82861017e-01
1317357843.080262899 3.11149947e+02 -2.02037902e+02 -6.35163851e-01 -3.94260454e-03 8.02402734e-03 8.76279115e-01 4.81720857e-01
1317357843.184278965 3.10581238e+02 -2.01145817e+02 -6.46086261e-01 -3.81065053e-03 1.01301531e-02 8.76413081e-01 4.81438439e-01
1317357843.288294077 3.10002617e+02 -2.00245164e+02 -6.44454363e-01 -3.48370188e-03 1.00530249e-02 8.76736833e-01 4.80852707e-01
1317357843.392308950 3.09430143e+02 -1.99326856e+02 -6.55784608e-01 -2.71425755e-03 1.12206908e-02 8.76710479e-01 4.80879886e-01
1317357843.496321917 3.08843403e+02 -1.98414613e+02 -6.60766367e-01 -1.95015894e-03 1.29135204e-02 8.76923260e-01 4.80452947e-01
1317357843.600311995 3.08249932e+02 -1.97495014e+02 -6.61935677e-01 -3.02186488e-03 1.22619026e-02 8.76953898e-01 4.80408550e-01
1317357843.704278946 3.07667118e+02 -1.96585463e+02 -6.71062804e-01 -3.34539684e-03 1.31718471e-02 8.77127794e-01 4.80064729e-01
1317357843.808247089 3.07062520e+02 -1.95647652e+02 -6.72545258e-01 -3.75551827e-03 1.20019687e-02 8.77191493e-01 4.79975971e-01
1317357843.912213087 3.06443531e+02 -1.94721474e+02 -6.73916012e-01 -3.16331314e-03 1.14354370e-02 8.77238063e-01 4.79908955e-01
1317357844.016150951 3.05817499e+02 -1.93769058e+02 -7.06284176e-01 -1.45529401e-03 1.19661925e-02 8.77773589e-01 4.78924023e-01
1317357844.120070934 3.05203937e+02 -1.92815032e+02 -7.06003613e-01 -1.25897809e-03 1.16954465e-02 8.78032515e-01 4.78456409e-01
1317357844.223993063 3.04578375e+02 -1.91867632e+02 -7.26057162e-01 -1.13125024e-03 1.29682513e-02 8.78526238e-01 4.77516695e-01
1317357844.327887058 3.03954661e+02 -1.90885025e+02 -7.28020630e-01 -1.19267482e-03 1.36106069e-02 8.78573738e-01 4.77411265e-01
1317357844.431782961 3.03315304e+02 -1.89925334e+02 -7.28840506e-01 -1.57430408e-03 1.28041215e-02 8.78836562e-01 4.76948501e-01
1317357844.535702944 3.02644754e+02 -1.88944625e+02 -7.45364076e-01 -1.96225332e-03 1.20359376e-02 8.79361769e-01 4.75998073e-01
1317357844.639596939 3.01987686e+02 -1.87955656e+02 -7.45961983e-01 -2.88822138e-03 1.04955551e-02 8.79575699e-01 4.75634408e-01
1317357844.743464947 3.01341506e+02 -1.86973302e+02 -7.50348112e-01 -2.18721400e-03 1.02583725e-02 8.79666946e-01 4.75474547e-01
1317357844.847337008 3.00669729e+02 -1.85970422e+02 -7.57806062e-01 -1.42641284e-03 9.96215933e-03 8.79652449e-01 4.75510557e-01
1317357844.951210022 3.00028122e+02 -1.84974712e+02 -7.67601345e-01 -6.79438695e-04 1.07682940e-02 8.79719600e-01 4.75370390e-01
1317357845.055079937 2.99386808e+02 -1.83985744e+02 -7.65732074e-01 -9.24617319e-04 1.19231049e-02 8.79886536e-01 4.75033334e-01
1317357845.158947945 2.98731254e+02 -1.82977815e+02 -7.54828825e-01 -1.57595908e-03 1.30918528e-02 8.80360432e-01 4.74121957e-01
1317357845.262816906 2.98064871e+02 -1.81991240e+02 -7.49899646e-01 -3.44700146e-03 1.39580680e-02 8.80637699e-01 4.73572100e-01
1317357845.366686106 2.97415277e+02 -1.81007277e+02 -7.50471157e-01 -6.66582275e-03 1.43225242e-02 8.80608753e-01 4.73580676e-01
1317357845.470551968 2.96748807e+02 -1.80029917e+02 -7.57107099e-01 -7.27622596e-03 1.44730326e-02 8.80521520e-01 4.73729291e-01
1317357845.574450016 2.96091176e+02 -1.79049369e+02 -7.70529252e-01 -5.88499454e-03 1.28146104e-02 8.80352219e-01 4.74110877e-01
1317357845.678375006 2.95444073e+02 -1.78084876e+02 -7.77037573e-01 -4.66851864e-03 9.47135048e-03 8.80120371e-01 4.74633155e-01
1317357845.782293081 2.94785813e+02 -1.77126292e+02 -7.83304332e-01 -3.97516950e-03 8.94302223e-03 8.80006739e-01 4.74860359e-01
1317357845.886209011 2.94131357e+02 -1.76165059e+02 -7.82173377e-01 -4.84699699e-03 7.98054483e-03 8.79621719e-01 4.75582221e-01
1317357845.990129948 2.93488293e+02 -1.75195082e+02 -7.87588273e-01 -5.89410370e-03 8.21523573e-03 8.79342450e-01 4.76082582e-01
1317357846.094026089 2.92840381e+02 -1.74228527e+02 -8.01347113e-01 -6.31223331e-03 8.07867456e-03 8.79174203e-01 4.76390189e-01
1317357846.197891951 2.92207182e+02 -1.73269220e+02 -7.99734752e-01 -5.73072628e-03 7.34246664e-03 8.79054568e-01 4.76630164e-01
1317357846.301739931 2.91576579e+02 -1.72303344e+02 -7.98777017e-01 -4.23384837e-03 7.53203205e-03 8.78961754e-01 4.76813986e-01
1317357846.405567884 2.90959014e+02 -1.71345211e+02 -8.08339345e-01 -2.53734496e-03 1.03847569e-02 8.79191367e-01 4.76348883e-01
1317357846.509362936 2.90337546e+02 -1.70376416e+02 -8.14760291e-01 -2.36525973e-03 1.27833513e-02 8.79869526e-01 4.75037482e-01
1317357846.613136053 2.89719379e+02 -1.69433339e+02 -8.18956652e-01 -1.67363194e-03 1.47908459e-02 8.80449627e-01 4.73905987e-01
1317357846.716891050 2.89092763e+02 -1.68479868e+02 -8.16049333e-01 -1.19195046e-03 1.39188447e-02 8.81088640e-01 4.72744809e-01
1317357846.820642948 2.88450332e+02 -1.67523378e+02 -8.13595476e-01 -6.60922695e-04 1.45412091e-02 8.81331276e-01 4.72274600e-01
1317357846.924392939 2.87806994e+02 -1.66587019e+02 -8.09128765e-01 -2.26135435e-03 1.45888209e-02 8.81600940e-01 4.71764598e-01
1317357847.028119087 2.87176256e+02 -1.65650434e+02 -8.11914560e-01 -3.48820160e-03 1.39664861e-02 8.81802158e-01 4.71399749e-01
1317357847.131867886 2.86514923e+02 -1.64699369e+02 -8.28150341e-01 -3.62670052e-03 1.42474492e-02 8.82045500e-01 4.70934808e-01
1317357847.235620975 2.85879110e+02 -1.63762432e+02 -8.28868730e-01 -3.40283350e-03 1.37480580e-02 8.82159587e-01 4.70737586e-01
1317357847.339348078 2.85233750e+02 -1.62799042e+02 -8.41524419e-01 -3.00984955e-03 1.37163491e-02 8.82683153e-01 4.69758718e-01
1317357847.443074942 2.84591127e+02 -1.61843770e+02 -8.58942132e-01 -1.34925089e-04 1.74248709e-02 8.83106170e-01 4.68849494e-01
1317357847.546823978 2.83978423e+02 -1.60905332e+02 -8.62548321e-01 2.35131502e-03 1.96387724e-02 8.83078352e-01 4.68808504e-01
1317357847.650572062 2.83351352e+02 -1.59956436e+02 -8.65753218e-01 2.59522208e-03 2.11968089e-02 8.83142840e-01 4.68617844e-01
1317357847.754300117 2.82718280e+02 -1.59022813e+02 -8.70338856e-01 1.43073716e-03 2.32204173e-02 8.83021444e-01 4.68755688e-01
1317357847.858052969 2.82086360e+02 -1.58079888e+02 -8.71890335e-01 -1.72042888e-03 2.33866877e-02 8.82996542e-01 4.68793355e-01
1317357847.961853027 2.81431144e+02 -1.57150023e+02 -8.82196812e-01 -4.07389841e-03 2.29794918e-02 8.83025181e-01 4.68745000e-01
1317357848.065675020 2.80784317e+02 -1.56228191e+02 -8.90582369e-01 -3.93632785e-03 2.25852555e-02 8.82843214e-01 4.69107952e-01
1317357848.169497013 2.80160141e+02 -1.55304945e+02 -9.01184083e-01 -1.58435000e-03 2.24048048e-02 8.82446256e-01 4.69876707e-01
1317357848.273320913 2.79501353e+02 -1.54373922e+02 -9.16288005e-01 1.36143558e-03 2.23736477e-02 8.82507772e-01 4.69763343e-01
1317357848.377144098 2.78863593e+02 -1.53432780e+02 -9.28643317e-01 2.69366197e-03 2.36502621e-02 8.82736035e-01 4.69265917e-01
1317357848.480967045 2.78235976e+02 -1.52502103e+02 -9.35423226e-01 1.95450605e-03 2.45006079e-02 8.82663535e-01 4.69362317e-01
1317357848.584763050 2.77592653e+02 -1.51558736e+02 -9.39642334e-01 6.57824999e-05 2.49405041e-02 8.82880410e-01 4.68935123e-01
1317357848.688561916 2.76953022e+02 -1.50614225e+02 -9.55777633e-01 -1.19107188e-03 2.57464239e-02 8.82784079e-01 4.69071394e-01
1317357848.792361021 2.76334781e+02 -1.49684174e+02 -9.75863286e-01 -4.02461762e-05 2.76170971e-02 8.82615040e-01 4.69284546e-01
1317357848.896135092 2.75716792e+02 -1.48748660e+02 -9.99451599e-01 2.99619443e-03 3.00798446e-02 8.82316719e-01 4.69684398e-01
1317357848.999908924 2.75105951e+02 -1.47825936e+02 -1.00968864e+00 6.64889405e-03 3.27761322e-02 8.81975255e-01 4.70107612e-01
1317357849.103682041 2.74463281e+02 -1.46892381e+02 -1.00991421e+00 7.22141915e-03 3.36500830e-02 8.82316044e-01 4.69397403e-01
1317357849.207457066 2.73833939e+02 -1.45952856e+02 -1.01573753e+00 6.64211103e-03 3.47318400e-02 8.82337392e-01 4.69287022e-01
1317357849.311235905 2.73186454e+02 -1.44995649e+02 -1.01636800e+00 4.80201900e-03 3.55763166e-02 8.82633696e-01 4.68688623e-01
1317357849.415011883 2.72532795e+02 -1.44045955e+02 -1.02283013e+00 2.50362314e-03 3.48394518e-02 8.82805701e-01 4.68437870e-01
1317357849.518784046 2.71892508e+02 -1.43102234e+02 -1.03995357e+00 1.73796677e-03 3.38994381e-02 8.83059402e-01 4.68031943e-01
1317357849.622558117 2.71241617e+02 -1.42171596e+02 -1.05291833e+00 2.59851634e-03 3.20502572e-02 8.83413732e-01 4.67489259e-01
1317357849.726334095 2.70588356e+02 -1.41237706e+02 -1.07232539e+00 4.21317098e-03 3.06298527e-02 8.83856578e-01 4.66735053e-01
1317357849.830106020 2.69917449e+02 -1.40299911e+02 -1.08487473e+00 2.63288177e-03 3.03557517e-02 8.83970400e-01 4.66548956e-01
1317357849.933881998 2.69273979e+02 -1.39356843e+02 -1.10785746e+00 5.56478910e-04 3.23228281e-02 8.84295205e-01 4.65807810e-01
1317357850.037658930 2.68660501e+02 -1.38457654e+02 -1.11931702e+00 2.26261683e-03 3.21185775e-02 8.84205422e-01 4.65987177e-01
1317357850.141433001 2.68033144e+02 -1.37541739e+02 -1.12875457e+00 7.50295920e-03 3.14026151e-02 8.84233640e-01 4.65927518e-01
1317357850.245208979 2.67413506e+02 -1.36637791e+02 -1.14094172e+00 8.32253989e-03 2.96031321e-02 8.84404660e-01 4.65706762e-01
1317357850.348980904 2.66775630e+02 -1.35707762e+02 -1.14045866e+00 6.04521978e-03 3.25622517e-02 8.84599050e-01 4.65174888e-01
1317357850.452754021 2.66136708e+02 -1.34775821e+02 -1.15030491e+00 3.75087231e-03 3.38391738e-02 8.84654803e-01 4.65001850e-01
1317357850.556555986 2.65500797e+02 -1.33842949e+02 -1.14160221e+00 3.33603258e-03 3.14804015e-02 8.84882789e-01 4.64736812e-01
1317357850.660353899 2.64847618e+02 -1.32911649e+02 -1.16201950e+00 4.28498821e-03 2.84181201e-02 8.84946000e-01 4.64806010e-01
1317357850.764153957 2.64200125e+02 -1.31980483e+02 -1.17010021e+00 5.62017703e-03 2.69017972e-02 8.84709183e-01 4.65332536e-01
1317357850.867974043 2.63531063e+02 -1.31024674e+02 -1.18235393e+00 6.06131737e-03 2.79452307e-02 8.84741501e-01 4.65204042e-01
1317357850.971795082 2.62860524e+02 -1.30069821e+02 -1.18308572e+00 5.80165640e-03 2.82297988e-02 8.84638893e-01 4.65385269e-01
1317357851.075596094 2.62218712e+02 -1.29126817e+02 -1.17833932e+00 5.94287324e-03 2.80501113e-02 8.84627752e-01 4.65415529e-01
1317357851.179397106 2.61578186e+02 -1.28195430e+02 -1.19281177e+00 5.88617531e-03 2.81266607e-02 8.84694178e-01 4.65285347e-01
1317357851.283220053 2.60932920e+02 -1.27250988e+02 -1.19860695e+00 5.33783927e-03 2.86450883e-02 8.84647684e-01 4.65348730e-01
1317357851.387042046 2.60281558e+02 -1.26310647e+02 -1.19622984e+00 4.16534179e-03 2.81290949e-02 8.84544949e-01 4.65587411e-01
1317357851.490888119 2.59621471e+02 -1.25377722e+02 -1.20683370e+00 3.07421061e-03 2.92271973e-02 8.84347007e-01 4.65904166e-01
1317357851.594757080 2.58952949e+02 -1.24430976e+02 -1.21669638e+00 9.30274236e-04 2.80360637e-02 8.84386259e-01 4.65912073e-01
1317357851.698628902 2.58297262e+02 -1.23492231e+02 -1.22888595e+00 -8.96302768e-04 2.73915553e-02 8.84347501e-01 4.66024031e-01
1317357851.802476883 2.57624275e+02 -1.22545461e+02 -1.24269949e+00 -1.95107305e-03 2.62371712e-02 8.84473411e-01 4.65848247e-01
1317357851.906300068 2.56979776e+02 -1.21612759e+02 -1.25659128e+00 -1.12605811e-03 2.44291629e-02 8.84505543e-01 4.65888284e-01
1317357852.010122061 2.56341828e+02 -1.20677618e+02 -1.27416975e+00 1.45650631e-03 2.49890424e-02 8.84809342e-01 4.65280404e-01
1317357852.113945007 2.55691719e+02 -1.19709102e+02 -1.28534187e+00 2.03706134e-03 2.59662027e-02 8.84776058e-01 4.65288012e-01
1317357852.217768908 2.55030648e+02 -1.18758983e+02 -1.29256269e+00 2.98183808e-04 2.66237997e-02 8.84450652e-01 4.65873510e-01
1317357852.321589947 2.54377129e+02 -1.17818248e+02 -1.30663497e+00 -4.82826543e-04 2.76261819e-02 8.84621760e-01 4.65489960e-01
1317357852.425386906 2.53703559e+02 -1.16862381e+02 -1.31013101e+00 7.39782494e-04 2.70441673e-02 8.84799001e-01 4.65186838e-01
1317357852.529186010 2.53051346e+02 -1.15931241e+02 -1.31822537e+00 1.69889783e-03 2.50709584e-02 8.84950417e-01 4.65006795e-01
1317357852.633011103 2.52419218e+02 -1.15003486e+02 -1.32664801e+00 3.77042234e-03 2.67228956e-02 8.84724411e-01 4.65332555e-01
1317357852.736810923 2.51765887e+02 -1.14064152e+02 -1.32711599e+00 4.64384299e-03 2.66178434e-02 8.84691804e-01 4.65392669e-01
1317357852.840585947 2.51128146e+02 -1.13122097e+02 -1.31938375e+00 3.99562945e-03 2.72955045e-02 8.84443611e-01 4.65830966e-01
1317357852.944381952 2.50459222e+02 -1.12166406e+02 -1.32247315e+00 1.09576232e-03 2.78081198e-02 8.84595700e-01 4.65527610e-01
1317357853.048204899 2.49820598e+02 -1.11216958e+02 -1.33244311e+00 -4.27638433e-04 2.89566780e-02 8.84354996e-01 4.65915839e-01
1317357853.152028084 2.49223029e+02 -1.10326200e+02 -1.33904740e+00 -1.46316936e-03 2.59448598e-02 8.84102562e-01 4.66569806e-01
1317357853.255851984 2.48593801e+02 -1.09427522e+02 -1.35073403e+00 -4.20986068e-04 2.48585657e-02 8.83855398e-01 4.67099036e-01
1317357853.359674931 2.47958997e+02 -1.08510661e+02 -1.37325405e+00 -5.49279414e-04 2.45614576e-02 8.83793484e-01 4.67231753e-01
1317357853.463470936 2.47322930e+02 -1.07575909e+02 -1.37796658e+00 -2.10847118e-03 2.47435440e-02 8.83868198e-01 4.67076354e-01
1317357853.567246914 2.46710226e+02 -1.06670521e+02 -1.40172248e+00 -2.92205946e-03 2.50519410e-02 8.83889408e-01 4.67015391e-01
1317357853.671045065 2.46079257e+02 -1.05764470e+02 -1.41902092e+00 -3.87086274e-03 2.36759667e-02 8.83943138e-01 4.66978579e-01
1317357853.774844885 2.45456681e+02 -1.04864683e+02 -1.44219046e+00 -1.71208551e-03 2.50255089e-02 8.83891113e-01 4.67019586e-01
1317357853.878644943 2.44840538e+02 -1.03964507e+02 -1.45717840e+00 -1.51601733e-04 2.54055089e-02 8.83765570e-01 4.67239718e-01
1317357853.982467890 2.44221690e+02 -1.03054798e+02 -1.46262768e+00 1.88697555e-04 2.41421677e-02 8.83856039e-01 4.67135550e-01
1317357854.086287975 2.43610514e+02 -1.02151553e+02 -1.47028332e+00 -2.55125842e-04 2.45330574e-02 8.83426720e-01 4.67926590e-01
1317357854.190087080 2.42990130e+02 -1.01226606e+02 -1.47439806e+00 -1.95207810e-03 2.40528979e-02 8.83080887e-01 4.68599823e-01
1317357854.293888092 2.42375150e+02 -1.00322317e+02 -1.48678561e+00 -3.30595113e-03 2.46226313e-02 8.82489109e-01 4.69676239e-01
1317357854.397686005 2.41760707e+02 -9.94097785e+01 -1.50897421e+00 -2.97336199e-03 2.63668005e-02 8.82260009e-01 4.70014072e-01
1317357854.501483917 2.41161325e+02 -9.84974928e+01 -1.52010812e+00 -1.67763413e-03 2.79492723e-02 8.81917216e-01 4.70572044e-01
1317357854.605282068 2.40568265e+02 -9.75977521e+01 -1.54283645e+00 -1.16693112e-03 2.90257962e-02 8.82036145e-01 4.70285425e-01
1317357854.709080935 2.39957485e+02 -9.66831879e+01 -1.56196609e+00 -7.36333441e-04 3.17076586e-02 8.82213031e-01 4.69781065e-01
1317357854.812927008 2.39335766e+02 -9.57779945e+01 -1.58244732e+00 -5.17244744e-04 3.33893465e-02 8.82494535e-01 4.69135673e-01
1317357854.916771889 2.38711723e+02 -9.48769430e+01 -1.60366498e+00 -1.75049854e-03 3.32201836e-02 8.82544721e-01 4.69050286e-01
1317357855.020572901 2.38097837e+02 -9.39705430e+01 -1.62092241e+00 -1.49866795e-03 3.31840097e-02 8.82752984e-01 4.68661653e-01
1317357855.124346972 2.37483246e+02 -9.30701715e+01 -1.64684443e+00 1.13820900e-03 3.28306044e-02 8.83173045e-01 4.67895531e-01
1317357855.228122950 2.36863193e+02 -9.21722442e+01 -1.66914279e+00 1.93927895e-03 3.19618597e-02 8.83218957e-01 4.67866383e-01
1317357855.331896067 2.36242357e+02 -9.12622018e+01 -1.69417844e+00 7.91656720e-04 3.41724458e-02 8.83051406e-01 4.68029734e-01
1317357855.435647011 2.35633271e+02 -9.03837740e+01 -1.70314785e+00 -4.67328495e-04 3.53065147e-02 8.82838894e-01 4.68346793e-01
1317357855.539400101 2.35024512e+02 -8.94798427e+01 -1.71605971e+00 9.82576038e-04 3.43600476e-02 8.82896320e-01 4.68308135e-01
1317357855.643173933 2.34422381e+02 -8.85938693e+01 -1.73595676e+00 2.27259789e-03 3.08348760e-02 8.83380116e-01 4.67636202e-01
1317357855.746949911 2.33813738e+02 -8.77004078e+01 -1.75074279e+00 1.56221333e-03 2.93716013e-02 8.83492362e-01 4.67521245e-01
1317357855.850723982 2.33187988e+02 -8.68235096e+01 -1.75595224e+00 -1.54789682e-03 2.86312899e-02 8.83650581e-01 4.67268129e-01
1317357855.954521894 2.32571683e+02 -8.59293879e+01 -1.78352707e+00 -3.72196408e-03 2.98043631e-02 8.83744970e-01 4.67003934e-01
1317357856.058345079 2.31954288e+02 -8.50098924e+01 -1.80504219e+00 -1.19720256e-03 3.15058280e-02 8.83937548e-01 4.66540846e-01
1317357856.162168026 2.31363020e+02 -8.40967416e+01 -1.82344114e+00 4.67543877e-03 3.18657761e-02 8.84516259e-01 4.65396282e-01
1317357856.265969038 2.30751885e+02 -8.31739299e+01 -1.83624209e+00 9.60241504e-03 3.18421774e-02 8.85111950e-01 4.64188222e-01
1317357856.369769096 2.30133986e+02 -8.23046827e+01 -1.83502905e+00 1.05958354e-02 3.15526025e-02 8.85368233e-01 4.63697372e-01
1317357856.473566055 2.29486059e+02 -8.14146125e+01 -1.81665981e+00 7.06840104e-03 3.16431503e-02 8.85541513e-01 4.63427424e-01
1317357856.577366114 2.28833050e+02 -8.05273711e+01 -1.81459769e+00 8.32637588e-04 3.05812656e-02 8.85927206e-01 4.62814302e-01
1317357856.681164980 2.28201564e+02 -7.96279653e+01 -1.83042244e+00 -4.69278000e-03 2.73700857e-02 8.86120267e-01 4.62622663e-01
1317357856.784939051 2.27552158e+02 -7.87197533e+01 -1.84733113e+00 -6.43270083e-03 2.57861759e-02 8.86417317e-01 4.62123397e-01
1317357856.888715029 2.26932621e+02 -7.78280183e+01 -1.87705077e+00 -4.89744896e-03 2.33341462e-02 8.86580806e-01 4.61958880e-01
1317357856.992464066 2.26319455e+02 -7.69449185e+01 -1.89960825e+00 -2.20836761e-03 2.20276701e-02 8.86540438e-01 4.62121149e-01
1317357857.096215963 2.25730015e+02 -7.60835706e+01 -1.92076650e+00 5.59091122e-04 2.37714984e-02 8.86142771e-01 4.62801893e-01
1317357857.199991941 2.25107646e+02 -7.51884122e+01 -1.92833532e+00 3.52767680e-04 2.51538511e-02 8.86153676e-01 4.62708139e-01
1317357857.303766012 2.24488595e+02 -7.43305163e+01 -1.93617698e+00 -5.95111892e-04 2.49529075e-02 8.86002722e-01 4.63007749e-01
1317357857.407537937 2.23864189e+02 -7.34577986e+01 -1.93572381e+00 -1.26003280e-03 2.54736339e-02 8.85928795e-01 4.63119506e-01
1317357857.511312008 2.23247719e+02 -7.25868476e+01 -1.94878233e+00 -2.55788962e-03 2.48414298e-02 8.85657486e-01 4.63667097e-01
1317357857.615112066 2.22635186e+02 -7.16893291e+01 -1.95467666e+00 -3.80300169e-03 2.34845735e-02 8.85527136e-01 4.63978128e-01
1317357857.718910933 2.22025776e+02 -7.08083042e+01 -1.96253139e+00 -3.69196440e-03 2.32771471e-02 8.85230753e-01 4.64554688e-01
1317357857.822686911 2.21416250e+02 -6.99381204e+01 -1.98491872e+00 -4.56235025e-03 2.14105799e-02 8.85100620e-01 4.64884571e-01
1317357857.926459074 2.20808404e+02 -6.90616124e+01 -2.00085151e+00 -4.81474811e-03 2.06101167e-02 8.85140371e-01 4.64842516e-01
1317357858.030210018 2.20221580e+02 -6.82144285e+01 -2.00720627e+00 -4.77809481e-03 1.96567108e-02 8.85020911e-01 4.65111567e-01
1317357858.133963108 2.19632435e+02 -6.73648726e+01 -2.03016046e+00 -4.51420131e-03 1.90204617e-02 8.84815095e-01 4.65532051e-01
1317357858.237689018 2.19031248e+02 -6.64945599e+01 -2.04590104e+00 -3.54930073e-03 1.93397470e-02 8.84539897e-01 4.66049942e-01
1317357858.341414928 2.18434579e+02 -6.56301017e+01 -2.06240497e+00 -2.23681745e-03 2.03699026e-02 8.84615770e-01 4.65870156e-01
1317357858.445164919 2.17830413e+02 -6.47613452e+01 -2.08157584e+00 -1.73360273e-03 2.21980580e-02 8.84409284e-01 4.66180716e-01
1317357858.548914909 2.17247577e+02 -6.39025625e+01 -2.09187969e+00 -1.69310190e-03 2.43969870e-02 8.84240831e-01 4.66390473e-01
1317357858.652692080 2.16669401e+02 -6.30590254e+01 -2.10446685e+00 -1.41533928e-04 2.65141429e-02 8.84083372e-01 4.66576437e-01
1317357858.756467104 2.16113452e+02 -6.22272033e+01 -2.10435346e+00 -2.53625808e-04 2.71601247e-02 8.83701415e-01 4.67262317e-01
1317357858.860240936 2.15529969e+02 -6.13763683e+01 -2.11409849e+00 -4.13612317e-04 2.67691971e-02 8.83563136e-01 4.67546173e-01
1317357858.964040995 2.14953917e+02 -6.05140995e+01 -2.11781827e+00 -3.36883257e-04 2.67857747e-02 8.83519077e-01 4.67628537e-01
1317357859.067838907 2.14391645e+02 -5.96867334e+01 -2.12896393e+00 3.38442109e-04 2.64149257e-02 8.83205336e-01 4.68241895e-01
1317357859.171636105 2.13833570e+02 -5.88704787e+01 -2.14260317e+00 6.21031922e-04 2.68632232e-02 8.83203704e-01 4.68219178e-01
1317357859.275461912 2.13253879e+02 -5.80370306e+01 -2.14812171e+00 -1.68999173e-04 2.74812443e-02 8.83226579e-01 4.68140537e-01
1317357859.379260063 2.12683329e+02 -5.72009150e+01 -2.15342299e+00 -9.13090436e-04 2.73334919e-02 8.83284710e-01 4.68038639e-01
1317357859.483056068 2.12113647e+02 -5.63777493e+01 -2.16242454e+00 -1.33152177e-03 2.70515856e-02 8.83251759e-01 4.68116192e-01
1317357859.586877108 2.11550599e+02 -5.55468611e+01 -2.17236912e+00 -8.87210993e-04 2.75267893e-02 8.82959573e-01 4.68640461e-01
1317357859.690700054 2.10997864e+02 -5.47337160e+01 -2.18718887e+00 -3.60529355e-04 2.90682443e-02 8.82762613e-01 4.68919050e-01
1317357859.794501066 2.10440132e+02 -5.39110915e+01 -2.20324368e+00 1.56928079e-04 2.97366232e-02 8.82526218e-01 4.69322047e-01
1317357859.898277998 2.09907475e+02 -5.31370338e+01 -2.22044543e+00 -3.76051354e-04 2.95508326e-02 8.82549221e-01 4.69290401e-01
1317357860.002051115 2.09393276e+02 -5.23745757e+01 -2.23214824e+00 -7.83520279e-04 3.07910647e-02 8.82357163e-01 4.69571222e-01
1317357860.105846882 2.08866536e+02 -5.15915193e+01 -2.24278014e+00 -1.75171046e-03 3.08467326e-02 8.82022421e-01 4.70193427e-01
1317357860.209645987 2.08361215e+02 -5.08639122e+01 -2.25020209e+00 -2.23180166e-03 3.06006594e-02 8.82009298e-01 4.70232088e-01
1317357860.313395023 2.07870338e+02 -5.01457300e+01 -2.26375235e+00 -1.84789482e-03 3.07229913e-02 8.82326314e-01 4.69630663e-01
1317357860.417099953 2.07387718e+02 -4.94371414e+01 -2.27558799e+00 -6.80597522e-04 3.09584748e-02 8.83017271e-01 4.68317850e-01
1317357860.520806074 2.06939458e+02 -4.87967486e+01 -2.28556195e+00 -2.96997651e-04 3.17500476e-02 8.84301380e-01 4.65835717e-01
1317357860.624531031 2.06472043e+02 -4.81181018e+01 -2.29446272e+00 -3.80396684e-04 3.28764256e-02 8.85718095e-01 4.63057719e-01
1317357860.728281021 2.05997261e+02 -4.74392134e+01 -2.30469639e+00 -1.27730534e-03 3.30785510e-02 8.87169942e-01 4.60253921e-01
1317357860.832057953 2.05534237e+02 -4.68062707e+01 -2.30887629e+00 -3.20567645e-03 3.26966387e-02 8.88815079e-01 4.57086873e-01
1317357860.935858965 2.05070940e+02 -4.61851022e+01 -2.31309735e+00 -3.16910989e-03 3.26665323e-02 8.90137104e-01 4.54509395e-01
1317357861.039701939 2.04612743e+02 -4.55657063e+01 -2.32158969e+00 -2.42289587e-03 3.08415959e-02 8.90640709e-01 4.53654111e-01
1317357861.143572092 2.04147103e+02 -4.49579009e+01 -2.33293418e+00 -1.92592318e-03 2.91544154e-02 8.90795335e-01 4.53464422e-01
1317357861.247467995 2.03699917e+02 -4.43735702e+01 -2.34209777e+00 -2.63554817e-03 2.74716512e-02 8.90918480e-01 4.53323973e-01
1317357861.351382971 2.03255756e+02 -4.37932569e+01 -2.35211634e+00 -5.82864563e-03 2.60609647e-02 8.90874088e-01 4.53464676e-01
1317357861.455327988 2.02836688e+02 -4.32247451e+01 -2.36893799e+00 -9.14697141e-03 2.36793838e-02 8.90514525e-01 4.54246080e-01
1317357861.559297085 2.02435625e+02 -4.26913076e+01 -2.37000985e+00 -1.10292952e-02 2.20769286e-02 8.89366973e-01 4.56527493e-01
1317357861.663311005 2.02039604e+02 -4.21559574e+01 -2.38712726e+00 -1.14032067e-02 1.93598492e-02 8.87822261e-01 4.59637679e-01
1317357861.767373085 2.01661687e+02 -4.16237561e+01 -2.39202599e+00 -1.03013192e-02 1.59373686e-02 8.85530401e-01 4.64193701e-01
1317357861.871459007 2.01305749e+02 -4.10911819e+01 -2.41614463e+00 -9.17509999e-03 1.41659727e-02 8.82651431e-01 4.69725020e-01
1317357861.975620031 2.00960072e+02 -4.05589269e+01 -2.43087348e+00 -8.36967966e-03 1.43823348e-02 8.78681009e-01 4.77119253e-01
1317357862.079849958 2.00642781e+02 -4.00010803e+01 -2.44532551e+00 -7.40197196e-03 1.45000195e-02 8.73091007e-01 4.87285392e-01
1317357862.184128046 2.00325086e+02 -3.94670721e+01 -2.44248570e+00 -6.20843649e-03 1.33040843e-02 8.66506826e-01 4.98949272e-01
1317357862.288455009 2.00022875e+02 -3.89148275e+01 -2.44555596e+00 -5.49729585e-03 1.17797595e-02 8.58441459e-01 5.12746797e-01
1317357862.392828941 1.99784225e+02 -3.83483165e+01 -2.46593703e+00 -6.93600110e-03 1.28071846e-02 8.48422971e-01 5.29118446e-01
1317357862.497252941 1.99537805e+02 -3.77673938e+01 -2.49795179e+00 -8.27775960e-03 1.64641366e-02 8.37520718e-01 5.46094733e-01
1317357862.601675987 1.99371510e+02 -3.71634051e+01 -2.49574111e+00 -8.65233449e-03 2.19555583e-02 8.24047283e-01 5.66029298e-01
1317357862.706049919 1.99195701e+02 -3.65714265e+01 -2.48932212e+00 -8.07100467e-03 2.46534873e-02 8.10106160e-01 5.85709035e-01
1317357862.810400963 1.99052960e+02 -3.59688597e+01 -2.49604493e+00 -6.97344042e-03 2.38367785e-02 7.95605950e-01 6.05305172e-01
1317357862.914705038 1.98918737e+02 -3.53842960e+01 -2.51574033e+00 -5.53166789e-03 2.25248338e-02 7.80730646e-01 6.24437100e-01
1317357863.018935919 1.98846553e+02 -3.48112716e+01 -2.54424126e+00 -4.73963470e-03 2.37364294e-02 7.64992974e-01 6.43583614e-01
1317357863.123166084 1.98794920e+02 -3.42160334e+01 -2.55193323e+00 -3.71621091e-03 2.41562876e-02 7.48315835e-01 6.62892204e-01
1317357863.227372885 1.98733708e+02 -3.36095009e+01 -2.56030404e+00 -3.96098933e-03 2.04323613e-02 7.32073192e-01 6.80907975e-01
1317357863.331506014 1.98713869e+02 -3.29959904e+01 -2.58045876e+00 -5.97289785e-03 1.53341216e-02 7.15421803e-01 6.98498986e-01
1317357863.435616016 1.98718604e+02 -3.23650614e+01 -2.60579047e+00 -7.31862309e-03 1.43936128e-02 6.99495578e-01 7.14454476e-01
1317357863.539654016 1.98777032e+02 -3.17234576e+01 -2.61257978e+00 -7.46243857e-03 1.43245624e-02 6.84403950e-01 7.28924106e-01
1317357863.643598080 1.98837069e+02 -3.10966789e+01 -2.62437322e+00 -6.36673249e-03 1.29536451e-02 6.69654539e-01 7.42532468e-01
1317357863.747520924 1.98952658e+02 -3.04555869e+01 -2.61900144e+00 -3.79890657e-03 1.07777477e-02 6.55215615e-01 7.55355484e-01
1317357863.851391077 1.99067092e+02 -2.97895219e+01 -2.63908398e+00 -1.70993536e-03 1.11421559e-02 6.42765450e-01 7.65980094e-01
1317357863.955212116 1.99200761e+02 -2.91332091e+01 -2.64801877e+00 9.13549533e-04 1.38846868e-02 6.30573697e-01 7.76004635e-01
1317357864.059035063 1.99352738e+02 -2.84606380e+01 -2.66344816e+00 1.10518074e-03 1.51688405e-02 6.17662535e-01 7.86296177e-01
1317357864.162858009 1.99520405e+02 -2.78068057e+01 -2.66591805e+00 6.91364189e-04 1.54362277e-02 6.05436859e-01 7.95743334e-01
1317357864.266727924 1.99730793e+02 -2.72139371e+01 -2.69639626e+00 1.72489070e-03 1.48877297e-02 5.91429922e-01 8.06217109e-01
1317357864.370623112 1.99951279e+02 -2.65761019e+01 -2.69948010e+00 3.13816169e-03 1.46546037e-02 5.78169563e-01 8.15778984e-01
1317357864.474517107 2.00221018e+02 -2.59852432e+01 -2.68712918e+00 3.41137134e-03 1.45415654e-02 5.64036490e-01 8.25614767e-01
1317357864.578459978 2.00477773e+02 -2.53498013e+01 -2.69554437e+00 1.17714723e-04 1.27690217e-02 5.49178578e-01 8.35607460e-01
1317357864.682425976 2.00786154e+02 -2.47365748e+01 -2.72003823e+00 -1.38257471e-04 1.28011423e-02 5.33219095e-01 8.45880316e-01
1317357864.786392927 2.01101702e+02 -2.41077330e+01 -2.71837814e+00 -1.47161845e-03 1.15148692e-02 5.17453288e-01 8.55632712e-01
1317357864.890383005 2.01457528e+02 -2.34984501e+01 -2.71433371e+00 -9.83389129e-04 1.04346424e-02 5.00650335e-01 8.65586156e-01
1317357864.994374037 2.01819274e+02 -2.28717608e+01 -2.72558628e+00 -8.48019169e-04 9.27808658e-03 4.83764051e-01 8.75148868e-01
1317357865.098366022 2.02241839e+02 -2.22764473e+01 -2.73485564e+00 -1.56440089e-03 8.12210678e-03 4.66332616e-01 8.84570786e-01
1317357865.202357054 2.02709240e+02 -2.16727243e+01 -2.73088558e+00 -4.83867949e-03 7.83647803e-03 4.48463964e-01 8.93753461e-01
1317357865.306324005 2.03171483e+02 -2.10881517e+01 -2.75097855e+00 -6.27843691e-03 8.57107377e-03 4.30868201e-01 9.02352321e-01
1317357865.410290003 2.03699571e+02 -2.05310996e+01 -2.74690807e+00 -6.59608419e-03 9.74281010e-03 4.12909062e-01 9.10696259e-01
1317357865.514256001 2.04229087e+02 -1.99684204e+01 -2.75907081e+00 -6.75364245e-03 1.09060284e-02 3.95909072e-01 9.18200116e-01
1317357865.618206024 2.04782455e+02 -1.94081476e+01 -2.75887013e+00 -8.93398778e-03 1.05551310e-02 3.79782419e-01 9.24972479e-01
1317357865.722075939 2.05348609e+02 -1.88706160e+01 -2.76518209e+00 -1.03529260e-02 1.01701699e-02 3.65331132e-01 9.30764497e-01
1317357865.825870991 2.05960337e+02 -1.83478272e+01 -2.80343894e+00 -1.00406048e-02 9.32208471e-03 3.52361048e-01 9.35763847e-01
1317357865.929621935 2.06568580e+02 -1.78345731e+01 -2.80667016e+00 -5.98762475e-03 8.49603177e-03 3.40919483e-01 9.40035038e-01
1317357866.033371925 2.07200040e+02 -1.73372261e+01 -2.82090758e+00 -4.58306511e-03 6.72444797e-03 3.30539777e-01 9.43756978e-01
1317357866.137124062 2.07846191e+02 -1.68304099e+01 -2.84206931e+00 -5.41513270e-03 3.95263911e-03 3.21170248e-01 9.46997743e-01
1317357866.240845919 2.08498488e+02 -1.63351633e+01 -2.86296230e+00 -3.90396397e-03 3.89036102e-03 3.13405237e-01 9.49603487e-01
1317357866.344569921 2.09198180e+02 -1.58654837e+01 -2.85498341e+00 -1.53641844e-03 5.78328930e-03 3.07066442e-01 9.51669267e-01
1317357866.448251009 2.09902538e+02 -1.53792728e+01 -2.86167521e+00 1.46889474e-03 1.02930870e-02 3.03538672e-01 9.52762389e-01
1317357866.551909924 2.10606307e+02 -1.48868384e+01 -2.84364508e+00 2.13599137e-03 1.18944383e-02 3.00863196e-01 9.53590739e-01
1317357866.655612946 2.11304950e+02 -1.44010498e+01 -2.85760103e+00 3.17148135e-03 1.24800285e-02 2.98892567e-01 9.54199887e-01
1317357866.759315014 2.12015651e+02 -1.38990239e+01 -2.85070006e+00 5.36579424e-03 1.14920650e-02 2.98104674e-01 9.54448922e-01
1317357866.863018990 2.12718115e+02 -1.34134070e+01 -2.87025568e+00 5.01625996e-03 1.09372927e-02 2.97413168e-01 9.54673044e-01
1317357866.966744900 2.13428640e+02 -1.29334936e+01 -2.87651484e+00 6.76831761e-03 1.12154721e-02 2.97027796e-01 9.54778975e-01
1317357867.070445061 2.14144138e+02 -1.24514059e+01 -2.88607099e+00 8.82835451e-03 1.18430244e-02 2.96641286e-01 9.54874730e-01
1317357867.174123049 2.14864380e+02 -1.19502549e+01 -2.88944915e+00 6.70451707e-03 1.28175818e-02 2.97399698e-01 9.54643483e-01
1317357867.277801991 2.15606164e+02 -1.14300822e+01 -2.90118922e+00 3.92744734e-03 1.45715323e-02 2.97765616e-01 9.54519714e-01
1317357867.381481886 2.16345632e+02 -1.08994354e+01 -2.90810814e+00 2.64862162e-03 1.65152519e-02 2.98735947e-01 9.54189219e-01
1317357867.485184908 2.17063128e+02 -1.03984013e+01 -2.91755897e+00 1.79655527e-03 1.55660759e-02 2.99357579e-01 9.54012322e-01
1317357867.588936090 2.17783228e+02 -9.85532627e+00 -2.93247123e+00 9.83495255e-04 1.35683382e-02 3.00087886e-01 9.53814549e-01
1317357867.692686081 2.18506690e+02 -9.34701896e+00 -2.94948965e+00 5.91316591e-04 1.25693448e-02 3.00375783e-01 9.53737936e-01
1317357867.796462059 2.19247314e+02 -8.84134729e+00 -2.96498866e+00 1.53307795e-03 1.21681046e-02 3.01005854e-01 9.53543425e-01
1317357867.900238991 2.20007669e+02 -8.31557481e+00 -2.97147482e+00 5.03988710e-03 1.21522966e-02 3.01002947e-01 9.53532457e-01
1317357868.003989935 2.20800954e+02 -7.75208932e+00 -2.97265172e+00 6.58781332e-03 1.13138267e-02 3.01589358e-01 9.53348025e-01
1317357868.107789040 2.21551613e+02 -7.22011960e+00 -2.98729318e+00 5.23522481e-03 1.10028877e-02 3.01574804e-01 9.53364656e-01
1317357868.211586952 2.22310678e+02 -6.67027374e+00 -2.99738372e+00 6.13437395e-03 1.15434269e-02 3.01314957e-01 9.53435061e-01
1317357868.315361977 2.23065179e+02 -6.14991790e+00 -2.99387263e+00 6.96110088e-03 1.06007608e-02 3.01261943e-01 9.53457083e-01
1317357868.419161081 2.23814469e+02 -5.63792910e+00 -2.99502737e+00 9.22661961e-03 8.63903573e-03 3.00701278e-01 9.53634615e-01
1317357868.522957087 2.24570994e+02 -5.08836282e+00 -2.99974853e+00 8.39117227e-03 8.52165539e-03 3.00480378e-01 9.53713013e-01
1317357868.626777887 2.25339432e+02 -4.53322933e+00 -2.99969784e+00 7.73434609e-03 9.83575516e-03 2.99513347e-01 9.54010059e-01
1317357868.730601072 2.26104404e+02 -4.01808198e+00 -3.00734396e+00 8.18872116e-03 1.27892519e-02 2.99649545e-01 9.53928472e-01
1317357868.834424973 2.26854628e+02 -3.48963422e+00 -3.00808519e+00 7.80158443e-03 1.54124500e-02 2.98653226e-01 9.54205346e-01
1317357868.938273907 2.27602471e+02 -2.96962267e+00 -3.01719324e+00 7.42702541e-03 1.75382192e-02 2.97827892e-01 9.54429566e-01
1317357869.042131901 2.28342131e+02 -2.45511020e+00 -3.02557471e+00 5.92894833e-03 1.80871891e-02 2.97057918e-01 9.54669731e-01
1317357869.145989895 2.29099059e+02 -1.92420306e+00 -3.03955580e+00 6.47997397e-03 1.85959247e-02 2.96048682e-01 9.54969832e-01
1317357869.249811888 2.29858845e+02 -1.39208994e+00 -3.05172291e+00 6.42154418e-03 1.74228671e-02 2.95560033e-01 9.55143693e-01
1317357869.353658915 2.30610733e+02 -8.75918796e-01 -3.05916881e+00 5.29623381e-03 1.55301143e-02 2.95087288e-01 9.55329397e-01
1317357869.457505941 2.31370418e+02 -3.43407384e-01 -3.08637469e+00 3.53023958e-03 1.52196851e-02 2.94268338e-01 9.55595125e-01
1317357869.561327934 2.32114657e+02 1.68062450e-01 -3.09507897e+00 2.12811160e-03 1.54090561e-02 2.94116376e-01 9.55643024e-01
1317357869.665122986 2.32860124e+02 6.84838542e-01 -3.11324759e+00 3.05401065e-03 1.58211737e-02 2.93127498e-01 9.55937568e-01
1317357869.768898010 2.33592766e+02 1.19856467e+00 -3.11145852e+00 2.76194141e-03 1.25750150e-02 2.93138372e-01 9.55983334e-01
1317357869.872700930 2.34324397e+02 1.71213656e+00 -3.11686849e+00 2.67843264e-03 6.32628374e-03 2.93166558e-01 9.56036701e-01
1317357869.976524115 2.35070772e+02 2.22508674e+00 -3.13429139e+00 2.65292964e-03 2.57519784e-03 2.93440668e-01 9.55970138e-01
1317357870.080318928 2.35812531e+02 2.74961072e+00 -3.13221251e+00 2.74181934e-03 2.68777794e-03 2.94082345e-01 9.55772375e-01
1317357870.184113979 2.36545903e+02 3.26934205e+00 -3.12546462e+00 8.22126760e-04 5.39342306e-03 2.94455093e-01 9.55649744e-01
1317357870.287938118 2.37254873e+02 3.76738552e+00 -3.11994192e+00 -1.37142662e-03 9.42099132e-03 2.95119568e-01 9.55412898e-01
1317357870.391766071 2.37969178e+02 4.26682964e+00 -3.13999933e+00 -2.67784739e-03 1.34351655e-02 2.96286951e-01 9.55000716e-01
1317357870.495589018 2.38698173e+02 4.76638663e+00 -3.15352878e+00 -1.43065129e-03 1.56130097e-02 2.97288830e-01 9.54658860e-01
1317357870.599437952 2.39399581e+02 5.24672083e+00 -3.17070601e+00 -9.27756738e-04 1.58536196e-02 2.99431173e-01 9.53985731e-01
1317357870.703272104 2.40121357e+02 5.73611363e+00 -3.19219686e+00 3.58530617e-04 1.48621627e-02 3.00565946e-01 9.53645164e-01
1317357870.807105064 2.40833339e+02 6.23459045e+00 -3.21899102e+00 1.17873143e-03 1.45298233e-02 3.01096754e-01 9.53482165e-01
1317357870.910973072 2.41519973e+02 6.71750533e+00 -3.20653317e+00 8.46581304e-04 1.53110858e-02 3.01390549e-01 9.53377465e-01
1317357871.014844894 2.42234577e+02 7.22199234e+00 -3.22458677e+00 4.26801250e-04 1.69903464e-02 3.01207260e-01 9.53407223e-01
1317357871.118741989 2.42944654e+02 7.71276378e+00 -3.22668543e+00 1.38274332e-03 1.95194636e-02 3.01316055e-01 9.53323509e-01
1317357871.222660065 2.43657036e+02 8.21243748e+00 -3.24174376e+00 1.13561140e-03 2.07199584e-02 3.01100024e-01 9.53366755e-01
1317357871.326577902 2.44360177e+02 8.70722946e+00 -3.24762076e+00 1.87712890e-03 2.03476946e-02 3.00730062e-01 9.53490366e-01
1317357871.430495977 2.45054528e+02 9.20644348e+00 -3.26675463e+00 1.28510238e-03 1.91243821e-02 3.00476849e-01 9.53596492e-01
1317357871.534415007 2.45747417e+02 9.70015256e+00 -3.28996986e+00 1.07532225e-03 1.90445365e-02 2.99788540e-01 9.53814961e-01
1317357871.638335943 2.46416998e+02 1.01946440e+01 -3.30070007e+00 -2.81607395e-04 2.03236445e-02 3.00168287e-01 9.53669686e-01
1317357871.742232084 2.47109919e+02 1.06857219e+01 -3.32716069e+00 -5.23177730e-04 2.17776467e-02 2.99969108e-01 9.53700160e-01
1317357871.846126080 2.47815026e+02 1.11733074e+01 -3.34463699e+00 9.75469849e-04 2.28833681e-02 3.00227660e-01 9.53592550e-01
1317357871.950042963 2.48516068e+02 1.16582652e+01 -3.37235656e+00 1.55565460e-03 2.26582151e-02 3.00220428e-01 9.53599434e-01
1317357872.053961992 2.49223850e+02 1.21489286e+01 -3.39718116e+00 1.67740064e-03 2.27459152e-02 2.99905386e-01 9.53696267e-01
1317357872.157882929 2.49932703e+02 1.26389689e+01 -3.41029027e+00 1.39902094e-03 2.34199511e-02 3.00183969e-01 9.53592750e-01
1317357872.261801958 2.50643608e+02 1.31328530e+01 -3.44696550e+00 1.83403447e-03 2.56174806e-02 3.00200871e-01 9.53530187e-01
1317357872.365719080 2.51349100e+02 1.36363667e+01 -3.47759028e+00 4.04501408e-03 2.72606389e-02 3.01530415e-01 9.53058185e-01
1317357872.469638109 2.52043938e+02 1.41292281e+01 -3.50387492e+00 5.83713307e-03 2.78342273e-02 3.01705536e-01 9.52976890e-01
1317357872.573580027 2.52742335e+02 1.46118572e+01 -3.52682159e+00 7.36721523e-03 2.54969455e-02 3.01360308e-01 9.53140910e-01
1317357872.677522898 2.53407644e+02 1.50858343e+01 -3.55225060e+00 8.04000639e-03 2.32897296e-02 3.01208422e-01 9.53239966e-01
1317357872.781465054 2.54108106e+02 1.55675160e+01 -3.57065357e+00 9.00337848e-03 2.18614083e-02 3.00967034e-01 9.53341420e-01
1317357872.885432005 2.54779161e+02 1.60447377e+01 -3.58906431e+00 8.31692558e-03 2.17142496e-02 3.01440896e-01 9.53201294e-01
1317357872.989398956 2.55460340e+02 1.65297983e+01 -3.60681426e+00 7.32628245e-03 2.33570081e-02 3.02043459e-01 9.52979813e-01
1317357873.093364000 2.56156873e+02 1.70218066e+01 -3.62967988e+00 5.73247779e-03 2.57715743e-02 3.02302870e-01 9.52846231e-01
1317357873.197308064 2.56827686e+02 1.75080119e+01 -3.65110653e+00 5.52735986e-03 2.82322334e-02 3.02139403e-01 9.52829560e-01
1317357873.301249981 2.57516784e+02 1.79883031e+01 -3.67806090e+00 6.00523942e-03 2.87997739e-02 3.01759931e-01 9.52929932e-01
1317357873.405215979 2.58195661e+02 1.84659126e+01 -3.70864834e+00 6.80961886e-03 2.82594594e-02 3.01091105e-01 9.53152233e-01
1317357873.509182930 2.58889450e+02 1.89421001e+01 -3.73420437e+00 8.11817303e-03 2.77972666e-02 3.01368273e-01 9.53067978e-01
1317357873.613126993 2.59579970e+02 1.94223725e+01 -3.76345469e+00 9.55991125e-03 2.82122233e-02 3.01204608e-01 9.53094152e-01
1317357873.717068911 2.60270552e+02 1.99036464e+01 -3.79189787e+00 1.11696871e-02 2.82696631e-02 3.01396201e-01 9.53014373e-01
1317357873.821008921 2.60934617e+02 2.04117928e+01 -3.82666308e+00 1.28163269e-02 2.80693962e-02 3.02512055e-01 9.52645951e-01
1317357873.924952030 2.61629198e+02 2.09028711e+01 -3.84937369e+00 1.28399663e-02 2.71035262e-02 3.02025243e-01 9.52828047e-01
1317357874.028898954 2.62311470e+02 2.13768549e+01 -3.87387637e+00 1.23577078e-02 2.69197301e-02 3.01724926e-01 9.52934774e-01
1317357874.132841110 2.63010476e+02 2.18428355e+01 -3.89631492e+00 9.49206622e-03 2.72387600e-02 3.00983035e-01 9.53193140e-01
1317357874.236784935 2.63706963e+02 2.23197419e+01 -3.92561160e+00 8.44651765e-03 2.79651311e-02 3.00859267e-01 9.53221018e-01
1317357874.340703964 2.64376717e+02 2.27964475e+01 -3.94696628e+00 7.87826008e-03 2.75601210e-02 3.00608570e-01 9.53316768e-01
1317357874.444622993 2.65039291e+02 2.32964207e+01 -3.97244809e+00 7.36687645e-03 2.61689503e-02 3.01189916e-01 9.53176557e-01
1317357874.548566103 2.65727661e+02 2.37586992e+01 -3.99946415e+00 7.07135388e-03 2.49954412e-02 3.01090176e-01 9.53241800e-01
1317357874.652512074 2.66395170e+02 2.42354160e+01 -4.02434268e+00 6.22443369e-03 2.46324625e-02 3.00373761e-01 9.53483142e-01
1317357874.756428003 2.67075759e+02 2.47508716e+01 -4.04722811e+00 4.68922688e-03 2.42703977e-02 3.01310726e-01 9.53205542e-01
1317357874.860343933 2.67760091e+02 2.52247382e+01 -4.06903474e+00 3.84363105e-03 2.36493127e-02 3.01136124e-01 9.53280112e-01
1317357874.964297056 2.68456775e+02 2.57395311e+01 -4.08706520e+00 2.69929831e-03 2.22580624e-02 3.00867585e-01 9.53402323e-01
1317357875.068239927 2.69137341e+02 2.62103353e+01 -4.11345961e+00 3.09677262e-03 2.16028486e-02 3.00127806e-01 9.53649321e-01
1317357875.172173023 2.69832602e+02 2.67146795e+01 -4.13762212e+00 3.61847539e-03 2.22867313e-02 2.99978536e-01 9.53678712e-01
1317357875.276113987 2.70505923e+02 2.72123174e+01 -4.16310998e+00 3.24394152e-03 2.38565424e-02 2.99296980e-01 9.53856205e-01
1317357875.380059958 2.71186114e+02 2.76869048e+01 -4.18852727e+00 3.14814429e-03 2.55322167e-02 2.98772937e-01 9.53977425e-01
1317357875.484025955 2.71848609e+02 2.81858930e+01 -4.21271446e+00 3.21576642e-03 2.60875464e-02 2.99013524e-01 9.53886792e-01
1317357875.587991953 2.72512212e+02 2.86468798e+01 -4.24001991e+00 3.24480365e-03 2.62545508e-02 2.98701542e-01 9.53979852e-01
1317357875.691956997 2.73177097e+02 2.91056875e+01 -4.25947813e+00 2.68317276e-03 2.58922564e-02 2.98966132e-01 9.53908614e-01
1317357875.795898914 2.73842409e+02 2.95685528e+01 -4.28298516e+00 1.54594804e-03 2.47698853e-02 2.98645656e-01 9.54041317e-01
1317357875.899820089 2.74510883e+02 3.00289378e+01 -4.30241482e+00 1.11235123e-03 2.40315124e-02 2.98427095e-01 9.54129194e-01
1317357876.003765106 2.75157235e+02 3.04809083e+01 -4.32480476e+00 1.74983808e-04 2.37385192e-02 2.98265953e-01 9.54187546e-01
1317357876.107707024 2.75815112e+02 3.09593795e+01 -4.34004678e+00 -1.30308039e-03 2.37753351e-02 2.97990441e-01 9.54271834e-01
1317357876.211648941 2.76451003e+02 3.14102819e+01 -4.36226641e+00 -2.80805656e-03 2.40314354e-02 2.97476363e-01 9.54422558e-01
1317357876.315592051 2.77069043e+02 3.18650882e+01 -4.38178116e+00 -4.05707822e-03 2.37623407e-02 2.98078190e-01 9.54237017e-01
1317357876.419533968 2.77683439e+02 3.22953127e+01 -4.40398925e+00 -4.58927980e-03 2.33952326e-02 2.97844602e-01 9.54316611e-01
1317357876.523475885 2.78288462e+02 3.27221763e+01 -4.42287478e+00 -5.35643410e-03 2.31678876e-02 2.97931555e-01 9.54291017e-01
1317357876.627418995 2.78866956e+02 3.31368649e+01 -4.44403077e+00 -5.46841177e-03 2.31022945e-02 2.97701078e-01 9.54363898e-01
1317357876.731420040 2.79426357e+02 3.35455118e+01 -4.46683883e+00 -5.91062759e-03 2.34736647e-02 2.97915323e-01 9.54285341e-01
1317357876.835386992 2.79984337e+02 3.39493023e+01 -4.48921611e+00 -6.39466658e-03 2.44636921e-02 2.97502728e-01 9.54386066e-01
1317357876.939321041 2.80522312e+02 3.43266849e+01 -4.51317306e+00 -7.04879189e-03 2.61656892e-02 2.96836568e-01 9.54543725e-01
1317357877.043289900 2.81048989e+02 3.46973191e+01 -4.52936082e+00 -7.70243545e-03 2.76595201e-02 2.96303065e-01 9.54662305e-01
1317357877.147255898 2.81546481e+02 3.50333647e+01 -4.55038240e+00 -7.61241320e-03 2.86811456e-02 2.95818853e-01 9.54783038e-01
1317357877.251220942 2.82038705e+02 3.53553185e+01 -4.56579268e+00 -7.66177177e-03 2.86984696e-02 2.95382986e-01 9.54917057e-01
1317357877.355187893 2.82493661e+02 3.56591062e+01 -4.58113875e+00 -7.73294982e-03 2.75899151e-02 2.95059398e-01 9.55049187e-01
1317357877.459155083 2.82922317e+02 3.59330810e+01 -4.60329249e+00 -7.32395567e-03 2.69434733e-02 2.94702542e-01 9.55181041e-01
1317357877.563147068 2.83334151e+02 3.62109643e+01 -4.62440695e+00 -6.45704902e-03 2.65099025e-02 2.93954715e-01 9.55429829e-01
1317357877.667135954 2.83719245e+02 3.64738426e+01 -4.63668293e+00 -4.76095790e-03 2.62439158e-02 2.92647152e-01 9.55848437e-01
1317357877.771125078 2.84082533e+02 3.67217763e+01 -4.64285906e+00 -3.90235832e-03 2.60177216e-02 2.91947104e-01 9.56072559e-01
1317357877.875117064 2.84412813e+02 3.69662658e+01 -4.65289082e+00 -5.46711623e-03 2.44598770e-02 2.90642390e-01 9.56503438e-01
1317357877.979106903 2.84733846e+02 3.71781214e+01 -4.66249916e+00 -7.31784222e-03 2.36782707e-02 2.89112744e-01 9.56974195e-01
1317357878.083122969 2.85022586e+02 3.73679589e+01 -4.69201726e+00 -7.43309514e-03 2.36100466e-02 2.87534265e-01 9.57450448e-01
1317357878.187115908 2.85297205e+02 3.75449140e+01 -4.70795859e+00 -6.01119597e-03 2.42029005e-02 2.85835751e-01 9.57954074e-01
1317357878.291080952 2.85552778e+02 3.76971237e+01 -4.71886972e+00 -3.89967973e-03 2.47390950e-02 2.84490328e-01 9.58351722e-01
1317357878.395071983 2.85779864e+02 3.78293022e+01 -4.70610304e+00 -2.64685249e-03 2.60187782e-02 2.82888176e-01 9.58796275e-01
1317357878.499062061 2.85975423e+02 3.79507884e+01 -4.70772984e+00 -2.52590317e-03 2.65888562e-02 2.81569742e-01 9.59168980e-01
1317357878.603029966 2.86119929e+02 3.80604999e+01 -4.72689418e+00 -2.69162134e-03 2.59442887e-02 2.80811585e-01 9.59408413e-01
1317357878.707020998 2.86259589e+02 3.81583858e+01 -4.73121155e+00 -2.99740537e-03 2.53413814e-02 2.79719474e-01 9.59742594e-01
1317357878.811011076 2.86373216e+02 3.82502328e+01 -4.72770100e+00 -3.49654751e-03 2.49628819e-02 2.78641270e-01 9.60064410e-01
1317357878.914978027 2.86503861e+02 3.83418299e+01 -4.73006653e+00 -4.51904296e-03 2.43345872e-02 2.77799624e-01 9.60320142e-01
1317357879.018944979 2.86627952e+02 3.84219767e+01 -4.73785996e+00 -4.90777374e-03 2.35944986e-02 2.76992419e-01 9.60569838e-01
1317357879.122934103 2.86762703e+02 3.85000361e+01 -4.73898469e+00 -4.14433682e-03 2.31515406e-02 2.76172424e-01 9.60820286e-01
1317357879.226923943 2.86882829e+02 3.85660989e+01 -4.74348120e+00 -3.45980787e-03 2.27017358e-02 2.75379937e-01 9.61061159e-01
1317357879.330890894 2.87031260e+02 3.86444797e+01 -4.73983631e+00 -3.43781710e-03 2.20842212e-02 2.74957292e-01 9.61196627e-01
1317357879.434883118 2.87135668e+02 3.87107207e+01 -4.74084806e+00 -3.50169982e-03 2.16275506e-02 2.74243300e-01 9.61410734e-01
1317357879.538875103 2.87238453e+02 3.87778176e+01 -4.74658860e+00 -3.51180059e-03 2.09291237e-02 2.73439547e-01 9.61655059e-01
1317357879.642842054 2.87339132e+02 3.88380120e+01 -4.75814289e+00 -3.27315123e-03 1.98826821e-02 2.72963315e-01 9.61813388e-01
1317357879.746833086 2.87441047e+02 3.88938536e+01 -4.76442964e+00 -2.62914289e-03 1.90322554e-02 2.72507606e-01 9.61961780e-01
1317357879.850824118 2.87565822e+02 3.89619623e+01 -4.76583060e+00 -1.95670683e-03 1.83347511e-02 2.72663126e-01 9.61932860e-01
1317357879.954765081 2.87665056e+02 3.90214597e+01 -4.76899921e+00 -1.60946440e-03 1.77896618e-02 2.73609044e-01 9.61675116e-01
1317357880.058706999 2.87795406e+02 3.91058898e+01 -4.77344885e+00 -1.54521397e-03 1.66594329e-02 2.75201894e-01 9.61240861e-01
1317357880.162650108 2.87905805e+02 3.91743651e+01 -4.77876649e+00 -1.65940529e-03 1.62241155e-02 2.76906844e-01 9.60758359e-01
1317357880.266566992 2.88012296e+02 3.92450814e+01 -4.78723422e+00 -1.69845483e-03 1.57407715e-02 2.79358007e-01 9.60056481e-01
1317357880.370485067 2.88134601e+02 3.93285657e+01 -4.78737455e+00 -1.20694965e-03 1.51472576e-02 2.82611853e-01 9.59113989e-01
1317357880.474406004 2.88240758e+02 3.93934873e+01 -4.79137362e+00 -1.07176943e-03 1.48603148e-02 2.85935937e-01 9.58132904e-01
1317357880.578325033 2.88373526e+02 3.94816743e+01 -4.79190937e+00 -8.01484048e-04 1.42762173e-02 2.89678440e-01 9.57017214e-01
1317357880.682218075 2.88500476e+02 3.95506532e+01 -4.80007484e+00 -1.77635687e-04 1.37497285e-02 2.94332751e-01 9.55604073e-01
1317357880.786067963 2.88641405e+02 3.96626251e+01 -4.79842160e+00 1.10238565e-03 1.29300428e-02 3.00669932e-01 9.53639969e-01
1317357880.889894962 2.88779405e+02 3.97533716e+01 -4.79761357e+00 1.80796288e-03 1.23301553e-02 3.08157368e-01 9.51253770e-01
1317357880.993665934 2.88921097e+02 3.98865550e+01 -4.80103969e+00 2.05539327e-03 1.18272480e-02 3.17364561e-01 9.48227624e-01
1317357881.097392082 2.89072142e+02 4.00149859e+01 -4.80498015e+00 1.80464326e-03 1.16679363e-02 3.27775945e-01 9.44681710e-01
1317357881.201128006 2.89239003e+02 4.02029243e+01 -4.80854615e+00 2.05179203e-03 1.18209478e-02 3.39178200e-01 9.40645632e-01
1317357881.304828882 2.89415091e+02 4.03746236e+01 -4.81092682e+00 1.67169287e-03 1.21484187e-02 3.51615047e-01 9.36064357e-01
1317357881.408498049 2.89595416e+02 4.05750213e+01 -4.81277675e+00 1.34497164e-03 1.26508088e-02 3.65579051e-01 9.30693347e-01
1317357881.512152910 2.89817234e+02 4.08106340e+01 -4.80934709e+00 1.16598926e-03 1.33673534e-02 3.81413119e-01 9.24307301e-01
1317357881.615783930 2.90013519e+02 4.10436692e+01 -4.81493686e+00 7.79284839e-04 1.47680401e-02 3.98739604e-01 9.16944942e-01
1317357881.719414949 2.90208500e+02 4.13105031e+01 -4.81554195e+00 -8.39678585e-05 1.66857820e-02 4.17486794e-01 9.08529776e-01
1317357881.823045015 2.90386469e+02 4.15864313e+01 -4.82320946e+00 -1.69665308e-03 1.77897887e-02 4.36840446e-01 8.99361479e-01
1317357881.926676035 2.90543763e+02 4.18856288e+01 -4.84030758e+00 -3.14736586e-03 1.90307109e-02 4.57018842e-01 8.89247830e-01
1317357882.030329943 2.90718752e+02 4.21850575e+01 -4.85225181e+00 -4.02149484e-03 2.05043137e-02 4.77359615e-01 8.78459560e-01
1317357882.134010077 2.90882073e+02 4.25113977e+01 -4.85897579e+00 -5.29984622e-03 2.28860924e-02 4.97933664e-01 8.66896882e-01
1317357882.237714052 2.91034988e+02 4.28360281e+01 -4.85968094e+00 -6.64130744e-03 2.52895874e-02 5.18898249e-01 8.54436035e-01
1317357882.341464996 2.91161275e+02 4.31882062e+01 -4.86713116e+00 -8.03815700e-03 2.60640361e-02 5.39991263e-01 8.41228560e-01
1317357882.445240974 2.91253266e+02 4.35240511e+01 -4.88784578e+00 -9.04950152e-03 2.67524686e-02 5.62386202e-01 8.26392262e-01
1317357882.549038887 2.91359786e+02 4.39093308e+01 -4.90707551e+00 -9.70768575e-03 2.62564957e-02 5.84068747e-01 8.11221336e-01
1317357882.652834892 2.91450404e+02 4.43179491e+01 -4.92658576e+00 -1.00174302e-02 2.62155189e-02 6.05656898e-01 7.95230859e-01
1317357882.756611109 2.91491367e+02 4.47365211e+01 -4.94918453e+00 -1.06531568e-02 2.68179085e-02 6.27870747e-01 7.77782511e-01
1317357882.860410929 2.91544976e+02 4.51586287e+01 -4.97610244e+00 -1.01865362e-02 2.75239652e-02 6.49139881e-01 7.60102678e-01
1317357882.964210033 2.91549127e+02 4.56090364e+01 -4.99381185e+00 -9.72435193e-03 2.78770383e-02 6.70229516e-01 7.41566385e-01
1317357883.068006992 2.91563291e+02 4.60821278e+01 -5.01820583e+00 -8.14827622e-03 2.90333029e-02 6.90321567e-01 7.22873991e-01
1317357883.171828032 2.91497827e+02 4.65502731e+01 -5.02679471e+00 -7.58832369e-03 3.03357294e-02 7.10431763e-01 7.03071029e-01
1317357883.275651932 2.91456361e+02 4.70477180e+01 -5.04541465e+00 -7.21398918e-03 3.06806885e-02 7.29678152e-01 6.83064014e-01
1317357883.379475117 2.91347229e+02 4.75642920e+01 -5.07666993e+00 -6.01306847e-03 3.03119501e-02 7.48942334e-01 6.61914201e-01
1317357883.483297110 2.91237705e+02 4.80778878e+01 -5.10290466e+00 -4.48188006e-03 3.09959606e-02 7.67889436e-01 6.39816363e-01
1317357883.587121010 2.91099954e+02 4.86040172e+01 -5.11869873e+00 -2.52839571e-03 3.18898919e-02 7.86167422e-01 6.17185083e-01
1317357883.690968990 2.90875594e+02 4.91159395e+01 -5.12389290e+00 -1.12113286e-03 3.19398329e-02 8.03805052e-01 5.94033694e-01
1317357883.794866085 2.90658397e+02 4.96565529e+01 -5.15622477e+00 -2.15266556e-03 3.21498716e-02 8.19960721e-01 5.71512177e-01
1317357883.898807049 2.90426744e+02 5.02063668e+01 -5.17940126e+00 -2.92194033e-03 3.36904071e-02 8.34791271e-01 5.49527026e-01
1317357884.002820969 2.90129135e+02 5.07475014e+01 -5.19531269e+00 -2.16435109e-03 3.50081618e-02 8.48201652e-01 5.28510834e-01
1317357884.106883049 2.89832393e+02 5.12842023e+01 -5.20075648e+00 -1.76072429e-03 3.54801597e-02 8.60012299e-01 5.09035267e-01
1317357884.210995913 2.89477376e+02 5.18033219e+01 -5.19856612e+00 -2.24278270e-04 3.48978913e-02 8.70312514e-01 4.91261860e-01
1317357884.315202951 2.89120181e+02 5.23582063e+01 -5.22041568e+00 1.25071755e-03 3.20496314e-02 8.78993817e-01 4.75753219e-01
1317357884.419482946 2.88692686e+02 5.28534196e+01 -5.26295932e+00 4.65198183e-04 3.05965551e-02 8.85844592e-01 4.62971914e-01
1317357884.523833036 2.88278808e+02 5.33995045e+01 -5.28226544e+00 -1.29006509e-03 3.02957265e-02 8.90795371e-01 4.53391787e-01
1317357884.628228903 2.87849645e+02 5.39443811e+01 -5.30491873e+00 -3.33516591e-03 3.14783206e-02 8.93844461e-01 4.47258394e-01
1317357884.732650995 2.87405654e+02 5.45384417e+01 -5.31725873e+00 -4.30683037e-03 3.24462240e-02 8.95723101e-01 4.43405932e-01
1317357884.837099075 2.86929414e+02 5.50696667e+01 -5.33313217e+00 -3.04935187e-03 3.22021234e-02 8.96612582e-01 4.41632882e-01
1317357884.941544056 2.86459345e+02 5.56719346e+01 -5.37961055e+00 5.33714650e-04 3.38921979e-02 8.96593354e-01 4.41555650e-01
1317357885.045989990 2.85977956e+02 5.63210354e+01 -5.39108895e+00 3.48142672e-03 3.84208972e-02 8.95625383e-01 4.43133037e-01
1317357885.150413990 2.85442033e+02 5.69527816e+01 -5.40691242e+00 3.15400028e-03 3.93298876e-02 8.94062995e-01 4.46200149e-01
1317357885.254765034 2.84903448e+02 5.76370181e+01 -5.43421797e+00 3.40070435e-03 3.84281616e-02 8.92907919e-01 4.48583503e-01
1317357885.359042883 2.84365123e+02 5.83076002e+01 -5.45716430e+00 6.66577692e-03 3.87344711e-02 8.91794449e-01 4.50730372e-01
1317357885.463296890 2.83841936e+02 5.90207924e+01 -5.45764481e+00 1.05674983e-02 3.57571198e-02 8.91431814e-01 4.51618288e-01
1317357885.567503929 2.83330389e+02 5.97447486e+01 -5.45888448e+00 1.29365235e-02 3.14067052e-02 8.91113149e-01 4.52508145e-01
1317357885.671641111 2.82803115e+02 6.05155913e+01 -5.46025635e+00 1.25635627e-02 2.77607060e-02 8.91334404e-01 4.52321213e-01
1317357885.775752068 2.82294311e+02 6.12980893e+01 -5.46945903e+00 7.83672338e-03 2.47731702e-02 8.92150972e-01 4.50989488e-01
1317357885.879837990 2.81728917e+02 6.21074461e+01 -5.48454033e+00 3.15677564e-03 2.40137158e-02 8.93481406e-01 4.48446599e-01
1317357885.983899117 2.81144030e+02 6.29157116e+01 -5.49781091e+00 -1.44567739e-03 2.48688683e-02 8.94582262e-01 4.46208501e-01
1317357886.087964058 2.80548126e+02 6.37186660e+01 -5.50734571e+00 -5.71506417e-03 2.63639128e-02 8.94900384e-01 4.45449868e-01
1317357886.192003965 2.79952393e+02 6.45401599e+01 -5.53434574e+00 -8.69754179e-03 2.88382880e-02 8.95147768e-01 4.44750694e-01
1317357886.296015978 2.79279242e+02 6.53230429e+01 -5.55156222e+00 -8.84677383e-03 2.98396137e-02 8.95336463e-01 4.44301644e-01
1317357886.400031090 2.78662994e+02 6.61400323e+01 -5.58627796e+00 -8.05791275e-03 2.88608304e-02 8.95734569e-01 4.43578296e-01
1317357886.503998995 2.78033444e+02 6.69761035e+01 -5.61862579e+00 -6.33746016e-03 2.76523709e-02 8.96365490e-01 4.42407155e-01
1317357886.607916117 2.77354694e+02 6.77523115e+01 -5.66379293e+00 -4.19551879e-03 2.68794191e-02 8.97243927e-01 4.40696302e-01
1317357886.711836100 2.76708939e+02 6.85809437e+01 -5.68470700e+00 -2.36978769e-03 2.58300850e-02 8.98510878e-01 4.38184199e-01
1317357886.815754890 2.76029361e+02 6.93950437e+01 -5.70251458e+00 -1.97321503e-03 2.50348087e-02 8.99853971e-01 4.35467790e-01
1317357886.919671059 2.75364647e+02 7.02208071e+01 -5.72174726e+00 -3.07896153e-03 2.50577646e-02 9.01319830e-01 4.32417844e-01
1317357887.023565054 2.74660439e+02 7.10208050e+01 -5.72998415e+00 -4.80496026e-03 2.50090852e-02 9.02738218e-01 4.29435872e-01
1317357887.127460957 2.73974290e+02 7.18434788e+01 -5.74655387e+00 -6.88081996e-03 2.44673543e-02 9.04156334e-01 4.26444986e-01
1317357887.231406927 2.73280572e+02 7.26622907e+01 -5.77098993e+00 -8.32973397e-03 2.37240936e-02 9.05092363e-01 4.24470962e-01
1317357887.335375071 2.72579718e+02 7.34744564e+01 -5.78682444e+00 -9.70534621e-03 2.22357871e-02 9.05930157e-01 4.22731507e-01
1317357887.439341068 2.71882198e+02 7.42894864e+01 -5.81565551e+00 -1.11326403e-02 2.09055393e-02 9.06302913e-01 4.21964515e-01
1317357887.543282986 2.71178035e+02 7.50987454e+01 -5.83028406e+00 -1.15477851e-02 2.08532191e-02 9.06617345e-01 4.21279932e-01
1317357887.647226095 2.70472427e+02 7.59215163e+01 -5.85744613e+00 -1.14521974e-02 2.02303323e-02 9.06829012e-01 4.20857130e-01
1317357887.751193047 2.69769931e+02 7.67412893e+01 -5.87954690e+00 -1.14608314e-02 1.95211752e-02 9.07106059e-01 4.20292957e-01
1317357887.855159998 2.69064894e+02 7.75411403e+01 -5.90553441e+00 -1.24669999e-02 1.84264001e-02 9.07225193e-01 4.20056533e-01
1317357887.959101915 2.68355566e+02 7.83576063e+01 -5.92653641e+00 -1.28225505e-02 1.62652649e-02 9.07461247e-01 4.19624961e-01
1317357888.063044071 2.67640959e+02 7.91742037e+01 -5.95793427e+00 -1.21759261e-02 1.29556622e-02 9.07554232e-01 4.19558356e-01
1317357888.167035103 2.66925782e+02 8.00033863e+01 -5.98845812e+00 -1.21276333e-02 1.11639174e-02 9.07447869e-01 4.19841222e-01
1317357888.271050930 2.66207427e+02 8.08457532e+01 -6.02020365e+00 -1.39477013e-02 1.17571183e-02 9.07233660e-01 4.20231266e-01
1317357888.375065088 2.65481473e+02 8.16912003e+01 -6.04940596e+00 -1.53282770e-02 1.25788817e-02 9.06944060e-01 4.20784134e-01
1317357888.479054928 2.64757745e+02 8.25411866e+01 -6.07689389e+00 -1.43542805e-02 1.37667786e-02 9.06574755e-01 4.21576380e-01
1317357888.583043098 2.64043301e+02 8.33881413e+01 -6.10262245e+00 -1.40311909e-02 1.38588923e-02 9.06083494e-01 4.22639041e-01
1317357888.687035084 2.63324271e+02 8.42211348e+01 -6.13075307e+00 -1.50667664e-02 1.27352272e-02 9.05303325e-01 4.24307313e-01
1317357888.791027069 2.62594164e+02 8.50803834e+01 -6.15431559e+00 -1.63195765e-02 1.11657669e-02 9.03867840e-01 4.27354565e-01
1317357888.895018101 2.61862893e+02 8.59446557e+01 -6.18929526e+00 -1.69681541e-02 9.90639738e-03 9.02815379e-01 4.29579254e-01
1317357888.998984098 2.61142462e+02 8.68083780e+01 -6.22538054e+00 -1.68461926e-02 9.64050145e-03 9.01656300e-01 4.32017572e-01
1317357889.102927923 2.60433027e+02 8.76719733e+01 -6.25669621e+00 -1.64891959e-02 9.66040278e-03 9.00553548e-01 4.34324867e-01
1317357889.206868887 2.59743416e+02 8.85574028e+01 -6.28350884e+00 -1.67936480e-02 9.25572089e-03 8.99438106e-01 4.36627300e-01
1317357889.310811043 2.59036509e+02 8.94492705e+01 -6.31384131e+00 -1.69370341e-02 9.71292445e-03 8.98471386e-01 4.38597725e-01
1317357889.414753914 2.58356823e+02 9.03547153e+01 -6.33579520e+00 -1.80040632e-02 1.04094453e-02 8.97063087e-01 4.41412863e-01
1317357889.518697977 2.57654592e+02 9.12439505e+01 -6.37410910e+00 -1.85286290e-02 1.01888323e-02 8.96014297e-01 4.43521427e-01
1317357889.622591972 2.56944469e+02 9.21815996e+01 -6.40326482e+00 -1.79563458e-02 1.07074412e-02 8.94691493e-01 4.46195084e-01
1317357889.726486921 2.56250635e+02 9.30864640e+01 -6.43631960e+00 -1.60315668e-02 9.72575729e-03 8.93672252e-01 4.48328344e-01
1317357889.830384016 2.55566834e+02 9.40210054e+01 -6.45245619e+00 -1.37877717e-02 9.17788818e-03 8.92416685e-01 4.50908110e-01
1317357889.934252977 2.54877504e+02 9.49273421e+01 -6.47734849e+00 -1.36341606e-02 8.47671826e-03 8.91687831e-01 4.52366077e-01
1317357890.038099051 2.54203983e+02 9.58772838e+01 -6.51064085e+00 -1.45511408e-02 9.62802581e-03 8.90774147e-01 4.54111203e-01
1317357890.141896963 2.53515841e+02 9.68153726e+01 -6.53387286e+00 -1.45877322e-02 9.88053038e-03 8.90278454e-01 4.55075649e-01
1317357890.245675087 2.52835482e+02 9.77610555e+01 -6.55631343e+00 -1.46721636e-02 9.31035347e-03 8.89835141e-01 4.55951167e-01
1317357890.349450111 2.52148816e+02 9.86902721e+01 -6.58135875e+00 -1.54915930e-02 8.99694338e-03 8.89636576e-01 4.56317683e-01
1317357890.453223944 2.51457640e+02 9.96674911e+01 -6.60563958e+00 -1.51102958e-02 8.74247347e-03 8.89317867e-01 4.56956212e-01
1317357890.556973934 2.50763577e+02 1.00613343e+02 -6.63062166e+00 -1.46181996e-02 8.20986386e-03 8.89135041e-01 4.57337715e-01
1317357890.660722971 2.50079572e+02 1.01578098e+02 -6.66194510e+00 -1.40830659e-02 8.67304820e-03 8.88958097e-01 4.57689794e-01
1317357890.764472008 2.49394906e+02 1.02541210e+02 -6.68549144e+00 -1.34172892e-02 9.82051355e-03 8.88972761e-01 4.57658130e-01
1317357890.868199110 2.48692350e+02 1.03542313e+02 -6.71130568e+00 -1.34122818e-02 1.12011756e-02 8.88947995e-01 4.57674673e-01
1317357890.971927881 2.47999371e+02 1.04504125e+02 -6.73318091e+00 -1.46070833e-02 1.19103287e-02 8.89012924e-01 4.57494042e-01
1317357891.075654030 2.47300227e+02 1.05488054e+02 -6.75701515e+00 -1.61213390e-02 1.13087765e-02 8.88944733e-01 4.57590948e-01
1317357891.179404974 2.46599434e+02 1.06447753e+02 -6.78758671e+00 -1.67918135e-02 1.04501239e-02 8.88918001e-01 4.57639179e-01
1317357891.283157110 2.45908092e+02 1.07401829e+02 -6.81796074e+00 -1.57217682e-02 9.50747273e-03 8.88857390e-01 4.57815437e-01
1317357891.386909962 2.45213635e+02 1.08356159e+02 -6.84529157e+00 -1.50051434e-02 9.18264108e-03 8.88857499e-01 4.57845903e-01
1317357891.490660906 2.44543888e+02 1.09303348e+02 -6.87522614e+00 -1.43843727e-02 9.84627088e-03 8.88611610e-01 4.58329082e-01
1317357891.594388962 2.43860799e+02 1.10254138e+02 -6.89602163e+00 -1.46161978e-02 1.06211312e-02 8.88534156e-01 4.58454590e-01
1317357891.698137045 2.43163339e+02 1.11219102e+02 -6.92144298e+00 -1.57540165e-02 1.11396170e-02 8.88609841e-01 4.58257864e-01
1317357891.801909924 2.42498356e+02 1.12171015e+02 -6.94648556e+00 -1.72184267e-02 1.17651551e-02 8.88342379e-01 4.58707885e-01
1317357891.905685902 2.41815357e+02 1.13126245e+02 -6.97650954e+00 -1.75508331e-02 1.13127889e-02 8.88392677e-01 4.58609247e-01
1317357892.009462118 2.41144561e+02 1.14077050e+02 -6.99147687e+00 -1.63278193e-02 1.09325138e-02 8.88518842e-01 4.58419185e-01
1317357892.113236904 2.40466803e+02 1.15027119e+02 -7.01606682e+00 -1.58018719e-02 1.08725081e-02 8.88532023e-01 4.58413497e-01
1317357892.217036009 2.39795380e+02 1.15982897e+02 -7.04118183e+00 -1.58148860e-02 1.24017416e-02 8.88520544e-01 4.58396476e-01
1317357892.320858002 2.39118672e+02 1.16938682e+02 -7.06714937e+00 -1.70550807e-02 1.31157862e-02 8.88555013e-01 4.58265305e-01
1317357892.424679041 2.38448604e+02 1.17897870e+02 -7.09780311e+00 -1.79121539e-02 1.47681130e-02 8.88260212e-01 4.58753588e-01
1317357892.528505087 2.37769648e+02 1.18847336e+02 -7.13538627e+00 -1.86183158e-02 1.47968370e-02 8.88229690e-01 4.58783641e-01
1317357892.632328033 2.37088529e+02 1.19790979e+02 -7.17901994e+00 -1.91626385e-02 1.44669907e-02 8.87968954e-01 4.59276208e-01
1317357892.736149073 2.36408639e+02 1.20734657e+02 -7.21193124e+00 -1.92304722e-02 1.37488075e-02 8.88085362e-01 4.59070310e-01
1317357892.839976072 2.35735451e+02 1.21678132e+02 -7.23820484e+00 -1.84425026e-02 1.17050619e-02 8.88197720e-01 4.58941909e-01
1317357892.943797112 2.35068773e+02 1.22592808e+02 -7.28237160e+00 -1.78425966e-02 1.12434488e-02 8.88073062e-01 4.59218318e-01
1317357893.047616959 2.34400704e+02 1.23541379e+02 -7.31308875e+00 -1.75067501e-02 1.06015451e-02 8.88213461e-01 4.58974910e-01
1317357893.151413918 2.33735696e+02 1.24485493e+02 -7.33902862e+00 -1.73786966e-02 1.09550036e-02 8.88281342e-01 4.58840087e-01
1317357893.255213022 2.33060170e+02 1.25427624e+02 -7.38159421e+00 -1.85253511e-02 1.16843726e-02 8.88344964e-01 4.58654022e-01
1317357893.359010935 2.32372911e+02 1.26391743e+02 -7.41366879e+00 -1.87948862e-02 1.25458163e-02 8.88451679e-01 4.58413534e-01
1317357893.462810040 2.31700479e+02 1.27323256e+02 -7.45470599e+00 -1.95145899e-02 1.14346146e-02 8.88284656e-01 4.58736090e-01
1317357893.566656113 2.31009464e+02 1.28267618e+02 -7.49692186e+00 -2.04735267e-02 9.87806003e-03 8.88399439e-01 4.58508119e-01
1317357893.670502901 2.30323678e+02 1.29200171e+02 -7.55162693e+00 -2.03840158e-02 8.93807440e-03 8.88277621e-01 4.58767338e-01
1317357893.774324894 2.29649498e+02 1.30128307e+02 -7.58833277e+00 -1.90986094e-02 8.63870894e-03 8.88203094e-01 4.58972635e-01
1317357893.878149986 2.28951561e+02 1.31101332e+02 -7.62083426e+00 -1.76824582e-02 6.96750261e-03 8.88416764e-01 4.58644131e-01
1317357893.981972933 2.28270827e+02 1.32068027e+02 -7.65555872e+00 -1.73603241e-02 7.57083979e-03 8.88400833e-01 4.58677732e-01
1317357894.085793972 2.27577885e+02 1.33047066e+02 -7.68132897e+00 -1.64421922e-02 8.83169542e-03 8.88652243e-01 4.58201754e-01
1317357894.189618111 2.26866355e+02 1.34045457e+02 -7.71706827e+00 -1.73605573e-02 9.17734473e-03 8.88766105e-01 4.57940169e-01
1317357894.293417931 2.26169995e+02 1.34995757e+02 -7.75760491e+00 -1.77152555e-02 1.10306299e-02 8.88795692e-01 4.57828257e-01
1317357894.397214890 2.25468549e+02 1.35983191e+02 -7.79193759e+00 -1.76428297e-02 1.17334624e-02 8.89067620e-01 4.57285276e-01
1317357894.501039028 2.24767623e+02 1.36966908e+02 -7.82101709e+00 -1.60509158e-02 1.08788921e-02 8.89474818e-01 4.56572629e-01
1317357894.604836941 2.24045457e+02 1.37964484e+02 -7.86500738e+00 -1.46617649e-02 1.01210386e-02 8.89574685e-01 4.56442196e-01
1317357894.708621979 2.23321912e+02 1.38967977e+02 -7.89409624e+00 -1.39790383e-02 1.01867865e-02 8.90011196e-01 4.55610455e-01
1317357894.812375069 2.22596317e+02 1.39973266e+02 -7.92462940e+00 -1.50406222e-02 1.00390592e-02 8.90207507e-01 4.55196212e-01
1317357894.916138887 2.21850714e+02 1.40978803e+02 -7.96140886e+00 -1.77810976e-02 9.22220084e-03 8.90444074e-01 4.54651663e-01
1317357895.019936085 2.21095547e+02 1.41991422e+02 -7.99870853e+00 -2.05284743e-02 7.62774087e-03 8.90536893e-01 4.54383584e-01
1317357895.123711109 2.20315706e+02 1.43016617e+02 -8.03520007e+00 -2.15643131e-02 5.06162067e-03 8.90380356e-01 4.54678108e-01
1317357895.227483988 2.19563051e+02 1.44031864e+02 -8.07337734e+00 -2.10972980e-02 3.15174611e-03 8.90224562e-01 4.55022197e-01
1317357895.331235886 2.18810252e+02 1.45041121e+02 -8.10770742e+00 -2.12100937e-02 1.90010697e-03 8.90427718e-01 4.54626221e-01
1317357895.434986115 2.18074694e+02 1.46071781e+02 -8.14404441e+00 -2.17643896e-02 1.86149109e-03 8.90344674e-01 4.54762803e-01
1317357895.538737059 2.17343096e+02 1.47096374e+02 -8.17750389e+00 -2.14056400e-02 1.81333905e-03 8.90250463e-01 4.54964421e-01
1317357895.642465115 2.16588813e+02 1.48111528e+02 -8.20910920e+00 -2.17148304e-02 1.89660838e-03 8.90504576e-01 4.54451834e-01
1317357895.746190071 2.15854418e+02 1.49133721e+02 -8.25258423e+00 -2.33770031e-02 2.51903978e-03 8.90340144e-01 4.54688463e-01
1317357895.849941015 2.15111899e+02 1.50147071e+02 -8.29171068e+00 -2.48641997e-02 3.72913059e-03 8.90556903e-01 4.54176471e-01
1317357895.953716040 2.14369857e+02 1.51167811e+02 -8.31805443e+00 -2.41190347e-02 4.06831734e-03 8.90293556e-01 4.54729706e-01
1317357896.057490110 2.13630029e+02 1.52175579e+02 -8.35473806e+00 -2.37978631e-02 3.25328412e-03 8.90241933e-01 4.54854239e-01
1317357896.161289930 2.12888224e+02 1.53193424e+02 -8.39044491e+00 -2.36931609e-02 2.82140012e-03 8.90059951e-01 4.55218582e-01
1317357896.265089035 2.12156601e+02 1.54211157e+02 -8.42356413e+00 -2.35715535e-02 2.61916126e-03 8.89800574e-01 4.55732882e-01
1317357896.368865013 2.11430067e+02 1.55234698e+02 -8.46481328e+00 -2.50053479e-02 4.00081141e-03 8.89602367e-01 4.56033283e-01
1317357896.472666025 2.10708203e+02 1.56249370e+02 -8.52242329e+00 -2.57234795e-02 5.47585934e-03 8.89292167e-01 4.56582697e-01
1317357896.576463938 2.09974321e+02 1.57251636e+02 -8.56577006e+00 -2.64783969e-02 5.29076829e-03 8.89178051e-01 4.56763939e-01
1317357896.680237055 2.09235606e+02 1.58233350e+02 -8.61360487e+00 -2.55801249e-02 3.82730211e-03 8.89038362e-01 4.57101521e-01
1317357896.784012079 2.08509536e+02 1.59225733e+02 -8.66196109e+00 -2.41970583e-02 3.31799675e-03 8.89072419e-01 4.57114566e-01
1317357896.887763977 2.07780949e+02 1.60225253e+02 -8.69983962e+00 -2.35075399e-02 4.28600914e-03 8.89091769e-01 4.57104858e-01
1317357896.991489887 2.07059899e+02 1.61223870e+02 -8.73576161e+00 -2.28598571e-02 5.09968724e-03 8.89157867e-01 4.57000775e-01
1317357897.095187902 2.06340511e+02 1.62239787e+02 -8.77387958e+00 -2.29467729e-02 5.74414125e-03 8.88941320e-01 4.57409859e-01
1317357897.198892117 2.05622036e+02 1.63237171e+02 -8.80735077e+00 -2.22090183e-02 6.34587673e-03 8.89093646e-01 4.57142185e-01
1317357897.302623034 2.04909250e+02 1.64252190e+02 -8.84531907e+00 -2.16727360e-02 6.18519608e-03 8.89069743e-01 4.57216610e-01
1317357897.406375885 2.04187426e+02 1.65256058e+02 -8.88649534e+00 -2.22742405e-02 7.24923429e-03 8.89161364e-01 4.56993847e-01
1317357897.510148048 2.03469652e+02 1.66247855e+02 -8.92845986e+00 -2.21646061e-02 8.89089490e-03 8.89282575e-01 4.56734259e-01
1317357897.613919973 2.02734142e+02 1.67250138e+02 -8.96356344e+00 -2.09872334e-02 9.53604167e-03 8.89542805e-01 4.56269875e-01
1317357897.717698097 2.02015062e+02 1.68237404e+02 -9.00427579e+00 -2.12858400e-02 9.15910601e-03 8.89760819e-01 4.55838469e-01
1317357897.821471930 2.01280659e+02 1.69239577e+02 -9.03571412e+00 -2.33250545e-02 1.01094352e-02 8.89607216e-01 4.56018357e-01
1317357897.925245047 2.00557233e+02 1.70206178e+02 -9.09148843e+00 -2.62517095e-02 1.01162100e-02 8.89585441e-01 4.55901583e-01
1317357898.029020071 1.99822524e+02 1.71218304e+02 -9.14890188e+00 -2.73201554e-02 9.25168647e-03 8.89079480e-01 4.56843182e-01
1317357898.132795095 1.99096475e+02 1.72189918e+02 -9.20457247e+00 -2.63838701e-02 7.08693843e-03 8.88934198e-01 4.57219486e-01
1317357898.236596107 1.98369215e+02 1.73158066e+02 -9.24019643e+00 -2.42758523e-02 4.80398552e-03 8.88717362e-01 4.57787128e-01
1317357898.340394974 1.97666685e+02 1.74171296e+02 -9.28917449e+00 -2.56797935e-02 3.70419045e-03 8.88327051e-01 4.58477782e-01
1317357898.444166899 1.96966269e+02 1.75157786e+02 -9.33317073e+00 -2.37690119e-02 4.17948242e-03 8.88386465e-01 4.58461618e-01
1317357898.547940969 1.96270456e+02 1.76169547e+02 -9.36511737e+00 -2.14544441e-02 4.60074503e-03 8.88294234e-01 4.58750360e-01
1317357898.651741028 1.95562625e+02 1.77156611e+02 -9.39318644e+00 -1.95862347e-02 5.59139698e-03 8.88665418e-01 4.58103580e-01
1317357898.755538940 1.94853618e+02 1.78154219e+02 -9.43166971e+00 -2.00124761e-02 6.57065047e-03 8.88815399e-01 4.57781076e-01
1317357898.859339952 1.94141119e+02 1.79128099e+02 -9.46935511e+00 -2.25817881e-02 7.90608339e-03 8.88805951e-01 4.57658758e-01
1317357898.963160992 1.93411492e+02 1.80133096e+02 -9.51480791e+00 -2.32007811e-02 8.64850729e-03 8.88240250e-01 4.58711441e-01
1317357899.066958904 1.92691198e+02 1.81108076e+02 -9.55126282e+00 -2.24256337e-02 7.77965342e-03 8.88065158e-01 4.59104392e-01
1317357899.170757055 1.91983345e+02 1.82114225e+02 -9.58875006e+00 -2.14312659e-02 7.90380360e-03 8.87602935e-01 4.60042672e-01
1317357899.274557114 1.91302414e+02 1.83103812e+02 -9.62888226e+00 -2.27169006e-02 9.06661296e-03 8.87062387e-01 4.61001150e-01
1317357899.378356934 1.90609691e+02 1.84081956e+02 -9.66345628e+00 -2.20981406e-02 8.90834158e-03 8.86897455e-01 4.61351513e-01
1317357899.482177973 1.89943426e+02 1.85055175e+02 -9.70060945e+00 -2.19968565e-02 7.67772428e-03 8.86376531e-01 4.62378455e-01
1317357899.586023092 1.89273860e+02 1.85988308e+02 -9.73476922e+00 -2.29411383e-02 7.44251181e-03 8.86033294e-01 4.62993861e-01
1317357899.689870119 1.88620329e+02 1.86934417e+02 -9.77191638e+00 -2.37484706e-02 7.68794263e-03 8.85776137e-01 4.63440978e-01
1317357899.793694019 1.87975376e+02 1.87837707e+02 -9.79092363e+00 -2.41705510e-02 8.17794944e-03 8.85588766e-01 4.63768739e-01
1317357899.897492886 1.87358494e+02 1.88709935e+02 -9.82534692e+00 -2.46912820e-02 8.05800342e-03 8.85521659e-01 4.63871534e-01
1317357900.001292944 1.86776261e+02 1.89567829e+02 -9.85506695e+00 -2.48635886e-02 8.69964511e-03 8.85314014e-01 4.64246933e-01
1317357900.105114937 1.86196653e+02 1.90383243e+02 -9.87920034e+00 -2.48428332e-02 8.24640665e-03 8.85225326e-01 4.64425400e-01
1317357900.208961964 1.85631210e+02 1.91197468e+02 -9.90072453e+00 -2.54179624e-02 7.95990370e-03 8.84746010e-01 4.65311793e-01
1317357900.312809944 1.85085046e+02 1.91984610e+02 -9.93155070e+00 -2.58505344e-02 7.58273498e-03 8.84570623e-01 4.65627603e-01
1317357900.416632891 1.84551051e+02 1.92777216e+02 -9.96415193e+00 -2.55624490e-02 7.87346391e-03 8.84798745e-01 4.65205063e-01
1317357900.520454884 1.84015186e+02 1.93547277e+02 -9.98529671e+00 -2.40599821e-02 8.07836683e-03 8.85831018e-01 4.63313355e-01
1317357900.624253988 1.83486565e+02 1.94302180e+02 -1.00074957e+01 -2.26738590e-02 7.78697311e-03 8.87017996e-01 4.61112061e-01
1317357900.728053093 1.82958457e+02 1.95030473e+02 -1.00349200e+01 -2.19266180e-02 6.64615796e-03 8.88154973e-01 4.58972544e-01
1317357900.831851959 1.82422699e+02 1.95791994e+02 -1.00753084e+01 -2.17773440e-02 6.24351153e-03 8.88941448e-01 4.57460237e-01
1317357900.935676098 1.81894711e+02 1.96537336e+02 -1.01067510e+01 -2.18680009e-02 6.18928192e-03 8.89457133e-01 4.56453165e-01
1317357901.039521933 1.81356407e+02 1.97271696e+02 -1.01407425e+01 -2.21923394e-02 7.03278433e-03 8.90042397e-01 4.55282957e-01
1317357901.143343925 1.80806158e+02 1.98028479e+02 -1.01669133e+01 -2.19238452e-02 7.73891399e-03 8.90332235e-01 4.54717458e-01
1317357901.247191906 1.80268275e+02 1.98763467e+02 -1.01929518e+01 -2.18972661e-02 8.38360100e-03 8.90649592e-01 4.54085377e-01
1317357901.351037025 1.79713637e+02 1.99515956e+02 -1.02136699e+01 -2.21780334e-02 7.51918771e-03 8.90645400e-01 4.54095110e-01
1317357901.454883099 1.79180842e+02 2.00236918e+02 -1.02433612e+01 -2.19858593e-02 6.62249557e-03 8.90845465e-01 4.53725823e-01
1317357901.558779001 1.78646227e+02 2.00956435e+02 -1.02720307e+01 -2.23571015e-02 5.28060849e-03 8.90737791e-01 4.53936629e-01
1317357901.662673950 1.78109425e+02 2.01666196e+02 -1.02994761e+01 -2.22149940e-02 4.34818321e-03 8.90618811e-01 4.54186879e-01
1317357901.766567945 1.77569147e+02 2.02378758e+02 -1.03208849e+01 -2.10150566e-02 4.47986376e-03 8.90564203e-01 4.54349754e-01
1317357901.870460987 1.77021877e+02 2.03123316e+02 -1.03482772e+01 -2.03548640e-02 3.39458107e-03 8.90388363e-01 4.54733680e-01
1317357901.974354982 1.76478474e+02 2.03860940e+02 -1.03757437e+01 -2.03483720e-02 3.36035974e-03 8.90302552e-01 4.54902207e-01
1317357902.078274012 1.75937384e+02 2.04606163e+02 -1.04097693e+01 -2.09266767e-02 4.61253314e-03 8.90190484e-01 4.55084279e-01
1317357902.182169914 1.75407182e+02 2.05393949e+02 -1.04368010e+01 -2.14567616e-02 4.26672144e-03 8.90044883e-01 4.55347680e-01
1317357902.286065102 1.74849546e+02 2.06166146e+02 -1.04657971e+01 -1.85904876e-02 5.06107663e-03 8.90028697e-01 4.55497199e-01
1317357902.389983892 1.74296638e+02 2.06924450e+02 -1.04875056e+01 -1.71861518e-02 4.88482323e-03 8.90070236e-01 4.55473105e-01
1317357902.493902922 1.73707101e+02 2.07703545e+02 -1.05053097e+01 -1.83670832e-02 3.60135115e-03 8.89938404e-01 4.55696518e-01
1317357902.597820997 1.73137574e+02 2.08476147e+02 -1.05413850e+01 -2.00516380e-02 3.60590398e-03 8.89703156e-01 4.56084667e-01
1317357902.701765060 1.72578343e+02 2.09258604e+02 -1.05725168e+01 -2.02063964e-02 4.51203560e-03 8.89511875e-01 4.56442732e-01
1317357902.805706024 1.72004228e+02 2.10051575e+02 -1.06033760e+01 -2.05116429e-02 4.93335339e-03 8.89172764e-01 4.57085037e-01
1317357902.909626007 1.71416719e+02 2.10851910e+02 -1.06394610e+01 -2.26006644e-02 5.56709334e-03 8.88912691e-01 4.57484912e-01
1317357903.013546944 1.70834396e+02 2.11665120e+02 -1.06652274e+01 -2.30521928e-02 7.72738161e-03 8.88354208e-01 4.58514651e-01
1317357903.117464066 1.70259730e+02 2.12477065e+02 -1.06963284e+01 -2.32676171e-02 8.72593023e-03 8.87806699e-01 4.59545147e-01
1317357903.221383095 1.69676520e+02 2.13281565e+02 -1.07318558e+01 -2.41469695e-02 7.90362266e-03 8.87374272e-01 4.60349169e-01
1317357903.325300932 1.69095881e+02 2.14093577e+02 -1.07796500e+01 -2.47391988e-02 8.12092430e-03 8.86418351e-01 4.62152063e-01
1317357903.429219007 1.68501664e+02 2.14920420e+02 -1.08185746e+01 -2.47930761e-02 7.90792859e-03 8.85761761e-01 4.63410046e-01
1317357903.533138037 1.67906831e+02 2.15761995e+02 -1.08582738e+01 -2.45019737e-02 6.56845990e-03 8.84947745e-01 4.64998922e-01
1317357903.637032032 1.67310844e+02 2.16605506e+02 -1.08998814e+01 -2.32989383e-02 5.71540727e-03 8.84347108e-01 4.66213133e-01
1317357903.740904093 1.66724813e+02 2.17464001e+02 -1.09361945e+01 -2.33448515e-02 4.80887517e-03 8.83961135e-01 4.66952464e-01
1317357903.844774961 1.66134434e+02 2.18326674e+02 -1.09681387e+01 -2.45245991e-02 4.84071977e-03 8.83609801e-01 4.67556233e-01
1317357903.948621035 1.65539033e+02 2.19205697e+02 -1.10195591e+01 -2.62313681e-02 5.47775153e-03 8.83132540e-01 4.68357583e-01
1317357904.052443981 1.64941986e+02 2.20082659e+02 -1.10627553e+01 -2.61110193e-02 5.32208176e-03 8.83007322e-01 4.68602134e-01
1317357904.156266928 1.64341923e+02 2.20979691e+02 -1.11045718e+01 -2.44652866e-02 4.83762329e-03 8.82897103e-01 4.68903777e-01
1317357904.260097980 1.63746033e+02 2.21856699e+02 -1.11421920e+01 -2.28690133e-02 5.10533614e-03 8.83065025e-01 4.68665238e-01
1317357904.363941908 1.63145219e+02 2.22750182e+02 -1.11789310e+01 -2.23674900e-02 5.78831301e-03 8.83020034e-01 4.68766265e-01
1317357904.467781067 1.62535027e+02 2.23649883e+02 -1.12194751e+01 -2.25323407e-02 5.69083384e-03 8.82735151e-01 4.69295814e-01
1317357904.571604013 1.61922802e+02 2.24552539e+02 -1.12534592e+01 -2.24115224e-02 6.01058862e-03 8.82697608e-01 4.69368224e-01
1317357904.675427914 1.61306592e+02 2.25454374e+02 -1.12948222e+01 -2.33012675e-02 5.09692241e-03 8.82884845e-01 4.68983393e-01
1317357904.779249907 1.60670978e+02 2.26388655e+02 -1.13410755e+01 -2.40562429e-02 5.15780875e-03 8.82873545e-01 4.68965880e-01
1317357904.883050919 1.60041535e+02 2.27311579e+02 -1.13822826e+01 -2.48384594e-02 5.37478058e-03 8.83229576e-01 4.68251726e-01
1317357904.986824989 1.59412618e+02 2.28233610e+02 -1.14237966e+01 -2.58863232e-02 5.41892662e-03 8.83241280e-01 4.68172377e-01
1317357905.090599060 1.58751138e+02 2.29177395e+02 -1.14640160e+01 -2.68030138e-02 4.87968917e-03 8.83385192e-01 4.67855095e-01
1317357905.194374084 1.58094205e+02 2.30110593e+02 -1.15136070e+01 -2.66882320e-02 3.80986371e-03 8.83763740e-01 4.67156157e-01
1317357905.298124075 1.57438937e+02 2.31073340e+02 -1.15666844e+01 -2.46058383e-02 3.47276457e-03 8.84063167e-01 4.66706342e-01
1317357905.401876926 1.56791187e+02 2.32023712e+02 -1.16066494e+01 -2.14346465e-02 3.04820980e-03 8.84801899e-01 4.65464139e-01
1317357905.505655050 1.56130027e+02 2.32994695e+02 -1.16427367e+01 -1.91098102e-02 3.53637470e-03 8.85211952e-01 4.64781786e-01
1317357905.609405994 1.55477281e+02 2.33992380e+02 -1.16810288e+01 -1.88141102e-02 5.04997211e-03 8.85445187e-01 4.64335383e-01
1317357905.713129997 1.54793907e+02 2.34983805e+02 -1.17123526e+01 -1.90287718e-02 7.76222588e-03 8.85858548e-01 4.63500040e-01
1317357905.816854000 1.54111509e+02 2.35968737e+02 -1.17498384e+01 -1.99156438e-02 8.91084639e-03 8.86445637e-01 4.62318177e-01
1317357905.920603037 1.53416940e+02 2.36939540e+02 -1.17838234e+01 -1.86273132e-02 1.04086234e-02 8.86834817e-01 4.61593643e-01
1317357906.024357080 1.52726524e+02 2.37915120e+02 -1.18271404e+01 -1.84948481e-02 1.08692613e-02 8.87069737e-01 4.61136728e-01
1317357906.128108978 1.52028391e+02 2.38900957e+02 -1.18699398e+01 -1.88357045e-02 1.12610778e-02 8.87696083e-01 4.59906587e-01
1317357906.231883049 1.51308870e+02 2.39909439e+02 -1.19065443e+01 -1.85291579e-02 1.22706470e-02 8.88309424e-01 4.58707390e-01
1317357906.335658073 1.50576063e+02 2.40908972e+02 -1.19494476e+01 -1.78022403e-02 1.22684978e-02 8.88851861e-01 4.57684316e-01
1317357906.439434052 1.49856911e+02 2.41910775e+02 -1.19897939e+01 -1.78782246e-02 1.17883709e-02 8.89444174e-01 4.56541855e-01
1317357906.543206930 1.49128970e+02 2.42921392e+02 -1.20354426e+01 -1.84352560e-02 1.24881292e-02 8.89620746e-01 4.56156899e-01
1317357906.646981001 1.48399983e+02 2.43922308e+02 -1.20735698e+01 -1.88197207e-02 1.22202333e-02 8.90067576e-01 4.55275954e-01
1317357906.750757933 1.47664859e+02 2.44927029e+02 -1.21116130e+01 -1.97706510e-02 1.21736863e-02 8.90730474e-01 4.53938481e-01
1317357906.854557037 1.46910596e+02 2.45925571e+02 -1.21524344e+01 -2.04616556e-02 1.19530893e-02 8.91246278e-01 4.52900118e-01
1317357906.958378077 1.46165282e+02 2.46926333e+02 -1.21973479e+01 -2.10231089e-02 1.14567153e-02 8.91580142e-01 4.52229613e-01
1317357907.062197924 1.45388977e+02 2.47943901e+02 -1.22387653e+01 -2.17037696e-02 1.06741812e-02 8.91821172e-01 4.51741082e-01
1317357907.165997028 1.44629644e+02 2.48959899e+02 -1.22918477e+01 -2.21457165e-02 1.04801754e-02 8.91876089e-01 4.51615738e-01
1317357907.269797087 1.43879498e+02 2.49953031e+02 -1.23356045e+01 -2.15725463e-02 1.05375796e-02 8.92092565e-01 4.51214406e-01
1317357907.373621941 1.43122184e+02 2.50968486e+02 -1.23769495e+01 -2.11177827e-02 1.09894409e-02 8.92185248e-01 4.51041855e-01
1317357907.477444887 1.42374794e+02 2.51969689e+02 -1.24165945e+01 -2.07419076e-02 1.15034879e-02 8.92501339e-01 4.50420696e-01
1317357907.581268072 1.41634638e+02 2.52992893e+02 -1.24522937e+01 -2.11010505e-02 1.11947742e-02 8.92495064e-01 4.50424227e-01
1317357907.685112953 1.40874483e+02 2.54008207e+02 -1.24936068e+01 -2.10293831e-02 1.12645419e-02 8.92668052e-01 4.50082907e-01
1317357907.788957119 1.40136920e+02 2.55057575e+02 -1.25282360e+01 -2.09481715e-02 1.17789907e-02 8.92508533e-01 4.50389773e-01
1317357907.892779112 1.39382963e+02 2.56080734e+02 -1.25761506e+01 -2.06688027e-02 1.31990494e-02 8.92146707e-01 4.51079636e-01
1317357907.996581078 1.38643590e+02 2.57091224e+02 -1.26211754e+01 -2.04850412e-02 1.52964414e-02 8.92426472e-01 4.50467950e-01
1317357908.100357056 1.37929064e+02 2.58081278e+02 -1.26729804e+01 -2.10322760e-02 1.77397391e-02 8.92145069e-01 4.50910325e-01
1317357908.204130888 1.37188115e+02 2.59095602e+02 -1.27174850e+01 -2.16781264e-02 1.89715061e-02 8.92358858e-01 4.50406272e-01
1317357908.307907104 1.36449455e+02 2.60090206e+02 -1.27672817e+01 -2.16387334e-02 1.93389998e-02 8.91935380e-01 4.51230590e-01
1317357908.411680937 1.35709546e+02 2.61084624e+02 -1.28161766e+01 -2.16403325e-02 1.82815552e-02 8.92137165e-01 4.50875547e-01
1317357908.515431881 1.34956816e+02 2.62074220e+02 -1.28660296e+01 -2.38775170e-02 1.71489301e-02 8.91925087e-01 4.51226570e-01
1317357908.619184971 1.34200645e+02 2.63068072e+02 -1.29326224e+01 -2.69970603e-02 1.66044499e-02 8.91844422e-01 4.51230515e-01
1317357908.722935915 1.33465975e+02 2.64043639e+02 -1.29937060e+01 -2.75640064e-02 1.59796537e-02 8.91663425e-01 4.51576364e-01
1317357908.826661110 1.32722966e+02 2.65042325e+02 -1.30526463e+01 -2.51193207e-02 1.40092165e-02 8.91832713e-01 4.51450079e-01
1317357908.930386066 1.31997143e+02 2.66019427e+02 -1.30950977e+01 -2.25741355e-02 1.26183583e-02 8.91843013e-01 4.51605166e-01
1317357909.034137011 1.31260122e+02 2.67023342e+02 -1.31358048e+01 -2.13563275e-02 1.39460708e-02 8.91977866e-01 4.51358950e-01
1317357909.137890100 1.30539604e+02 2.68020261e+02 -1.31778886e+01 -2.25746754e-02 1.51317799e-02 8.91708930e-01 4.51792648e-01
1317357909.241640091 1.29804978e+02 2.69016860e+02 -1.32237224e+01 -2.34368782e-02 1.57943918e-02 8.91467543e-01 4.52202244e-01
1317357909.345416069 1.29100397e+02 2.69991462e+02 -1.32720677e+01 -2.39446149e-02 1.64854935e-02 8.91171103e-01 4.52734966e-01
1317357909.449191093 1.28391877e+02 2.70949357e+02 -1.33423104e+01 -2.40225303e-02 1.72068561e-02 8.90912280e-01 4.53213142e-01
1317357909.552941084 1.27661781e+02 2.71930500e+02 -1.33952717e+01 -2.46668142e-02 1.71320504e-02 8.90838423e-01 4.53326532e-01
1317357909.656666994 1.26944742e+02 2.72909114e+02 -1.34538736e+01 -2.46995542e-02 1.74686923e-02 8.90544251e-01 4.53889539e-01
1317357909.760392904 1.26221460e+02 2.73884599e+02 -1.35031247e+01 -2.41110913e-02 1.68199363e-02 8.90624192e-01 4.53788820e-01
1317357909.864098072 1.25495456e+02 2.74893768e+02 -1.35479091e+01 -2.38148570e-02 1.64673075e-02 8.90670709e-01 4.53726094e-01
1317357909.967799902 1.24765521e+02 2.75895800e+02 -1.35984466e+01 -2.38738728e-02 1.61300848e-02 8.90784006e-01 4.53512638e-01
1317357910.071527004 1.24031398e+02 2.76890337e+02 -1.36531771e+01 -2.40180969e-02 1.60099235e-02 8.90594002e-01 4.53882295e-01
1317357910.175254107 1.23299583e+02 2.77879073e+02 -1.37014438e+01 -2.44552827e-02 1.57369724e-02 8.90604538e-01 4.53847820e-01
1317357910.278978109 1.22578382e+02 2.78866850e+02 -1.37678437e+01 -2.42571286e-02 1.61155806e-02 8.90401485e-01 4.54243410e-01
1317357910.382700920 1.21873808e+02 2.79841828e+02 -1.38206288e+01 -2.36785281e-02 1.60570258e-02 8.90156944e-01 4.54755004e-01
1317357910.486442089 1.21147904e+02 2.80830815e+02 -1.38734545e+01 -2.26148721e-02 1.54657498e-02 8.90295006e-01 4.54559325e-01
1317357910.590193987 1.20429337e+02 2.81813002e+02 -1.39264871e+01 -2.15491006e-02 1.49340821e-02 8.90302329e-01 4.54614532e-01
1317357910.693928003 1.19699607e+02 2.82798162e+02 -1.39717196e+01 -2.13487453e-02 1.40739474e-02 8.90453746e-01 4.54354797e-01
1317357910.798357010 1.18968407e+02 2.83782112e+02 -1.40207385e+01 -2.20295951e-02 1.28655795e-02 8.90638628e-01 4.53995603e-01
1317357910.902136087 1.18241117e+02 2.84770977e+02 -1.40630137e+01 -2.31460963e-02 1.15527165e-02 8.90535497e-01 4.54177632e-01
1317357911.005229950 1.17510430e+02 2.85761648e+02 -1.41126155e+01 -2.40343505e-02 1.05495088e-02 8.90805740e-01 4.53625608e-01
1317357911.108983040 1.16771935e+02 2.86733121e+02 -1.41642167e+01 -2.41887295e-02 9.66455320e-03 8.90742971e-01 4.53760358e-01
1317357911.212730885 1.16041903e+02 2.87714019e+02 -1.42095153e+01 -2.32713331e-02 9.56157132e-03 8.90891452e-01 4.53518955e-01
1317357911.316478014 1.15319379e+02 2.88716400e+02 -1.42560892e+01 -2.21033490e-02 9.78485656e-03 8.91068138e-01 4.53225409e-01
1317357911.420231104 1.14598790e+02 2.89705728e+02 -1.43009822e+01 -2.14070713e-02 1.06460767e-02 8.91378072e-01 4.52629574e-01
1317357911.523998976 1.13883157e+02 2.90708266e+02 -1.43521839e+01 -2.20779154e-02 1.16692451e-02 8.91360004e-01 4.52607708e-01
1317357911.627747059 1.13154992e+02 2.91713283e+02 -1.43966536e+01 -2.24885263e-02 1.24822200e-02 8.91542758e-01 4.52205673e-01
1317357911.731520891 1.12415705e+02 2.92702123e+02 -1.44416507e+01 -2.22596520e-02 1.24034731e-02 8.91714359e-01 4.51880697e-01
1317357911.835330009 1.11674229e+02 2.93689187e+02 -1.44908737e+01 -2.21526581e-02 1.14256218e-02 8.91723179e-01 4.51894331e-01
1317357911.939114094 1.10920273e+02 2.94698886e+02 -1.45291822e+01 -2.18663460e-02 1.13262253e-02 8.91483606e-01 4.52383200e-01
1317357912.042882919 1.10174323e+02 2.95705550e+02 -1.45738275e+01 -2.16451156e-02 1.17576458e-02 8.91503363e-01 4.52343896e-01
1317357912.146648884 1.09421770e+02 2.96716085e+02 -1.46230101e+01 -2.17284826e-02 1.32251482e-02 8.91451883e-01 4.52400827e-01
1317357912.250401020 1.08678107e+02 2.97730240e+02 -1.46628760e+01 -2.15540643e-02 1.39405961e-02 8.91437151e-01 4.52416720e-01
1317357912.354126930 1.07942141e+02 2.98733125e+02 -1.47122397e+01 -2.13644388e-02 1.48148204e-02 8.91365509e-01 4.52539071e-01
1317357912.457859039 1.07213341e+02 2.99747738e+02 -1.47494281e+01 -2.07253054e-02 1.55972608e-02 8.90986282e-01 4.53288686e-01
1317357912.561614990 1.06463803e+02 3.00743670e+02 -1.47928770e+01 -2.04028897e-02 1.53690816e-02 8.91131407e-01 4.53025749e-01
1317357912.665380001 1.05725641e+02 3.01746959e+02 -1.48387339e+01 -2.11715688e-02 1.49785345e-02 8.90875784e-01 4.53506058e-01
1317357912.769134045 1.04971914e+02 3.02745600e+02 -1.48890335e+01 -2.24175288e-02 1.47258550e-02 8.90687790e-01 4.53823605e-01
1317357912.872888088 1.04233584e+02 3.03758775e+02 -1.49405615e+01 -2.31658943e-02 1.48653707e-02 8.90299853e-01 4.54542115e-01
1317357912.976654053 1.03483539e+02 3.04764227e+02 -1.49917823e+01 -2.38703478e-02 1.40129735e-02 8.90001449e-01 4.55116758e-01
1317357913.080424070 1.02754630e+02 3.05788841e+02 -1.50502834e+01 -2.53577200e-02 1.38443333e-02 8.89266776e-01 4.56475544e-01
1317357913.184175014 1.02018838e+02 3.06820750e+02 -1.51137965e+01 -2.76252978e-02 1.37018552e-02 8.88888423e-01 4.57084755e-01
1317357913.287913084 1.01283752e+02 3.07835349e+02 -1.51731420e+01 -2.93728708e-02 1.32590463e-02 8.88883923e-01 4.56997597e-01
1317357913.391645908 1.00549242e+02 3.08866880e+02 -1.52367661e+01 -3.17239775e-02 1.14695960e-02 8.88853438e-01 4.56948141e-01
1317357913.495374918 9.97929366e+01 3.09895458e+02 -1.53059609e+01 -3.37999052e-02 1.00858746e-02 8.88885618e-01 4.56769307e-01
1317357913.599117041 9.90362857e+01 3.10917668e+02 -1.53747772e+01 -3.48926031e-02 8.90318215e-03 8.88980998e-01 4.56526039e-01
1317357913.702852011 9.82894154e+01 3.11929152e+02 -1.54402572e+01 -3.27195629e-02 6.95689717e-03 8.89199332e-01 4.56295496e-01
1317357913.806579113 9.75565771e+01 3.12937854e+02 -1.54916314e+01 -3.03584999e-02 5.39330296e-03 8.89208765e-01 4.56461440e-01
1317357913.910379887 9.68226870e+01 3.13927555e+02 -1.55550883e+01 -3.07670705e-02 3.97368810e-03 8.89258050e-01 4.56352623e-01
1317357914.014189959 9.60707158e+01 3.14940717e+02 -1.56148324e+01 -3.15692686e-02 5.34704088e-03 8.89529661e-01 4.55754070e-01
1317357914.117963076 9.53755133e+01 3.15913159e+02 -1.56815002e+01 -3.16246028e-02 6.00762334e-03 8.89118444e-01 4.56543739e-01
1317357914.221703053 9.46772381e+01 3.16912449e+02 -1.57406439e+01 -3.28123168e-02 4.85247425e-03 8.89155761e-01 4.56400963e-01
1317357914.325433969 9.39443704e+01 3.17916834e+02 -1.58046384e+01 -3.40864961e-02 5.71568378e-03 8.89541917e-01 4.55544312e-01
1317357914.429179907 9.32303587e+01 3.18948059e+02 -1.58541920e+01 -3.52683146e-02 5.72867229e-03 8.89764664e-01 4.55018869e-01
1317357914.532905102 9.25185090e+01 3.19936007e+02 -1.59123631e+01 -3.57660066e-02 5.36334472e-03 8.90174557e-01 4.54181995e-01
1317357914.636643887 9.18091655e+01 3.20897548e+02 -1.59624537e+01 -3.53613577e-02 5.02561462e-03 8.89860965e-01 4.54831596e-01
1317357914.740406990 9.11013111e+01 3.21853251e+02 -1.60199474e+01 -3.48748305e-02 4.66162056e-03 8.89675822e-01 4.55235046e-01
1317357914.844156981 9.04022006e+01 3.22809161e+02 -1.60824910e+01 -3.49496708e-02 4.60907304e-03 8.89903608e-01 4.54784395e-01
1317357914.947882891 8.97109333e+01 3.23752923e+02 -1.61524401e+01 -3.60381110e-02 5.67624741e-03 8.89383269e-01 4.55704329e-01
1317357915.051634073 8.90239436e+01 3.24688671e+02 -1.62200825e+01 -3.63770470e-02 6.45114672e-03 8.89276340e-01 4.55875734e-01
1317357915.155407906 8.83608458e+01 3.25599980e+02 -1.62796928e+01 -3.67411042e-02 8.05192384e-03 8.89402104e-01 4.55575630e-01
1317357915.259181976 8.77390998e+01 3.26469731e+02 -1.63360412e+01 -3.79578267e-02 8.56279118e-03 8.89147485e-01 4.55963411e-01
1317357915.362957954 8.70960465e+01 3.27342872e+02 -1.64021565e+01 -3.85705120e-02 8.97642693e-03 8.89378834e-01 4.55452554e-01
1317357915.466732025 8.64815104e+01 3.28188498e+02 -1.64520350e+01 -3.69716648e-02 8.58131257e-03 8.89446971e-01 4.55459705e-01
1317357915.570483923 8.58520786e+01 3.29033842e+02 -1.64996136e+01 -3.25177464e-02 5.87673808e-03 8.89780269e-01 4.55191314e-01
1317357915.674235106 8.52365924e+01 3.29868779e+02 -1.65472760e+01 -2.80654964e-02 2.97869542e-03 8.90128241e-01 4.54835321e-01
1317357915.777986050 8.46205766e+01 3.30735175e+02 -1.65884834e+01 -2.71096919e-02 2.07427199e-03 8.90304893e-01 4.54552483e-01
1317357915.881712914 8.39979123e+01 3.31563753e+02 -1.66278197e+01 -2.84274480e-02 2.41352351e-03 8.90585952e-01 4.53919286e-01
1317357915.985461950 8.33833499e+01 3.32394726e+02 -1.66689419e+01 -3.13418759e-02 3.43819906e-03 8.90500682e-01 4.53888093e-01
1317357916.089211941 8.27636689e+01 3.33231268e+02 -1.67153731e+01 -3.31588978e-02 4.50404978e-03 8.90491529e-01 4.53767604e-01
1317357916.192961931 8.21488999e+01 3.34035865e+02 -1.67602349e+01 -3.45112864e-02 4.83901286e-03 8.90564621e-01 4.53519803e-01
1317357916.296737909 8.15606071e+01 3.34844089e+02 -1.68181942e+01 -3.55242078e-02 3.73462131e-03 8.90136165e-01 4.54292516e-01
1317357916.400511980 8.09774690e+01 3.35618475e+02 -1.68682370e+01 -3.66400172e-02 2.79920948e-03 8.89960121e-01 4.54555448e-01
1317357916.504287958 8.04225255e+01 3.36404651e+02 -1.69080378e+01 -3.77241148e-02 1.86845901e-03 8.89462086e-01 4.55445494e-01
1317357916.608110905 7.98610724e+01 3.37139127e+02 -1.69466638e+01 -3.75456562e-02 1.62001770e-04 8.89138712e-01 4.56094999e-01
1317357916.711982012 7.93180204e+01 3.37861244e+02 -1.69939766e+01 -3.66309660e-02 -8.97360659e-04 8.88543082e-01 4.57327626e-01
1317357916.815876007 7.88176572e+01 3.38564149e+02 -1.70255457e+01 -3.60507174e-02 -1.79641685e-03 8.87173971e-01 4.60021155e-01
1317357916.919820070 7.83203257e+01 3.39268068e+02 -1.70560314e+01 -3.50756246e-02 -2.79086650e-03 8.85183221e-01 4.63910095e-01
1317357917.023833990 7.78473967e+01 3.39928932e+02 -1.70867330e+01 -3.38315796e-02 -3.22058669e-03 8.82489731e-01 4.69102255e-01
1317357917.127921104 7.74265644e+01 3.40582746e+02 -1.71128070e+01 -3.33820793e-02 -3.98391704e-03 8.78066670e-01 4.77355935e-01
1317357917.232080936 7.70114406e+01 3.41207442e+02 -1.71363735e+01 -3.28357224e-02 -3.23415329e-03 8.73105931e-01 4.86412777e-01
1317357917.336281061 7.66528385e+01 3.41828352e+02 -1.71592772e+01 -3.23349887e-02 -1.59261308e-03 8.66939367e-01 4.97361082e-01
1317357917.440489054 7.63250400e+01 3.42454010e+02 -1.71724472e+01 -3.21234348e-02 4.93034712e-04 8.59410013e-01 5.10276662e-01
1317357917.544723034 7.60087257e+01 3.43047366e+02 -1.71926784e+01 -3.24662708e-02 2.76338674e-03 8.51377346e-01 5.23540753e-01
1317357917.649003029 7.57680563e+01 3.43660982e+02 -1.72217348e+01 -3.32833959e-02 5.67959072e-03 8.41889301e-01 5.38592947e-01
1317357917.753283978 7.55172931e+01 3.44262839e+02 -1.72471492e+01 -3.39569043e-02 9.09920201e-03 8.32139675e-01 5.53450716e-01
1317357917.857559919 7.53237023e+01 3.44846427e+02 -1.72690264e+01 -3.43272583e-02 1.14517364e-02 8.21454034e-01 5.69125441e-01
1317357917.961884975 7.51380138e+01 3.45416779e+02 -1.72889332e+01 -3.38189804e-02 1.32283137e-02 8.09668893e-01 5.85762385e-01
1317357918.066212893 7.50254433e+01 3.46013874e+02 -1.73232998e+01 -3.34128119e-02 1.42277263e-02 7.96052332e-01 6.04137269e-01
1317357918.170540094 7.49212535e+01 3.46583905e+02 -1.73516397e+01 -3.34387299e-02 1.49147764e-02 7.81275115e-01 6.23112025e-01
1317357918.274889946 7.48229621e+01 3.47166927e+02 -1.73830290e+01 -3.32681664e-02 1.57188072e-02 7.65644114e-01 6.42211210e-01
1317357918.379199028 7.47661058e+01 3.47742835e+02 -1.74251991e+01 -3.25544312e-02 1.68942158e-02 7.49308028e-01 6.61205167e-01
1317357918.483431101 7.47344278e+01 3.48326607e+02 -1.74445099e+01 -2.97656709e-02 1.83918092e-02 7.32872809e-01 6.79465372e-01
1317357918.587654114 7.47304608e+01 3.48904437e+02 -1.74766287e+01 -2.93004074e-02 1.75175078e-02 7.15614601e-01 6.97660638e-01
1317357918.691860914 7.47505546e+01 3.49491586e+02 -1.75042825e+01 -2.93619971e-02 1.76502609e-02 6.98109452e-01 7.15170982e-01
1317357918.796020985 7.48411332e+01 3.50092978e+02 -1.75391377e+01 -3.04492852e-02 1.88318996e-02 6.79546597e-01 7.32758230e-01
1317357918.900182962 7.49394965e+01 3.50676081e+02 -1.75869454e+01 -3.16415303e-02 2.08730786e-02 6.61828765e-01 7.48696076e-01
1317357919.004309893 7.50615401e+01 3.51255660e+02 -1.76067437e+01 -3.13686915e-02 2.35303012e-02 6.43663539e-01 7.64303329e-01
1317357919.108396053 7.52283916e+01 3.51813162e+02 -1.76294228e+01 -3.16715916e-02 2.35730697e-02 6.25075605e-01 7.79565076e-01
1317357919.212460041 7.53991376e+01 3.52388373e+02 -1.76541515e+01 -3.30890624e-02 2.27514296e-02 6.06747454e-01 7.93879723e-01
1317357919.316521883 7.56017637e+01 3.52946809e+02 -1.77139435e+01 -3.37492381e-02 2.23122836e-02 5.87529526e-01 8.08190700e-01
1317357919.420558929 7.58400615e+01 3.53525170e+02 -1.77624194e+01 -3.13839020e-02 2.32683967e-02 5.69255092e-01 8.21232167e-01
1317357919.524571896 7.61176650e+01 3.54087899e+02 -1.77961298e+01 -2.90390377e-02 2.39675269e-02 5.51305501e-01 8.33453380e-01
1317357919.628571033 7.63829553e+01 3.54652591e+02 -1.78314070e+01 -2.77444898e-02 2.35066505e-02 5.33483613e-01 8.45028351e-01
1317357919.732542038 7.66909269e+01 3.55228573e+02 -1.78763967e+01 -2.75479941e-02 2.16236233e-02 5.16640874e-01 8.55485672e-01
1317357919.836477995 7.70187188e+01 3.55802631e+02 -1.79168543e+01 -2.64094236e-02 2.07611678e-02 4.99853524e-01 8.65458243e-01
1317357919.940383911 7.73826292e+01 3.56365424e+02 -1.79516214e+01 -2.74060782e-02 2.03621481e-02 4.83433966e-01 8.74714748e-01
1317357920.044308901 7.77777631e+01 3.56945936e+02 -1.79785798e+01 -2.98960355e-02 1.97709785e-02 4.66611443e-01 8.83735875e-01
1317357920.148180008 7.81970446e+01 3.57518934e+02 -1.80198359e+01 -3.17430961e-02 1.87161672e-02 4.50636969e-01 8.91946413e-01
1317357920.251995087 7.86432490e+01 3.58071860e+02 -1.80487662e+01 -3.26413214e-02 1.66082042e-02 4.35067614e-01 8.99652646e-01
1317357920.355820894 7.91143507e+01 3.58639399e+02 -1.80820219e+01 -3.34800840e-02 1.44459776e-02 4.21228793e-01 9.06221111e-01
1317357920.459600925 7.96067935e+01 3.59226805e+02 -1.81128334e+01 -3.62654065e-02 1.15764802e-02 4.08517261e-01 9.11956388e-01
1317357920.563275099 8.01343090e+01 3.59809604e+02 -1.81496419e+01 -3.83678360e-02 9.90336393e-03 3.98473851e-01 9.16323318e-01
1317357920.666933060 8.06820018e+01 3.60407732e+02 -1.81827186e+01 -4.06172262e-02 9.04746803e-03 3.89375684e-01 9.20138555e-01
1317357920.770612955 8.12449424e+01 3.60993479e+02 -1.82105130e+01 -4.32896159e-02 8.45089050e-03 3.81473669e-01 9.23326828e-01
1317357920.874319077 8.18355768e+01 3.61590137e+02 -1.82508219e+01 -4.59947830e-02 7.06249604e-03 3.72817651e-01 9.26737072e-01
1317357920.978020906 8.24325239e+01 3.62172027e+02 -1.82848278e+01 -4.75670043e-02 6.53339342e-03 3.64552550e-01 9.29944156e-01
1317357921.081715107 8.30497422e+01 3.62753267e+02 -1.83291240e+01 -4.93743206e-02 6.05448957e-03 3.55928953e-01 9.33188137e-01
1317357921.185442924 8.37127138e+01 3.63334426e+02 -1.83749932e+01 -5.04208115e-02 6.22280617e-03 3.47977606e-01 9.36125314e-01
1317357921.289122105 8.43955689e+01 3.63917394e+02 -1.84121382e+01 -5.00537607e-02 6.24802138e-03 3.42423770e-01 9.38190570e-01
1317357921.392775059 8.51281816e+01 3.64498487e+02 -1.84497504e+01 -4.98973876e-02 5.83733187e-03 3.38201444e-01 9.39731855e-01
1317357921.496453047 8.58393136e+01 3.65099491e+02 -1.84817233e+01 -4.93262262e-02 5.66336871e-03 3.35167768e-01 9.40849306e-01
1317357921.600142002 8.65721397e+01 3.65694741e+02 -1.85160054e+01 -4.96964232e-02 4.94742897e-03 3.32251035e-01 9.41867845e-01
1317357921.703849077 8.72988373e+01 3.66301251e+02 -1.85507376e+01 -4.96713350e-02 4.57073369e-03 3.29432203e-01 9.42860695e-01
1317357921.807575941 8.80700209e+01 3.66908151e+02 -1.85885382e+01 -5.01355861e-02 4.75596749e-03 3.26418832e-01 9.43882699e-01
1317357921.911298037 8.88399428e+01 3.67521005e+02 -1.86234885e+01 -4.93944713e-02 5.79372439e-03 3.24578634e-01 9.44550332e-01
1317357922.015014887 8.96507721e+01 3.68135698e+02 -1.86528805e+01 -4.89756702e-02 7.15827781e-03 3.23309248e-01 9.44998028e-01
1317357922.118742943 9.04621632e+01 3.68755058e+02 -1.86942189e+01 -4.91099739e-02 8.50132600e-03 3.22456949e-01 9.45271101e-01
1317357922.222523928 9.12643989e+01 3.69377997e+02 -1.87346827e+01 -4.86946153e-02 9.90362567e-03 3.21630180e-01 9.45560564e-01
1317357922.326325893 9.20939692e+01 3.70011115e+02 -1.87694707e+01 -4.84520431e-02 1.03762057e-02 3.20379044e-01 9.45992601e-01
1317357922.430128098 9.28911474e+01 3.70635597e+02 -1.88060687e+01 -4.85468890e-02 1.00490144e-02 3.19850341e-01 9.46170163e-01
1317357922.533946037 9.37159460e+01 3.71263291e+02 -1.88420121e+01 -4.82084937e-02 1.04320665e-02 3.19058759e-01 9.46450538e-01
1317357922.637768030 9.45216931e+01 3.71887826e+02 -1.88751040e+01 -4.78212914e-02 1.02765909e-02 3.18585219e-01 9.46631382e-01
1317357922.741590023 9.53239815e+01 3.72495943e+02 -1.89066035e+01 -4.78217367e-02 1.02598562e-02 3.17422799e-01 9.47021955e-01
1317357922.845412016 9.61372841e+01 3.73119057e+02 -1.89402760e+01 -4.77632033e-02 1.02474049e-02 3.16050305e-01 9.47483969e-01
1317357922.949234962 9.69544606e+01 3.73697872e+02 -1.89823282e+01 -4.76797647e-02 1.09858455e-02 3.15040818e-01 9.47816034e-01
1317357923.053059101 9.77604813e+01 3.74312016e+02 -1.90181958e+01 -4.74306434e-02 1.17505193e-02 3.14127229e-01 9.48122536e-01
1317357923.156883001 9.85756540e+01 3.74900895e+02 -1.90605945e+01 -4.62806654e-02 1.27576278e-02 3.12593390e-01 9.48673134e-01
1317357923.260704994 9.94035796e+01 3.75504377e+02 -1.90933695e+01 -4.60503778e-02 1.28374885e-02 3.11611619e-01 9.49006196e-01
1317357923.364506006 1.00223838e+02 3.76112916e+02 -1.91309458e+01 -4.58061470e-02 1.23901538e-02 3.11154365e-01 9.49173979e-01
1317357923.468303919 1.01058804e+02 3.76718593e+02 -1.91647129e+01 -4.60961360e-02 1.23343155e-02 3.10289747e-01 9.49443671e-01
1317357923.572129965 1.01868584e+02 3.77329673e+02 -1.92021956e+01 -4.69444095e-02 1.25222303e-02 3.09788648e-01 9.49563273e-01
1317357923.675930023 1.02655442e+02 3.77911271e+02 -1.92362631e+01 -4.72942617e-02 1.31136680e-02 3.08628456e-01 9.49915660e-01
1317357923.779727936 1.03454335e+02 3.78506021e+02 -1.92730475e+01 -4.68321919e-02 1.34859426e-02 3.07659942e-01 9.50247460e-01
1317357923.883527040 1.04262850e+02 3.79111078e+02 -1.93066570e+01 -4.69196790e-02 1.33985782e-02 3.07222811e-01 9.50385799e-01
1317357923.987302065 1.05066471e+02 3.79672624e+02 -1.93497812e+01 -4.68008679e-02 1.37596318e-02 3.06014675e-01 9.50776193e-01
1317357924.091075897 1.05857587e+02 3.80223509e+02 -1.93816679e+01 -4.68111100e-02 1.39236943e-02 3.05248625e-01 9.51019520e-01
1317357924.194849968 1.06594926e+02 3.80731257e+02 -1.94152572e+01 -4.66953630e-02 1.41564409e-02 3.04100025e-01 9.51389675e-01
1317357924.298649073 1.07358447e+02 3.81279193e+02 -1.94439976e+01 -4.72420524e-02 1.36442783e-02 3.03477768e-01 9.51568845e-01
1317357924.402472019 1.08095990e+02 3.81800181e+02 -1.94757944e+01 -4.74443196e-02 1.30511635e-02 3.02748996e-01 9.51799217e-01
1317357924.506295919 1.08834693e+02 3.82324432e+02 -1.95072076e+01 -4.72344943e-02 1.24603921e-02 3.01775614e-01 9.52126630e-01
1317357924.610117912 1.09577347e+02 3.82857353e+02 -1.95350571e+01 -4.79608781e-02 1.21176991e-02 3.00995261e-01 9.52341729e-01
1317357924.713964939 1.10299966e+02 3.83370149e+02 -1.95763707e+01 -4.82946336e-02 1.21904403e-02 2.99332636e-01 9.52847834e-01
1317357924.817812920 1.11013692e+02 3.83872422e+02 -1.96162435e+01 -4.83921330e-02 1.25652992e-02 2.97628048e-01 9.53371837e-01
1317357924.921658039 1.11731788e+02 3.84383134e+02 -1.96455125e+01 -4.89519637e-02 1.23738877e-02 2.95564142e-01 9.53987647e-01
1317357925.025552034 1.12434154e+02 3.84851812e+02 -1.96761665e+01 -4.91701997e-02 1.22041023e-02 2.92275036e-01 9.54991442e-01
1317357925.129471064 1.13123649e+02 3.85330936e+02 -1.97026588e+01 -4.96391520e-02 1.23165184e-02 2.88481443e-01 9.56118567e-01
1317357925.233412981 1.13802550e+02 3.85795327e+02 -1.97283975e+01 -5.06066621e-02 1.22669387e-02 2.84178716e-01 9.57356227e-01
1317357925.337378979 1.14475554e+02 3.86216070e+02 -1.97572551e+01 -5.09222350e-02 1.24467539e-02 2.78914239e-01 9.58884170e-01
1317357925.441370964 1.15144627e+02 3.86632779e+02 -1.97787648e+01 -5.10618740e-02 1.22369681e-02 2.72728123e-01 9.60657229e-01
1317357925.545409918 1.15817921e+02 3.87051834e+02 -1.98045984e+01 -5.11055240e-02 1.16700994e-02 2.65343946e-01 9.62727700e-01
1317357925.649471998 1.16499976e+02 3.87416031e+02 -1.98301584e+01 -5.11816189e-02 1.17079500e-02 2.56165006e-01 9.65206121e-01
1317357925.753536940 1.17179437e+02 3.87786228e+02 -1.98564894e+01 -5.13555906e-02 1.25225872e-02 2.46162897e-01 9.67785935e-01
1317357925.857623100 1.17848526e+02 3.88140169e+02 -1.98876714e+01 -5.00013266e-02 1.41389923e-02 2.35375022e-01 9.70514583e-01
1317357925.961733103 1.18521283e+02 3.88422203e+02 -1.99076814e+01 -4.76571617e-02 1.48886922e-02 2.23588852e-01 9.73403897e-01
1317357926.065865040 1.19177118e+02 3.88719936e+02 -1.99273143e+01 -4.47155125e-02 1.49220825e-02 2.10848549e-01 9.76381454e-01
1317357926.170001984 1.19849616e+02 3.89000682e+02 -1.99502928e+01 -4.10892790e-02 1.39421708e-02 1.97186450e-01 9.79405325e-01
1317357926.274138927 1.20510989e+02 3.89215201e+02 -1.99681647e+01 -3.67570392e-02 1.33604828e-02 1.82655603e-01 9.82398772e-01
1317357926.378297091 1.21183895e+02 3.89380627e+02 -1.99849855e+01 -3.08320219e-02 1.46391176e-02 1.65657050e-01 9.85592626e-01
1317357926.482455969 1.21847862e+02 3.89580045e+02 -1.99951976e+01 -2.77474499e-02 1.49649690e-02 1.48857604e-01 9.88355980e-01
1317357926.586615086 1.22505736e+02 3.89724269e+02 -2.00112645e+01 -2.44263366e-02 1.58088483e-02 1.30852931e-01 9.90974745e-01
1317357926.690773010 1.23145068e+02 3.89862891e+02 -2.00188811e+01 -2.29717189e-02 1.56767604e-02 1.13056655e-01 9.93199241e-01
1317357926.794929981 1.23771829e+02 3.89965498e+02 -2.00236071e+01 -2.28379485e-02 1.54550077e-02 9.39458393e-02 9.95195333e-01
1317357926.899090052 1.24385092e+02 3.90022204e+02 -2.00330947e+01 -2.27522492e-02 1.54110634e-02 7.33179915e-02 9.96929941e-01
1317357927.003249884 1.25011560e+02 3.90092988e+02 -2.00368098e+01 -2.41305853e-02 1.38705222e-02 5.25649531e-02 9.98229557e-01
1317357927.107431889 1.25620072e+02 3.90113497e+02 -2.00355779e+01 -2.38916476e-02 1.12205600e-02 2.92987932e-02 9.99222132e-01
1317357927.211663008 1.26242781e+02 3.90108596e+02 -2.00321532e+01 -2.38268885e-02 9.54979083e-03 4.52326887e-03 9.99660253e-01
1317357927.315917015 1.26855294e+02 3.90077377e+02 -2.00458244e+01 -2.33933347e-02 8.60464086e-03 -2.14238955e-02 9.99459718e-01
1317357927.420147896 1.27461302e+02 3.90002789e+02 -2.00538387e+01 -2.30411214e-02 6.77935636e-03 -4.76316213e-02 9.98576174e-01
1317357927.524332047 1.28066646e+02 3.89907798e+02 -2.00486686e+01 -2.32030085e-02 6.19747825e-03 -7.34827215e-02 9.97007272e-01
1317357927.628490925 1.28653805e+02 3.89777764e+02 -2.00328206e+01 -2.34735247e-02 5.53055405e-03 -9.93290986e-02 9.94762352e-01
1317357927.732626915 1.29233245e+02 3.89610177e+02 -2.00277451e+01 -2.36039251e-02 4.55586767e-03 -1.24730247e-01 9.91899422e-01
1317357927.836690903 1.29807850e+02 3.89425812e+02 -2.00147801e+01 -2.40362653e-02 3.33883375e-03 -1.49944257e-01 9.88396595e-01
1317357927.940754890 1.30363150e+02 3.89212631e+02 -2.00042102e+01 -2.55225631e-02 2.26033998e-03 -1.74792633e-01 9.84271825e-01
1317357928.044807911 1.30914904e+02 3.88973035e+02 -1.99878419e+01 -2.62438870e-02 4.65304406e-04 -1.98500570e-01 9.79749236e-01
1317357928.148776054 1.31468553e+02 3.88706397e+02 -1.99780950e+01 -2.70022537e-02 -9.16057021e-04 -2.20648123e-01 9.74979202e-01
1317357928.252701044 1.32007947e+02 3.88426392e+02 -1.99564845e+01 -2.86736648e-02 -1.38697461e-03 -2.41235359e-01 9.70041957e-01
1317357928.356591940 1.32551695e+02 3.88105297e+02 -1.99296513e+01 -3.03053762e-02 -4.88361260e-04 -2.60677225e-01 9.64950118e-01
1317357928.460442066 1.33103619e+02 3.87770032e+02 -1.99176617e+01 -3.17750863e-02 1.74949026e-03 -2.78882628e-01 9.59797772e-01
1317357928.564266920 1.33625134e+02 3.87385929e+02 -1.98927371e+01 -3.14791764e-02 1.87955796e-03 -2.96249664e-01 9.54589789e-01
1317357928.668061972 1.34143916e+02 3.86999027e+02 -1.98681380e+01 -3.10784062e-02 1.54627332e-03 -3.12215817e-01 9.49501462e-01
1317357928.771835089 1.34673177e+02 3.86597568e+02 -1.98413986e+01 -3.11499251e-02 8.87443757e-04 -3.27724794e-01 9.44259156e-01
1317357928.875586033 1.35204016e+02 3.86171781e+02 -1.98370806e+01 -3.41175476e-02 9.19758203e-04 -3.43262893e-01 9.38619057e-01
1317357928.979337931 1.35720261e+02 3.85724135e+02 -1.98155108e+01 -3.54773974e-02 1.16622287e-03 -3.57528774e-01 9.33227287e-01
1317357929.083065987 1.36230394e+02 3.85232741e+02 -1.97934501e+01 -3.43741767e-02 1.61900686e-03 -3.70357789e-01 9.28251530e-01
1317357929.186768055 1.36736103e+02 3.84706732e+02 -1.97668982e+01 -3.34619354e-02 1.68828691e-03 -3.81902290e-01 9.23595198e-01
1317357929.290468931 1.37247104e+02 3.84179006e+02 -1.97499516e+01 -3.31595827e-02 1.13013840e-03 -3.91634373e-01 9.19522530e-01
1317357929.394124985 1.37767277e+02 3.83633700e+02 -1.97233695e+01 -3.19192709e-02 -7.67755813e-06 -3.99469722e-01 9.16190538e-01
1317357929.497755051 1.38275449e+02 3.83091634e+02 -1.96991548e+01 -3.16200395e-02 -6.40305436e-04 -4.05931499e-01 9.13356109e-01
1317357929.601408005 1.38784871e+02 3.82545980e+02 -1.96798443e+01 -3.12455207e-02 -3.86027471e-04 -4.11677051e-01 9.10793925e-01
1317357929.705064058 1.39265993e+02 3.81995323e+02 -1.96514124e+01 -3.22056534e-02 1.23533505e-03 -4.17579680e-01 9.08068544e-01
1317357929.808721066 1.39767878e+02 3.81415117e+02 -1.96258229e+01 -3.15746065e-02 1.62665616e-03 -4.21870367e-01 9.06104735e-01
1317357929.912424088 1.40241082e+02 3.80791009e+02 -1.95984273e+01 -3.04533003e-02 1.97366279e-03 -4.26897451e-01 9.03784967e-01
1317357930.016149998 1.40751723e+02 3.80181394e+02 -1.95675639e+01 -3.00315125e-02 1.53795284e-03 -4.31266743e-01 9.01723206e-01
1317357930.119853020 1.41257043e+02 3.79556095e+02 -1.95430152e+01 -3.01582653e-02 1.24509886e-03 -4.35089493e-01 8.99881138e-01
1317357930.223556042 1.41751412e+02 3.78909654e+02 -1.95162120e+01 -3.07323771e-02 1.78253660e-03 -4.39314513e-01 8.97805715e-01
1317357930.327281952 1.42262924e+02 3.78237457e+02 -1.94884313e+01 -3.00924998e-02 1.12572948e-03 -4.43115377e-01 8.95958669e-01
1317357930.431009054 1.42769376e+02 3.77556907e+02 -1.94585791e+01 -3.02359153e-02 9.58864779e-04 -4.46937998e-01 8.94053296e-01
1317357930.534737110 1.43285467e+02 3.76878591e+02 -1.94339941e+01 -3.01329685e-02 1.07545624e-03 -4.49900375e-01 8.92569605e-01
1317357930.638438940 1.43802853e+02 3.76185651e+02 -1.94017323e+01 -3.00679127e-02 1.13219217e-03 -4.52748129e-01 8.91130613e-01
1317357930.742141008 1.44314024e+02 3.75480662e+02 -1.93654740e+01 -2.97426962e-02 1.21676029e-03 -4.55446877e-01 8.89765156e-01
1317357930.845866919 1.44826252e+02 3.74768471e+02 -1.93306528e+01 -3.02617229e-02 1.88367201e-03 -4.58543807e-01 8.88154410e-01
1317357930.949594975 1.45326383e+02 3.74044435e+02 -1.92980246e+01 -2.93552150e-02 1.47257471e-03 -4.61871161e-01 8.86459888e-01
1317357931.053297997 1.45836093e+02 3.73323578e+02 -1.92621942e+01 -2.91160623e-02 1.06162540e-03 -4.64255170e-01 8.85222156e-01
1317357931.157000065 1.46329627e+02 3.72591390e+02 -1.92299612e+01 -2.73332885e-02 -3.42520385e-04 -4.66295361e-01 8.84206656e-01
1317357931.260699987 1.46820637e+02 3.71836370e+02 -1.91964967e+01 -2.68211272e-02 -8.43074890e-04 -4.67910142e-01 8.83368561e-01
1317357931.364403963 1.47330215e+02 3.71082492e+02 -1.91630510e+01 -2.66775458e-02 -1.04460768e-03 -4.68252271e-01 8.83191388e-01
1317357931.468132019 1.47831548e+02 3.70335318e+02 -1.91307472e+01 -2.45655298e-02 -2.89259492e-03 -4.69283987e-01 8.82700803e-01
1317357931.571835995 1.48345475e+02 3.69583448e+02 -1.90905471e+01 -2.47945147e-02 -4.92304956e-03 -4.69732789e-01 8.82446657e-01
1317357931.675539017 1.48854225e+02 3.68830784e+02 -1.90531859e+01 -2.43236539e-02 -6.91717372e-03 -4.70283714e-01 8.82152901e-01
1317357931.779241085 1.49371686e+02 3.68058221e+02 -1.90125871e+01 -2.42705947e-02 -7.02535509e-03 -4.69507270e-01 8.82566998e-01
1317357931.882942915 1.49879542e+02 3.67279806e+02 -1.89712373e+01 -2.23582368e-02 -7.36001959e-03 -4.68760608e-01 8.83011570e-01
1317357931.986673117 1.50398882e+02 3.66522610e+02 -1.89244749e+01 -2.10215837e-02 -7.95478452e-03 -4.68398488e-01 8.83231380e-01
1317357932.090399027 1.50897842e+02 3.65795722e+02 -1.88854493e+01 -2.06008256e-02 -8.41445001e-03 -4.67730934e-01 8.83590729e-01
1317357932.194098949 1.51412369e+02 3.65030580e+02 -1.88428066e+01 -2.03833061e-02 -8.54365140e-03 -4.66123820e-01 8.84443390e-01
1317357932.297801971 1.51925567e+02 3.64265290e+02 -1.87969012e+01 -1.89267995e-02 -9.24100509e-03 -4.64494323e-01 8.85325592e-01
1317357932.401505947 1.52451038e+02 3.63505897e+02 -1.87549131e+01 -1.84697773e-02 -9.01493556e-03 -4.62205090e-01 8.86534857e-01
1317357932.505207062 1.52976805e+02 3.62759123e+02 -1.87119502e+01 -1.86463447e-02 -8.36913276e-03 -4.59412600e-01 8.87987801e-01
1317357932.608957052 1.53504979e+02 3.62017359e+02 -1.86651882e+01 -1.81927965e-02 -8.63262894e-03 -4.56541603e-01 8.89474150e-01
1317357932.712735891 1.54037258e+02 3.61327752e+02 -1.86150217e+01 -1.78906642e-02 -8.88173756e-03 -4.53855824e-01 8.90851239e-01
1317357932.816510916 1.54579774e+02 3.60605975e+02 -1.85733370e+01 -1.81966723e-02 -8.29402435e-03 -4.51409877e-01 8.92092604e-01
1317357932.920283079 1.55126130e+02 3.59886117e+02 -1.85288281e+01 -1.85263211e-02 -8.08661178e-03 -4.48427376e-01 8.93590662e-01
1317357933.024058104 1.55663788e+02 3.59190880e+02 -1.84843109e+01 -1.84322714e-02 -8.63253125e-03 -4.46356955e-01 8.94623496e-01
1317357933.127856016 1.56208022e+02 3.58503653e+02 -1.84490610e+01 -1.84767174e-02 -8.82654152e-03 -4.44911817e-01 8.95340258e-01
1317357933.231678963 1.56739297e+02 3.57816504e+02 -1.84040340e+01 -1.95207614e-02 -8.34519156e-03 -4.44143955e-01 8.95703882e-01
1317357933.335478067 1.57287532e+02 3.57109947e+02 -1.83578648e+01 -1.95615445e-02 -8.32616357e-03 -4.43226284e-01 8.96157621e-01
1317357933.439276934 1.57824978e+02 3.56406582e+02 -1.83148633e+01 -2.03562065e-02 -8.21812080e-03 -4.42410523e-01 8.96543929e-01
1317357933.543100119 1.58367643e+02 3.55691124e+02 -1.82770716e+01 -2.09427949e-02 -8.02666531e-03 -4.42104092e-01 8.96683302e-01
1317357933.646922112 1.58919544e+02 3.54985957e+02 -1.82321938e+01 -2.13530144e-02 -7.76600040e-03 -4.41821731e-01 8.96815085e-01
1317357933.750745058 1.59456543e+02 3.54297254e+02 -1.81926218e+01 -2.16447152e-02 -7.38022970e-03 -4.41953238e-01 8.96746549e-01
1317357933.854569912 1.60003789e+02 3.53611089e+02 -1.81500141e+01 -2.24661785e-02 -6.75387321e-03 -4.41784122e-01 8.96814611e-01
1317357933.958417892 1.60537635e+02 3.52918085e+02 -1.81142657e+01 -2.39864523e-02 -5.95314944e-03 -4.42123819e-01 8.96613483e-01
1317357934.062288046 1.61092293e+02 3.52213839e+02 -1.80713265e+01 -2.44303018e-02 -5.84922086e-03 -4.43155862e-01 8.96092534e-01
1317357934.166157961 1.61633390e+02 3.51515273e+02 -1.80272299e+01 -2.48926673e-02 -6.16191097e-03 -4.44634724e-01 8.95344821e-01
1317357934.270028114 1.62152252e+02 3.50831909e+02 -1.79903624e+01 -2.45743760e-02 -6.00090305e-03 -4.46290989e-01 8.94530291e-01
1317357934.373872995 1.62699515e+02 3.50120873e+02 -1.79479727e+01 -2.44944627e-02 -6.04987520e-03 -4.48041823e-01 8.93656503e-01
1317357934.477720022 1.63224964e+02 3.49415764e+02 -1.79157571e+01 -2.43133865e-02 -5.95771071e-03 -4.49664973e-01 8.92846447e-01
1317357934.581592083 1.63741773e+02 3.48707482e+02 -1.78670515e+01 -2.53603546e-02 -5.62930843e-03 -4.51059215e-01 8.92115882e-01
1317357934.685440063 1.64257001e+02 3.48019676e+02 -1.78249665e+01 -2.52856129e-02 -5.24854861e-03 -4.52058443e-01 8.91614409e-01
1317357934.789263964 1.64795121e+02 3.47299443e+02 -1.77801570e+01 -2.60243402e-02 -4.50345672e-03 -4.52908852e-01 8.91165543e-01
1317357934.893085003 1.65318238e+02 3.46596087e+02 -1.77328858e+01 -2.59417680e-02 -4.17215773e-03 -4.53383502e-01 8.90928178e-01
1317357934.996906996 1.65835887e+02 3.45888872e+02 -1.76986405e+01 -2.61086869e-02 -4.28097063e-03 -4.53404588e-01 8.90912055e-01
1317357935.100707054 1.66360076e+02 3.45171624e+02 -1.76548756e+01 -2.66250472e-02 -4.28169419e-03 -4.53050485e-01 8.91076895e-01
1317357935.204482079 1.66880508e+02 3.44455515e+02 -1.76146820e+01 -2.55545552e-02 -5.04317145e-03 -4.52418410e-01 8.91425327e-01
1317357935.308254957 1.67400829e+02 3.43749452e+02 -1.75765236e+01 -2.50027524e-02 -5.85786233e-03 -4.51549700e-01 8.91876346e-01
1317357935.412005901 1.67932377e+02 3.43035004e+02 -1.75323148e+01 -2.51552572e-02 -5.97815709e-03 -4.50007368e-01 8.92650460e-01
1317357935.515758991 1.68464148e+02 3.42325596e+02 -1.74876782e+01 -2.48365825e-02 -6.04124051e-03 -4.48279957e-01 8.93527687e-01
1317357935.619509935 1.68989048e+02 3.41640878e+02 -1.74476019e+01 -2.32965464e-02 -5.96756395e-03 -4.46865160e-01 8.94278026e-01
1317357935.723258972 1.69516086e+02 3.40963768e+02 -1.74114833e+01 -2.26510873e-02 -5.61820191e-03 -4.45356231e-01 8.95049268e-01
1317357935.827033043 1.70058852e+02 3.40267942e+02 -1.73702436e+01 -2.27694834e-02 -4.81390036e-03 -4.44004048e-01 8.95722492e-01
1317357935.930809021 1.70582464e+02 3.39585298e+02 -1.73334759e+01 -2.31622152e-02 -3.13288292e-03 -4.42956481e-01 8.96238391e-01
1317357936.034581900 1.71115024e+02 3.38892817e+02 -1.72956543e+01 -2.20891897e-02 -2.22177733e-03 -4.41939071e-01 8.96770310e-01
1317357936.138356924 1.71658646e+02 3.38202963e+02 -1.72580360e+01 -2.20652543e-02 -1.76164371e-03 -4.40608876e-01 8.97426231e-01
1317357936.242157936 1.72188870e+02 3.37533193e+02 -1.72354297e+01 -2.23998451e-02 -1.60900595e-03 -4.39573532e-01 8.97925814e-01
1317357936.345978975 1.72721462e+02 3.36856627e+02 -1.72028217e+01 -2.24967066e-02 -2.25483546e-03 -4.39423164e-01 8.97995600e-01
1317357936.449826002 1.73279654e+02 3.36162112e+02 -1.71662533e+01 -2.33147431e-02 -2.47806190e-03 -4.39123393e-01 8.98120776e-01
1317357936.553672075 1.73819893e+02 3.35472092e+02 -1.71300354e+01 -2.38463100e-02 -2.56226080e-03 -4.39739404e-01 8.97805126e-01
1317357936.657471895 1.74341359e+02 3.34781616e+02 -1.71008302e+01 -2.35845943e-02 -3.07116941e-03 -4.39841534e-01 8.97760413e-01
1317357936.761271000 1.74825815e+02 3.34122763e+02 -1.70682905e+01 -2.34305991e-02 -2.57279542e-03 -4.40271535e-01 8.97555215e-01
1317357936.865093946 1.75367178e+02 3.33445013e+02 -1.70305684e+01 -2.38680100e-02 -2.10339768e-03 -4.39738260e-01 8.97806302e-01
1317357936.968893051 1.75895385e+02 3.32790300e+02 -1.69830889e+01 -2.38422579e-02 -1.71852076e-03 -4.39447540e-01 8.97950139e-01
1317357937.072691917 1.76423179e+02 3.32137200e+02 -1.69463023e+01 -2.42322060e-02 -1.87357647e-03 -4.39072862e-01 8.98122660e-01
1317357937.176537037 1.76966482e+02 3.31465884e+02 -1.69062413e+01 -2.49541772e-02 -1.83817968e-03 -4.38658741e-01 8.98305304e-01
1317357937.280383110 1.77476038e+02 3.30804507e+02 -1.68784421e+01 -2.53811019e-02 -1.84777524e-03 -4.39193234e-01 8.98032120e-01
1317357937.384229898 1.77996693e+02 3.30133532e+02 -1.68326385e+01 -2.65847541e-02 -1.31589569e-03 -4.39135991e-01 8.98026225e-01
1317357937.488076925 1.78488917e+02 3.29476014e+02 -1.67984953e+01 -2.64993892e-02 -1.19591387e-03 -4.38607488e-01 8.98287161e-01
1317357937.591923952 1.79021095e+02 3.28807991e+02 -1.67693834e+01 -2.62372856e-02 -1.53589327e-03 -4.37085997e-01 8.99035637e-01
1317357937.695795059 1.79542571e+02 3.28151957e+02 -1.67417685e+01 -2.52014706e-02 -2.25721086e-03 -4.35751610e-01 8.99711246e-01
1317357937.799665928 1.80088302e+02 3.27477078e+02 -1.66937448e+01 -2.72509121e-02 -1.50961193e-03 -4.34627967e-01 9.00196445e-01
1317357937.903537035 1.80613879e+02 3.26820062e+02 -1.66602638e+01 -2.78933669e-02 -1.70364758e-03 -4.33387543e-01 9.00774276e-01
1317357938.007409096 1.81152979e+02 3.26151449e+02 -1.66346592e+01 -2.69245788e-02 -2.53160269e-03 -4.32312183e-01 9.01318387e-01
1317357938.111279011 1.81705477e+02 3.25473601e+02 -1.66015061e+01 -2.64455525e-02 -2.91144147e-03 -4.31661253e-01 9.01643343e-01
1317357938.215173006 1.82242177e+02 3.24811647e+02 -1.65731673e+01 -2.69515648e-02 -2.69916697e-03 -4.31322894e-01 9.01790934e-01
1317357938.319068909 1.82799263e+02 3.24129192e+02 -1.65323035e+01 -2.72577352e-02 -2.62442096e-03 -4.30022382e-01 9.02402837e-01
1317357938.422962904 1.83356722e+02 3.23463429e+02 -1.64980624e+01 -2.79919425e-02 -3.73179444e-03 -4.29828095e-01 9.02469021e-01
1317357938.526881933 1.83924757e+02 3.22774952e+02 -1.64578298e+01 -2.93232966e-02 -4.60464181e-03 -4.29209960e-01 9.02716872e-01
1317357938.630822897 1.84491294e+02 3.22112945e+02 -1.64291860e+01 -3.00856943e-02 -4.67520327e-03 -4.29252611e-01 9.02671141e-01
1317357938.734765053 1.85067329e+02 3.21422296e+02 -1.63883358e+01 -3.10898455e-02 -3.70780360e-03 -4.29486460e-01 9.02530362e-01
1317357938.838710070 1.85648847e+02 3.20723703e+02 -1.63460104e+01 -3.15727726e-02 -2.54585702e-03 -4.30362893e-01 9.02100027e-01
1317357938.942676067 1.86226382e+02 3.20017092e+02 -1.63175783e+01 -3.19692760e-02 -2.43523372e-03 -4.31871800e-01 9.01364956e-01
1317357939.046617985 1.86802368e+02 3.19312788e+02 -1.62775824e+01 -3.35643601e-02 -2.34186950e-03 -4.33238902e-01 9.00650878e-01
1317357939.150585890 1.87380268e+02 3.18594584e+02 -1.62352620e+01 -3.40110455e-02 -3.05452536e-03 -4.34567557e-01 8.99991643e-01
1317357939.254580021 1.87950274e+02 3.17874150e+02 -1.61919232e+01 -3.45447186e-02 -3.24307287e-03 -4.37285797e-01 8.98653034e-01
1317357939.358568907 1.88530811e+02 3.17148712e+02 -1.61500875e+01 -3.42536035e-02 -2.92117399e-03 -4.40379697e-01 8.97153209e-01
1317357939.462579966 1.89108333e+02 3.16410546e+02 -1.61047545e+01 -3.44753187e-02 -2.50568206e-03 -4.43279248e-01 8.95716854e-01
1317357939.566570997 1.89695927e+02 3.15648664e+02 -1.60590802e+01 -3.52806426e-02 -2.13631654e-03 -4.46944304e-01 8.93863246e-01
1317357939.670538902 1.90276992e+02 3.14874595e+02 -1.60120396e+01 -3.46514168e-02 -2.37099588e-03 -4.50273517e-01 8.92214894e-01
1317357939.774482012 1.90846052e+02 3.14106970e+02 -1.59600782e+01 -3.45056607e-02 -2.43369746e-03 -4.52806361e-01 8.90937616e-01
1317357939.878398895 1.91425417e+02 3.13321317e+02 -1.59177342e+01 -3.38293238e-02 -2.10019742e-03 -4.55344672e-01 8.89669824e-01
1317357939.982299089 1.92005142e+02 3.12528001e+02 -1.58731720e+01 -3.36908089e-02 -1.48876689e-03 -4.56549442e-01 8.89058670e-01
1317357940.086170912 1.92575427e+02 3.11753882e+02 -1.58213781e+01 -3.36025352e-02 -7.30064988e-04 -4.57364866e-01 8.88643751e-01
1317357940.190040112 1.93134937e+02 3.10976871e+02 -1.57767231e+01 -3.22499772e-02 -1.17640920e-03 -4.58080179e-01 8.88324887e-01
1317357940.293910980 1.93672453e+02 3.10204500e+02 -1.57445654e+01 -3.06531366e-02 -2.03527496e-03 -4.58655721e-01 8.88082863e-01
1317357940.397753954 1.94226107e+02 3.09426629e+02 -1.56973920e+01 -3.12209187e-02 -1.84938678e-03 -4.59372462e-01 8.87692951e-01
1317357940.501604080 1.94778528e+02 3.08647484e+02 -1.56502537e+01 -3.11032519e-02 -1.78717381e-03 -4.59908185e-01 8.87419774e-01
1317357940.605477095 1.95324862e+02 3.07867449e+02 -1.56079776e+01 -3.04216854e-02 -1.74320492e-03 -4.60788042e-01 8.86986957e-01
1317357940.709343910 1.95865833e+02 3.07103473e+02 -1.55673387e+01 -3.03641100e-02 -1.62045070e-03 -4.61564858e-01 8.86585177e-01
1317357940.813213110 1.96399049e+02 3.06363829e+02 -1.55310049e+01 -3.04838457e-02 -1.86534462e-03 -4.62378508e-01 8.86156516e-01
1317357940.917083979 1.96918371e+02 3.05614008e+02 -1.54799020e+01 -3.02248079e-02 -1.95224792e-03 -4.63849008e-01 8.85396379e-01
1317357941.020977974 1.97444942e+02 3.04865876e+02 -1.54275415e+01 -2.97839431e-02 -1.98938577e-03 -4.65690549e-01 8.84444047e-01
1317357941.124874115 1.97961140e+02 3.04106645e+02 -1.53786896e+01 -2.93189177e-02 -2.39993841e-03 -4.67355269e-01 8.83580044e-01
1317357941.228744984 1.98475971e+02 3.03342843e+02 -1.53393841e+01 -2.82825609e-02 -3.45569741e-03 -4.68982433e-01 8.82747774e-01
1317357941.332638025 1.98991124e+02 3.02604933e+02 -1.52788302e+01 -2.61247570e-02 -5.89602674e-03 -4.70460106e-01 8.82014752e-01
1317357941.436533928 1.99506241e+02 3.01836086e+02 -1.52183482e+01 -2.39728814e-02 -7.37419455e-03 -4.71878236e-01 8.81306900e-01
1317357941.540380001 2.00034801e+02 3.01045662e+02 -1.51578850e+01 -2.15525650e-02 -7.36338905e-03 -4.72774661e-01 8.80888976e-01
1317357941.644226074 2.00545760e+02 3.00280558e+02 -1.51116852e+01 -1.92020246e-02 -6.39024616e-03 -4.72848617e-01 8.80911251e-01
1317357941.748073101 2.01039053e+02 2.99555019e+02 -1.50962582e+01 -2.22836913e-02 -4.18089505e-03 -4.72180263e-01 8.81210393e-01
1317357941.851870060 2.01546121e+02 2.98790007e+02 -1.50448306e+01 -2.20242232e-02 -5.07121952e-03 -4.71379023e-01 8.81641102e-01
1317357941.955646992 2.02009394e+02 2.98113405e+02 -1.50317139e+01 -2.34467752e-02 -5.75463032e-03 -4.69716774e-01 8.82486989e-01
1317357942.059421062 2.02501179e+02 2.97381077e+02 -1.49907860e+01 -2.28702404e-02 -6.20830327e-03 -4.68018793e-01 8.83400712e-01
1317357942.163175106 2.03020434e+02 2.96621514e+02 -1.49440590e+01 -2.25620283e-02 -6.31648611e-03 -4.65615286e-01 8.84677038e-01
1317357942.266926050 2.03522886e+02 2.95929893e+02 -1.49125245e+01 -2.20490582e-02 -6.75425191e-03 -4.62062374e-01 8.86547563e-01
1317357942.370721102 2.04041180e+02 2.95218641e+02 -1.48671764e+01 -2.11854328e-02 -6.52453217e-03 -4.58515369e-01 8.88409964e-01
1317357942.474541903 2.04577140e+02 2.94481499e+02 -1.48248970e+01 -1.99457449e-02 -5.50362738e-03 -4.55452549e-01 8.90019580e-01
1317357942.578366041 2.05081931e+02 2.93809368e+02 -1.48076795e+01 -1.90440230e-02 -4.60358497e-03 -4.51289533e-01 8.92162479e-01
1317357942.682166100 2.05582266e+02 2.93145139e+02 -1.47783554e+01 -1.98277863e-02 -4.12361977e-03 -4.47282865e-01 8.94163236e-01
1317357942.785965919 2.06134003e+02 2.92431968e+02 -1.47392997e+01 -1.93372394e-02 -5.12612467e-03 -4.43795176e-01 8.95904926e-01
1317357942.889765024 2.06681976e+02 2.91719842e+02 -1.46963213e+01 -1.87731983e-02 -5.23361310e-03 -4.40177077e-01 8.97699458e-01
1317357942.993540049 2.07245575e+02 2.91009194e+02 -1.46602721e+01 -1.85805145e-02 -4.87058490e-03 -4.36605749e-01 8.99447865e-01
1317357943.097340107 2.07811360e+02 2.90309701e+02 -1.46210499e+01 -1.79108328e-02 -4.99552929e-03 -4.32977660e-01 9.01212845e-01
1317357943.201138020 2.08401446e+02 2.89631444e+02 -1.45820839e+01 -1.95572759e-02 -3.98346171e-03 -4.28805853e-01 9.03176165e-01
1317357943.304936886 2.08988669e+02 2.88962611e+02 -1.45483882e+01 -2.11150395e-02 -3.24309134e-03 -4.25275478e-01 9.04811806e-01
1317357943.408760071 2.09580676e+02 2.88269600e+02 -1.45128682e+01 -2.22849150e-02 -2.85692661e-03 -4.22709382e-01 9.05986754e-01
1317357943.512607098 2.10175500e+02 2.87588236e+02 -1.44813391e+01 -2.35431921e-02 -2.12100136e-03 -4.21097640e-01 9.06707228e-01
1317357943.616477013 2.10776525e+02 2.86918759e+02 -1.44455499e+01 -2.56639614e-02 -1.44459488e-03 -4.19815700e-01 9.07245310e-01
1317357943.720347881 2.11365092e+02 2.86245013e+02 -1.44134594e+01 -2.73739690e-02 -5.33252711e-04 -4.19518078e-01 9.07333987e-01
1317357943.824219942 2.11970485e+02 2.85544600e+02 -1.43772946e+01 -2.71095705e-02 -4.80692881e-04 -4.18433833e-01 9.07842480e-01
1317357943.928088903 2.12563927e+02 2.84847464e+02 -1.43390713e+01 -2.72637564e-02 -2.93392701e-04 -4.17955367e-01 9.08058320e-01
1317357944.031981945 2.13166389e+02 2.84162397e+02 -1.43039988e+01 -2.77999303e-02 2.68349420e-04 -4.17325156e-01 9.08331881e-01
1317357944.135904074 2.13775938e+02 2.83483842e+02 -1.42772981e+01 -3.05818253e-02 1.85919324e-03 -4.17656670e-01 9.08088212e-01
1317357944.239845037 2.14384674e+02 2.82798340e+02 -1.42435738e+01 -3.18719485e-02 2.33689397e-03 -4.18403519e-01 9.07698856e-01
1317357944.343787909 2.14979682e+02 2.82124362e+02 -1.42139546e+01 -3.36589938e-02 2.99005854e-03 -4.20357711e-01 9.06729026e-01
1317357944.447731018 2.15585007e+02 2.81428270e+02 -1.41841262e+01 -3.43138902e-02 2.67419152e-03 -4.22804190e-01 9.05567238e-01
1317357944.551721096 2.16177759e+02 2.80736901e+02 -1.41463685e+01 -3.47361087e-02 2.30181700e-03 -4.25763517e-01 9.04164549e-01
1317357944.655689001 2.16736095e+02 2.80046490e+02 -1.41166923e+01 -3.41142570e-02 1.65063608e-03 -4.30112262e-01 9.02129112e-01
1317357944.759630919 2.17308857e+02 2.79354269e+02 -1.40800002e+01 -3.49037073e-02 1.22759405e-03 -4.33089931e-01 9.00673823e-01
1317357944.863598108 2.17882317e+02 2.78655100e+02 -1.40357395e+01 -3.61773302e-02 1.28389064e-03 -4.37077171e-01 8.98695220e-01
1317357944.967564106 2.18445013e+02 2.77952639e+02 -1.39954815e+01 -3.67903533e-02 9.08509229e-04 -4.40924137e-01 8.96789580e-01
1317357945.071530104 2.18966432e+02 2.77245059e+02 -1.39564568e+01 -3.74729513e-02 4.31104799e-04 -4.46566594e-01 8.93965250e-01
1317357945.175497055 2.19514642e+02 2.76525028e+02 -1.39125810e+01 -3.79779407e-02 4.48862112e-04 -4.50951701e-01 8.91739894e-01
1317357945.279463053 2.20035152e+02 2.75811220e+02 -1.38668019e+01 -3.67949450e-02 5.65412231e-04 -4.55549632e-01 8.89449462e-01
1317357945.383407116 2.20554091e+02 2.75078338e+02 -1.38160248e+01 -3.67419985e-02 9.37318723e-04 -4.60682923e-01 8.86803468e-01
1317357945.487349987 2.21068190e+02 2.74341923e+02 -1.37672631e+01 -3.63651624e-02 8.86555306e-04 -4.64766651e-01 8.84685678e-01
1317357945.591291904 2.21531672e+02 2.73640758e+02 -1.37321354e+01 -3.59331801e-02 1.90200107e-04 -4.69562948e-01 8.82167449e-01
1317357945.695209026 2.21997354e+02 2.72924162e+02 -1.36957716e+01 -3.36308737e-02 -9.69333181e-04 -4.74080762e-01 8.79838313e-01
1317357945.799127102 2.22477409e+02 2.72186098e+02 -1.36487346e+01 -3.29142417e-02 -1.56841383e-03 -4.76942841e-01 8.78316412e-01
1317357945.902998924 2.22932796e+02 2.71457623e+02 -1.36130214e+01 -3.13623253e-02 -2.59657163e-03 -4.79080089e-01 8.77206892e-01
1317357946.006820917 2.23402883e+02 2.70721973e+02 -1.35680802e+01 -2.92822157e-02 -2.92594533e-03 -4.80568320e-01 8.76463394e-01
1317357946.110646009 2.23841661e+02 2.69987256e+02 -1.35420490e+01 -2.65512717e-02 -3.41429303e-03 -4.82671237e-01 8.75392397e-01
1317357946.214467049 2.24289104e+02 2.69271985e+02 -1.35009760e+01 -2.46979412e-02 -3.87033215e-03 -4.83891259e-01 8.74770988e-01
1317357946.318289995 2.24728916e+02 2.68573385e+02 -1.34621836e+01 -2.45410059e-02 -4.11161229e-03 -4.84028161e-01 8.74698561e-01
1317357946.422091007 2.25135611e+02 2.67897454e+02 -1.34204343e+01 -2.26768690e-02 -4.95190794e-03 -4.83888807e-01 8.74821617e-01
1317357946.525866032 2.25554360e+02 2.67219146e+02 -1.33812931e+01 -2.18897967e-02 -5.34072154e-03 -4.83479948e-01 8.75065399e-01
1317357946.629642010 2.25956608e+02 2.66567713e+02 -1.33399474e+01 -1.96276314e-02 -6.13230927e-03 -4.83390438e-01 8.75163319e-01
1317357946.733417034 2.26332557e+02 2.65937096e+02 -1.33029232e+01 -1.71267982e-02 -7.33017028e-03 -4.83956762e-01 8.74893590e-01
1317357946.837188959 2.26718657e+02 2.65326711e+02 -1.32667062e+01 -1.64689739e-02 -7.05163966e-03 -4.83851666e-01 8.74966635e-01
1317357946.940965891 2.27093584e+02 2.64726365e+02 -1.32333674e+01 -1.65592594e-02 -6.90666679e-03 -4.83592554e-01 8.75109325e-01
1317357947.044761896 2.27454491e+02 2.64156094e+02 -1.31939919e+01 -1.58077650e-02 -7.28747046e-03 -4.83388638e-01 8.75232787e-01
1317357947.148560047 2.27793068e+02 2.63614704e+02 -1.31632683e+01 -1.53120232e-02 -7.00436373e-03 -4.83003591e-01 8.75456459e-01
1317357947.252335072 2.28124737e+02 2.63081187e+02 -1.31334469e+01 -1.47584041e-02 -7.27563456e-03 -4.82716052e-01 8.75622332e-01
1317357947.356108904 2.28447411e+02 2.62584509e+02 -1.31056147e+01 -1.28686875e-02 -8.13000291e-03 -4.82209366e-01 8.75923757e-01
1317357947.459884882 2.28761313e+02 2.62103275e+02 -1.30830968e+01 -1.27872697e-02 -8.58686037e-03 -4.81753080e-01 8.76171628e-01
1317357947.563637018 2.29059406e+02 2.61623353e+02 -1.30502443e+01 -1.20835384e-02 -9.81077774e-03 -4.81077112e-01 8.76540101e-01
1317357947.667365074 2.29343229e+02 2.61182739e+02 -1.30129600e+01 -1.13834267e-02 -1.04947663e-02 -4.79727697e-01 8.77280807e-01
1317357947.771090031 2.29628778e+02 2.60745322e+02 -1.29862851e+01 -1.20185878e-02 -1.07527347e-02 -4.77792503e-01 8.78324687e-01
1317357947.874814034 2.29888392e+02 2.60336769e+02 -1.29716424e+01 -1.10780064e-02 -1.08040046e-02 -4.74504879e-01 8.80116851e-01
1317357947.978518009 2.30152005e+02 2.59943665e+02 -1.29560040e+01 -1.04812049e-02 -9.51397608e-03 -4.71030563e-01 8.82003309e-01
1317357948.082196951 2.30403863e+02 2.59567766e+02 -1.29365145e+01 -9.22742890e-03 -9.58383640e-03 -4.65727948e-01 8.84827940e-01
1317357948.185852051 2.30660188e+02 2.59201794e+02 -1.29056205e+01 -8.55859460e-03 -1.03484463e-02 -4.59049486e-01 8.88309197e-01
1317357948.289484024 2.30939549e+02 2.58851475e+02 -1.28756713e+01 -9.27612664e-03 -1.07388617e-02 -4.50353225e-01 8.92737701e-01
1317357948.393090010 2.31211890e+02 2.58532353e+02 -1.28453419e+01 -1.06637821e-02 -1.12083806e-02 -4.38476891e-01 8.98609299e-01
1317357948.496696949 2.31512039e+02 2.58207918e+02 -1.28294213e+01 -1.18539190e-02 -1.17080415e-02 -4.24214082e-01 9.05408648e-01
1317357948.600352049 2.31821610e+02 2.57903541e+02 -1.28204347e+01 -1.12585482e-02 -1.23645971e-02 -4.07321348e-01 9.13131798e-01
1317357948.704004049 2.32135237e+02 2.57624098e+02 -1.28002226e+01 -1.25401794e-02 -1.17484673e-02 -3.89874595e-01 9.20707618e-01
1317357948.807660103 2.32455550e+02 2.57349253e+02 -1.27838829e+01 -1.38340098e-02 -9.59515500e-03 -3.71597151e-01 9.28241407e-01
1317357948.911365986 2.32812814e+02 2.57107578e+02 -1.27712220e+01 -1.61640525e-02 -7.03628518e-03 -3.52925556e-01 9.35485310e-01
1317357949.015068054 2.33153378e+02 2.56866265e+02 -1.27536021e+01 -1.74524341e-02 -4.40226980e-03 -3.33474081e-01 9.42587433e-01
1317357949.118771076 2.33503915e+02 2.56668622e+02 -1.27371729e+01 -1.94572264e-02 -1.92700954e-03 -3.13472239e-01 9.49396049e-01
1317357949.222520113 2.33848066e+02 2.56471917e+02 -1.27243197e+01 -2.13765228e-02 -9.64635396e-04 -2.93068484e-01 9.55851964e-01
1317357949.326270103 2.34197179e+02 2.56294055e+02 -1.27216546e+01 -2.24848420e-02 -8.28198567e-04 -2.72094172e-01 9.62007540e-01
1317357949.430011034 2.34540689e+02 2.56117852e+02 -1.27170385e+01 -2.29479261e-02 -4.21049568e-04 -2.50976938e-01 9.67720927e-01
1317357949.533739090 2.34896290e+02 2.55974615e+02 -1.27078611e+01 -2.33477914e-02 8.73734923e-04 -2.29901035e-01 9.72933518e-01
1317357949.637475014 2.35249991e+02 2.55835896e+02 -1.26978411e+01 -2.44966079e-02 2.19523330e-03 -2.08959621e-01 9.77614942e-01
1317357949.741225958 2.35621247e+02 2.55742544e+02 -1.26839715e+01 -2.62641812e-02 2.72649209e-03 -1.88029150e-01 9.81808432e-01
1317357949.844979048 2.35992066e+02 2.55640074e+02 -1.26791705e+01 -2.74690247e-02 2.84493693e-03 -1.66417064e-01 9.85668666e-01
1317357949.948753119 2.36389435e+02 2.55559440e+02 -1.26862266e+01 -2.72151241e-02 2.35875985e-03 -1.44085382e-01 9.89188140e-01
1317357950.052500963 2.36787423e+02 2.55478578e+02 -1.26886768e+01 -2.55483392e-02 1.67781581e-03 -1.21090141e-01 9.92311264e-01
1317357950.156229019 2.37219873e+02 2.55425699e+02 -1.26763309e+01 -2.39938407e-02 1.80198562e-03 -9.66652906e-02 9.95026065e-01
1317357950.259979963 2.37647971e+02 2.55385439e+02 -1.26637570e+01 -2.34707763e-02 1.68567157e-03 -7.23047959e-02 9.97104958e-01
1317357950.363730907 2.38119611e+02 2.55383650e+02 -1.26567064e+01 -2.55300509e-02 1.13175837e-03 -4.68992985e-02 9.98572677e-01
1317357950.467458010 2.38583831e+02 2.55401653e+02 -1.26585658e+01 -2.80739245e-02 2.38794204e-03 -2.10115966e-02 9.99382142e-01
1317357950.571186066 2.39077885e+02 2.55431742e+02 -1.26830445e+01 -2.82703659e-02 2.91999854e-03 4.76600135e-03 9.99584686e-01
1317357950.674936056 2.39571720e+02 2.55471597e+02 -1.26936012e+01 -2.54874293e-02 4.00538882e-03 2.94495516e-02 9.99233242e-01
1317357950.778733015 2.40101416e+02 2.55540445e+02 -1.26778930e+01 -2.32880440e-02 6.12822437e-03 5.35546305e-02 9.98274518e-01
1317357950.882580042 2.40636115e+02 2.55636884e+02 -1.26664183e+01 -2.28681371e-02 9.42518222e-03 7.68535653e-02 9.96735544e-01
1317357950.986474991 2.41189077e+02 2.55773370e+02 -1.26908643e+01 -2.45639271e-02 1.09527678e-02 9.91355387e-02 9.94710408e-01
1317357951.090418100 2.41736466e+02 2.55922857e+02 -1.27111418e+01 -2.42439178e-02 1.14430546e-02 1.19574614e-01 9.92463199e-01
1317357951.194360971 2.42319976e+02 2.56095071e+02 -1.27349870e+01 -2.34585286e-02 1.30180005e-02 1.38938764e-01 9.89937498e-01
1317357951.298304081 2.42908571e+02 2.56291981e+02 -1.27574388e+01 -1.93702679e-02 1.64782942e-02 1.57375280e-01 9.87211365e-01
1317357951.402296066 2.43518051e+02 2.56514119e+02 -1.27725711e+01 -1.63826707e-02 1.73951245e-02 1.75409928e-01 9.84205454e-01
1317357951.506283998 2.44123016e+02 2.56778957e+02 -1.28010590e+01 -1.40768669e-02 1.71821643e-02 1.93425107e-01 9.80863570e-01
1317357951.610253096 2.44751614e+02 2.57065953e+02 -1.28171841e+01 -1.22319520e-02 1.62063173e-02 2.11364930e-01 9.77196296e-01
1317357951.714268923 2.45377688e+02 2.57373615e+02 -1.28499907e+01 -1.06653022e-02 1.46515641e-02 2.28104959e-01 9.73467879e-01
1317357951.818305969 2.46000951e+02 2.57719108e+02 -1.28832135e+01 -1.00835885e-02 1.46907922e-02 2.43891099e-01 9.69638919e-01
1317357951.922367096 2.46633594e+02 2.58079615e+02 -1.29066301e+01 -1.08170215e-02 1.61485597e-02 2.58052710e-01 9.65935306e-01
1317357952.026478052 2.47250016e+02 2.58454328e+02 -1.29267942e+01 -1.17751746e-02 1.87945186e-02 2.70153867e-01 9.62561686e-01
1317357952.130589008 2.47906069e+02 2.58871136e+02 -1.29550641e+01 -1.19121659e-02 2.15264959e-02 2.81042692e-01 9.59379860e-01
1317357952.234724045 2.48570652e+02 2.59310148e+02 -1.29903961e+01 -1.23219603e-02 2.26477489e-02 2.90689162e-01 9.56470104e-01
1317357952.338882923 2.49226003e+02 2.59766749e+02 -1.30207662e+01 -1.21309189e-02 2.21922267e-02 2.98563480e-01 9.54054607e-01
1317357952.443017960 2.49906495e+02 2.60247484e+02 -1.30565992e+01 -1.08314229e-02 2.06434379e-02 3.06244758e-01 9.51667314e-01
1317357952.547152996 2.50596855e+02 2.60797530e+02 -1.30929597e+01 -1.08114151e-02 2.01152921e-02 3.12548300e-01 9.49627321e-01
1317357952.651335955 2.51294161e+02 2.61350594e+02 -1.31389573e+01 -1.16167671e-02 2.02538749e-02 3.17804173e-01 9.47868841e-01
1317357952.755542040 2.52004576e+02 2.61896191e+02 -1.31860409e+01 -1.32271518e-02 2.24558769e-02 3.21932240e-01 9.46403935e-01
1317357952.859747887 2.52693084e+02 2.62455882e+02 -1.32188794e+01 -1.48173003e-02 2.46882070e-02 3.23761791e-01 9.45700398e-01
1317357952.964001894 2.53418606e+02 2.63027335e+02 -1.32743069e+01 -1.58071085e-02 2.51550750e-02 3.24550323e-01 9.45401737e-01
1317357953.068281889 2.54140211e+02 2.63608321e+02 -1.33136760e+01 -1.59947482e-02 2.29209730e-02 3.23662626e-01 9.45759643e-01
1317357953.172537088 2.54872894e+02 2.64184905e+02 -1.33547155e+01 -1.42266513e-02 2.02592479e-02 3.22258264e-01 9.46328049e-01
1317357953.276767969 2.55640960e+02 2.64789404e+02 -1.33960812e+01 -1.54968382e-02 1.94985447e-02 3.20712262e-01 9.46849143e-01
1317357953.380975962 2.56402907e+02 2.65366793e+02 -1.34320627e+01 -1.48869729e-02 2.02774627e-02 3.18855432e-01 9.47469480e-01
1317357953.485181093 2.57156334e+02 2.65924005e+02 -1.34591299e+01 -1.48794952e-02 2.05116111e-02 3.16176963e-01 9.48361747e-01
1317357953.589361906 2.57927400e+02 2.66491969e+02 -1.34870875e+01 -1.42196474e-02 1.94451174e-02 3.13847983e-01 9.49167600e-01
1317357953.693496943 2.58710837e+02 2.67051843e+02 -1.35198812e+01 -1.71996218e-02 1.86981009e-02 3.11024739e-01 9.50062190e-01
1317357953.797609091 2.59507987e+02 2.67629196e+02 -1.35531624e+01 -1.76337252e-02 2.16700880e-02 3.08163012e-01 9.50923245e-01
1317357953.901695967 2.60311668e+02 2.68215258e+02 -1.36141951e+01 -1.79558753e-02 2.68894133e-02 3.05686174e-01 9.51583159e-01
1317357954.005733967 2.61109859e+02 2.68769540e+02 -1.36516305e+01 -1.68908690e-02 2.87145801e-02 3.04123173e-01 9.52050034e-01
1317357954.109750986 2.61916751e+02 2.69344449e+02 -1.37005654e+01 -1.59683971e-02 2.64261993e-02 3.02447014e-01 9.52665980e-01
1317357954.213768959 2.62703052e+02 2.69899977e+02 -1.37405249e+01 -1.45192414e-02 2.20596657e-02 3.01353991e-01 9.53146544e-01
1317357954.317759991 2.63491280e+02 2.70461863e+02 -1.37851695e+01 -1.52822274e-02 2.03063011e-02 2.99228836e-01 9.53842865e-01
1317357954.421724081 2.64280103e+02 2.71019325e+02 -1.38371278e+01 -1.55757637e-02 2.28532975e-02 2.97292035e-01 9.54385964e-01
1317357954.525690079 2.65072568e+02 2.71576234e+02 -1.38799969e+01 -1.74284043e-02 2.34601027e-02 2.96517909e-01 9.54580014e-01
1317357954.629631042 2.65858954e+02 2.72127936e+02 -1.39058764e+01 -1.98242349e-02 2.23922183e-02 2.96068302e-01 9.54698460e-01
1317357954.733550072 2.66642642e+02 2.72666218e+02 -1.39441061e+01 -1.90284342e-02 2.04380659e-02 2.96561076e-01 9.54605538e-01
1317357954.837445974 2.67435581e+02 2.73212388e+02 -1.39928634e+01 -1.77853013e-02 1.97293160e-02 2.97360990e-01 9.54395557e-01
1317357954.941315889 2.68225946e+02 2.73767905e+02 -1.40193588e+01 -1.74432760e-02 2.07193650e-02 2.98569685e-01 9.54003450e-01
1317357955.045186043 2.69016735e+02 2.74320430e+02 -1.40611129e+01 -1.69230280e-02 2.28871511e-02 3.00338069e-01 9.53408010e-01
1317357955.149055958 2.69818921e+02 2.74866312e+02 -1.40976713e+01 -1.62973950e-02 2.40998564e-02 3.01534341e-01 9.53011350e-01
1317357955.252928019 2.70589186e+02 2.75405130e+02 -1.41358112e+01 -1.48409859e-02 2.41993694e-02 3.03069705e-01 9.52545479e-01
1317357955.356797934 2.71352552e+02 2.75950164e+02 -1.41642798e+01 -1.46466673e-02 2.34015774e-02 3.04395471e-01 9.52145597e-01
1317357955.460669041 2.72108613e+02 2.76499569e+02 -1.42096459e+01 -1.46775683e-02 2.45362980e-02 3.05726371e-01 9.51690036e-01
1317357955.564564943 2.72841518e+02 2.77018600e+02 -1.42584297e+01 -1.43486939e-02 2.62301779e-02 3.06567882e-01 9.51379118e-01
1317357955.668461084 2.73569653e+02 2.77537713e+02 -1.42946065e+01 -1.21178989e-02 2.64037996e-02 3.08112975e-01 9.50906089e-01
1317357955.772332907 2.74274608e+02 2.78054326e+02 -1.43278713e+01 -1.09115136e-02 2.50725461e-02 3.09635901e-01 9.50461948e-01
1317357955.876178026 2.74972389e+02 2.78563366e+02 -1.43591486e+01 -1.06848077e-02 2.35639368e-02 3.11053020e-01 9.50040312e-01
1317357955.980026007 2.75636472e+02 2.79069478e+02 -1.43921611e+01 -1.29742250e-02 2.38322046e-02 3.12388094e-01 9.49566941e-01
1317357956.083873034 2.76303907e+02 2.79558628e+02 -1.44187659e+01 -1.21137590e-02 2.51019194e-02 3.13646193e-01 9.49130769e-01
1317357956.187717915 2.76939312e+02 2.80024734e+02 -1.44483885e+01 -1.08598633e-02 2.58465892e-02 3.15157899e-01 9.48625066e-01
1317357956.291539907 2.77545928e+02 2.80485745e+02 -1.44658468e+01 -1.03008033e-02 2.64324640e-02 3.16907013e-01 9.48032259e-01
1317357956.395339012 2.78147470e+02 2.80943627e+02 -1.44959639e+01 -1.04182096e-02 2.69993240e-02 3.19041855e-01 9.47298682e-01
1317357956.499161005 2.78699127e+02 2.81385381e+02 -1.45094695e+01 -1.33000228e-02 2.63588713e-02 3.21331661e-01 9.46506357e-01
1317357956.602961063 2.79262069e+02 2.81813934e+02 -1.45386099e+01 -1.32556805e-02 2.70045073e-02 3.24095717e-01 9.45545879e-01
1317357956.706758976 2.79790510e+02 2.82228816e+02 -1.45619916e+01 -1.44395116e-02 2.75584151e-02 3.26943451e-01 9.44531638e-01
1317357956.810555935 2.80295578e+02 2.82626835e+02 -1.45828092e+01 -1.44770312e-02 2.75215975e-02 3.30645187e-01 9.43242672e-01
1317357956.914330006 2.80746101e+02 2.83004743e+02 -1.46079377e+01 -1.59134443e-02 2.78695263e-02 3.35989713e-01 9.41318737e-01
1317357957.018059015 2.81209739e+02 2.83379687e+02 -1.46341760e+01 -1.51817881e-02 2.80180513e-02 3.42155866e-01 9.39102692e-01
1317357957.121762037 2.81617100e+02 2.83748344e+02 -1.46539008e+01 -1.46161174e-02 2.76111703e-02 3.49967371e-01 9.36240798e-01
1317357957.225486040 2.82008087e+02 2.84128802e+02 -1.46723199e+01 -1.50036316e-02 2.66847909e-02 3.59295141e-01 9.32721724e-01
1317357957.329190016 2.82409672e+02 2.84505896e+02 -1.46848621e+01 -1.48978906e-02 2.50906141e-02 3.68803582e-01 9.29049209e-01
1317357957.432893991 2.82793556e+02 2.84906004e+02 -1.47087421e+01 -1.59142230e-02 2.38544759e-02 3.80405858e-01 9.24374970e-01
1317357957.536597967 2.83164062e+02 2.85298100e+02 -1.47353553e+01 -1.49661603e-02 2.40705205e-02 3.93026560e-01 9.19090174e-01
1317357957.640280962 2.83493124e+02 2.85713915e+02 -1.47553123e+01 -1.50486095e-02 2.44775708e-02 4.06877790e-01 9.13030586e-01
1317357957.743958950 2.83803702e+02 2.86158694e+02 -1.47854480e+01 -1.67617237e-02 2.44255030e-02 4.21807033e-01 9.06201559e-01
1317357957.847608089 2.84131411e+02 2.86580072e+02 -1.48083945e+01 -1.84271197e-02 2.47358100e-02 4.37363488e-01 8.98755673e-01
1317357957.951261997 2.84414118e+02 2.87033989e+02 -1.48340962e+01 -2.08265893e-02 2.48078920e-02 4.54798150e-01 8.90005317e-01
1317357958.054943085 2.84673330e+02 2.87475240e+02 -1.48651181e+01 -2.14917315e-02 2.43268360e-02 4.73336352e-01 8.80283482e-01
1317357958.158623934 2.84920989e+02 2.87932098e+02 -1.48874987e+01 -2.36947832e-02 2.36584496e-02 4.92306352e-01 8.69777725e-01
1317357958.262301922 2.85105904e+02 2.88438890e+02 -1.49058683e+01 -2.71843431e-02 2.40620449e-02 5.11841773e-01 8.58312314e-01
1317357958.366003036 2.85307058e+02 2.88906821e+02 -1.49358608e+01 -2.85648927e-02 2.44325637e-02 5.30049429e-01 8.47133224e-01
1317357958.469728947 2.85477139e+02 2.89407661e+02 -1.49669167e+01 -2.89669620e-02 2.46457877e-02 5.48466451e-01 8.35307160e-01
1317357958.573456049 2.85617995e+02 2.89891372e+02 -1.49941728e+01 -2.91069751e-02 2.49142603e-02 5.66981211e-01 8.22839212e-01
1317357958.677182913 2.85765728e+02 2.90392272e+02 -1.50263823e+01 -2.91201978e-02 2.48733542e-02 5.85109657e-01 8.10049393e-01
1317357958.780909061 2.85866949e+02 2.90914571e+02 -1.50664763e+01 -3.07832232e-02 2.51814114e-02 6.03447244e-01 7.96410518e-01
1317357958.884634972 2.85966331e+02 2.91441267e+02 -1.51105323e+01 -3.12589543e-02 2.60366737e-02 6.21422785e-01 7.82418489e-01
1317357958.988364935 2.86062986e+02 2.91994684e+02 -1.51541540e+01 -3.03694764e-02 2.77600205e-02 6.39703062e-01 7.67520077e-01
1317357959.092068911 2.86128964e+02 2.92555118e+02 -1.51866667e+01 -2.89980372e-02 2.95078861e-02 6.58073498e-01 7.51816248e-01
1317357959.195746899 2.86149461e+02 2.93117307e+02 -1.52257106e+01 -2.71726702e-02 2.97977622e-02 6.76909862e-01 7.34960392e-01
1317357959.299424887 2.86147126e+02 2.93687947e+02 -1.52669096e+01 -2.41928739e-02 2.88030811e-02 6.95722071e-01 7.17325510e-01
1317357959.403103113 2.86109217e+02 2.94281577e+02 -1.53079214e+01 -2.04059298e-02 2.83619513e-02 7.14707731e-01 6.98549967e-01
1317357959.506782055 2.86054591e+02 2.94869634e+02 -1.53387140e+01 -1.75841253e-02 2.76131783e-02 7.33061391e-01 6.79374203e-01
1317357959.610510111 2.85964945e+02 2.95487052e+02 -1.53681522e+01 -1.69857139e-02 2.64571103e-02 7.51243140e-01 6.59276309e-01
1317357959.714282990 2.85830208e+02 2.96121396e+02 -1.53987014e+01 -1.75298032e-02 2.56818147e-02 7.68571703e-01 6.39007581e-01
1317357959.818056107 2.85665349e+02 2.96742061e+02 -1.54402889e+01 -1.75204308e-02 2.62255893e-02 7.84911238e-01 6.18804979e-01
1317357959.921855927 2.85465570e+02 2.97360362e+02 -1.54652341e+01 -1.82427601e-02 2.65722516e-02 8.00049939e-01 5.99066952e-01
1317357960.025726080 2.85225233e+02 2.97986765e+02 -1.54932588e+01 -1.86741386e-02 2.66264976e-02 8.14333063e-01 5.79485952e-01
1317357960.129668951 2.84944032e+02 2.98599420e+02 -1.55369822e+01 -1.96738859e-02 2.61628854e-02 8.26991740e-01 5.61260282e-01
1317357960.233661890 2.84661765e+02 2.99209517e+02 -1.55731382e+01 -1.83841195e-02 2.50125600e-02 8.38592501e-01 5.43874078e-01
1317357960.337702990 2.84358038e+02 2.99804724e+02 -1.56122499e+01 -1.69965269e-02 2.43867370e-02 8.48691880e-01 5.28051606e-01
1317357960.441787958 2.84006572e+02 3.00430606e+02 -1.56455584e+01 -1.59150654e-02 2.42772987e-02 8.57301048e-01 5.13996339e-01
1317357960.545945883 2.83644992e+02 3.01051671e+02 -1.56790466e+01 -1.62931297e-02 2.44188284e-02 8.64496373e-01 5.01781104e-01
1317357960.650177002 2.83242882e+02 3.01665078e+02 -1.57109954e+01 -1.76973772e-02 2.44125560e-02 8.69789985e-01 4.92499962e-01
1317357960.754456043 2.82837636e+02 3.02296764e+02 -1.57484208e+01 -1.88124433e-02 2.53031254e-02 8.73885575e-01 4.85108077e-01
1317357960.858758926 2.82428255e+02 3.02937937e+02 -1.57872445e+01 -1.88120348e-02 2.62994066e-02 8.76973513e-01 4.79449586e-01
1317357960.963094950 2.81978652e+02 3.03590320e+02 -1.58197478e+01 -1.94491597e-02 2.63014694e-02 8.78852609e-01 4.75970645e-01
1317357961.067445993 2.81546666e+02 3.04240360e+02 -1.58574223e+01 -1.90249939e-02 2.65884345e-02 8.80132085e-01 4.73601751e-01
1317357961.171761990 2.81076204e+02 3.04891962e+02 -1.58918001e+01 -1.90193791e-02 2.61351266e-02 8.81022275e-01 4.71969247e-01
1317357961.276066065 2.80617900e+02 3.05566030e+02 -1.59316734e+01 -1.91758078e-02 2.58193207e-02 8.81514484e-01 4.71060362e-01
1317357961.380369902 2.80146212e+02 3.06252984e+02 -1.59774742e+01 -1.93484892e-02 2.59481754e-02 8.81465348e-01 4.71138163e-01
1317357961.484622955 2.79691622e+02 3.06952537e+02 -1.60189846e+01 -1.94700093e-02 2.59929348e-02 8.81000447e-01 4.71999470e-01
1317357961.588829041 2.79225000e+02 3.07657617e+02 -1.60571525e+01 -1.90445526e-02 2.62172443e-02 8.80851085e-01 4.72283101e-01
1317357961.693037033 2.78746325e+02 3.08397071e+02 -1.60920798e+01 -1.89155222e-02 2.64312121e-02 8.80615643e-01 4.72715224e-01
1317357961.797219038 2.78248419e+02 3.09135900e+02 -1.61307440e+01 -1.84253671e-02 2.75964896e-02 8.80608316e-01 4.72681641e-01
1317357961.901352882 2.77748715e+02 3.09875317e+02 -1.61830143e+01 -1.73725586e-02 3.05117100e-02 8.80320177e-01 4.73078869e-01
1317357962.005464077 2.77249623e+02 3.10627916e+02 -1.62317681e+01 -1.74576479e-02 3.14515532e-02 8.80170663e-01 4.73292335e-01
1317357962.109575987 2.76754994e+02 3.11393928e+02 -1.62751696e+01 -1.69485955e-02 3.23016302e-02 8.80035108e-01 4.73505605e-01
1317357962.213660002 2.76249969e+02 3.12173069e+02 -1.63221704e+01 -1.63947241e-02 3.28007926e-02 8.80213668e-01 4.73158768e-01
1317357962.317723989 2.75739888e+02 3.12962475e+02 -1.63772860e+01 -1.56896897e-02 3.41655849e-02 8.80239672e-01 4.73037701e-01
1317357962.421761990 2.75189666e+02 3.13762289e+02 -1.64328519e+01 -1.50090824e-02 3.58788279e-02 8.79923669e-01 4.73520615e-01
1317357962.525778055 2.74649856e+02 3.14571273e+02 -1.64838257e+01 -1.36945996e-02 3.74274997e-02 8.79863106e-01 4.73553117e-01
1317357962.629769087 2.74101474e+02 3.15390211e+02 -1.65346359e+01 -1.26142420e-02 3.80272364e-02 8.80209967e-01 4.72890288e-01
1317357962.733736038 2.73559786e+02 3.16212432e+02 -1.65853134e+01 -1.10390531e-02 3.85676847e-02 8.80685422e-01 4.71999852e-01
1317357962.837680101 2.72998564e+02 3.17050269e+02 -1.66356193e+01 -1.02692104e-02 3.89637003e-02 8.81366514e-01 4.70711632e-01
1317357962.941597939 2.72438828e+02 3.17899272e+02 -1.66911387e+01 -1.09407176e-02 3.96477887e-02 8.82151641e-01 4.69166107e-01
1317357963.045492887 2.71850472e+02 3.18761052e+02 -1.67439850e+01 -1.17367072e-02 4.08869554e-02 8.83417058e-01 4.66652771e-01
1317357963.149363041 2.71236337e+02 3.19637424e+02 -1.67931158e+01 -1.18637134e-02 4.24551498e-02 8.84783680e-01 4.63912332e-01
1317357963.253210068 2.70633303e+02 3.20502463e+02 -1.68533828e+01 -1.24988073e-02 4.12102216e-02 8.86367499e-01 4.60975221e-01
1317357963.357057095 2.70005101e+02 3.21373189e+02 -1.69121511e+01 -1.21266472e-02 4.16887439e-02 8.88215203e-01 4.57371563e-01
1317357963.460926056 2.69381601e+02 3.22220962e+02 -1.69706523e+01 -1.37047911e-02 4.31683059e-02 8.89716627e-01 4.54260938e-01
1317357963.564798117 2.68735288e+02 3.23082699e+02 -1.70291518e+01 -1.52430883e-02 4.34362867e-02 8.91159548e-01 4.51348642e-01
1317357963.668669939 2.68089336e+02 3.23953727e+02 -1.70895833e+01 -1.43295662e-02 4.34210888e-02 8.92838469e-01 4.48049930e-01
1317357963.772515059 2.67430920e+02 3.24813518e+02 -1.71301414e+01 -1.21625282e-02 4.07994764e-02 8.94535869e-01 4.44964106e-01
1317357963.876362085 2.66763382e+02 3.25672801e+02 -1.71759213e+01 -9.71953492e-03 3.92381046e-02 8.96167009e-01 4.41871694e-01
1317357963.980232954 2.66083166e+02 3.26546524e+02 -1.72149834e+01 -9.68894269e-03 3.91081038e-02 8.97900944e-01 4.38349832e-01
1317357964.084104061 2.65377644e+02 3.27388971e+02 -1.72540122e+01 -9.99708350e-03 4.05145994e-02 8.99556337e-01 4.34806880e-01
1317357964.187973976 2.64689956e+02 3.28231636e+02 -1.72929834e+01 -9.66183334e-03 4.12225865e-02 9.01073879e-01 4.31593804e-01
1317357964.291845083 2.63995019e+02 3.29037075e+02 -1.73410810e+01 -1.03367614e-02 4.05024998e-02 9.02463544e-01 4.28733310e-01
1317357964.395716906 2.63309681e+02 3.29853037e+02 -1.73864677e+01 -1.03953871e-02 4.02595779e-02 9.03735202e-01 4.26067820e-01
1317357964.499587059 2.62639031e+02 3.30679285e+02 -1.74213646e+01 -1.14674889e-02 3.90991743e-02 9.05087028e-01 4.23269680e-01
1317357964.603457928 2.61942872e+02 3.31493906e+02 -1.74618433e+01 -1.18912433e-02 3.93076843e-02 9.06274236e-01 4.20690519e-01
1317357964.707329035 2.61259030e+02 3.32304332e+02 -1.74986642e+01 -1.34167462e-02 3.84914604e-02 9.07253052e-01 4.18605181e-01
1317357964.811249018 2.60594046e+02 3.33084835e+02 -1.75508824e+01 -1.47815060e-02 3.72754690e-02 9.07838443e-01 4.17398379e-01
1317357964.915215015 2.59924697e+02 3.33865508e+02 -1.75908561e+01 -1.44307745e-02 3.61226655e-02 9.08094842e-01 4.16954031e-01
1317357965.019181967 2.59252499e+02 3.34627043e+02 -1.76299660e+01 -1.43530345e-02 3.45059382e-02 9.08288235e-01 4.16672308e-01
1317357965.123147011 2.58583035e+02 3.35393575e+02 -1.76712342e+01 -1.53053759e-02 3.44555794e-02 9.08338469e-01 4.16533054e-01
1317357965.227113962 2.57927101e+02 3.36144757e+02 -1.77104023e+01 -1.72853383e-02 3.51883648e-02 9.08540542e-01 4.15953218e-01
1317357965.331083059 2.57277121e+02 3.36869634e+02 -1.77409313e+01 -1.79134021e-02 3.45855308e-02 9.08716493e-01 4.15592693e-01
1317357965.435048103 2.56652524e+02 3.37598838e+02 -1.77788278e+01 -1.74739878e-02 3.33186244e-02 9.08762073e-01 4.15615234e-01
1317357965.539015055 2.56040040e+02 3.38295584e+02 -1.78095517e+01 -1.68935263e-02 3.25754665e-02 9.08741954e-01 4.15742119e-01
1317357965.643007040 2.55458093e+02 3.38953914e+02 -1.78467723e+01 -1.80276926e-02 3.29815624e-02 9.08179918e-01 4.16889021e-01
1317357965.747021914 2.54885548e+02 3.39597973e+02 -1.78770981e+01 -1.88317807e-02 3.23354364e-02 9.07706117e-01 4.17934669e-01
1317357965.851036072 2.54317617e+02 3.40238254e+02 -1.79095766e+01 -1.95860838e-02 3.02550920e-02 9.06819015e-01 4.19976534e-01
1317357965.955049992 2.53756040e+02 3.40894100e+02 -1.79382474e+01 -1.81146238e-02 3.04462622e-02 9.05956336e-01 4.21886243e-01
1317357966.059063911 2.53202906e+02 3.41550221e+02 -1.79679743e+01 -1.66858441e-02 3.11322848e-02 9.05200089e-01 4.23515244e-01
1317357966.163079977 2.52650607e+02 3.42197661e+02 -1.80030054e+01 -1.74842930e-02 3.02652572e-02 9.04459058e-01 4.25126011e-01
1317357966.267095089 2.52118048e+02 3.42828763e+02 -1.80448631e+01 -1.81897232e-02 2.95851275e-02 9.04013596e-01 4.26090686e-01
1317357966.371085882 2.51573227e+02 3.43481001e+02 -1.80748519e+01 -1.82864883e-02 2.98864693e-02 9.03508181e-01 4.27136244e-01
1317357966.475075960 2.51048129e+02 3.44113514e+02 -1.81088871e+01 -1.79617855e-02 2.92560654e-02 9.02802155e-01 4.28683714e-01
1317357966.579067945 2.50516241e+02 3.44758005e+02 -1.81284405e+01 -1.80573381e-02 2.71645353e-02 9.01980139e-01 4.30543667e-01
1317357966.683058023 2.49988723e+02 3.45401161e+02 -1.81616702e+01 -1.89819694e-02 2.43180276e-02 9.01277437e-01 4.32142685e-01
1317357966.787096024 2.49450642e+02 3.46068020e+02 -1.81866369e+01 -2.04995014e-02 2.36521693e-02 9.00387369e-01 4.33961900e-01
1317357966.891134977 2.48924280e+02 3.46730820e+02 -1.82230926e+01 -2.25431510e-02 2.52810438e-02 8.99345432e-01 4.35924843e-01
1317357966.995173931 2.48410147e+02 3.47385379e+02 -1.82664372e+01 -2.41953312e-02 2.72201132e-02 8.98160520e-01 4.38156744e-01
1317357967.099210978 2.47907737e+02 3.48033632e+02 -1.83219301e+01 -2.50243823e-02 2.71743984e-02 8.97126792e-01 4.40225909e-01
1317357967.203226089 2.47392725e+02 3.48680298e+02 -1.83727597e+01 -2.50317087e-02 2.66754961e-02 8.96546084e-01 4.41437369e-01
1317357967.307265997 2.46889152e+02 3.49334612e+02 -1.84118912e+01 -2.43635502e-02 2.70096205e-02 8.95771235e-01 4.43024595e-01
1317357967.411303997 2.46383821e+02 3.49992408e+02 -1.84534293e+01 -2.31998241e-02 2.81781377e-02 8.94982315e-01 4.44605911e-01
1317357967.515317917 2.45887634e+02 3.50645796e+02 -1.85016977e+01 -2.20504904e-02 2.89319336e-02 8.94206773e-01 4.46173694e-01
1317357967.619307041 2.45394905e+02 3.51307757e+02 -1.85469479e+01 -2.23419086e-02 2.73288962e-02 8.93618385e-01 4.47437317e-01
1317357967.723248959 2.44885372e+02 3.51983051e+02 -1.85868742e+01 -2.22951619e-02 2.70480088e-02 8.93424732e-01 4.47843253e-01
1317357967.827193022 2.44383764e+02 3.52659934e+02 -1.86308222e+01 -2.22968667e-02 2.69822567e-02 8.93272511e-01 4.48150676e-01
1317357967.931137085 2.43890169e+02 3.53314699e+02 -1.86926105e+01 -2.23855171e-02 2.80541873e-02 8.93237350e-01 4.48150520e-01
1317357968.035080910 2.43375136e+02 3.54010053e+02 -1.87408387e+01 -2.26386557e-02 2.79633966e-02 8.93366081e-01 4.47886799e-01
1317357968.139023066 2.42856590e+02 3.54712106e+02 -1.87830602e+01 -2.25107422e-02 2.88169963e-02 8.93406212e-01 4.47759072e-01
1317357968.242940903 2.42350435e+02 3.55390108e+02 -1.88217499e+01 -2.26821475e-02 2.98412949e-02 8.93523756e-01 4.47448673e-01
1317357968.346882105 2.41849816e+02 3.56038408e+02 -1.88600078e+01 -2.33463425e-02 3.01231454e-02 8.93717638e-01 4.47008197e-01
1317357968.450824976 2.41330063e+02 3.56720655e+02 -1.88998591e+01 -2.33789360e-02 3.08545914e-02 8.94161910e-01 4.46067145e-01
1317357968.554769039 2.40817770e+02 3.57378524e+02 -1.89431628e+01 -2.29407909e-02 3.15011285e-02 8.94599477e-01 4.45166456e-01
1317357968.658710957 2.40300200e+02 3.58050203e+02 -1.89827220e+01 -2.23482699e-02 3.15810739e-02 8.95150158e-01 4.44082633e-01
1317357968.762653112 2.39780610e+02 3.58706714e+02 -1.90261253e+01 -2.14586643e-02 3.11245173e-02 8.95764329e-01 4.42918793e-01
1317357968.866642952 2.39273940e+02 3.59358679e+02 -1.90762286e+01 -2.15385786e-02 2.96575833e-02 8.96393464e-01 4.41741186e-01
1317357968.970633984 2.38744367e+02 3.60030970e+02 -1.91153243e+01 -2.09037681e-02 2.92908043e-02 8.96696481e-01 4.41180805e-01
1317357969.074626923 2.38203534e+02 3.60704563e+02 -1.91551260e+01 -2.00617335e-02 2.81154017e-02 8.96927342e-01 4.40826944e-01
1317357969.178641081 2.37680077e+02 3.61381294e+02 -1.92020759e+01 -2.04084240e-02 2.67146278e-02 8.97031135e-01 4.40686927e-01
1317357969.282632113 2.37159351e+02 3.62050064e+02 -1.92459490e+01 -2.15808442e-02 2.62843565e-02 8.97106380e-01 4.40503738e-01
1317357969.386624098 2.36626011e+02 3.62732310e+02 -1.92858824e+01 -2.38779063e-02 2.68411509e-02 8.97120843e-01 4.40322144e-01
1317357969.490612984 2.36108942e+02 3.63400525e+02 -1.93304245e+01 -2.48035433e-02 2.66742069e-02 8.97212778e-01 4.40093742e-01
1317357969.594580889 2.35584734e+02 3.64089128e+02 -1.93832835e+01 -2.40921587e-02 2.66855071e-02 8.97424317e-01 4.39701089e-01
1317357969.698548079 2.35038117e+02 3.64796026e+02 -1.94318198e+01 -2.30960474e-02 2.63637440e-02 8.97694464e-01 4.39222238e-01
1317357969.802515030 2.34483662e+02 3.65501151e+02 -1.94867640e+01 -2.23882755e-02 2.59981937e-02 8.97829004e-01 4.39005624e-01
1317357969.906481981 2.33920034e+02 3.66216464e+02 -1.95324966e+01 -2.21765908e-02 2.61488446e-02 8.97729039e-01 4.39211804e-01
1317357970.010425091 2.33352081e+02 3.66936200e+02 -1.95771989e+01 -2.28699776e-02 2.59335905e-02 8.98025402e-01 4.38582706e-01
1317357970.114368916 2.32798346e+02 3.67644344e+02 -1.96236121e+01 -2.30954492e-02 2.57415504e-02 8.97996583e-01 4.38641209e-01
1317357970.218337059 2.32229978e+02 3.68366522e+02 -1.96706095e+01 -2.35324472e-02 2.47787266e-02 8.98256777e-01 4.38140390e-01
1317357970.322326899 2.31656537e+02 3.69082828e+02 -1.97223985e+01 -2.30062999e-02 2.44816763e-02 8.97896690e-01 4.38922421e-01
1317357970.426315069 2.31075491e+02 3.69821827e+02 -1.97713466e+01 -2.28294919e-02 2.39130255e-02 8.97924041e-01 4.38907049e-01
1317357970.530257940 2.30484995e+02 3.70567216e+02 -1.98272768e+01 -2.17466492e-02 2.46015577e-02 8.97720393e-01 4.39340349e-01
1317357970.634202003 2.29891353e+02 3.71318467e+02 -1.98737260e+01 -2.04210545e-02 2.46180494e-02 8.97819901e-01 4.39199678e-01
1317357970.738168001 2.29298880e+02 3.72074062e+02 -1.99168215e+01 -1.94428623e-02 2.46982398e-02 8.97934411e-01 4.39005428e-01
1317357970.842112064 2.28705400e+02 3.72831452e+02 -1.99644183e+01 -1.92150938e-02 2.34926373e-02 8.97565390e-01 4.39835476e-01
1317357970.946028948 2.28116050e+02 3.73598284e+02 -2.00040824e+01 -1.91585649e-02 2.43593755e-02 8.97475176e-01 4.39974861e-01
1317357971.049947023 2.27529551e+02 3.74360094e+02 -2.00451184e+01 -1.92351050e-02 2.52578423e-02 8.97335504e-01 4.40205685e-01
1317357971.153867960 2.26957110e+02 3.75118601e+02 -2.00801248e+01 -1.92103217e-02 2.53994635e-02 8.97117437e-01 4.40642865e-01
1317357971.257786989 2.26376958e+02 3.75873325e+02 -2.01129054e+01 -1.92042109e-02 2.52177884e-02 8.96832138e-01 4.41233926e-01
1317357971.361704111 2.25780650e+02 3.76618650e+02 -2.01522613e+01 -1.89413011e-02 2.57149932e-02 8.96677947e-01 4.41529869e-01
1317357971.465600014 2.25194649e+02 3.77383986e+02 -2.01910213e+01 -1.97839846e-02 2.57327566e-02 8.96460582e-01 4.41933077e-01
1317357971.569494009 2.24598055e+02 3.78144687e+02 -2.02402437e+01 -2.02648700e-02 2.67205704e-02 8.96226143e-01 4.42327985e-01
1317357971.673388958 2.24016615e+02 3.78884976e+02 -2.02769517e+01 -1.98672308e-02 2.79563337e-02 8.95922723e-01 4.42883969e-01
1317357971.777283907 2.23429760e+02 3.79651267e+02 -2.03204630e+01 -1.98446958e-02 2.82699370e-02 8.95794475e-01 4.43124427e-01
1317357971.881203890 2.22847131e+02 3.80388452e+02 -2.03549661e+01 -1.93099190e-02 2.84917332e-02 8.95425369e-01 4.43879214e-01
1317357971.985121965 2.22281053e+02 3.81133160e+02 -2.03991736e+01 -1.88144370e-02 2.79719562e-02 8.95268394e-01 4.44250031e-01
1317357972.089063883 2.21716160e+02 3.81876783e+02 -2.04338853e+01 -1.82250733e-02 2.69003140e-02 8.95456595e-01 4.43961378e-01
1317357972.193006039 2.21157322e+02 3.82612189e+02 -2.04729734e+01 -1.94971716e-02 2.65098676e-02 8.95446304e-01 4.43951577e-01
1317357972.296924114 2.20615817e+02 3.83337732e+02 -2.05142367e+01 -2.03765793e-02 2.74699371e-02 8.95133706e-01 4.44483797e-01
1317357972.400844097 2.20048068e+02 3.84075128e+02 -2.05557693e+01 -2.05803939e-02 2.75424437e-02 8.95154485e-01 4.44428070e-01
1317357972.504786968 2.19491707e+02 3.84795206e+02 -2.06034762e+01 -1.99040964e-02 2.77239836e-02 8.94924314e-01 4.44910867e-01
1317357972.608728886 2.18929780e+02 3.85531093e+02 -2.06510855e+01 -2.04236001e-02 2.81560966e-02 8.94699885e-01 4.45311382e-01
1317357972.712647915 2.18391334e+02 3.86248051e+02 -2.06900907e+01 -2.04941296e-02 2.98134374e-02 8.94435689e-01 4.45730802e-01
1317357972.816589117 2.17836341e+02 3.86983688e+02 -2.07268590e+01 -2.07149065e-02 2.96325824e-02 8.94533097e-01 4.45537138e-01
1317357972.920531988 2.17287083e+02 3.87703356e+02 -2.07670200e+01 -2.03710945e-02 2.92937511e-02 8.94686098e-01 4.45268099e-01
1317357973.024476051 2.16740666e+02 3.88424229e+02 -2.08064039e+01 -2.03525364e-02 2.91544603e-02 8.94678971e-01 4.45292410e-01
1317357973.128443956 2.16197417e+02 3.89143663e+02 -2.08419313e+01 -2.07999388e-02 3.01271666e-02 8.94336651e-01 4.45894238e-01
1317357973.232410908 2.15647152e+02 3.89866571e+02 -2.08837908e+01 -2.19031017e-02 3.05085179e-02 8.94303362e-01 4.45882250e-01
1317357973.336376905 2.15111582e+02 3.90579362e+02 -2.09180892e+01 -2.16551761e-02 3.16622961e-02 8.94240331e-01 4.45940336e-01
1317357973.440342903 2.14565291e+02 3.91260060e+02 -2.09632522e+01 -2.14541835e-02 3.19704465e-02 8.94147549e-01 4.46114077e-01
1317357973.544308901 2.14045038e+02 3.91941719e+02 -2.10023324e+01 -2.01812748e-02 3.20002422e-02 8.94038370e-01 4.46390068e-01
1317357973.648277044 2.13507160e+02 3.92646855e+02 -2.10363239e+01 -1.85844020e-02 3.24018172e-02 8.94034885e-01 4.46437416e-01
1317357973.752243996 2.12996808e+02 3.93302081e+02 -2.10810268e+01 -1.79692062e-02 3.17461706e-02 8.94044503e-01 4.46490442e-01
1317357973.856209993 2.12470151e+02 3.93996187e+02 -2.11230300e+01 -1.88699579e-02 3.17394245e-02 8.94070389e-01 4.46401919e-01
1317357973.960175991 2.11972872e+02 3.94651569e+02 -2.11646347e+01 -2.12940175e-02 3.12075193e-02 8.94292341e-01 4.45885484e-01
1317357974.064143896 2.11443492e+02 3.95340213e+02 -2.12067483e+01 -2.23330561e-02 3.18589725e-02 8.94671801e-01 4.45026526e-01
1317357974.168112040 2.10943559e+02 3.95998731e+02 -2.12507760e+01 -2.33142410e-02 3.12427672e-02 8.94930370e-01 4.44499683e-01
1317357974.272078991 2.10465140e+02 3.96651969e+02 -2.13036083e+01 -2.29210288e-02 3.23227906e-02 8.94957596e-01 4.44388079e-01
1317357974.376023054 2.09943720e+02 3.97336456e+02 -2.13493431e+01 -2.27182192e-02 3.28340685e-02 8.95395645e-01 4.43477672e-01
1317357974.479963064 2.09438461e+02 3.98005199e+02 -2.13935471e+01 -2.21008421e-02 3.33381435e-02 8.95852354e-01 4.42547941e-01
1317357974.583928108 2.08933405e+02 3.98638760e+02 -2.14320289e+01 -2.11902505e-02 3.30344229e-02 8.96749536e-01 4.40794702e-01
1317357974.687870979 2.08404640e+02 3.99305016e+02 -2.14698829e+01 -1.99573650e-02 3.22201150e-02 8.97818544e-01 4.38731614e-01
1317357974.791815042 2.07878006e+02 3.99964402e+02 -2.15174766e+01 -1.96412140e-02 3.17219512e-02 8.98582635e-01 4.37215266e-01
1317357974.895781994 2.07343557e+02 4.00638844e+02 -2.15557932e+01 -2.04878175e-02 3.20754168e-02 8.98940659e-01 4.36413919e-01
1317357974.999749899 2.06805789e+02 4.01310993e+02 -2.16030834e+01 -2.12787125e-02 3.26798771e-02 8.99346889e-01 4.35493302e-01
1317357975.103717089 2.06290039e+02 4.01973831e+02 -2.16520876e+01 -2.11033178e-02 3.24938564e-02 8.99495539e-01 4.35208656e-01
1317357975.207681894 2.05768976e+02 4.02621893e+02 -2.17051758e+01 -1.98288151e-02 3.22196359e-02 8.99820355e-01 4.34617120e-01
1317357975.311650038 2.05230147e+02 4.03293288e+02 -2.17464276e+01 -1.91074130e-02 3.13798878e-02 9.00293356e-01 4.33730426e-01
1317357975.415616989 2.04685720e+02 4.03967670e+02 -2.17895540e+01 -1.91613590e-02 3.12404732e-02 9.00697045e-01 4.32899189e-01
1317357975.519608021 2.04152399e+02 4.04641100e+02 -2.18383304e+01 -2.01527139e-02 3.11798204e-02 9.00793295e-01 4.32658210e-01
1317357975.623599052 2.03596097e+02 4.05325482e+02 -2.18800967e+01 -2.09134787e-02 3.08806766e-02 9.00968754e-01 4.32278053e-01
1317357975.727564096 2.03059314e+02 4.05995924e+02 -2.19296494e+01 -2.13757597e-02 3.08771497e-02 9.00885595e-01 4.32428981e-01
1317357975.831506968 2.02488483e+02 4.06694542e+02 -2.19771579e+01 -2.18439370e-02 3.04967262e-02 9.01133259e-01 4.31916244e-01
1317357975.935426950 2.01939653e+02 4.07380879e+02 -2.20278882e+01 -2.19969343e-02 2.94363793e-02 9.00787234e-01 4.32703123e-01
1317357976.039370060 2.01379441e+02 4.08065166e+02 -2.20692054e+01 -2.17297034e-02 2.81641734e-02 9.01020719e-01 4.32315004e-01
1317357976.143312931 2.00819525e+02 4.08756108e+02 -2.21135657e+01 -2.15568149e-02 2.71328666e-02 9.01286486e-01 4.31835365e-01
1317357976.247231007 2.00267517e+02 4.09444208e+02 -2.21562262e+01 -2.21111348e-02 2.72343409e-02 9.01265052e-01 4.31845684e-01
1317357976.351147890 1.99709959e+02 4.10135422e+02 -2.22036513e+01 -2.32139949e-02 2.71641638e-02 9.01153528e-01 4.32024928e-01
1317357976.455066919 1.99146267e+02 4.10836208e+02 -2.22554692e+01 -2.39567180e-02 2.72581592e-02 9.01410258e-01 4.31442483e-01
1317357976.558986902 1.98583727e+02 4.11530007e+02 -2.23141036e+01 -2.52312718e-02 2.77087011e-02 9.01584037e-01 4.30977766e-01
1317357976.662906885 1.98022662e+02 4.12225705e+02 -2.23634178e+01 -2.56975476e-02 2.82196178e-02 9.01712662e-01 4.30647842e-01
1317357976.766824961 1.97456462e+02 4.12907076e+02 -2.24039498e+01 -2.53875106e-02 2.81416746e-02 9.01896470e-01 4.30286275e-01
1317357976.870742083 1.96912373e+02 4.13581301e+02 -2.24437369e+01 -2.39555044e-02 2.83479659e-02 9.01770151e-01 4.30619463e-01
1317357976.974690914 1.96359894e+02 4.14256554e+02 -2.24907197e+01 -2.36898397e-02 2.72536923e-02 9.01672885e-01 4.30908385e-01
1317357977.078681946 1.95805600e+02 4.14933769e+02 -2.25345000e+01 -2.42061683e-02 2.78928841e-02 9.01067832e-01 4.32102778e-01
1317357977.182667971 1.95242670e+02 4.15615230e+02 -2.25773003e+01 -2.56069071e-02 2.66912370e-02 9.00480529e-01 4.33320530e-01
1317357977.286634922 1.94683570e+02 4.16299269e+02 -2.26227640e+01 -2.53445311e-02 2.61214621e-02 8.99874583e-01 4.34627494e-01
1317357977.390602112 1.94153436e+02 4.16958847e+02 -2.26716941e+01 -2.49526456e-02 2.40803324e-02 8.99393917e-01 4.35761500e-01
1317357977.494568110 1.93610894e+02 4.17633946e+02 -2.27173827e+01 -2.47095448e-02 2.37661685e-02 8.98800471e-01 4.37015240e-01
1317357977.598510027 1.93114847e+02 4.18259976e+02 -2.27560868e+01 -2.46659694e-02 2.39791037e-02 8.97441668e-01 4.39789773e-01
1317357977.702452898 1.92617839e+02 4.18897657e+02 -2.27882247e+01 -2.43659958e-02 2.43488910e-02 8.95988345e-01 4.42739558e-01
1317357977.806396961 1.92119657e+02 4.19538076e+02 -2.28274405e+01 -2.40861001e-02 2.45730366e-02 8.94951207e-01 4.44835208e-01
1317357977.910341024 1.91649829e+02 4.20146608e+02 -2.28721707e+01 -2.48773156e-02 2.37617737e-02 8.93687782e-01 4.47368580e-01
1317357978.014306068 1.91179435e+02 4.20771666e+02 -2.29189546e+01 -2.57050176e-02 2.58110390e-02 8.92543294e-01 4.49488053e-01
1317357978.118271112 1.90725956e+02 4.21383189e+02 -2.29515335e+01 -2.64526566e-02 2.64070391e-02 8.91026222e-01 4.52410429e-01
1317357978.222285986 1.90286527e+02 4.21973776e+02 -2.29862105e+01 -2.64238387e-02 2.47770820e-02 8.89119876e-01 4.56238669e-01
1317357978.326350927 1.89875937e+02 4.22546276e+02 -2.30158693e+01 -2.61734981e-02 2.25391333e-02 8.86873561e-01 4.60719245e-01
1317357978.430437088 1.89493186e+02 4.23132970e+02 -2.30528732e+01 -2.46950205e-02 2.27099496e-02 8.83847453e-01 4.66570567e-01
1317357978.534570932 1.89114524e+02 4.23696473e+02 -2.30860319e+01 -2.47286291e-02 2.23477361e-02 8.79909539e-01 4.73970755e-01
1317357978.638705015 1.88769942e+02 4.24273258e+02 -2.31115406e+01 -2.50319661e-02 2.28177788e-02 8.75105937e-01 4.82744600e-01
1317357978.742816925 1.88419512e+02 4.24835778e+02 -2.31433764e+01 -2.53725857e-02 2.30833546e-02 8.70699675e-01 4.90617434e-01
1317357978.846926928 1.88118324e+02 4.25392585e+02 -2.31748077e+01 -2.57482409e-02 2.52682659e-02 8.65780606e-01 4.99121714e-01
1317357978.951014042 1.87824304e+02 4.25916731e+02 -2.32109476e+01 -2.59565437e-02 2.81037732e-02 8.60838305e-01 5.07438518e-01
1317357979.055104971 1.87550679e+02 4.26422450e+02 -2.32466905e+01 -2.58276495e-02 3.03127514e-02 8.55763874e-01 5.15831621e-01
1317357979.159224033 1.87294248e+02 4.26911730e+02 -2.32689931e+01 -2.54924686e-02 3.20345897e-02 8.50140576e-01 5.24961827e-01
1317357979.263354063 1.87049870e+02 4.27392754e+02 -2.32993493e+01 -2.47871966e-02 3.21985436e-02 8.44001996e-01 5.34798541e-01
1317357979.367505074 1.86883885e+02 4.27815428e+02 -2.33180382e+01 -2.42059641e-02 3.13093869e-02 8.36643206e-01 5.46316703e-01
1317357979.471664906 1.86739047e+02 4.28265345e+02 -2.33474580e+01 -2.34663092e-02 3.11804990e-02 8.28635711e-01 5.58426330e-01
1317357979.575870991 1.86573836e+02 4.28717546e+02 -2.33791038e+01 -2.17950763e-02 3.06687546e-02 8.19721736e-01 5.71524870e-01
1317357979.680124998 1.86461878e+02 4.29157672e+02 -2.34066972e+01 -2.05348035e-02 3.11270600e-02 8.08744113e-01 5.86977331e-01
1317357979.784379005 1.86343179e+02 4.29616936e+02 -2.34333234e+01 -1.98639397e-02 3.25196446e-02 7.96807401e-01 6.03030565e-01
1317357979.888609886 1.86254689e+02 4.30066548e+02 -2.34620928e+01 -1.98462364e-02 3.33550855e-02 7.84218625e-01 6.19269500e-01
1317357979.992818117 1.86162576e+02 4.30529791e+02 -2.34813376e+01 -2.03159603e-02 3.22396641e-02 7.71422953e-01 6.35180677e-01
1317357980.097047091 1.86108162e+02 4.30972647e+02 -2.35061234e+01 -1.91049543e-02 3.15288918e-02 7.57655103e-01 6.51613132e-01
1317357980.201253891 1.86072602e+02 4.31435291e+02 -2.35348479e+01 -1.85500298e-02 3.10852290e-02 7.43446294e-01 6.67815253e-01
1317357980.305389881 1.86079445e+02 4.31872964e+02 -2.35573498e+01 -1.66074985e-02 3.32065344e-02 7.28758849e-01 6.83763158e-01
1317357980.409499884 1.86083952e+02 4.32326046e+02 -2.35817823e+01 -1.58692931e-02 3.35954138e-02 7.14374902e-01 6.98776082e-01
1317357980.513607979 1.86117109e+02 4.32761236e+02 -2.35982304e+01 -1.74453467e-02 3.20841854e-02 6.99320524e-01 7.13874688e-01
1317357980.617697954 1.86164087e+02 4.33219152e+02 -2.36284151e+01 -2.04367322e-02 2.83532928e-02 6.84352299e-01 7.28313368e-01
1317357980.721736908 1.86210133e+02 4.33677438e+02 -2.36719520e+01 -2.10981629e-02 2.50180154e-02 6.69737529e-01 7.41876410e-01
1317357980.825774908 1.86308795e+02 4.34153218e+02 -2.36994731e+01 -1.78951515e-02 2.52413512e-02 6.54754225e-01 7.55208277e-01
1317357980.929837942 1.86422460e+02 4.34634347e+02 -2.37255431e+01 -1.39319320e-02 2.74821800e-02 6.39477781e-01 7.68191902e-01
1317357981.033900976 1.86557967e+02 4.35131733e+02 -2.37317186e+01 -1.35464572e-02 2.87728123e-02 6.23062327e-01 7.81525403e-01
1317357981.137989044 1.86689202e+02 4.35659688e+02 -2.37480305e+01 -1.76181454e-02 2.59101378e-02 6.05577770e-01 7.95169058e-01
1317357981.242124081 1.86850484e+02 4.36198532e+02 -2.38183980e+01 -2.29783674e-02 2.18743685e-02 5.86839600e-01 8.09081449e-01
1317357981.346260071 1.87046744e+02 4.36744047e+02 -2.38681939e+01 -2.55593553e-02 2.09736904e-02 5.67259329e-01 8.22875250e-01
1317357981.450345993 1.87308568e+02 4.37268728e+02 -2.38831742e+01 -2.54688362e-02 2.13110173e-02 5.46857525e-01 8.36566809e-01
1317357981.554430962 1.87579161e+02 4.37801834e+02 -2.39200630e+01 -2.52819983e-02 2.04806798e-02 5.26287046e-01 8.49684240e-01
1317357981.658516884 1.87894661e+02 4.38303294e+02 -2.39447912e+01 -2.57550793e-02 1.91454143e-02 5.04633740e-01 8.62736876e-01
1317357981.762557030 1.88241299e+02 4.38854737e+02 -2.39871939e+01 -2.65512873e-02 1.82415161e-02 4.83552698e-01 8.74722279e-01
1317357981.866547108 1.88647769e+02 4.39391977e+02 -2.40252271e+01 -2.69552391e-02 1.82397508e-02 4.63394709e-01 8.85554104e-01
1317357981.970489025 1.89059318e+02 4.39942036e+02 -2.40574008e+01 -2.74328375e-02 1.76879552e-02 4.44477623e-01 8.95195073e-01
1317357982.074359894 1.89522783e+02 4.40485092e+02 -2.40879393e+01 -2.84865938e-02 1.70563203e-02 4.26927599e-01 9.03676060e-01
1317357982.178138018 1.90005619e+02 4.41042105e+02 -2.41261301e+01 -2.92568604e-02 1.70201765e-02 4.11412345e-01 9.10820637e-01
1317357982.281863928 1.90512302e+02 4.41561521e+02 -2.41668563e+01 -3.02740639e-02 1.73840766e-02 3.96582326e-01 9.17335126e-01
1317357982.385565042 1.91041822e+02 4.42099002e+02 -2.42000669e+01 -3.12643399e-02 1.77521793e-02 3.83400155e-01 9.22882291e-01
1317357982.489268064 1.91597679e+02 4.42627604e+02 -2.42389804e+01 -3.20519758e-02 1.85385859e-02 3.71025635e-01 9.27884136e-01
1317357982.592947006 1.92181449e+02 4.43169702e+02 -2.42805250e+01 -3.28599029e-02 1.87922191e-02 3.60438505e-01 9.32014572e-01
1317357982.696602106 1.92762603e+02 4.43701643e+02 -2.43212881e+01 -3.26553152e-02 1.88257407e-02 3.50862814e-01 9.35667947e-01
1317357982.800256968 1.93383291e+02 4.44244947e+02 -2.43640702e+01 -3.27333830e-02 1.82761709e-02 3.43339404e-01 9.38462871e-01
1317357982.903912067 1.94030493e+02 4.44794723e+02 -2.44092459e+01 -3.18538875e-02 1.79403273e-02 3.36643342e-01 9.40922279e-01
1317357983.007587910 1.94692366e+02 4.45337384e+02 -2.44507780e+01 -3.12154709e-02 1.79673753e-02 3.31726995e-01 9.42687630e-01
1317357983.111242056 1.95380409e+02 4.45874669e+02 -2.44964313e+01 -3.07539233e-02 1.85433717e-02 3.27379187e-01 9.44210362e-01
1317357983.214898109 1.96082761e+02 4.46425709e+02 -2.45386386e+01 -3.01798898e-02 1.85580117e-02 3.24665011e-01 9.45165279e-01
1317357983.318552971 1.96799797e+02 4.46984453e+02 -2.45831614e+01 -2.87809271e-02 1.80039792e-02 3.23264975e-01 9.45699356e-01
1317357983.422183990 1.97546149e+02 4.47505055e+02 -2.46177311e+01 -2.68751523e-02 1.71914552e-02 3.21995839e-01 9.46203392e-01
1317357983.525863886 1.98294342e+02 4.48076392e+02 -2.46576940e+01 -2.58452893e-02 1.61500106e-02 3.21953990e-01 9.46264671e-01
1317357983.629589081 1.99057109e+02 4.48636010e+02 -2.46996017e+01 -2.53912993e-02 1.55868631e-02 3.21588297e-01 9.46410745e-01
1317357983.733314991 1.99811325e+02 4.49221670e+02 -2.47339600e+01 -2.50940617e-02 1.49420178e-02 3.21356361e-01 9.46507852e-01
1317357983.837042093 2.00585692e+02 4.49811968e+02 -2.47708805e+01 -2.41473636e-02 1.52448742e-02 3.20474842e-01 9.46826475e-01
1317357983.940769911 2.01363026e+02 4.50402787e+02 -2.48052008e+01 -2.39784415e-02 1.62844480e-02 3.20299172e-01 9.46872902e-01
1317357984.044519901 2.02132765e+02 4.50987418e+02 -2.48401624e+01 -2.36954596e-02 1.78689585e-02 3.19720928e-01 9.47046859e-01
1317357984.148271084 2.02908858e+02 4.51578221e+02 -2.48749184e+01 -2.29508360e-02 1.94876897e-02 3.19631979e-01 9.47063296e-01
1317357984.252023935 2.03685633e+02 4.52186685e+02 -2.49116291e+01 -2.26766242e-02 2.06244876e-02 3.19856107e-01 9.46970154e-01
1317357984.355798960 2.04477467e+02 4.52787900e+02 -2.49508392e+01 -2.20314232e-02 2.12054277e-02 3.20197422e-01 9.46857200e-01
1317357984.459597111 2.05264046e+02 4.53398681e+02 -2.49866517e+01 -2.08929567e-02 2.07310281e-02 3.20520533e-01 9.46784187e-01
1317357984.563419104 2.06045385e+02 4.54002365e+02 -2.50224792e+01 -2.10015333e-02 1.95697690e-02 3.20769491e-01 9.46722184e-01
1317357984.667242050 2.06852855e+02 4.54611452e+02 -2.50602879e+01 -2.11928319e-02 1.93150436e-02 3.20792340e-01 9.46715410e-01
1317357984.771065950 2.07631331e+02 4.55216953e+02 -2.50953028e+01 -2.22542048e-02 1.94536509e-02 3.20751919e-01 9.46701913e-01
1317357984.874890089 2.08416920e+02 4.55823470e+02 -2.51339276e+01 -2.18006549e-02 1.93438555e-02 3.20659013e-01 9.46746188e-01
1317357984.978712082 2.09197592e+02 4.56430287e+02 -2.51695699e+01 -2.16210046e-02 1.94334612e-02 3.20478030e-01 9.46809751e-01
1317357985.082535982 2.09972379e+02 4.57017922e+02 -2.52004790e+01 -2.19553183e-02 1.98156910e-02 3.20010500e-01 9.46952260e-01
1317357985.186357975 2.10749282e+02 4.57608812e+02 -2.52344259e+01 -2.27339104e-02 2.09595306e-02 3.19729453e-01 9.47004194e-01
1317357985.290182114 2.11527017e+02 4.58185749e+02 -2.52738875e+01 -2.29159167e-02 2.23315141e-02 3.19277362e-01 9.47120969e-01
1317357985.394005060 2.12312578e+02 4.58766829e+02 -2.53131740e+01 -2.26626402e-02 2.37356369e-02 3.19262284e-01 9.47097998e-01
1317357985.497826099 2.13066499e+02 4.59318362e+02 -2.53451862e+01 -2.32188576e-02 2.40102638e-02 3.18908285e-01 9.47196863e-01
1317357985.601624012 2.13834144e+02 4.59898678e+02 -2.53849067e+01 -2.37180026e-02 2.39784735e-02 3.19337330e-01 9.47040738e-01
1317357985.705423117 2.14578367e+02 4.60476082e+02 -2.54282642e+01 -2.42762704e-02 2.39154863e-02 3.19419450e-01 9.47000490e-01
1317357985.809245110 2.15333208e+02 4.61045841e+02 -2.54664724e+01 -2.54175225e-02 2.47488124e-02 3.19362249e-01 9.46968426e-01
1317357985.913042068 2.16062975e+02 4.61618607e+02 -2.55042145e+01 -2.61398411e-02 2.64009108e-02 3.18915645e-01 9.47054651e-01
1317357986.016844988 2.16790685e+02 4.62176785e+02 -2.55509695e+01 -2.72591732e-02 2.74676385e-02 3.18792647e-01 9.47034168e-01
1317357986.120692015 2.17493842e+02 4.62725662e+02 -2.55860425e+01 -2.78428939e-02 2.70757635e-02 3.18291336e-01 9.47197076e-01
1317357986.224560022 2.18162592e+02 4.63251020e+02 -2.56272695e+01 -2.76007736e-02 2.48517779e-02 3.17655739e-01 9.47478453e-01
1317357986.328429937 2.18838434e+02 4.63763966e+02 -2.56600122e+01 -2.69249426e-02 2.10975099e-02 3.16435923e-01 9.47996967e-01
1317357986.432301044 2.19483422e+02 4.64262361e+02 -2.56955075e+01 -2.63712128e-02 1.86504869e-02 3.15138731e-01 9.48495808e-01
1317357986.536195993 2.20130256e+02 4.64759240e+02 -2.57293576e+01 -2.68441493e-02 1.87765255e-02 3.13570283e-01 9.48999743e-01
1317357986.640090942 2.20734442e+02 4.65240801e+02 -2.57484157e+01 -2.83642113e-02 2.09112787e-02 3.11489012e-01 9.49596117e-01
1317357986.744010925 2.21355555e+02 4.65723578e+02 -2.57798265e+01 -2.93144180e-02 2.26883955e-02 3.08323038e-01 9.50559207e-01
1317357986.848023891 2.21952451e+02 4.66160019e+02 -2.58065525e+01 -2.98843019e-02 2.28759978e-02 3.03891454e-01 9.51963025e-01
1317357986.952086926 2.22532769e+02 4.66586041e+02 -2.58378619e+01 -3.06142667e-02 2.32472069e-02 2.97180900e-01 9.54047088e-01
1317357987.056197882 2.23110426e+02 4.66942909e+02 -2.58704909e+01 -3.18930304e-02 2.40628610e-02 2.88655430e-01 9.56599109e-01
1317357987.160353899 2.23696469e+02 4.67321402e+02 -2.59025794e+01 -3.22835221e-02 2.56245655e-02 2.79174671e-01 9.59355335e-01
1317357987.264538050 2.24260022e+02 4.67680927e+02 -2.59314865e+01 -3.22431943e-02 2.62147674e-02 2.67621717e-01 9.62627539e-01
1317357987.368768930 2.24837021e+02 4.67982301e+02 -2.59607656e+01 -3.22643190e-02 2.57208541e-02 2.53998627e-01 9.66324039e-01
1317357987.473071098 2.25409099e+02 4.68297988e+02 -2.59887499e+01 -3.22379066e-02 2.41675468e-02 2.36969023e-01 9.70681374e-01
1317357987.577423096 2.25995857e+02 4.68513140e+02 -2.60203015e+01 -3.36351241e-02 2.17187793e-02 2.17537033e-01 9.75230543e-01
1317357987.681797981 2.26598839e+02 4.68781649e+02 -2.60451018e+01 -3.40900421e-02 1.98413008e-02 1.96340002e-01 9.79742209e-01
1317357987.786171913 2.27240944e+02 4.68959855e+02 -2.60689744e+01 -3.38426174e-02 1.90947836e-02 1.73184449e-01 9.84122560e-01
1317357987.890497923 2.27872019e+02 4.69146455e+02 -2.60874986e+01 -3.35835209e-02 1.77182333e-02 1.48306007e-01 9.88212295e-01
1317357987.994777918 2.28530830e+02 4.69257361e+02 -2.61028883e+01 -3.23020679e-02 1.61675596e-02 1.23078321e-01 9.91739337e-01
1317357988.099037886 2.29169356e+02 4.69317106e+02 -2.61085400e+01 -3.23108831e-02 1.56745663e-02 9.71551970e-02 9.94621125e-01
1317357988.203269005 2.29805603e+02 4.69406273e+02 -2.61224241e+01 -3.25625590e-02 1.55442055e-02 7.22187520e-02 9.96735928e-01
1317357988.307446003 2.30433293e+02 4.69435436e+02 -2.61321297e+01 -3.26674081e-02 1.51816841e-02 4.71161744e-02 9.98239662e-01
1317357988.411603928 2.31064783e+02 4.69463507e+02 -2.61369831e+01 -3.29525329e-02 1.40821976e-02 2.23544404e-02 9.99107652e-01
1317357988.515769958 2.31693647e+02 4.69453370e+02 -2.61439182e+01 -3.38365004e-02 9.89127120e-03 -3.17514083e-03 9.99373390e-01
1317357988.619927883 2.32329630e+02 4.69412852e+02 -2.61432769e+01 -3.38367396e-02 6.52516679e-03 -2.92838529e-02 9.98976953e-01
1317357988.724078894 2.32965968e+02 4.69345720e+02 -2.61476250e+01 -3.50999536e-02 3.84128431e-03 -5.52830410e-02 9.97846192e-01
1317357988.828213930 2.33615202e+02 4.69214324e+02 -2.61625118e+01 -3.41255256e-02 2.17678771e-03 -8.20371070e-02 9.96042481e-01
1317357988.932326078 2.34269106e+02 4.69069473e+02 -2.61539986e+01 -3.40277474e-02 2.82263080e-03 -1.08179888e-01 9.93544794e-01
1317357989.036412954 2.34921579e+02 4.68866523e+02 -2.61363430e+01 -3.39840402e-02 3.31244322e-03 -1.33756399e-01 9.90425837e-01
1317357989.140474081 2.35582992e+02 4.68654265e+02 -2.61122486e+01 -3.48443648e-02 2.49348462e-03 -1.58355309e-01 9.86764029e-01
1317357989.244488955 2.36235103e+02 4.68408753e+02 -2.61021859e+01 -3.44820297e-02 1.88067103e-03 -1.81911480e-01 9.82708332e-01
1317357989.348434925 2.36858701e+02 4.68147543e+02 -2.60817680e+01 -3.44855673e-02 7.78665303e-04 -2.04284588e-01 9.78303607e-01
1317357989.452353954 2.37498096e+02 4.67843210e+02 -2.60744336e+01 -3.37012665e-02 -8.18544821e-04 -2.24889498e-01 9.73800939e-01
1317357989.556222916 2.38121161e+02 4.67503983e+02 -2.60517482e+01 -3.33540693e-02 -1.20992074e-03 -2.44615491e-01 9.69045563e-01
1317357989.660047054 2.38741525e+02 4.67152196e+02 -2.60238303e+01 -3.34072094e-02 -1.84061335e-03 -2.63132959e-01 9.64179245e-01
1317357989.763869047 2.39368831e+02 4.66729978e+02 -2.59986869e+01 -3.40175568e-02 -2.60516533e-03 -2.80694015e-01 9.59190747e-01
1317357989.867667913 2.39960750e+02 4.66280163e+02 -2.59690719e+01 -3.27314118e-02 -4.69284588e-03 -2.97233839e-01 9.54231983e-01
1317357989.971442938 2.40575444e+02 4.65833310e+02 -2.59458916e+01 -3.22051770e-02 -6.78299532e-03 -3.11846649e-01 9.49562260e-01
1317357990.075193882 2.41189108e+02 4.65335256e+02 -2.59149715e+01 -3.10760331e-02 -6.98346800e-03 -3.25882511e-01 9.44873590e-01
1317357990.178919077 2.41807275e+02 4.64841248e+02 -2.58846810e+01 -2.99566903e-02 -6.22483897e-03 -3.37820098e-01 9.40713256e-01
1317357990.282622099 2.42429219e+02 4.64314060e+02 -2.58558189e+01 -2.75143506e-02 -6.43439430e-03 -3.48615309e-01 9.36839861e-01
1317357990.386327028 2.43022813e+02 4.63747193e+02 -2.58173101e+01 -2.62301931e-02 -7.40436701e-03 -3.58594822e-01 9.33095336e-01
1317357990.490052938 2.43639827e+02 4.63173987e+02 -2.57823529e+01 -2.59729276e-02 -9.35753804e-03 -3.66059549e-01 9.30181837e-01
1317357990.593779087 2.44248474e+02 4.62567136e+02 -2.57422176e+01 -2.66100635e-02 -9.86116476e-03 -3.73576089e-01 9.27165340e-01
1317357990.697482109 2.44873652e+02 4.61955557e+02 -2.57009793e+01 -2.64752760e-02 -9.97665616e-03 -3.79543556e-01 9.24741161e-01
1317357990.801183939 2.45500159e+02 4.61316079e+02 -2.56591737e+01 -2.59739315e-02 -9.40692490e-03 -3.85416064e-01 9.22329292e-01
1317357990.904885054 2.46136836e+02 4.60661332e+02 -2.56140041e+01 -2.57486337e-02 -8.77812981e-03 -3.89525451e-01 9.20613858e-01
1317357991.008563042 2.46788917e+02 4.59990198e+02 -2.55745310e+01 -2.54979274e-02 -7.94760019e-03 -3.92626611e-01 9.19310087e-01
1317357991.112243891 2.47438143e+02 4.59307420e+02 -2.55379942e+01 -2.48640003e-02 -7.45689777e-03 -3.95092421e-01 9.18274553e-01
1317357991.215946913 2.48070230e+02 4.58623723e+02 -2.55025751e+01 -2.37745915e-02 -7.02516705e-03 -3.97564962e-01 9.17239073e-01
1317357991.319672108 2.48726243e+02 4.57927612e+02 -2.54607289e+01 -2.31699565e-02 -7.81603880e-03 -3.98511251e-01 9.16837415e-01
1317357991.423424959 2.49358921e+02 4.57260660e+02 -2.54301541e+01 -2.22767606e-02 -8.16120553e-03 -4.00568514e-01 9.15959609e-01
1317357991.527224064 2.50019106e+02 4.56566711e+02 -2.53866161e+01 -2.22908401e-02 -7.69053511e-03 -4.02704655e-01 9.15026194e-01
1317357991.631021976 2.50695695e+02 4.55851063e+02 -2.53436258e+01 -2.27284006e-02 -6.94590623e-03 -4.03939474e-01 9.14476941e-01
1317357991.734795094 2.51331929e+02 4.55120407e+02 -2.52979002e+01 -2.34175015e-02 -6.37761480e-03 -4.06322721e-01 9.13407244e-01
1317357991.838594913 2.51979334e+02 4.54396655e+02 -2.52551872e+01 -2.49026011e-02 -6.14517395e-03 -4.08315028e-01 9.12480649e-01
1317357991.942395926 2.52630230e+02 4.53654451e+02 -2.52110095e+01 -2.49429820e-02 -6.93291031e-03 -4.11241405e-01 9.11158762e-01
1317357992.046195984 2.53308201e+02 4.52900366e+02 -2.51695311e+01 -2.62476287e-02 -7.23256080e-03 -4.12798129e-01 9.10415541e-01
1317357992.149995089 2.53983713e+02 4.52134978e+02 -2.51282103e+01 -2.71867791e-02 -7.40158520e-03 -4.14826607e-01 9.09464118e-01
1317357992.253793001 2.54627784e+02 4.51378742e+02 -2.50805138e+01 -2.83630565e-02 -6.94475704e-03 -4.17432595e-01 9.08238590e-01
1317357992.357614994 2.55302845e+02 4.50595772e+02 -2.50334266e+01 -2.87484013e-02 -6.18120042e-03 -4.19312452e-01 9.07365632e-01
1317357992.461436987 2.55957724e+02 4.49812613e+02 -2.49834484e+01 -2.94525712e-02 -5.44637920e-03 -4.21575779e-01 9.06298376e-01
1317357992.565258980 2.56627138e+02 4.49015315e+02 -2.49341621e+01 -2.98349526e-02 -4.65859825e-03 -4.23593959e-01 9.05348735e-01
1317357992.669080973 2.57298534e+02 4.48216887e+02 -2.48877418e+01 -2.99894977e-02 -3.98749626e-03 -4.26207243e-01 9.04119525e-01
1317357992.772880077 2.57970770e+02 4.47401433e+02 -2.48435219e+01 -2.95595823e-02 -2.92404087e-03 -4.27570739e-01 9.03493743e-01
1317357992.876681089 2.58648497e+02 4.46579181e+02 -2.47983326e+01 -2.89525569e-02 -2.04689568e-03 -4.29404060e-01 9.02645951e-01
1317357992.980478048 2.59287767e+02 4.45793526e+02 -2.47505456e+01 -2.81758978e-02 -2.01643651e-03 -4.31496665e-01 9.01672158e-01
1317357993.084252119 2.59947740e+02 4.44986228e+02 -2.47036981e+01 -2.91381906e-02 -3.25621897e-03 -4.32649803e-01 9.01085185e-01
1317357993.188052893 2.60596285e+02 4.44198544e+02 -2.46622600e+01 -3.07869883e-02 -4.89560708e-03 -4.34401120e-01 9.00179905e-01
1317357993.291851997 2.61238093e+02 4.43404711e+02 -2.46025148e+01 -3.17646856e-02 -6.20034599e-03 -4.35725420e-01 8.99497593e-01
1317357993.395652056 2.61900412e+02 4.42586281e+02 -2.45483302e+01 -3.27969506e-02 -5.92957839e-03 -4.37085948e-01 8.98802022e-01
1317357993.499474049 2.62550328e+02 4.41780459e+02 -2.44846032e+01 -3.38313685e-02 -4.63404960e-03 -4.38702706e-01 8.97983240e-01
1317357993.603296041 2.63206099e+02 4.40963194e+02 -2.44296320e+01 -3.38997457e-02 -2.80076110e-03 -4.40351999e-01 8.97180628e-01
1317357993.707142115 2.63854048e+02 4.40152371e+02 -2.43744808e+01 -3.46563299e-02 -2.01469266e-03 -4.42093719e-01 8.96296839e-01
1317357993.810987949 2.64471597e+02 4.39345700e+02 -2.43225268e+01 -3.72799731e-02 -1.90242185e-03 -4.44419409e-01 8.95040766e-01
1317357993.914833069 2.65091898e+02 4.38529342e+02 -2.42671374e+01 -3.97825394e-02 -1.72182849e-03 -4.46755635e-01 8.93769426e-01
1317357994.018703938 2.65723562e+02 4.37701243e+02 -2.42137925e+01 -4.03582084e-02 -8.42096117e-04 -4.49114212e-01 8.92562004e-01
1317357994.122575998 2.66344216e+02 4.36865782e+02 -2.41695838e+01 -3.89442820e-02 -1.19719872e-03 -4.51965697e-01 8.91183998e-01
1317357994.226423025 2.66965875e+02 4.36030224e+02 -2.41160686e+01 -3.85345833e-02 -1.40342852e-03 -4.54490647e-01 8.89916495e-01
1317357994.330271959 2.67557081e+02 4.35206939e+02 -2.40778866e+01 -3.78219157e-02 -8.86331181e-04 -4.57154248e-01 8.88582416e-01
1317357994.434118032 2.68170870e+02 4.34367732e+02 -2.40279429e+01 -3.65239505e-02 -1.18480027e-04 -4.59488391e-01 8.87432479e-01
1317357994.537964106 2.68762090e+02 4.33553083e+02 -2.39778671e+01 -3.51022039e-02 1.68593127e-04 -4.61818122e-01 8.86279769e-01
1317357994.641810894 2.69323198e+02 4.32720023e+02 -2.39233225e+01 -3.56813646e-02 -4.31874547e-04 -4.64484988e-01 8.84861769e-01
1317357994.745659113 2.69907451e+02 4.31874828e+02 -2.38652171e+01 -3.56621409e-02 -2.85230450e-03 -4.65578070e-01 8.84283403e-01
1317357994.849483013 2.70473653e+02 4.31019696e+02 -2.38130332e+01 -3.53553493e-02 -3.36829521e-03 -4.67135385e-01 8.83472233e-01
1317357994.953255892 2.71063630e+02 4.30168921e+02 -2.37667659e+01 -3.40685604e-02 -1.67623717e-03 -4.67728280e-01 8.83213892e-01
1317357995.057028055 2.71629118e+02 4.29311576e+02 -2.37204153e+01 -3.01588465e-02 -8.58113275e-04 -4.68506566e-01 8.82944679e-01
1317357995.160826921 2.72171229e+02 4.28458532e+02 -2.36750453e+01 -2.76825120e-02 -5.80241788e-04 -4.68817550e-01 8.82860944e-01
1317357995.264625072 2.72738928e+02 4.27604696e+02 -2.36219839e+01 -2.69428466e-02 -3.36216263e-03 -4.67714377e-01 8.83462529e-01
1317357995.368424892 2.73307138e+02 4.26764244e+02 -2.35816636e+01 -2.64961950e-02 -5.52819871e-03 -4.65759564e-01 8.84497269e-01
1317357995.472198963 2.73892998e+02 4.25920696e+02 -2.35418627e+01 -2.23725131e-02 -1.08459122e-02 -4.63313906e-01 8.85845394e-01
1317357995.575949907 2.74484162e+02 4.25065711e+02 -2.34808857e+01 -2.07484236e-02 -1.16382917e-02 -4.60641493e-01 8.87267416e-01
1317357995.679749012 2.75088580e+02 4.24235042e+02 -2.34286397e+01 -1.85566485e-02 -1.23655134e-02 -4.58464466e-01 8.88432934e-01
1317357995.783548117 2.75696835e+02 4.23393182e+02 -2.33742636e+01 -1.79060697e-02 -1.09971537e-02 -4.56249453e-01 8.89603772e-01
1317357995.887348890 2.76305901e+02 4.22565853e+02 -2.33318053e+01 -1.73477900e-02 -1.12639729e-02 -4.53416642e-01 8.91058654e-01
1317357995.991146088 2.76893880e+02 4.21775381e+02 -2.32698416e+01 -1.88171288e-02 -1.18387460e-02 -4.50194837e-01 8.92653555e-01
1317357996.094919920 2.77497377e+02 4.20956275e+02 -2.32256894e+01 -1.91136570e-02 -1.21052171e-02 -4.46706551e-01 8.94394426e-01
1317357996.198695898 2.78127007e+02 4.20128415e+02 -2.31761759e+01 -1.86712511e-02 -1.09341974e-02 -4.43262982e-01 8.96130435e-01
1317357996.302470922 2.78743207e+02 4.19329932e+02 -2.31247889e+01 -1.67449868e-02 -1.02662086e-02 -4.39673984e-01 8.97942647e-01
1317357996.406269073 2.79373931e+02 4.18531980e+02 -2.30729365e+01 -1.77976181e-02 -1.04660453e-02 -4.36348412e-01 8.99540866e-01
1317357996.510092020 2.80017818e+02 4.17724946e+02 -2.30257069e+01 -1.89216297e-02 -1.13561626e-02 -4.33029740e-01 9.01109457e-01
1317357996.613914967 2.80641961e+02 4.16941228e+02 -2.29788447e+01 -1.95319124e-02 -1.06146410e-02 -4.30004283e-01 9.02553129e-01
1317357996.717761993 2.81288935e+02 4.16146517e+02 -2.29268282e+01 -1.89022661e-02 -9.84872260e-03 -4.26781086e-01 9.04103761e-01
1317357996.821629047 2.81933517e+02 4.15394496e+02 -2.28685741e+01 -1.72651963e-02 -9.52250966e-03 -4.23921465e-01 9.05484305e-01
1317357996.925498962 2.82593535e+02 4.14630216e+02 -2.28225327e+01 -1.69646891e-02 -9.55594092e-03 -4.21720412e-01 9.06516838e-01
1317357997.029397964 2.83277890e+02 4.13849773e+02 -2.27825697e+01 -1.78280079e-02 -9.25702154e-03 -4.20298666e-01 9.07163437e-01
1317357997.133316994 2.83955650e+02 4.13068123e+02 -2.27356268e+01 -1.84692107e-02 -9.85731581e-03 -4.19023145e-01 9.07734171e-01
1317357997.237236977 2.84627221e+02 4.12283982e+02 -2.26862165e+01 -1.90071324e-02 -1.02448860e-02 -4.18310033e-01 9.08047624e-01
1317357997.341156006 2.85308071e+02 4.11500504e+02 -2.26435122e+01 -1.84613751e-02 -9.59228825e-03 -4.17443101e-01 9.08464872e-01
1317357997.445097923 2.85964070e+02 4.10728447e+02 -2.26013270e+01 -1.81853587e-02 -6.76417106e-03 -4.17197722e-01 9.08608606e-01
1317357997.549038887 2.86654346e+02 4.09941080e+02 -2.25619610e+01 -1.79117403e-02 -5.35146623e-03 -4.16658929e-01 9.08870655e-01
1317357997.652982950 2.87310893e+02 4.09198329e+02 -2.25177375e+01 -1.91309544e-02 -4.03812134e-03 -4.16365458e-01 9.08987077e-01
1317357997.756926060 2.87989661e+02 4.08424751e+02 -2.24775374e+01 -1.90621189e-02 -4.17160512e-03 -4.16122216e-01 9.09099299e-01
1317357997.860843897 2.88654701e+02 4.07664715e+02 -2.24432377e+01 -1.97317135e-02 -3.41817851e-03 -4.15438618e-01 9.09400753e-01
1317357997.964762926 2.89327421e+02 4.06891171e+02 -2.24068279e+01 -2.02423423e-02 -3.34788692e-03 -4.14843686e-01 9.09661341e-01
1317357998.068682909 2.90010358e+02 4.06119681e+02 -2.23676601e+01 -2.04930954e-02 -3.15205956e-03 -4.14340079e-01 9.09885925e-01
1317357998.172627926 2.90677319e+02 4.05363721e+02 -2.23246991e+01 -2.21934425e-02 -2.16669962e-03 -4.14894433e-01 9.09596265e-01
1317357998.276596069 2.91354810e+02 4.04602091e+02 -2.22876654e+01 -2.28123188e-02 -1.91162456e-03 -4.15382278e-01 9.09358844e-01
1317357998.380541086 2.92022309e+02 4.03847355e+02 -2.22519412e+01 -2.44703941e-02 -1.11316651e-03 -4.17055257e-01 9.08550975e-01
1317357998.484469891 2.92693549e+02 4.03098484e+02 -2.22186864e+01 -2.50581519e-02 -3.15997733e-04 -4.18033367e-01 9.08085950e-01
1317357998.588387966 2.93359163e+02 4.02331473e+02 -2.21847652e+01 -2.54499643e-02 -2.55737263e-04 -4.18567106e-01 9.07829175e-01
1317357998.692279100 2.94019959e+02 4.01558530e+02 -2.21495876e+01 -2.62558142e-02 2.84505367e-04 -4.19450192e-01 9.07398527e-01
1317357998.796173096 2.94667083e+02 4.00787273e+02 -2.21061152e+01 -2.71597787e-02 6.95462130e-04 -4.19738013e-01 9.07238592e-01
1317357998.900072098 2.95320414e+02 4.00033458e+02 -2.20673509e+01 -2.77486129e-02 4.76614626e-04 -4.19498753e-01 9.07331573e-01
1317357999.003982067 2.95977375e+02 3.99267379e+02 -2.20187220e+01 -2.81112287e-02 3.12838060e-04 -4.19876349e-01 9.07145805e-01
1317357999.107862949 2.96613785e+02 3.98523225e+02 -2.19837471e+01 -2.84496305e-02 8.23963426e-04 -4.20315854e-01 9.06931377e-01
1317357999.211775064 2.97251382e+02 3.97786702e+02 -2.19442184e+01 -2.88536901e-02 9.57359849e-04 -4.20247636e-01 9.06950094e-01
1317357999.315721035 2.97871452e+02 3.97049045e+02 -2.19081500e+01 -2.89390155e-02 -7.62930018e-05 -4.20728539e-01 9.06724889e-01
1317357999.419641972 2.98481094e+02 3.96331180e+02 -2.18674049e+01 -2.91821103e-02 -1.51707813e-03 -4.21459461e-01 9.06376316e-01
1317357999.523581982 2.99101818e+02 3.95600412e+02 -2.18262100e+01 -2.98544032e-02 -2.20552520e-03 -4.22297766e-01 9.05962718e-01
1317357999.627513885 2.99733620e+02 3.94862124e+02 -2.17848737e+01 -3.02192882e-02 -2.18054914e-03 -4.23272933e-01 9.05495480e-01
1317357999.731446028 3.00344754e+02 3.94122232e+02 -2.17361146e+01 -3.05302522e-02 -2.14952079e-03 -4.24232480e-01 9.05035958e-01
1317357999.835388899 3.00940373e+02 3.93426941e+02 -2.16865144e+01 -3.17944876e-02 -1.40224431e-03 -4.25800397e-01 9.04257245e-01
1317357999.939320087 3.01536910e+02 3.92707667e+02 -2.16395925e+01 -3.24267188e-02 -8.19861476e-04 -4.26940207e-01 9.03697901e-01
1317358000.043250084 3.02133189e+02 3.91998906e+02 -2.15932971e+01 -3.19287967e-02 -1.72383162e-04 -4.27704095e-01 9.03354708e-01
1317358000.147166967 3.02711374e+02 3.91306481e+02 -2.15559921e+01 -3.12988057e-02 -3.94573087e-05 -4.28871769e-01 9.02823011e-01
1317358000.251087904 3.03308518e+02 3.90587401e+02 -2.15116804e+01 -3.12555546e-02 -4.03402640e-04 -4.29968782e-01 9.02302485e-01
1317358000.355017900 3.03881801e+02 3.89889743e+02 -2.14693917e+01 -3.07616596e-02 -1.56209073e-03 -4.31598652e-01 9.01539729e-01
1317358000.458959103 3.04442238e+02 3.89187365e+02 -2.14262764e+01 -3.03970430e-02 -2.56952937e-03 -4.32885298e-01 9.00932704e-01
1317358000.562901974 3.05009197e+02 3.88483399e+02 -2.13830926e+01 -3.04999834e-02 -3.06501432e-03 -4.33926622e-01 9.00426590e-01
1317358000.666807890 3.05569896e+02 3.87788716e+02 -2.13376613e+01 -3.00524357e-02 -2.85245177e-03 -4.34633167e-01 9.00101508e-01
1317358000.770751953 3.06120057e+02 3.87095756e+02 -2.12966599e+01 -2.98093507e-02 -1.91318661e-03 -4.35149765e-01 8.99862447e-01
1317358000.874670029 3.06637699e+02 3.86438229e+02 -2.12622874e+01 -2.95324916e-02 -1.15323840e-03 -4.35682363e-01 8.99615129e-01
1317358000.978564978 3.07149684e+02 3.85798658e+02 -2.12256756e+01 -3.01663427e-02 -4.16581839e-04 -4.36632915e-01 8.99133759e-01
1317358001.082484961 3.07690201e+02 3.85124492e+02 -2.11870949e+01 -3.02550763e-02 -1.05032044e-03 -4.36836517e-01 8.99031359e-01
1317358001.186393023 3.08187021e+02 3.84498493e+02 -2.11595032e+01 -2.87366460e-02 -1.68814394e-03 -4.37460661e-01 8.98776683e-01
1317358001.290321112 3.08698623e+02 3.83846494e+02 -2.11218137e+01 -2.90054568e-02 -1.71967030e-03 -4.37675171e-01 8.98663547e-01
1317358001.394217968 3.09188176e+02 3.83212696e+02 -2.10827701e+01 -2.88605311e-02 -2.10775166e-03 -4.37762056e-01 8.98625066e-01
1317358001.498106003 3.09651639e+02 3.82624953e+02 -2.10495677e+01 -2.88707189e-02 -1.66222613e-03 -4.37903123e-01 8.98556939e-01
1317358001.602036953 3.10130065e+02 3.81999402e+02 -2.10124128e+01 -2.83770483e-02 -1.07538053e-03 -4.37707128e-01 8.98669047e-01
1317358001.705951929 3.10587540e+02 3.81410412e+02 -2.09777398e+01 -2.73242968e-02 4.80139944e-05 -4.37860507e-01 8.98627596e-01
1317358001.809894085 3.11067059e+02 3.80793191e+02 -2.09431748e+01 -2.67232704e-02 1.16352555e-03 -4.37662426e-01 8.98741405e-01
1317358001.913846016 3.11534444e+02 3.80206239e+02 -2.09129270e+01 -2.78543603e-02 2.58404888e-03 -4.37616385e-01 8.98726519e-01
1317358002.017776012 3.12000648e+02 3.79638506e+02 -2.08857741e+01 -2.69239572e-02 2.25452681e-03 -4.37166035e-01 8.98974903e-01
1317358002.121731997 3.12458986e+02 3.79053314e+02 -2.08531752e+01 -2.61381430e-02 1.18406067e-03 -4.36631060e-01 8.99260092e-01
1317358002.225687981 3.12922059e+02 3.78499932e+02 -2.08283766e+01 -2.41611160e-02 2.98079373e-05 -4.36113722e-01 8.99567152e-01
1317358002.329629898 3.13385319e+02 3.77924271e+02 -2.08004751e+01 -2.39069715e-02 -2.18422926e-04 -4.35629636e-01 8.99808440e-01
1317358002.433593035 3.13830052e+02 3.77377556e+02 -2.07761776e+01 -2.44926716e-02 4.44528450e-04 -4.35546371e-01 8.99832912e-01
1317358002.537585020 3.14273866e+02 3.76820814e+02 -2.07497987e+01 -2.43548365e-02 6.63919802e-04 -4.35296229e-01 8.99957552e-01
1317358002.641580105 3.14696349e+02 3.76286772e+02 -2.07280936e+01 -2.31747858e-02 3.98931009e-04 -4.35235406e-01 9.00018284e-01
1317358002.745573044 3.15085244e+02 3.75781326e+02 -2.06928252e+01 -2.54603050e-02 1.15709487e-03 -4.35467734e-01 8.99843479e-01
1317358002.849554062 3.15481187e+02 3.75278321e+02 -2.06720378e+01 -2.48023018e-02 9.10195859e-04 -4.35001024e-01 9.00087844e-01
1317358002.953556061 3.15891199e+02 3.74774686e+02 -2.06397403e+01 -2.44610673e-02 6.91584287e-04 -4.34666734e-01 9.00258856e-01
1317358003.057569027 3.16287055e+02 3.74290414e+02 -2.06066647e+01 -2.32487335e-02 2.01087296e-04 -4.34276897e-01 9.00479335e-01
1317358003.161576986 3.16701344e+02 3.73784732e+02 -2.05754447e+01 -2.35285090e-02 3.52263693e-04 -4.33945983e-01 9.00631539e-01
1317358003.265603065 3.17091042e+02 3.73293410e+02 -2.05597389e+01 -2.24892678e-02 -2.50367638e-04 -4.33611560e-01 9.00819175e-01
1317358003.369621992 3.17482997e+02 3.72816641e+02 -2.05346541e+01 -2.28230029e-02 -1.25978911e-04 -4.33130380e-01 9.01042268e-01
1317358003.473625898 3.17867049e+02 3.72354067e+02 -2.05182802e+01 -2.34280844e-02 -3.59127094e-04 -4.32513893e-01 9.01322766e-01
1317358003.577652931 3.18249423e+02 3.71888344e+02 -2.04932141e+01 -2.35195507e-02 -3.79520731e-04 -4.32138823e-01 9.01500263e-01
1317358003.681715012 3.18598693e+02 3.71449744e+02 -2.04783432e+01 -2.42661049e-02 6.16509691e-05 -4.31777113e-01 9.01653856e-01
1317358003.785784960 3.18948656e+02 3.71007276e+02 -2.04614002e+01 -2.52062705e-02 8.53645616e-04 -4.31869011e-01 9.01583647e-01
1317358003.889826059 3.19318279e+02 3.70561372e+02 -2.04380909e+01 -2.52274945e-02 1.24800656e-03 -4.31439426e-01 9.01788244e-01
1317358003.993868113 3.19652647e+02 3.70148872e+02 -2.04210787e+01 -2.42072239e-02 1.21061847e-03 -4.31883414e-01 9.01603716e-01
1317358004.097943068 3.20010655e+02 3.69711042e+02 -2.03960922e+01 -2.37135628e-02 1.05884297e-03 -4.31774775e-01 9.01669058e-01
1317358004.201996088 3.20343752e+02 3.69288713e+02 -2.03755816e+01 -2.27005447e-02 5.08239809e-04 -4.32173176e-01 9.01504727e-01
1317358004.306030989 3.20704064e+02 3.68848630e+02 -2.03552861e+01 -2.21303753e-02 3.94137654e-04 -4.32093207e-01 9.01557292e-01
1317358004.410068989 3.21057523e+02 3.68414343e+02 -2.03337353e+01 -2.20630822e-02 1.35343922e-04 -4.32060391e-01 9.01574745e-01
1317358004.514096022 3.21407348e+02 3.67978297e+02 -2.03175156e+01 -2.25483101e-02 -4.06371544e-04 -4.32032555e-01 9.01575998e-01
1317358004.618113041 3.21754927e+02 3.67553081e+02 -2.02955806e+01 -2.30164739e-02 -9.64538134e-04 -4.31900005e-01 9.01627250e-01
1317358004.722162962 3.22070807e+02 3.67140348e+02 -2.02776846e+01 -2.46917397e-02 -9.57112290e-04 -4.32069429e-01 9.01501753e-01
1317358004.826211929 3.22404604e+02 3.66726127e+02 -2.02566434e+01 -2.48432131e-02 -1.31519085e-03 -4.32201214e-01 9.01433966e-01
1317358004.930248976 3.22732282e+02 3.66323674e+02 -2.02420572e+01 -2.53128382e-02 -8.32977999e-04 -4.32029153e-01 9.01503953e-01
1317358005.034312010 3.23072747e+02 3.65894605e+02 -2.02269047e+01 -2.41958493e-02 -6.53870124e-04 -4.31952527e-01 9.01571488e-01
1317358005.138340950 3.23413510e+02 3.65472318e+02 -2.02057152e+01 -2.41378916e-02 -2.59855210e-04 -4.31964582e-01 9.01567465e-01
1317358005.242356062 3.23765797e+02 3.65042160e+02 -2.01871327e+01 -2.41753562e-02 -2.44987528e-04 -4.31927549e-01 9.01584208e-01
1317358005.346379995 3.24100797e+02 3.64630338e+02 -2.01651806e+01 -2.42943275e-02 -2.09173866e-04 -4.31811699e-01 9.01636511e-01
1317358005.450383902 3.24438758e+02 3.64213465e+02 -2.01461632e+01 -2.44466779e-02 -2.86537014e-04 -4.31756858e-01 9.01658635e-01
1317358005.554400921 3.24778335e+02 3.63807323e+02 -2.01223017e+01 -2.41410489e-02 -7.16574531e-04 -4.31408386e-01 9.01833411e-01
1317358005.658401012 3.25111451e+02 3.63388767e+02 -2.01044890e+01 -2.41447579e-02 -9.21362573e-04 -4.30985922e-01 9.02035097e-01
1317358005.762392044 3.25441978e+02 3.62974204e+02 -2.00881386e+01 -2.35510604e-02 -9.38176688e-04 -4.30563916e-01 9.02252283e-01
1317358005.866394997 3.25774584e+02 3.62572842e+02 -2.00606675e+01 -2.37431648e-02 -7.71723240e-04 -4.29961903e-01 9.02534447e-01
1317358005.970410109 3.26125682e+02 3.62155447e+02 -2.00352631e+01 -2.47001236e-02 -1.37673533e-03 -4.29607836e-01 9.02676640e-01
1317358006.074424982 3.26474544e+02 3.61747014e+02 -2.00082387e+01 -2.71483590e-02 -1.98508703e-03 -4.28813199e-01 9.02982982e-01
1317358006.178427935 3.26809471e+02 3.61354742e+02 -1.99898831e+01 -2.84186414e-02 -3.58391833e-03 -4.27798397e-01 9.03420206e-01
1317358006.282453060 3.27157164e+02 3.60940896e+02 -1.99655474e+01 -2.81054458e-02 -5.57087633e-03 -4.27090466e-01 9.03754825e-01
1317358006.386475086 3.27502933e+02 3.60535655e+02 -1.99443585e+01 -2.83833946e-02 -7.33279984e-03 -4.26776812e-01 9.03881721e-01
1317358006.490519047 3.27828749e+02 3.60151112e+02 -1.99094940e+01 -2.87599107e-02 -7.35959887e-03 -4.26311631e-01 9.04089098e-01
1317358006.594558954 3.28174109e+02 3.59748349e+02 -1.98777120e+01 -2.96880190e-02 -6.63968258e-03 -4.26446151e-01 9.04001226e-01
1317358006.698599100 3.28494458e+02 3.59366546e+02 -1.98513026e+01 -3.11098946e-02 -6.01647049e-03 -4.26187310e-01 9.04079838e-01
1317358006.802638054 3.28821578e+02 3.58975903e+02 -1.98362023e+01 -3.29582816e-02 -4.53299452e-03 -4.26112783e-01 9.04058128e-01
1317358006.906636953 3.29141353e+02 3.58604931e+02 -1.98194233e+01 -3.32646485e-02 -3.48854611e-03 -4.25534749e-01 9.04323764e-01
1317358007.010674000 3.29464084e+02 3.58230262e+02 -1.98042824e+01 -3.34213089e-02 -3.49039934e-03 -4.25578350e-01 9.04297463e-01
1317358007.114715099 3.29804652e+02 3.57826350e+02 -1.97749737e+01 -3.42683013e-02 -4.05972765e-03 -4.25684448e-01 9.04213444e-01
1317358007.218741894 3.30136666e+02 3.57427367e+02 -1.97459243e+01 -3.43930459e-02 -4.82284549e-03 -4.25866100e-01 9.04119419e-01
1317358007.322768927 3.30456393e+02 3.57039515e+02 -1.97182496e+01 -3.51272650e-02 -5.32783574e-03 -4.26232827e-01 9.03915520e-01
1317358007.426805973 3.30790757e+02 3.56633626e+02 -1.96829872e+01 -3.46643121e-02 -6.19168941e-03 -4.26751996e-01 9.03682899e-01
1317358007.530855894 3.31119257e+02 3.56241494e+02 -1.96453545e+01 -3.46847517e-02 -6.88124218e-03 -4.27552003e-01 9.03298899e-01
1317358007.634869099 3.31469691e+02 3.55830680e+02 -1.96142867e+01 -3.50104238e-02 -6.45104943e-03 -4.28384684e-01 9.02894909e-01
1317358007.738847971 3.31813378e+02 3.55411331e+02 -1.95832750e+01 -3.38621502e-02 -6.45974327e-03 -4.29568444e-01 9.02376074e-01
1317358007.842839003 3.32134701e+02 3.55025707e+02 -1.95719483e+01 -3.41943227e-02 -6.15950608e-03 -4.30785814e-01 9.01785114e-01
1317358007.946839094 3.32477007e+02 3.54611313e+02 -1.95406910e+01 -3.40192308e-02 -5.83764122e-03 -4.31349704e-01 9.01524291e-01
1317358008.050828934 3.32804252e+02 3.54199763e+02 -1.95193561e+01 -3.41350610e-02 -4.92495576e-03 -4.31540545e-01 9.01434024e-01
1317358008.154845953 3.33133161e+02 3.53803352e+02 -1.94933967e+01 -3.52919008e-02 -3.71365980e-03 -4.31472436e-01 9.01427882e-01
1317358008.258860111 3.33469277e+02 3.53373369e+02 -1.94653830e+01 -3.40743944e-02 -3.83106130e-03 -4.32178698e-01 9.01135856e-01
1317358008.362863064 3.33816388e+02 3.52938750e+02 -1.94365794e+01 -3.32556217e-02 -3.10757789e-03 -4.32698183e-01 9.00919913e-01
1317358008.466877937 3.34137390e+02 3.52540259e+02 -1.94162188e+01 -3.30354080e-02 -1.46663896e-03 -4.33512743e-01 9.00540511e-01
1317358008.570892096 3.34479841e+02 3.52104962e+02 -1.93930126e+01 -3.28897894e-02 -3.22453693e-04 -4.34141508e-01 9.00244028e-01
1317358008.674916029 3.34797657e+02 3.51704336e+02 -1.93739621e+01 -3.20162717e-02 7.60451114e-04 -4.34774958e-01 8.99969508e-01
1317358008.778930902 3.35141623e+02 3.51269727e+02 -1.93497959e+01 -3.14927711e-02 1.93177617e-03 -4.35064854e-01 8.99846124e-01
1317358008.882946014 3.35472276e+02 3.50851938e+02 -1.93325925e+01 -2.97449437e-02 2.38102681e-03 -4.35430223e-01 8.99727786e-01
1317358008.986938000 3.35814157e+02 3.50418461e+02 -1.93126997e+01 -2.91205995e-02 2.53621906e-03 -4.35786340e-01 8.99575357e-01
1317358009.090923071 3.36133381e+02 3.50029018e+02 -1.92900573e+01 -2.77655191e-02 2.81391773e-03 -4.36511738e-01 8.99265623e-01
1317358009.194937944 3.36472890e+02 3.49613915e+02 -1.92720634e+01 -2.77488912e-02 3.01123648e-03 -4.37548856e-01 8.98761331e-01
1317358009.298958063 3.36808055e+02 3.49193985e+02 -1.92502754e+01 -2.81221673e-02 3.29651646e-03 -4.38354442e-01 8.98356087e-01
1317358009.403002024 3.37126369e+02 3.48798364e+02 -1.92322704e+01 -2.69202498e-02 2.84211207e-03 -4.39965217e-01 8.97606724e-01
1317358009.507036924 3.37445410e+02 3.48406004e+02 -1.92177475e+01 -2.73786799e-02 3.07221874e-03 -4.41593223e-01 8.96792281e-01
1317358009.611102104 3.37766422e+02 3.47989375e+02 -1.91991785e+01 -2.63893009e-02 2.68069712e-03 -4.44117756e-01 8.95575702e-01
1317358009.715213060 3.38076638e+02 3.47588185e+02 -1.91848956e+01 -2.68229687e-02 2.29065035e-03 -4.47131674e-01 8.94062944e-01
1317358009.819299936 3.38383122e+02 3.47182772e+02 -1.91711497e+01 -2.71068500e-02 1.77245194e-03 -4.50273332e-01 8.92477453e-01
1317358009.923388004 3.38691881e+02 3.46776186e+02 -1.91502936e+01 -2.76273911e-02 1.78354750e-03 -4.54070510e-01 8.90535523e-01
1317358010.027523041 3.38992061e+02 3.46363017e+02 -1.91304907e+01 -2.75581101e-02 1.74413557e-03 -4.58925457e-01 8.88045570e-01
1317358010.131654978 3.39268870e+02 3.45960122e+02 -1.91091512e+01 -2.73162081e-02 3.31704419e-04 -4.64666985e-01 8.85064013e-01
1317358010.235814095 3.39544438e+02 3.45566080e+02 -1.90832194e+01 -2.70482831e-02 -1.26736362e-03 -4.70761535e-01 8.81844862e-01
1317358010.339999914 3.39795528e+02 3.45145198e+02 -1.90625580e+01 -2.71046182e-02 -2.89793967e-03 -4.78151964e-01 8.77853997e-01
1317358010.444183111 3.40046103e+02 3.44758545e+02 -1.90397420e+01 -2.81046282e-02 -4.81618466e-03 -4.86048142e-01 8.73466736e-01
1317358010.548389912 3.40257277e+02 3.44363242e+02 -1.90214706e+01 -2.85088689e-02 -7.78300481e-03 -4.94952126e-01 8.68417562e-01
1317358010.652596951 3.40470352e+02 3.43975648e+02 -1.89946179e+01 -2.81045414e-02 -9.06547108e-03 -5.03671278e-01 8.63390523e-01
1317358010.756778002 3.40666798e+02 3.43586534e+02 -1.89716360e+01 -2.66550558e-02 -9.43704458e-03 -5.12807319e-01 8.58037939e-01
1317358010.860937119 3.40854283e+02 3.43205847e+02 -1.89465662e+01 -2.51798032e-02 -9.72080022e-03 -5.21661094e-01 8.52725739e-01
1317358010.965073109 3.41014137e+02 3.42823160e+02 -1.89204266e+01 -2.38678901e-02 -1.07457131e-02 -5.30687339e-01 8.47163385e-01
1317358011.069158077 3.41169504e+02 3.42463244e+02 -1.88966934e+01 -2.29541177e-02 -1.01218706e-02 -5.38908813e-01 8.41990467e-01
1317358011.173223019 3.41308568e+02 3.42114701e+02 -1.88745344e+01 -2.12753445e-02 -9.79187218e-03 -5.47377815e-01 8.36557832e-01
1317358011.277309895 3.41431040e+02 3.41790016e+02 -1.88523404e+01 -2.09120034e-02 -9.77616408e-03 -5.55200051e-01 8.31396427e-01
1317358011.381396055 3.41551563e+02 3.41473676e+02 -1.88311741e+01 -2.06837801e-02 -1.01880838e-02 -5.63232704e-01 8.25976577e-01
1317358011.485456944 3.41659564e+02 3.41160283e+02 -1.88081517e+01 -1.92793454e-02 -1.03756523e-02 -5.72137270e-01 8.19865597e-01
1317358011.589543104 3.41756066e+02 3.40851395e+02 -1.87945305e+01 -1.88568659e-02 -9.87074722e-03 -5.81186120e-01 8.13492275e-01
1317358011.693679094 3.41848021e+02 3.40540284e+02 -1.87737201e+01 -1.83408824e-02 -9.84595327e-03 -5.90849364e-01 8.06513297e-01
1317358011.797816038 3.41924707e+02 3.40228352e+02 -1.87560961e+01 -1.73998262e-02 -1.01582222e-02 -6.01537825e-01 7.98590196e-01
1317358011.901949883 3.41989974e+02 3.39904465e+02 -1.87342862e+01 -1.68108321e-02 -1.04229946e-02 -6.12887056e-01 7.89922916e-01
1317358012.006105900 3.42051477e+02 3.39597064e+02 -1.87152343e+01 -1.66431788e-02 -1.06828025e-02 -6.24247794e-01 7.80976039e-01
1317358012.110264063 3.42105959e+02 3.39283300e+02 -1.87032600e+01 -1.66021501e-02 -1.17613850e-02 -6.36181056e-01 7.71271484e-01
1317358012.214422941 3.42145215e+02 3.38975222e+02 -1.86817527e+01 -1.76902504e-02 -1.36834977e-02 -6.47973029e-01 7.61334861e-01
1317358012.318583012 3.42176454e+02 3.38668847e+02 -1.86653367e+01 -1.88843369e-02 -1.58865511e-02 -6.60520924e-01 7.50401964e-01
1317358012.422740936 3.42199417e+02 3.38375353e+02 -1.86455602e+01 -2.04567452e-02 -1.84611168e-02 -6.73156377e-01 7.38986604e-01
1317358012.526922941 3.42210293e+02 3.38094581e+02 -1.86289136e+01 -2.29475320e-02 -2.09701388e-02 -6.86475251e-01 7.26488398e-01
1317358012.631130934 3.42210069e+02 3.37794363e+02 -1.86073030e+01 -2.54070651e-02 -2.34610965e-02 -7.00241823e-01 7.13067632e-01
1317358012.735336065 3.42179053e+02 3.37490562e+02 -1.85862379e+01 -2.71098848e-02 -2.54405167e-02 -7.14391835e-01 6.98757569e-01
1317358012.839565992 3.42151020e+02 3.37174451e+02 -1.85637890e+01 -2.77437601e-02 -2.65209794e-02 -7.28884571e-01 6.83559948e-01
1317358012.943797112 3.42075176e+02 3.36851522e+02 -1.85433686e+01 -2.72738382e-02 -2.79238302e-02 -7.43703047e-01 6.67369594e-01
1317358013.048003912 3.41999848e+02 3.36517458e+02 -1.85160470e+01 -2.52731132e-02 -2.93771768e-02 -7.58957725e-01 6.49985710e-01
1317358013.152211905 3.41885917e+02 3.36163171e+02 -1.84868391e+01 -2.33744981e-02 -3.00787153e-02 -7.74378691e-01 6.31574657e-01
1317358013.256417036 3.41770695e+02 3.35799926e+02 -1.84472340e+01 -2.15799068e-02 -2.89005697e-02 -7.89476209e-01 6.12720474e-01
1317358013.360625029 3.41643121e+02 3.35425389e+02 -1.84294839e+01 -2.03161155e-02 -2.77247911e-02 -8.04828392e-01 5.92511477e-01
1317358013.464807987 3.41497129e+02 3.35056661e+02 -1.84016251e+01 -1.90358740e-02 -2.68181827e-02 -8.19420182e-01 5.72249059e-01
1317358013.568967104 3.41312526e+02 3.34697000e+02 -1.83823143e+01 -1.65713207e-02 -2.78233266e-02 -8.33390632e-01 5.51734817e-01
1317358013.673074961 3.41117880e+02 3.34330388e+02 -1.83412144e+01 -1.45562492e-02 -2.70269740e-02 -8.46783611e-01 5.31051010e-01
1317358013.777113914 3.40906006e+02 3.33946834e+02 -1.83114627e+01 -1.45560338e-02 -2.54337051e-02 -8.58914103e-01 5.11280562e-01
1317358013.881130934 3.40661191e+02 3.33556617e+02 -1.82997553e+01 -1.57996259e-02 -2.41205959e-02 -8.70496689e-01 4.91328895e-01
1317358013.985096931 3.40393634e+02 3.33166838e+02 -1.82762330e+01 -1.63061944e-02 -2.52911280e-02 -8.80701945e-01 4.72714026e-01
1317358014.089015961 3.40084505e+02 3.32779911e+02 -1.82383985e+01 -1.65462213e-02 -2.68367589e-02 -8.89925330e-01 4.55015293e-01
1317358014.192910910 3.39761092e+02 3.32382901e+02 -1.82025887e+01 -1.71133668e-02 -2.79492860e-02 -8.98069934e-01 4.38630100e-01
1317358014.296760082 3.39416260e+02 3.31974476e+02 -1.81791318e+01 -1.87288471e-02 -2.75756354e-02 -9.05814659e-01 4.22360768e-01
1317358014.400583029 3.39047301e+02 3.31553690e+02 -1.81529505e+01 -1.92566638e-02 -2.59140768e-02 -9.12517911e-01 4.07760595e-01
1317358014.504405975 3.38634496e+02 3.31146595e+02 -1.81166417e+01 -1.78219842e-02 -2.56985706e-02 -9.18723680e-01 3.93660718e-01
1317358014.608228922 3.38207717e+02 3.30734769e+02 -1.80828935e+01 -1.64136155e-02 -2.66731988e-02 -9.24301740e-01 3.80375377e-01
1317358014.712050915 3.37757332e+02 3.30330081e+02 -1.80428116e+01 -1.62377242e-02 -2.74727488e-02 -9.29732139e-01 3.66851106e-01
1317358014.815850019 3.37275944e+02 3.29916900e+02 -1.80079864e+01 -1.61255921e-02 -2.75892278e-02 -9.34552280e-01 3.54387972e-01
1317358014.919600010 3.36772405e+02 3.29497158e+02 -1.79845194e+01 -1.59646409e-02 -2.78547684e-02 -9.38834268e-01 3.42869448e-01
1317358015.023324966 3.36235158e+02 3.29073231e+02 -1.79544277e+01 -1.48075038e-02 -2.88928227e-02 -9.42010779e-01 3.34008435e-01
1317358015.127027988 3.35689932e+02 3.28659896e+02 -1.79217534e+01 -1.27080557e-02 -3.09002651e-02 -9.44486870e-01 3.26845884e-01
1317358015.230707884 3.35117380e+02 3.28228677e+02 -1.78840542e+01 -1.18923414e-02 -3.24282459e-02 -9.46080985e-01 3.22083452e-01
1317358015.334362030 3.34542906e+02 3.27797530e+02 -1.78441448e+01 -1.12114494e-02 -3.33869468e-02 -9.47155791e-01 3.18834633e-01
1317358015.438015938 3.33947885e+02 3.27346094e+02 -1.78075932e+01 -1.12575373e-02 -3.28723080e-02 -9.47595621e-01 3.17577107e-01
1317358015.541697025 3.33341257e+02 3.26888505e+02 -1.77731101e+01 -1.13476190e-02 -3.34001978e-02 -9.47702234e-01 3.17200464e-01
1317358015.645375967 3.32727026e+02 3.26433053e+02 -1.77448016e+01 -1.09904467e-02 -3.40866035e-02 -9.47972059e-01 3.16332560e-01
1317358015.749077082 3.32092596e+02 3.25972904e+02 -1.77126041e+01 -1.05675593e-02 -3.54142946e-02 -9.47623571e-01 3.17243948e-01
1317358015.852828979 3.31452013e+02 3.25463072e+02 -1.76819771e+01 -1.00774227e-02 -3.51400151e-02 -9.47427852e-01 3.17874331e-01
1317358015.956579924 3.30784428e+02 3.24953687e+02 -1.76377193e+01 -9.35896973e-03 -3.40251877e-02 -9.46976520e-01 3.19358994e-01
1317358016.060305119 3.30119168e+02 3.24426083e+02 -1.75988688e+01 -9.15039078e-03 -3.29068159e-02 -9.46611376e-01 3.20562496e-01
1317358016.164058924 3.29429504e+02 3.23884052e+02 -1.75611220e+01 -8.87166158e-03 -3.32084070e-02 -9.46143443e-01 3.21917817e-01
1317358016.267857075 3.28732835e+02 3.23345503e+02 -1.75231570e+01 -9.27315393e-03 -3.36239622e-02 -9.45551787e-01 3.23597367e-01
1317358016.371654987 3.28032555e+02 3.22800555e+02 -1.74893168e+01 -8.51246156e-03 -3.32523768e-02 -9.45034848e-01 3.25162964e-01
1317358016.475430965 3.27320571e+02 3.22244622e+02 -1.74460709e+01 -9.53183053e-03 -3.37412868e-02 -9.44543470e-01 3.26509270e-01
1317358016.579231024 3.26602430e+02 3.21680528e+02 -1.74075989e+01 -1.12388425e-02 -3.40278239e-02 -9.43823564e-01 3.28500951e-01
1317358016.683075905 3.25883128e+02 3.21116404e+02 -1.73632779e+01 -1.18248220e-02 -3.38618956e-02 -9.43247293e-01 3.30148586e-01
1317358016.786946058 3.25146378e+02 3.20535220e+02 -1.73199087e+01 -1.05794381e-02 -3.48913297e-02 -9.42768516e-01 3.31448633e-01
1317358016.890815020 3.24401208e+02 3.19936069e+02 -1.72650357e+01 -7.98615829e-03 -3.62986975e-02 -9.42413199e-01 3.32379283e-01
1317358016.994683981 3.23648726e+02 3.19340311e+02 -1.72115202e+01 -5.40030764e-03 -3.73737923e-02 -9.42275208e-01 3.32703275e-01
1317358017.098602057 3.22913733e+02 3.18741934e+02 -1.71730133e+01 -3.03546500e-03 -3.68344549e-02 -9.42130720e-01 3.33202213e-01
1317358017.202545881 3.22171885e+02 3.18147743e+02 -1.71326218e+01 -1.68824432e-03 -3.67980801e-02 -9.42364845e-01 3.32553079e-01
1317358017.306489944 3.21423456e+02 3.17543722e+02 -1.70976212e+01 -2.47108929e-04 -3.55665246e-02 -9.42534060e-01 3.32211539e-01
1317358017.410432100 3.20681248e+02 3.16948682e+02 -1.70581359e+01 -6.73335960e-05 -3.50072436e-02 -9.42847882e-01 3.31379479e-01
1317358017.514373064 3.19978020e+02 3.16381625e+02 -1.70122227e+01 1.69432611e-04 -3.60203869e-02 -9.42891542e-01 3.31146557e-01
1317358017.618315935 3.19240283e+02 3.15784523e+02 -1.69822949e+01 6.06655822e-04 -3.57788668e-02 -9.43252503e-01 3.30142726e-01
1317358017.722260952 3.18519711e+02 3.15207208e+02 -1.69474632e+01 2.41357290e-03 -3.52440551e-02 -9.43391294e-01 3.29795235e-01
1317358017.826205969 3.17804507e+02 3.14619651e+02 -1.69118592e+01 1.79695510e-03 -3.53379113e-02 -9.43443532e-01 3.29639660e-01
1317358017.930149078 3.17081070e+02 3.14036325e+02 -1.68858719e+01 -2.07644256e-03 -3.58603701e-02 -9.43455902e-01 3.29546178e-01
1317358018.034116030 3.16367677e+02 3.13442007e+02 -1.68388325e+01 -6.93621659e-03 -3.47266641e-02 -9.43237046e-01 3.30226927e-01
1317358018.138081074 3.15639216e+02 3.12845310e+02 -1.67922583e+01 -8.96670123e-03 -3.34222988e-02 -9.43266493e-01 3.30228514e-01
1317358018.242048979 3.14914028e+02 3.12249643e+02 -1.67346972e+01 -8.56102656e-03 -3.17542742e-02 -9.42941668e-01 3.31329724e-01
1317358018.346040964 3.14188352e+02 3.11660472e+02 -1.66875037e+01 -7.30864299e-03 -3.04387112e-02 -9.42808175e-01 3.31862642e-01
1317358018.450030088 3.13466797e+02 3.11085307e+02 -1.66465881e+01 -6.18803118e-03 -3.02132854e-02 -9.42521908e-01 3.32718076e-01
1317358018.553997040 3.12763076e+02 3.10503060e+02 -1.66078329e+01 -5.29896902e-03 -2.82461500e-02 -9.42325335e-01 3.33462200e-01
1317358018.657963991 3.12034043e+02 3.09913624e+02 -1.65716778e+01 -3.92808655e-03 -2.88007522e-02 -9.42006664e-01 3.34332964e-01
1317358018.761905909 3.11316509e+02 3.09311766e+02 -1.65232595e+01 -4.07772238e-03 -2.97003265e-02 -9.41385122e-01 3.35998982e-01
1317358018.865848064 3.10630294e+02 3.08731091e+02 -1.64845565e+01 -6.12217593e-03 -2.99206385e-02 -9.40410267e-01 3.38667691e-01
1317358018.969840050 3.09959858e+02 3.08154050e+02 -1.64480294e+01 -8.31327658e-03 -3.07042935e-02 -9.39480197e-01 3.41123285e-01
1317358019.073831081 3.09308164e+02 3.07633152e+02 -1.64044796e+01 -8.81865510e-03 -3.36070067e-02 -9.38681119e-01 3.43031424e-01
1317358019.177820921 3.08648785e+02 3.07062880e+02 -1.63536924e+01 -8.42745743e-03 -3.28973971e-02 -9.38011515e-01 3.44936423e-01
1317358019.281836033 3.08006661e+02 3.06500345e+02 -1.63094119e+01 -6.85928824e-03 -3.10625378e-02 -9.37583770e-01 3.46301521e-01
1317358019.385848999 3.07383744e+02 3.05951810e+02 -1.62664462e+01 -5.96459752e-03 -2.92802064e-02 -9.37118745e-01 3.47729135e-01
1317358019.489837885 3.06771302e+02 3.05422888e+02 -1.62277991e+01 -5.97916559e-03 -2.97786658e-02 -9.36552469e-01 3.49209039e-01
1317358019.593828917 3.06191967e+02 3.04918731e+02 -1.61971097e+01 -6.79107842e-03 -2.96798488e-02 -9.36188228e-01 3.50177939e-01
1317358019.697822094 3.05619165e+02 3.04417193e+02 -1.61540387e+01 -7.07939213e-03 -2.86952139e-02 -9.35863847e-01 3.51120104e-01
1317358019.801814079 3.05086236e+02 3.03959275e+02 -1.61143103e+01 -6.39541693e-03 -2.79724227e-02 -9.35586274e-01 3.51930343e-01
1317358019.905805111 3.04551020e+02 3.03493352e+02 -1.60766781e+01 -6.49345943e-03 -2.84801271e-02 -9.35148914e-01 3.53048477e-01
1317358020.009793997 3.04051336e+02 3.03059794e+02 -1.60214342e+01 -6.28563174e-03 -2.96107533e-02 -9.34799066e-01 3.53884729e-01
1317358020.113782883 3.03534361e+02 3.02591676e+02 -1.59836720e+01 -7.15601936e-03 -2.70736616e-02 -9.34535802e-01 3.54765617e-01
1317358020.217775106 3.03059233e+02 3.02149309e+02 -1.59560378e+01 -7.79769473e-03 -2.57566711e-02 -9.34233939e-01 3.55644115e-01
1317358020.321767092 3.02554733e+02 3.01704975e+02 -1.59149413e+01 -8.16468869e-03 -2.57363092e-02 -9.33838342e-01 3.56674827e-01
1317358020.425757885 3.02078732e+02 3.01269437e+02 -1.58767942e+01 -8.92433753e-03 -2.53527278e-02 -9.33769492e-01 3.56864302e-01
1317358020.529795885 3.01616564e+02 3.00832222e+02 -1.58408288e+01 -9.53766559e-03 -2.32223237e-02 -9.34263869e-01 3.55697597e-01
1317358020.633858919 3.01207832e+02 3.00442621e+02 -1.58276821e+01 -9.39945894e-03 -2.13227108e-02 -9.34941865e-01 3.54034888e-01
1317358020.737921953 3.00822527e+02 3.00077979e+02 -1.57960956e+01 -8.86449451e-03 -2.03071884e-02 -9.35594265e-01 3.52381058e-01
1317358020.841959953 3.00422709e+02 2.99721677e+02 -1.57676036e+01 -8.39085688e-03 -2.07955945e-02 -9.36278407e-01 3.50542267e-01
1317358020.945998907 3.00050263e+02 2.99415203e+02 -1.57462043e+01 -8.26628306e-03 -2.09719323e-02 -9.36764889e-01 3.49232572e-01
1317358021.050040007 2.99689376e+02 2.99089801e+02 -1.57221037e+01 -8.79779035e-03 -2.18216072e-02 -9.37268207e-01 3.47814210e-01
1317358021.154079914 2.99331825e+02 2.98798338e+02 -1.56927192e+01 -1.00063424e-02 -2.23597341e-02 -9.37767708e-01 3.46398096e-01
1317358021.258093119 2.98968970e+02 2.98478605e+02 -1.56613694e+01 -1.12465047e-02 -2.24265128e-02 -9.37942063e-01 3.45883296e-01
1317358021.362082958 2.98612686e+02 2.98168995e+02 -1.56403740e+01 -1.14605178e-02 -2.25147599e-02 -9.37919897e-01 3.45930641e-01
1317358021.466073990 2.98263571e+02 2.97880254e+02 -1.56148614e+01 -1.11015107e-02 -2.23687173e-02 -9.37913914e-01 3.45968043e-01
1317358021.570039034 2.97910492e+02 2.97570509e+02 -1.55946859e+01 -1.14694408e-02 -2.21090643e-02 -9.37850275e-01 3.46145204e-01
1317358021.673981905 2.97567820e+02 2.97277890e+02 -1.55724667e+01 -1.25078397e-02 -2.23292977e-02 -9.37572715e-01 3.46846306e-01
1317358021.777899981 2.97219710e+02 2.96977708e+02 -1.55457587e+01 -1.34489134e-02 -2.25067760e-02 -9.37082797e-01 3.48121248e-01
1317358021.881827116 2.96883778e+02 2.96688793e+02 -1.55178693e+01 -1.54353256e-02 -2.23613262e-02 -9.36461181e-01 3.49717282e-01
1317358021.985744953 2.96551307e+02 2.96392906e+02 -1.54914130e+01 -1.78419182e-02 -2.33284178e-02 -9.35807811e-01 3.51285057e-01
1317358022.089679956 2.96225241e+02 2.96106965e+02 -1.54675230e+01 -1.95637395e-02 -2.42492262e-02 -9.34973068e-01 3.53347700e-01
1317358022.193623066 2.95896067e+02 2.95817672e+02 -1.54483107e+01 -1.97355665e-02 -2.54835463e-02 -9.34305479e-01 3.55013193e-01
1317358022.297564983 2.95566142e+02 2.95521555e+02 -1.54260131e+01 -1.88999350e-02 -2.65717428e-02 -9.33563821e-01 3.56924821e-01
1317358022.401506901 2.95239473e+02 2.95238789e+02 -1.54022158e+01 -1.82702392e-02 -2.62304466e-02 -9.32711584e-01 3.59203652e-01
1317358022.505428076 2.94897258e+02 2.94919257e+02 -1.53682649e+01 -1.62267885e-02 -2.48504050e-02 -9.32086508e-01 3.61017853e-01
1317358022.609348059 2.94583887e+02 2.94600419e+02 -1.53313341e+01 -1.34834927e-02 -2.35676134e-02 -9.30881390e-01 3.64311132e-01
1317358022.713289976 2.94227671e+02 2.94267812e+02 -1.53043667e+01 -1.10027130e-02 -2.30712210e-02 -9.29961171e-01 3.66768155e-01
1317358022.817234993 2.93871111e+02 2.93940762e+02 -1.52793174e+01 -9.86484000e-03 -2.40603260e-02 -9.28955163e-01 3.69277795e-01
1317358022.921178102 2.93518648e+02 2.93598410e+02 -1.52546121e+01 -9.33783496e-03 -2.55760193e-02 -9.27841579e-01 3.71979402e-01
1317358023.025144100 2.93158192e+02 2.93239386e+02 -1.52266707e+01 -1.02100401e-02 -2.54455523e-02 -9.27037151e-01 3.73965772e-01
1317358023.129111052 2.92797634e+02 2.92879808e+02 -1.52103052e+01 -9.59002751e-03 -2.36931917e-02 -9.26255809e-01 3.76027711e-01
1317358023.233102083 2.92429634e+02 2.92504040e+02 -1.51897568e+01 -9.49463680e-03 -2.21394136e-02 -9.25756410e-01 3.77352312e-01
1317358023.337091923 2.92050802e+02 2.92110699e+02 -1.51674502e+01 -9.01259632e-03 -2.11083828e-02 -9.25478184e-01 3.78104932e-01
1317358023.441059113 2.91675591e+02 2.91712920e+02 -1.51427993e+01 -8.41667011e-03 -2.08697680e-02 -9.25128280e-01 3.78987174e-01
1317358023.545047998 2.91276396e+02 2.91312304e+02 -1.51150457e+01 -8.59155195e-03 -2.05225710e-02 -9.25077570e-01 3.79125968e-01
1317358023.649085999 2.90867630e+02 2.90895133e+02 -1.50839494e+01 -9.15632094e-03 -1.98524243e-02 -9.25170442e-01 3.78921755e-01
1317358023.753124952 2.90445894e+02 2.90469701e+02 -1.50619283e+01 -1.02300167e-02 -1.97107987e-02 -9.25552796e-01 3.77966736e-01
1317358023.857141018 2.89988397e+02 2.90031273e+02 -1.50431987e+01 -1.05047922e-02 -1.96410154e-02 -9.25852234e-01 3.77228738e-01
1317358023.961183071 2.89535782e+02 2.89578786e+02 -1.50205573e+01 -1.03436450e-02 -1.87332842e-02 -9.26375245e-01 3.75993322e-01
1317358024.065244913 2.89060867e+02 2.89121233e+02 -1.49951865e+01 -8.94096958e-03 -1.91690505e-02 -9.27017875e-01 3.74420172e-01
1317358024.169305086 2.88576370e+02 2.88664475e+02 -1.49573988e+01 -9.09780365e-03 -1.85476932e-02 -9.27854891e-01 3.72368787e-01
1317358024.273367882 2.88093357e+02 2.88189970e+02 -1.49290539e+01 -9.82369723e-03 -1.73223339e-02 -9.28804912e-01 3.70033603e-01
1317358024.377454042 2.87601386e+02 2.87705592e+02 -1.49042096e+01 -1.17200484e-02 -1.67376736e-02 -9.30206473e-01 3.66467472e-01
1317358024.481565952 2.87068220e+02 2.87238832e+02 -1.48864418e+01 -1.32072865e-02 -1.54081064e-02 -9.32180491e-01 3.61424530e-01
1317358024.585675001 2.86533518e+02 2.86745010e+02 -1.48537593e+01 -1.34610291e-02 -1.48794397e-02 -9.34382920e-01 3.55704881e-01
1317358024.689810038 2.85961413e+02 2.86245240e+02 -1.48301344e+01 -1.34907088e-02 -1.46423116e-02 -9.37076275e-01 3.48556535e-01
1317358024.793919086 2.85378193e+02 2.85743532e+02 -1.47932754e+01 -1.32990743e-02 -1.50011015e-02 -9.39563299e-01 3.41787812e-01
1317358024.898006916 2.84769060e+02 2.85274834e+02 -1.47530785e+01 -1.40175493e-02 -1.47105193e-02 -9.42377558e-01 3.33933597e-01
1317358025.002070904 2.84131408e+02 2.84768277e+02 -1.47196675e+01 -1.44116786e-02 -1.47669000e-02 -9.44780041e-01 3.27054915e-01
1317358025.106107950 2.83444706e+02 2.84285400e+02 -1.46948914e+01 -1.33669755e-02 -1.46424125e-02 -9.47122949e-01 3.20257777e-01
1317358025.210123062 2.82760284e+02 2.83778094e+02 -1.46543418e+01 -1.18756844e-02 -1.46289995e-02 -9.48876728e-01 3.15083983e-01
1317358025.314064980 2.82055815e+02 2.83258129e+02 -1.46177668e+01 -1.07234416e-02 -1.51372258e-02 -9.50298135e-01 3.10788235e-01
1317358025.417983055 2.81343041e+02 2.82740158e+02 -1.45781380e+01 -1.07631068e-02 -1.56144742e-02 -9.51158054e-01 3.08121244e-01
1317358025.521879911 2.80621157e+02 2.82252465e+02 -1.45517547e+01 -1.07155792e-02 -1.66546583e-02 -9.51890348e-01 3.05798239e-01
1317358025.625727892 2.79883253e+02 2.81728852e+02 -1.45137788e+01 -1.00389695e-02 -1.70843613e-02 -9.52262509e-01 3.04636599e-01
1317358025.729573965 2.79117646e+02 2.81194770e+02 -1.44902955e+01 -8.29665334e-03 -1.74709034e-02 -9.52468413e-01 3.04022787e-01
1317358025.833444118 2.78333104e+02 2.80651918e+02 -1.44690062e+01 -6.75483409e-03 -1.81374693e-02 -9.52714144e-01 3.03250993e-01
1317358025.937315941 2.77547190e+02 2.80097834e+02 -1.44249174e+01 -7.33161645e-03 -1.98383987e-02 -9.52707629e-01 3.03151544e-01
1317358026.041208029 2.76794641e+02 2.79560039e+02 -1.44030780e+01 -8.82133502e-03 -2.38227606e-02 -9.52950698e-01 3.02058981e-01
1317358026.145103931 2.76017508e+02 2.79020077e+02 -1.43616295e+01 -1.07580922e-02 -2.57471027e-02 -9.52647445e-01 3.02793981e-01
1317358026.248975992 2.75221545e+02 2.78452460e+02 -1.43254920e+01 -9.62638992e-03 -2.56636890e-02 -9.52463359e-01 3.03417628e-01
1317358026.352847099 2.74407818e+02 2.77871547e+02 -1.42939737e+01 -7.81888411e-03 -2.59096765e-02 -9.52204199e-01 3.04260936e-01
1317358026.456718922 2.73594065e+02 2.77305505e+02 -1.42480454e+01 -6.50834100e-03 -2.54199219e-02 -9.52131941e-01 3.04559085e-01
1317358026.560589075 2.72767424e+02 2.76720357e+02 -1.42082109e+01 -5.94159760e-03 -2.53725871e-02 -9.51904903e-01 3.05283451e-01
1317358026.664483070 2.71950336e+02 2.76124299e+02 -1.41720318e+01 -5.61042963e-03 -2.44167955e-02 -9.51468453e-01 3.06724839e-01
1317358026.768377066 2.71128489e+02 2.75538636e+02 -1.41495338e+01 -4.35344218e-03 -2.54559252e-02 -9.51145667e-01 3.07660468e-01
1317358026.872247934 2.70316427e+02 2.74953423e+02 -1.41091826e+01 -4.52021398e-03 -2.68675895e-02 -9.50691346e-01 3.08939580e-01
1317358026.976119995 2.69506479e+02 2.74358220e+02 -1.40785530e+01 -6.35795379e-03 -2.85037740e-02 -9.50121792e-01 3.10508761e-01
1317358027.079989910 2.68686604e+02 2.73766268e+02 -1.40372347e+01 -7.23306635e-03 -3.13239710e-02 -9.49432760e-01 3.12320228e-01
1317358027.183834076 2.67878138e+02 2.73174613e+02 -1.39902656e+01 -6.63960776e-03 -3.36058780e-02 -9.48572246e-01 3.14701850e-01
1317358027.287658930 2.67067123e+02 2.72576452e+02 -1.39433332e+01 -5.55772266e-03 -3.35968616e-02 -9.47535685e-01 3.17830911e-01
1317358027.391482115 2.66263413e+02 2.71968998e+02 -1.38946880e+01 -4.96610751e-03 -3.26850444e-02 -9.46424623e-01 3.21228048e-01
1317358027.495304108 2.65476226e+02 2.71365915e+02 -1.38574452e+01 -4.49679139e-03 -3.27414392e-02 -9.45380746e-01 3.24288485e-01
1317358027.599126101 2.64710756e+02 2.70748827e+02 -1.38147787e+01 -4.63695537e-03 -3.34260265e-02 -9.44197520e-01 3.27646519e-01
1317358027.702949047 2.63943383e+02 2.70125378e+02 -1.37742272e+01 -7.40214860e-03 -3.24016642e-02 -9.43253195e-01 3.30406948e-01
1317358027.806771994 2.63170836e+02 2.69502406e+02 -1.37267906e+01 -7.34591951e-03 -3.15979851e-02 -9.42352315e-01 3.33046122e-01
1317358027.910621881 2.62451098e+02 2.68897747e+02 -1.36828471e+01 -4.31957276e-03 -2.99717294e-02 -9.41327103e-01 3.36134381e-01
1317358028.014492989 2.61678144e+02 2.68264817e+02 -1.36447745e+01 -1.53021514e-03 -2.91517530e-02 -9.40767951e-01 3.37792091e-01
1317358028.118386984 2.60932531e+02 2.67641572e+02 -1.35985418e+01 -1.62603186e-03 -2.79958759e-02 -9.40279216e-01 3.39247082e-01
1317358028.222305059 2.60210598e+02 2.67025535e+02 -1.35459499e+01 -1.89876086e-03 -2.99302901e-02 -9.39847133e-01 3.40276268e-01
1317358028.326247931 2.59497691e+02 2.66420534e+02 -1.35058014e+01 -3.39911570e-03 -2.87173953e-02 -9.39754115e-01 3.40625838e-01
1317358028.430188894 2.58792049e+02 2.65830224e+02 -1.34744793e+01 -3.44768224e-03 -2.92613600e-02 -9.39632593e-01 3.40914178e-01
1317358028.534131050 2.58113712e+02 2.65233320e+02 -1.34395582e+01 -3.37496064e-03 -2.98603445e-02 -9.39347852e-01 3.41646867e-01
1317358028.638073921 2.57438989e+02 2.64671778e+02 -1.34004564e+01 -3.20702072e-03 -3.16882075e-02 -9.39022248e-01 3.42378140e-01
1317358028.742016077 2.56804293e+02 2.64133108e+02 -1.33634946e+01 -1.41149082e-03 -3.43331253e-02 -9.38452118e-01 3.43695892e-01
1317358028.845959902 2.56164428e+02 2.63591007e+02 -1.33217874e+01 -5.65074702e-04 -3.44492931e-02 -9.38134513e-01 3.44552700e-01
1317358028.949904919 2.55554047e+02 2.63068121e+02 -1.32860742e+01 -6.96736395e-04 -3.31267482e-02 -9.37998236e-01 3.45052811e-01
1317358029.053894997 2.54983820e+02 2.62568070e+02 -1.32487868e+01 -1.10245433e-03 -3.24384509e-02 -9.37993079e-01 3.45131156e-01
1317358029.157886028 2.54406291e+02 2.62069212e+02 -1.32159464e+01 -1.48949135e-03 -3.18780324e-02 -9.38148773e-01 3.44758541e-01
1317358029.261877060 2.53851763e+02 2.61586865e+02 -1.31772656e+01 -1.84905458e-03 -3.03891237e-02 -9.38467386e-01 3.44023325e-01
1317358029.365866899 2.53326206e+02 2.61135518e+02 -1.31395369e+01 -1.91565398e-03 -3.01957269e-02 -9.39005899e-01 3.42567468e-01
1317358029.469856977 2.52825196e+02 2.60702249e+02 -1.31062002e+01 -2.22553755e-03 -2.87078991e-02 -9.39258687e-01 3.42000032e-01
1317358029.573847055 2.52345319e+02 2.60291691e+02 -1.30811610e+01 -1.61512123e-03 -2.85168024e-02 -9.39458671e-01 3.41469747e-01
1317358029.677814960 2.51892508e+02 2.59914265e+02 -1.30450624e+01 -1.59603379e-03 -2.72630347e-02 -9.39657739e-01 3.41024213e-01
1317358029.781783104 2.51451728e+02 2.59539392e+02 -1.30224263e+01 -6.53398085e-04 -2.69550770e-02 -9.39766772e-01 3.40751246e-01
1317358029.885725021 2.51032918e+02 2.59190615e+02 -1.29887400e+01 -3.96887476e-05 -2.46888690e-02 -9.39969433e-01 3.40364397e-01
1317358029.989665985 2.50642781e+02 2.58850968e+02 -1.29691031e+01 -2.58470779e-04 -2.29170792e-02 -9.40219655e-01 3.39796617e-01
1317358030.093631983 2.50273858e+02 2.58529412e+02 -1.29461681e+01 -1.20611046e-03 -2.10447682e-02 -9.40431674e-01 3.39328646e-01
1317358030.197576046 2.49928102e+02 2.58236857e+02 -1.29370781e+01 -2.19667683e-03 -2.06222435e-02 -9.40553447e-01 3.39011963e-01
1317358030.301496029 2.49584920e+02 2.57954470e+02 -1.29207629e+01 -3.65571180e-03 -2.31262317e-02 -9.40501602e-01 3.38981635e-01
1317358030.405438900 2.49251259e+02 2.57701415e+02 -1.29078313e+01 -5.05141839e-03 -2.49217807e-02 -9.40443075e-01 3.38998837e-01
1317358030.509385109 2.48923196e+02 2.57430088e+02 -1.28761299e+01 -6.90686291e-03 -2.58056880e-02 -9.40282105e-01 3.39346319e-01
1317358030.613327980 2.48615204e+02 2.57169670e+02 -1.28572993e+01 -8.54933547e-03 -2.30682757e-02 -9.40218624e-01 3.39681768e-01
1317358030.717266083 2.48293589e+02 2.56884329e+02 -1.28442537e+01 -9.39328900e-03 -2.16629004e-02 -9.39903464e-01 3.40622905e-01
1317358030.821208000 2.47967952e+02 2.56610638e+02 -1.28341709e+01 -8.48097606e-03 -2.28525907e-02 -9.39644574e-01 3.41282737e-01
1317358030.925158024 2.47631455e+02 2.56342473e+02 -1.28246061e+01 -6.95223009e-03 -2.48308389e-02 -9.39076968e-01 3.42738302e-01
1317358031.029126883 2.47303868e+02 2.56083498e+02 -1.28010266e+01 -6.65118364e-03 -2.66982969e-02 -9.38709068e-01 3.43610606e-01
1317358031.133112907 2.46984515e+02 2.55809665e+02 -1.27736277e+01 -6.95795942e-03 -2.71919354e-02 -9.38404765e-01 3.44396112e-01
1317358031.237086058 2.46673622e+02 2.55540600e+02 -1.27481520e+01 -7.37956579e-03 -2.71774273e-02 -9.38112725e-01 3.45183204e-01
1317358031.341027021 2.46375022e+02 2.55267861e+02 -1.27279696e+01 -7.04465568e-03 -2.67591528e-02 -9.37686086e-01 3.46380028e-01
1317358031.444938898 2.46057936e+02 2.54998737e+02 -1.27284638e+01 -5.85122490e-03 -2.79390325e-02 -9.36893964e-01 3.48446371e-01
1317358031.548857927 2.45755638e+02 2.54749120e+02 -1.27015993e+01 -4.33874197e-03 -3.10978167e-02 -9.35967415e-01 3.50683759e-01
1317358031.652776003 2.45441378e+02 2.54466341e+02 -1.26775270e+01 -4.61240960e-03 -3.04872913e-02 -9.34905424e-01 3.53554944e-01
1317358031.756692886 2.45148846e+02 2.54194720e+02 -1.26536045e+01 -5.20213889e-03 -2.87864070e-02 -9.34014113e-01 3.56036397e-01
1317358031.860615015 2.44832553e+02 2.53905973e+02 -1.26384828e+01 -5.11767948e-03 -2.93076092e-02 -9.32735457e-01 3.59331937e-01
1317358031.964534998 2.44509471e+02 2.53617664e+02 -1.26216691e+01 -4.20252598e-03 -3.15317994e-02 -9.31437693e-01 3.62507806e-01
1317358032.068451881 2.44200721e+02 2.53330570e+02 -1.25928303e+01 -3.93889446e-03 -3.29060355e-02 -9.30325334e-01 3.65234787e-01
1317358032.172394037 2.43882001e+02 2.53022220e+02 -1.25711876e+01 -5.25478170e-03 -3.32874932e-02 -9.29278350e-01 3.67839747e-01
1317358032.276360989 2.43574700e+02 2.52703786e+02 -1.25491784e+01 -7.31650309e-03 -3.17248753e-02 -9.28410529e-01 3.70126858e-01
1317358032.380326986 2.43250572e+02 2.52364041e+02 -1.25322629e+01 -8.45248863e-03 -2.99806813e-02 -9.27392169e-01 3.72791469e-01
1317358032.484268904 2.42912481e+02 2.52026652e+02 -1.25190158e+01 -7.78776935e-03 -2.95112905e-02 -9.26266151e-01 3.75632069e-01
1317358032.588212967 2.42560439e+02 2.51693852e+02 -1.24939136e+01 -6.97820788e-03 -3.10417880e-02 -9.25147771e-01 3.78271482e-01
1317358032.692181110 2.42201820e+02 2.51339145e+02 -1.24693298e+01 -6.64948625e-03 -3.22718211e-02 -9.24036164e-01 3.80882504e-01
1317358032.796147108 2.41836382e+02 2.50984894e+02 -1.24406253e+01 -6.90274178e-03 -3.30497230e-02 -9.23254017e-01 3.82703657e-01
1317358032.900114059 2.41470086e+02 2.50597247e+02 -1.24037816e+01 -7.19760550e-03 -3.20290248e-02 -9.22642902e-01 3.84255660e-01
1317358033.004080057 2.41091131e+02 2.50191351e+02 -1.23802718e+01 -9.55091885e-03 -3.07728697e-02 -9.22239597e-01 3.85273845e-01
1317358033.108046055 2.40724129e+02 2.49779591e+02 -1.23511402e+01 -1.21933219e-02 -2.95280028e-02 -9.22031712e-01 3.85793910e-01
1317358033.212017059 2.40331655e+02 2.49354208e+02 -1.23311314e+01 -1.43170502e-02 -2.93982557e-02 -9.21888410e-01 3.86073211e-01
1317358033.315983057 2.39909274e+02 2.48926712e+02 -1.22924782e+01 -1.47635781e-02 -2.87002294e-02 -9.22136967e-01 3.85514913e-01
1317358033.419972897 2.39485907e+02 2.48483970e+02 -1.22588141e+01 -1.39250414e-02 -2.65919393e-02 -9.22649049e-01 3.84470667e-01
1317358033.523962021 2.39039624e+02 2.48056116e+02 -1.22270462e+01 -1.17483866e-02 -2.32207756e-02 -9.23405401e-01 3.82942863e-01
1317358033.627926111 2.38588988e+02 2.47588193e+02 -1.21902287e+01 -8.56482036e-03 -1.95746744e-02 -9.24066766e-01 3.81633448e-01
1317358033.731918097 2.38133874e+02 2.47111973e+02 -1.21553034e+01 -7.39901976e-03 -1.70430660e-02 -9.24902476e-01 3.79750179e-01
1317358033.835933924 2.37679834e+02 2.46666585e+02 -1.21301993e+01 -9.48643884e-03 -1.44147103e-02 -9.26090967e-01 3.76905486e-01
1317358033.939949036 2.37212217e+02 2.46195581e+02 -1.21198951e+01 -1.16892889e-02 -1.37900877e-02 -9.27437427e-01 3.73541179e-01
1317358034.043986082 2.36735337e+02 2.45728648e+02 -1.20946104e+01 -1.41729788e-02 -1.49434213e-02 -9.29141664e-01 3.69149818e-01
1317358034.148072004 2.36235083e+02 2.45272914e+02 -1.20716626e+01 -1.50010280e-02 -1.62887024e-02 -9.31408894e-01 3.63300315e-01
1317358034.252182961 2.35723445e+02 2.44787217e+02 -1.20392538e+01 -1.62920095e-02 -1.64647964e-02 -9.33820255e-01 3.56991895e-01
1317358034.356295109 2.35199595e+02 2.44304603e+02 -1.20098877e+01 -1.66920373e-02 -1.71596440e-02 -9.36492196e-01 3.49870391e-01
1317358034.460406065 2.34647095e+02 2.43855588e+02 -1.19889784e+01 -1.63605459e-02 -1.67725868e-02 -9.39269677e-01 3.42379157e-01
1317358034.564515114 2.34077420e+02 2.43373835e+02 -1.19486884e+01 -1.45372545e-02 -1.69690766e-02 -9.42347751e-01 3.33888358e-01
1317358034.668648958 2.33447977e+02 2.42934262e+02 -1.18900199e+01 -1.32849162e-02 -1.57119609e-02 -9.45733773e-01 3.24290418e-01
1317358034.772785902 2.32835289e+02 2.42451930e+02 -1.18522595e+01 -1.09266617e-02 -1.41285436e-02 -9.48979213e-01 3.14832407e-01
1317358034.876897097 2.32175306e+02 2.42030983e+02 -1.18229031e+01 -9.48308609e-03 -1.37194980e-02 -9.52292371e-01 3.04731172e-01
1317358034.980982065 2.31522393e+02 2.41583277e+02 -1.17857861e+01 -1.02272808e-02 -1.44722775e-02 -9.55030774e-01 2.95976650e-01
1317358035.084997892 2.30841638e+02 2.41206888e+02 -1.17504009e+01 -1.33333712e-02 -1.68234473e-02 -9.57351500e-01 2.88127224e-01
1317358035.188941002 2.30152435e+02 2.40771893e+02 -1.17165348e+01 -1.56539042e-02 -1.91055258e-02 -9.58947021e-01 2.82507603e-01
1317358035.292834997 2.29437821e+02 2.40328530e+02 -1.16806087e+01 -1.51630538e-02 -2.08082208e-02 -9.60007663e-01 2.78787349e-01
1317358035.396657944 2.28726938e+02 2.39941175e+02 -1.16822522e+01 -1.28662563e-02 -2.59253967e-02 -9.60558024e-01 2.76569370e-01
1317358035.500410080 2.28004384e+02 2.39505360e+02 -1.16430518e+01 -1.14902849e-02 -2.80579714e-02 -9.60352401e-01 2.77135327e-01
1317358035.604134083 2.27319020e+02 2.39090204e+02 -1.16016468e+01 -9.98617649e-03 -2.98439341e-02 -9.60504869e-01 2.76477871e-01
1317358035.707860947 2.26595823e+02 2.38642803e+02 -1.15673163e+01 -7.89959394e-03 -2.92229445e-02 -9.59913474e-01 2.78657027e-01
1317358035.811567068 2.25900985e+02 2.38183348e+02 -1.15434985e+01 -5.26582644e-03 -3.05622117e-02 -9.59453723e-01 2.80154914e-01
1317358035.915245056 2.25173167e+02 2.37723869e+02 -1.15145150e+01 -4.75787324e-03 -3.15834111e-02 -9.58526446e-01 2.83208233e-01
1317358036.018945932 2.24467179e+02 2.37269783e+02 -1.14680088e+01 -5.31554114e-03 -3.48574871e-02 -9.57485122e-01 2.86319651e-01
1317358036.122672081 2.23733532e+02 2.36790565e+02 -1.14358850e+01 -7.21274043e-03 -3.70621099e-02 -9.56172102e-01 2.90360616e-01
1317358036.226422071 2.23036056e+02 2.36289521e+02 -1.13957132e+01 -7.39436237e-03 -3.76500101e-02 -9.54820192e-01 2.94696794e-01
1317358036.330199003 2.22293996e+02 2.35772720e+02 -1.13547979e+01 -8.35769713e-03 -3.68916957e-02 -9.53560477e-01 2.98816947e-01
1317358036.433991909 2.21539919e+02 2.35241336e+02 -1.13134212e+01 -8.18691157e-03 -3.66211662e-02 -9.52325516e-01 3.02767199e-01
1317358036.537817001 2.20816054e+02 2.34669067e+02 -1.12737720e+01 -6.21307640e-03 -3.83586643e-02 -9.50747511e-01 3.07521026e-01
1317358036.641647100 2.20058914e+02 2.34109925e+02 -1.12306009e+01 -5.85149814e-03 -3.70913765e-02 -9.49750251e-01 3.10748210e-01
1317358036.745467901 2.19323469e+02 2.33521188e+02 -1.11876333e+01 -7.40379150e-03 -3.51900982e-02 -9.48603895e-01 3.14416112e-01
1317358036.849288940 2.18579686e+02 2.32954144e+02 -1.11503579e+01 -7.34822034e-03 -3.47156754e-02 -9.47464437e-01 3.17886720e-01
1317358036.953136921 2.17854699e+02 2.32393687e+02 -1.11012575e+01 -6.47826101e-03 -3.44594959e-02 -9.46315622e-01 3.21336769e-01
1317358037.057007074 2.17110158e+02 2.31821615e+02 -1.10551201e+01 -5.82162588e-03 -3.38089525e-02 -9.45670359e-01 3.23311979e-01
1317358037.160847902 2.16364341e+02 2.31239670e+02 -1.10234399e+01 -4.93233534e-03 -3.31949746e-02 -9.45116030e-01 3.25006855e-01
1317358037.264693022 2.15654167e+02 2.30661903e+02 -1.09722575e+01 -5.94938306e-03 -3.37353795e-02 -9.44317550e-01 3.27247450e-01
1317358037.368570089 2.14920942e+02 2.30076707e+02 -1.09308838e+01 -8.01980620e-03 -3.27909843e-02 -9.43829306e-01 3.28704540e-01
1317358037.472466946 2.14199024e+02 2.29507509e+02 -1.08963018e+01 -8.21756727e-03 -3.24838438e-02 -9.43353189e-01 3.30093975e-01
1317358037.576384068 2.13469822e+02 2.28919668e+02 -1.08538635e+01 -6.77166995e-03 -3.14209762e-02 -9.43105686e-01 3.30935842e-01
1317358037.680326939 2.12747359e+02 2.28316030e+02 -1.08070918e+01 -5.15248793e-03 -3.23945176e-02 -9.43046699e-01 3.31039229e-01
1317358037.784270048 2.12011778e+02 2.27723514e+02 -1.07690225e+01 -4.57167108e-03 -3.39191562e-02 -9.42898969e-01 3.31315747e-01
1317358037.888187885 2.11304426e+02 2.27150843e+02 -1.07240182e+01 -5.25018053e-03 -3.58598042e-02 -9.42873415e-01 3.31174021e-01
1317358037.992084026 2.10584934e+02 2.26570801e+02 -1.06806354e+01 -6.33407080e-03 -3.73391104e-02 -9.42703164e-01 3.31476116e-01
1317358038.095978975 2.09868703e+02 2.26001661e+02 -1.06415944e+01 -5.28972025e-03 -3.87811904e-02 -9.42648121e-01 3.31485381e-01
1317358038.199898005 2.09161191e+02 2.25448682e+02 -1.05911549e+01 -1.77789170e-03 -3.78665991e-02 -9.42983992e-01 3.30672270e-01
1317358038.303838015 2.08450222e+02 2.24865024e+02 -1.05498420e+01 1.59311608e-03 -3.45932080e-02 -9.43246866e-01 3.30281883e-01
1317358038.407803059 2.07749643e+02 2.24344924e+02 -1.05175989e+01 4.16344140e-03 -3.25860283e-02 -9.44004707e-01 3.28292444e-01
1317358038.511770010 2.07057698e+02 2.23791519e+02 -1.04909021e+01 4.26854914e-03 -3.21393271e-02 -9.44463359e-01 3.27013465e-01
1317358038.615739107 2.06377007e+02 2.23245147e+02 -1.04522282e+01 1.78076234e-03 -3.38273472e-02 -9.44799668e-01 3.25892816e-01
1317358038.719708920 2.05685126e+02 2.22701272e+02 -1.04177328e+01 -1.60427898e-03 -3.56793294e-02 -9.44897524e-01 3.25412170e-01
1317358038.823652029 2.05003229e+02 2.22162889e+02 -1.03870530e+01 -3.19851695e-03 -3.59922696e-02 -9.44944724e-01 3.25228834e-01
1317358038.927593946 2.04320222e+02 2.21633362e+02 -1.03505625e+01 -2.88888720e-03 -3.66779206e-02 -9.44808830e-01 3.25549781e-01
1317358039.031534910 2.03656971e+02 2.21112834e+02 -1.03179047e+01 -2.63550424e-03 -3.62624490e-02 -9.44788996e-01 3.25656017e-01
1317358039.135454893 2.03005054e+02 2.20604123e+02 -1.02807920e+01 -3.07786735e-03 -3.59664644e-02 -9.44688772e-01 3.25975558e-01
1317358039.239372969 2.02350696e+02 2.20101065e+02 -1.02512170e+01 -2.71253606e-03 -3.70553580e-02 -9.44486728e-01 3.26441974e-01
1317358039.343291044 2.01705163e+02 2.19609618e+02 -1.02054455e+01 -7.57905945e-04 -3.73247401e-02 -9.44723711e-01 3.25735168e-01
1317358039.447211027 2.01072674e+02 2.19117556e+02 -1.01705704e+01 1.67381606e-03 -3.65275468e-02 -9.44669059e-01 3.25980528e-01
1317358039.551130056 2.00464665e+02 2.18657327e+02 -1.01485956e+01 2.91636046e-03 -3.64505277e-02 -9.44712851e-01 3.25853469e-01
1317358039.655049086 1.99877596e+02 2.18202595e+02 -1.01166052e+01 2.50841812e-03 -3.76436592e-02 -9.44485817e-01 3.26378927e-01
1317358039.758991957 1.99343632e+02 2.17770327e+02 -1.00676145e+01 7.34153585e-04 -3.91297251e-02 -9.44335536e-01 3.26647701e-01
1317358039.862956047 1.98799736e+02 2.17343186e+02 -1.00389920e+01 -1.45877924e-03 -3.97121562e-02 -9.44238715e-01 3.26854809e-01
1317358039.966923952 1.98298096e+02 2.16944332e+02 -1.00135850e+01 -2.48677083e-03 -3.88774076e-02 -9.44045824e-01 3.27505489e-01
1317358040.070867062 1.97797435e+02 2.16544291e+02 -9.98679796e+00 -2.04801201e-03 -3.82869655e-02 -9.43673266e-01 3.28649786e-01
1317358040.174808025 1.97325883e+02 2.16183864e+02 -9.95788430e+00 -6.24051256e-04 -3.86366240e-02 -9.43110977e-01 3.30224935e-01
1317358040.278752089 1.96867406e+02 2.15816400e+02 -9.93233338e+00 4.94478345e-04 -3.84419081e-02 -9.42385504e-01 3.32312409e-01
1317358040.382671118 1.96436746e+02 2.15465864e+02 -9.90484778e+00 5.48340718e-04 -3.78068526e-02 -9.41632952e-01 3.34511172e-01
1317358040.486613035 1.96057108e+02 2.15139069e+02 -9.87597090e+00 4.46115122e-04 -3.65527353e-02 -9.40745165e-01 3.37138301e-01
1317358040.590579033 1.95673752e+02 2.14813207e+02 -9.85442762e+00 3.01736641e-04 -3.56469514e-02 -9.39832286e-01 3.39771215e-01
1317358040.694545984 1.95336237e+02 2.14526453e+02 -9.82643153e+00 7.66844558e-04 -3.59727320e-02 -9.38856711e-01 3.42422911e-01
1317358040.798511982 1.94994789e+02 2.14236676e+02 -9.80705683e+00 6.80021533e-05 -3.61989017e-02 -9.37692334e-01 3.45575928e-01
1317358040.902503014 1.94682500e+02 2.13960233e+02 -9.78848318e+00 -5.68741691e-04 -3.57352211e-02 -9.36435349e-01 3.49015054e-01
1317358041.006493092 1.94398685e+02 2.13693791e+02 -9.76856632e+00 -8.21828385e-04 -3.46617257e-02 -9.34975842e-01 3.53012837e-01
1317358041.110483885 1.94122337e+02 2.13438275e+02 -9.74987485e+00 -1.16135653e-03 -3.36385994e-02 -9.33446878e-01 3.57133058e-01
1317358041.214476109 1.93897553e+02 2.13202818e+02 -9.72608550e+00 -1.85125546e-03 -3.36295803e-02 -9.31702157e-01 3.61658285e-01
1317358041.318466902 1.93632887e+02 2.12960011e+02 -9.70695209e+00 -2.66407958e-03 -3.38912922e-02 -9.29910533e-01 3.66211254e-01
1317358041.422458887 1.93382082e+02 2.12724067e+02 -9.68600685e+00 -3.81065656e-03 -3.38113094e-02 -9.28046889e-01 3.70905980e-01
1317358041.526426077 1.93164486e+02 2.12496048e+02 -9.66328958e+00 -5.62653850e-03 -3.29774609e-02 -9.26055026e-01 3.75902804e-01
1317358041.630367994 1.92933311e+02 2.12274521e+02 -9.64236178e+00 -7.58801274e-03 -3.27441522e-02 -9.23960872e-01 3.81007282e-01
1317358041.734309912 1.92721285e+02 2.12049672e+02 -9.62172922e+00 -9.26015126e-03 -3.27169768e-02 -9.21756078e-01 3.86276561e-01
1317358041.838253021 1.92518914e+02 2.11826871e+02 -9.60506689e+00 -1.04145654e-02 -3.23394859e-02 -9.19037049e-01 3.92704210e-01
1317358041.942174911 1.92330643e+02 2.11599908e+02 -9.59089059e+00 -1.08480685e-02 -3.18047209e-02 -9.16006221e-01 3.99754152e-01
1317358042.046070099 1.92164665e+02 2.11361792e+02 -9.58708452e+00 -1.13096449e-02 -3.11418944e-02 -9.12508644e-01 4.07713441e-01
1317358042.149920940 1.91978437e+02 2.11141220e+02 -9.57468987e+00 -1.12411967e-02 -3.08866536e-02 -9.08551146e-01 4.16478650e-01
1317358042.253742933 1.91836635e+02 2.10889018e+02 -9.55181204e+00 -1.13741676e-02 -3.05215559e-02 -9.03373297e-01 4.27616358e-01
1317358042.357558966 1.91674710e+02 2.10650503e+02 -9.52800513e+00 -1.12371543e-02 -2.90690651e-02 -8.98054478e-01 4.38778839e-01
1317358042.461358070 1.91533602e+02 2.10416122e+02 -9.50592409e+00 -1.10869741e-02 -2.65854701e-02 -8.92172647e-01 4.50775176e-01
1317358042.565135002 1.91413292e+02 2.10172950e+02 -9.49201512e+00 -1.11877984e-02 -2.35584082e-02 -8.85937876e-01 4.63070097e-01
1317358042.668932915 1.91286983e+02 2.09940874e+02 -9.47676878e+00 -1.06780904e-02 -2.16395510e-02 -8.79573509e-01 4.75150661e-01
1317358042.772751093 1.91166467e+02 2.09709959e+02 -9.46086781e+00 -1.03614104e-02 -2.05194301e-02 -8.72835463e-01 4.87472922e-01
1317358042.876550913 1.91095403e+02 2.09450640e+02 -9.44464224e+00 -1.01352674e-02 -1.95974542e-02 -8.65398721e-01 5.00597912e-01
1317358042.980328083 1.90995461e+02 2.09224075e+02 -9.43404347e+00 -1.05052194e-02 -1.92116696e-02 -8.58061994e-01 5.13079104e-01
1317358043.084103107 1.90908010e+02 2.08994642e+02 -9.41935091e+00 -1.09202294e-02 -1.93914862e-02 -8.49972646e-01 5.26356553e-01
1317358043.187850952 1.90814129e+02 2.08750544e+02 -9.40585106e+00 -1.18667804e-02 -1.91800781e-02 -8.41588848e-01 5.39647584e-01
1317358043.291579008 1.90730894e+02 2.08501211e+02 -9.38581717e+00 -1.34563175e-02 -1.83914759e-02 -8.32789086e-01 5.53121161e-01
1317358043.395304918 1.90655951e+02 2.08228135e+02 -9.37728283e+00 -1.48510660e-02 -1.75036978e-02 -8.23510928e-01 5.66835794e-01
1317358043.499054909 1.90589252e+02 2.07950026e+02 -9.35880430e+00 -1.59393905e-02 -1.69356310e-02 -8.13195765e-01 5.81525381e-01
1317358043.602804899 1.90523510e+02 2.07662650e+02 -9.35133110e+00 -1.65358983e-02 -1.77788664e-02 -8.02460500e-01 5.96211055e-01
1317358043.706510067 1.90466248e+02 2.07321918e+02 -9.32385010e+00 -1.76262994e-02 -1.85396551e-02 -7.90755424e-01 6.11597461e-01
1317358043.810214043 1.90419241e+02 2.06995197e+02 -9.31016829e+00 -1.78716748e-02 -1.94419133e-02 -7.78881072e-01 6.26615425e-01
1317358043.913943052 1.90376304e+02 2.06644831e+02 -9.28366022e+00 -1.77863897e-02 -1.98821631e-02 -7.66444726e-01 6.41756049e-01
1317358044.017669916 1.90335709e+02 2.06265917e+02 -9.26648604e+00 -1.89974914e-02 -2.02300010e-02 -7.53028538e-01 6.57402360e-01
1317358044.121395111 1.90321934e+02 2.05899459e+02 -9.23849586e+00 -1.97005585e-02 -1.97147012e-02 -7.39386346e-01 6.72704281e-01
1317358044.225120068 1.90325766e+02 2.05515774e+02 -9.21886662e+00 -2.09326809e-02 -1.83885193e-02 -7.25585674e-01 6.87567534e-01
1317358044.328846931 1.90348104e+02 2.05102847e+02 -9.19813013e+00 -2.11447900e-02 -1.69350271e-02 -7.10861881e-01 7.02809710e-01
1317358044.432573080 1.90381408e+02 2.04680024e+02 -9.18062503e+00 -2.02860776e-02 -1.65007148e-02 -6.95909924e-01 7.17652826e-01
1317358044.536324978 1.90423572e+02 2.04218778e+02 -9.14418906e+00 -2.03186431e-02 -1.69583030e-02 -6.80550332e-01 7.32223200e-01
1317358044.640125036 1.90485621e+02 2.03766576e+02 -9.11609427e+00 -1.98206368e-02 -1.62022909e-02 -6.65603573e-01 7.45866283e-01
1317358044.743949890 1.90575316e+02 2.03257832e+02 -9.08495690e+00 -2.01264424e-02 -1.54523688e-02 -6.50017058e-01 7.59495869e-01
1317358044.847820044 1.90683503e+02 2.02769056e+02 -9.06331379e+00 -1.92627021e-02 -1.50867994e-02 -6.36213188e-01 7.71125227e-01
1317358044.951785088 1.90800628e+02 2.02269926e+02 -9.03762026e+00 -1.85183653e-02 -1.49757346e-02 -6.23694876e-01 7.81304998e-01
1317358045.055799007 1.90932402e+02 2.01769177e+02 -9.01167932e+00 -1.81636927e-02 -1.47674950e-02 -6.13456177e-01 7.89381733e-01
1317358045.159862995 1.91065603e+02 2.01242723e+02 -8.98884209e+00 -1.78915841e-02 -1.43650583e-02 -6.04515248e-01 7.96263054e-01
1317358045.263976097 1.91229918e+02 2.00693569e+02 -8.96386974e+00 -1.72361606e-02 -1.46888321e-02 -5.96805692e-01 8.02066156e-01
1317358045.368108988 1.91412073e+02 2.00115286e+02 -8.94400534e+00 -1.54558823e-02 -1.61816575e-02 -5.89973043e-01 8.07112804e-01
1317358045.472218037 1.91592106e+02 1.99541999e+02 -8.92762274e+00 -1.17995626e-02 -1.78474479e-02 -5.83103108e-01 8.12116374e-01
1317358045.576256990 1.91800230e+02 1.98934451e+02 -8.89293003e+00 -9.11921011e-03 -1.77328368e-02 -5.75065205e-01 8.17864534e-01
1317358045.680273056 1.92030305e+02 1.98323911e+02 -8.86498380e+00 -6.32053606e-03 -1.70743406e-02 -5.66099635e-01 8.24135742e-01
1317358045.784261942 1.92309719e+02 1.97730974e+02 -8.82647619e+00 -3.35077031e-03 -1.62728133e-02 -5.56369650e-01 8.30768789e-01
1317358045.888205051 1.92582450e+02 1.97117203e+02 -8.79744373e+00 -1.19945248e-03 -1.51816814e-02 -5.45141103e-01 8.38205974e-01
1317358045.992147923 1.92871880e+02 1.96521434e+02 -8.77060213e+00 8.21897505e-04 -1.41157715e-02 -5.33620000e-01 8.45606152e-01
1317358046.096115112 1.93173584e+02 1.95945941e+02 -8.74761592e+00 1.74069511e-03 -1.32449248e-02 -5.22039168e-01 8.52816891e-01
1317358046.200081110 1.93489263e+02 1.95385853e+02 -8.73112205e+00 2.40763594e-03 -1.28426933e-02 -5.10634587e-01 8.59698544e-01
1317358046.304047108 1.93791783e+02 1.94864564e+02 -8.70664770e+00 1.96408981e-03 -1.28109066e-02 -4.99227941e-01 8.66373757e-01
1317358046.408037901 1.94101984e+02 1.94359127e+02 -8.67899488e+00 4.11359622e-04 -1.31401193e-02 -4.88106801e-01 8.72684891e-01
1317358046.512053013 1.94441885e+02 1.93851266e+02 -8.64194780e+00 -1.51106247e-04 -1.41438674e-02 -4.75864394e-01 8.79404916e-01
1317358046.616092920 1.94773084e+02 1.93368669e+02 -8.61503467e+00 -1.53809901e-03 -1.47088323e-02 -4.66158001e-01 8.84577867e-01
1317358046.720202923 1.95119471e+02 1.92898457e+02 -8.58290474e+00 -3.55775546e-03 -1.49831439e-02 -4.58342777e-01 8.88642080e-01
1317358046.824362040 1.95491539e+02 1.92468028e+02 -8.54254456e+00 -5.26693991e-03 -1.43189433e-02 -4.50998229e-01 8.92394434e-01
1317358046.928544044 1.95857530e+02 1.92006625e+02 -8.51717128e+00 -6.73616611e-03 -1.35739447e-02 -4.46218432e-01 8.94795777e-01
1317358047.032752037 1.96223410e+02 1.91537229e+02 -8.49210756e+00 -7.23088099e-03 -1.34084491e-02 -4.42554461e-01 8.96612222e-01
1317358047.136910915 1.96622806e+02 1.91113901e+02 -8.46666670e+00 -7.06424969e-03 -1.26744208e-02 -4.38089120e-01 8.98814429e-01
1317358047.241043091 1.96993515e+02 1.90650037e+02 -8.44076575e+00 -6.45989529e-03 -1.21270312e-02 -4.34336131e-01 9.00646063e-01
1317358047.345156908 1.97367347e+02 1.90191796e+02 -8.41601059e+00 -6.26066105e-03 -1.20095784e-02 -4.30590813e-01 9.02445636e-01
1317358047.449245930 1.97757390e+02 1.89769961e+02 -8.39302597e+00 -6.80262609e-03 -1.19206333e-02 -4.27279806e-01 9.04015260e-01
1317358047.553353071 1.98145928e+02 1.89309346e+02 -8.36587816e+00 -7.49923892e-03 -1.23829486e-02 -4.24046859e-01 9.05524536e-01
1317358047.657464027 1.98536613e+02 1.88840622e+02 -8.34117785e+00 -8.25751271e-03 -1.28184530e-02 -4.21825075e-01 9.06549010e-01
1317358047.761574984 1.98946348e+02 1.88373343e+02 -8.32590122e+00 -9.46696610e-03 -1.24862042e-02 -4.20197244e-01 9.07297496e-01
1317358047.865663052 1.99359902e+02 1.87898265e+02 -8.30570997e+00 -9.60419874e-03 -1.29222425e-02 -4.18710226e-01 9.07977159e-01
1317358047.969748974 1.99787766e+02 1.87391887e+02 -8.27805997e+00 -9.09690516e-03 -1.31902011e-02 -4.17248140e-01 9.08651338e-01
1317358048.073832989 2.00238143e+02 1.86909064e+02 -8.25238270e+00 -9.57554387e-03 -1.26160831e-02 -4.15621715e-01 9.09399656e-01
1317358048.177896023 2.00685125e+02 1.86403240e+02 -8.22605759e+00 -9.67617266e-03 -1.21186683e-02 -4.14344785e-01 9.09987862e-01
1317358048.281938076 2.01135513e+02 1.85891406e+02 -8.20109009e+00 -9.54071153e-03 -1.20652635e-02 -4.12905009e-01 9.10644199e-01
1317358048.385952950 2.01616048e+02 1.85401288e+02 -8.17761598e+00 -1.02661917e-02 -1.20720739e-02 -4.11405943e-01 9.11314446e-01
1317358048.489964962 2.02100088e+02 1.84867285e+02 -8.14944766e+00 -1.05274405e-02 -1.19070990e-02 -4.10214012e-01 9.11850787e-01
1317358048.593981028 2.02583676e+02 1.84357733e+02 -8.13352843e+00 -1.04158590e-02 -1.19493179e-02 -4.08544853e-01 9.12600584e-01
1317358048.697995901 2.03079850e+02 1.83806860e+02 -8.10193559e+00 -1.06515271e-02 -1.21857658e-02 -4.07335754e-01 9.13135059e-01
1317358048.802010059 2.03589650e+02 1.83255284e+02 -8.06952425e+00 -1.17430538e-02 -1.27938158e-02 -4.06431708e-01 9.13516111e-01
1317358048.906049013 2.04119402e+02 1.82692512e+02 -8.03788474e+00 -1.35822540e-02 -1.41215711e-02 -4.06359022e-01 9.13503393e-01
1317358049.010087013 2.04658343e+02 1.82120852e+02 -8.01030048e+00 -1.49131522e-02 -1.44726186e-02 -4.05768010e-01 9.13739823e-01
1317358049.114125967 2.05195523e+02 1.81537882e+02 -7.98285250e+00 -1.46547739e-02 -1.42849326e-02 -4.05940068e-01 9.13670531e-01
1317358049.218163967 2.05739625e+02 1.80946206e+02 -7.94605536e+00 -1.40248617e-02 -1.32139954e-02 -4.06465095e-01 9.13463092e-01
1317358049.322155952 2.06301003e+02 1.80359189e+02 -7.90950709e+00 -1.49167331e-02 -1.21986897e-02 -4.05250087e-01 9.14002762e-01
1317358049.426121950 2.06862466e+02 1.79749880e+02 -7.87213619e+00 -1.49217898e-02 -1.29859413e-02 -4.04604206e-01 9.14277935e-01
1317358049.530090094 2.07434931e+02 1.79135416e+02 -7.84285217e+00 -1.47940885e-02 -1.35865258e-02 -4.03428570e-01 9.14790648e-01
1317358049.634057045 2.08022538e+02 1.78510040e+02 -7.79830014e+00 -1.53843286e-02 -1.32739449e-02 -4.01591535e-01 9.15593449e-01
1317358049.738023043 2.08630823e+02 1.77855907e+02 -7.76636752e+00 -1.42059446e-02 -1.19769815e-02 -3.99689636e-01 9.16462186e-01
1317358049.841967106 2.09243819e+02 1.77204004e+02 -7.72789569e+00 -1.33412857e-02 -1.12696234e-02 -3.97275852e-01 9.17533053e-01
1317358049.945884943 2.09892717e+02 1.76509431e+02 -7.69618468e+00 -1.24396676e-02 -1.14038722e-02 -3.94127782e-01 9.18900701e-01
1317358050.049802065 2.10522609e+02 1.75843097e+02 -7.65941559e+00 -1.27674323e-02 -1.22810759e-02 -3.91599929e-01 9.19965034e-01
1317358050.153744936 2.11167982e+02 1.75179970e+02 -7.62136879e+00 -1.34549692e-02 -1.37792752e-02 -3.89514609e-01 9.20818910e-01
1317358050.257711887 2.11844228e+02 1.74493510e+02 -7.56442102e+00 -1.54015089e-02 -1.43205143e-02 -3.87295018e-01 9.21715946e-01
1317358050.361702919 2.12514424e+02 1.73827976e+02 -7.51897387e+00 -1.78310402e-02 -1.41756535e-02 -3.86710172e-01 9.21919925e-01
1317358050.465694904 2.13223474e+02 1.73106901e+02 -7.48156076e+00 -1.90009038e-02 -1.27758129e-02 -3.86757422e-01 9.21897197e-01
1317358050.569684982 2.13926287e+02 1.72411070e+02 -7.42789113e+00 -2.01605029e-02 -1.16281058e-02 -3.87078192e-01 9.21753120e-01
1317358050.673697948 2.14629859e+02 1.71704873e+02 -7.38438919e+00 -2.15731667e-02 -1.15448687e-02 -3.87665686e-01 9.21475247e-01
1317358050.777714014 2.15344947e+02 1.70979359e+02 -7.33254942e+00 -2.27416351e-02 -1.17623741e-02 -3.88332929e-01 9.21163395e-01
1317358050.881728888 2.16073706e+02 1.70250167e+02 -7.28232644e+00 -2.38201134e-02 -1.03834520e-02 -3.89025982e-01 9.20860235e-01
1317358050.985765934 2.16841274e+02 1.69535260e+02 -7.21997440e+00 -2.49744118e-02 -7.56563389e-03 -3.90147602e-01 9.20382469e-01
1317358051.089806080 2.17571478e+02 1.68800021e+02 -7.17456556e+00 -2.46068596e-02 -5.60773682e-03 -3.92140498e-01 9.19559071e-01
1317358051.193845987 2.18295110e+02 1.68057568e+02 -7.12973726e+00 -2.50872360e-02 -5.71441715e-03 -3.94622312e-01 9.18483101e-01
1317358051.297908068 2.19064801e+02 1.67294651e+02 -7.09303340e+00 -2.88273939e-02 -5.46085080e-03 -3.97630230e-01 9.17076529e-01
1317358051.401993990 2.19772805e+02 1.66543803e+02 -7.05280247e+00 -2.93601016e-02 -6.28577515e-03 -4.01775826e-01 9.15245682e-01
1317358051.506104946 2.20474047e+02 1.65775159e+02 -7.00645345e+00 -2.88664797e-02 -6.20125881e-03 -4.07321776e-01 9.12807341e-01
1317358051.610215902 2.21163719e+02 1.65011757e+02 -6.97843564e+00 -3.02532693e-02 -2.27944643e-03 -4.13609607e-01 9.09948700e-01
1317358051.714303017 2.21855112e+02 1.64215336e+02 -6.94804029e+00 -2.87015307e-02 -1.37687545e-03 -4.19833858e-01 9.07145996e-01
1317358051.818366051 2.22543505e+02 1.63405737e+02 -6.90181396e+00 -2.81601826e-02 -1.51910253e-03 -4.25955367e-01 9.04304551e-01
1317358051.922415972 2.23176312e+02 1.62605006e+02 -6.85520855e+00 -2.95117127e-02 -3.17257900e-03 -4.32329839e-01 9.01226888e-01
1317358052.026407957 2.23839908e+02 1.61783955e+02 -6.81510319e+00 -2.90441706e-02 -4.94956193e-03 -4.37504237e-01 8.98733543e-01
1317358052.130364895 2.24499970e+02 1.60940888e+02 -6.77101741e+00 -2.75428680e-02 -5.69763030e-03 -4.42182217e-01 8.96484141e-01
1317358052.234282017 2.25146952e+02 1.60052206e+02 -6.72843967e+00 -2.60623218e-02 -4.80737882e-03 -4.46601041e-01 8.94340626e-01
1317358052.338151932 2.25798475e+02 1.59182879e+02 -6.68291044e+00 -2.46343879e-02 -5.77868613e-03 -4.49534901e-01 8.92904321e-01
1317358052.441998005 2.26438316e+02 1.58310140e+02 -6.63576712e+00 -2.35600685e-02 -6.78556542e-03 -4.51183771e-01 8.92094212e-01
1317358052.545821905 2.27081266e+02 1.57413017e+02 -6.57147015e+00 -2.29654748e-02 -8.22123115e-03 -4.51997340e-01 8.91685709e-01
1317358052.649620056 2.27737156e+02 1.56517135e+02 -6.52094491e+00 -2.18769599e-02 -7.67555080e-03 -4.51764812e-01 8.91835769e-01
1317358052.753418922 2.28390841e+02 1.55620868e+02 -6.47018615e+00 -2.11382876e-02 -7.74875018e-03 -4.50784022e-01 8.92349088e-01
1317358052.857218027 2.29045452e+02 1.54711606e+02 -6.40814574e+00 -2.04886765e-02 -8.51678509e-03 -4.49231944e-01 8.93139596e-01
1317358052.960993052 2.29714995e+02 1.53807126e+02 -6.35821845e+00 -2.00791960e-02 -9.19608057e-03 -4.47701772e-01 8.93910164e-01
1317358053.064769983 2.30390433e+02 1.52907507e+02 -6.31044780e+00 -1.88966820e-02 -9.33851061e-03 -4.46188084e-01 8.94690953e-01
1317358053.168543100 2.31084635e+02 1.52019062e+02 -6.25048928e+00 -1.73937449e-02 -9.65986375e-03 -4.43998905e-01 8.95806406e-01
1317358053.272291899 2.31771619e+02 1.51120546e+02 -6.19728278e+00 -1.73594981e-02 -1.02945295e-02 -4.42600602e-01 8.96491705e-01
1317358053.376066923 2.32485320e+02 1.50247476e+02 -6.15174881e+00 -1.64552879e-02 -1.01159637e-02 -4.40589125e-01 8.97501038e-01
1317358053.479866028 2.33196450e+02 1.49333593e+02 -6.10376371e+00 -1.52213877e-02 -8.14820519e-03 -4.39690859e-01 8.97983221e-01
1317358053.583666086 2.33911204e+02 1.48428338e+02 -6.06587126e+00 -1.44507994e-02 -6.80646197e-03 -4.39329356e-01 8.98184036e-01
1317358053.687465906 2.34606815e+02 1.47544089e+02 -6.03298713e+00 -1.39631603e-02 -6.85256984e-03 -4.39009725e-01 8.98347669e-01
1317358053.791239977 2.35315780e+02 1.46632148e+02 -5.99148762e+00 -1.40643677e-02 -7.95680673e-03 -4.39215646e-01 8.98236327e-01
1317358053.895037889 2.36032604e+02 1.45716085e+02 -5.94806959e+00 -1.51720086e-02 -8.38461513e-03 -4.39560172e-01 8.98045858e-01
1317358053.998861074 2.36763686e+02 1.44815382e+02 -5.91249414e+00 -1.60751078e-02 -7.58854331e-03 -4.39332624e-01 8.98148568e-01
1317358054.102663994 2.37491113e+02 1.43892387e+02 -5.86006589e+00 -1.73910441e-02 -7.47489426e-03 -4.39339041e-01 8.98121865e-01
1317358054.206461906 2.38229792e+02 1.42971720e+02 -5.81533053e+00 -1.78219982e-02 -7.23928310e-03 -4.39523869e-01 8.98024909e-01
1317358054.310254097 2.38965240e+02 1.42052997e+02 -5.75802572e+00 -1.78850167e-02 -6.68125135e-03 -4.39243887e-01 8.98164959e-01
1317358054.414052963 2.39720740e+02 1.41093058e+02 -5.71193719e+00 -1.76832217e-02 -5.67849431e-03 -4.39164485e-01 8.98214681e-01
1317358054.517875910 2.40493074e+02 1.40137461e+02 -5.67442899e+00 -1.76900132e-02 -5.68933246e-03 -4.38618280e-01 8.98481329e-01
1317358054.621675968 2.41242448e+02 1.39175688e+02 -5.62614431e+00 -1.66109438e-02 -7.46979804e-03 -4.38640659e-01 8.98477964e-01
1317358054.725450039 2.41996227e+02 1.38202761e+02 -5.57863393e+00 -1.66473516e-02 -9.10207824e-03 -4.38740060e-01 8.98413701e-01
1317358054.829251051 2.42793483e+02 1.37188942e+02 -5.53546903e+00 -1.79264180e-02 -9.21719503e-03 -4.38287862e-01 8.98608612e-01
1317358054.933073997 2.43547515e+02 1.36202517e+02 -5.48551120e+00 -1.68310533e-02 -9.29716808e-03 -4.38339240e-01 8.98603911e-01
1317358055.036895990 2.44321236e+02 1.35203080e+02 -5.43685749e+00 -1.57815100e-02 -7.96836322e-03 -4.38366503e-01 8.98622423e-01
1317358055.140717030 2.45093775e+02 1.34229178e+02 -5.39088127e+00 -1.54189530e-02 -8.26357188e-03 -4.38187132e-01 8.98713529e-01
1317358055.244539022 2.45865472e+02 1.33235964e+02 -5.33628720e+00 -1.45214284e-02 -9.02110017e-03 -4.37998290e-01 8.98813243e-01
1317358055.348362923 2.46641830e+02 1.32244817e+02 -5.27894953e+00 -1.47868707e-02 -9.32933198e-03 -4.37917873e-01 8.98844952e-01
1317358055.452187061 2.47430159e+02 1.31251232e+02 -5.22029951e+00 -1.58311649e-02 -1.01863864e-02 -4.38064451e-01 8.98746431e-01
1317358055.556010962 2.48228485e+02 1.30273911e+02 -5.16291715e+00 -1.81751998e-02 -9.65171299e-03 -4.37407719e-01 8.99027805e-01
1317358055.659833908 2.49025357e+02 1.29285603e+02 -5.10746127e+00 -1.92976509e-02 -8.50603695e-03 -4.37554379e-01 8.98944611e-01
1317358055.763655901 2.49857983e+02 1.28334268e+02 -5.07220304e+00 -1.89854262e-02 -6.93912418e-03 -4.37436134e-01 8.99022264e-01
1317358055.867477894 2.50644795e+02 1.27333354e+02 -5.02401728e+00 -1.77191651e-02 -6.82366300e-03 -4.37387606e-01 8.99072606e-01
1317358055.971302032 2.51429268e+02 1.26331949e+02 -4.97794017e+00 -1.63764055e-02 -6.65492945e-03 -4.36987878e-01 8.99293678e-01
1317358056.075098991 2.52229289e+02 1.25359371e+02 -4.91582902e+00 -1.74673846e-02 -7.36793354e-03 -4.35842965e-01 8.99823046e-01
1317358056.178899050 2.53024154e+02 1.24360023e+02 -4.86553478e+00 -1.77263870e-02 -7.14652263e-03 -4.35340533e-01 9.00062955e-01
1317358056.282720089 2.53823793e+02 1.23367114e+02 -4.81173218e+00 -1.87628946e-02 -6.27652335e-03 -4.35012729e-01 9.00206912e-01
1317358056.386542082 2.54626975e+02 1.22397025e+02 -4.75203514e+00 -1.96567621e-02 -5.86442059e-03 -4.33840914e-01 9.00755950e-01
1317358056.490340948 2.55437827e+02 1.21405927e+02 -4.70423762e+00 -1.97392094e-02 -5.48846799e-03 -4.33635185e-01 9.00855575e-01
1317358056.594139099 2.56251029e+02 1.20429164e+02 -4.65461856e+00 -1.90629254e-02 -4.89821321e-03 -4.33046015e-01 9.01156902e-01
1317358056.697915077 2.57052319e+02 1.19424900e+02 -4.60923313e+00 -1.70254509e-02 -4.39776124e-03 -4.32577001e-01 9.01425500e-01
1317358056.801666021 2.57852406e+02 1.18422154e+02 -4.56143423e+00 -1.52359465e-02 -3.86146368e-03 -4.31865884e-01 9.01800872e-01
1317358056.905415058 2.58654507e+02 1.17426234e+02 -4.52035696e+00 -1.42198532e-02 -3.52602385e-03 -4.31431486e-01 9.02026738e-01
1317358057.009169102 2.59454294e+02 1.16440878e+02 -4.47783133e+00 -1.42718117e-02 -4.14311808e-03 -4.30891558e-01 9.02281339e-01
1317358057.112921953 2.60266730e+02 1.15447566e+02 -4.43515284e+00 -1.48816701e-02 -4.54559448e-03 -4.30084168e-01 9.02654686e-01
1317358057.216670036 2.61066431e+02 1.14465095e+02 -4.39245257e+00 -1.52653648e-02 -4.41320994e-03 -4.29851993e-01 9.02759523e-01
1317358057.320417881 2.61868699e+02 1.13481675e+02 -4.35186535e+00 -1.49201800e-02 -3.74556415e-03 -4.29201862e-01 9.03077583e-01
1317358057.424170971 2.62663881e+02 1.12552997e+02 -4.33752966e+00 -1.43762660e-02 -1.72727574e-03 -4.27981093e-01 9.03671690e-01
1317358057.527921915 2.63458803e+02 1.11583541e+02 -4.29711447e+00 -1.34311457e-02 -1.58374114e-03 -4.27448380e-01 9.03938592e-01
1317358057.631648064 2.64263016e+02 1.10612563e+02 -4.25381624e+00 -1.34401103e-02 -2.08556392e-03 -4.26964507e-01 9.04166093e-01
1317358057.735421896 2.65058353e+02 1.09653754e+02 -4.21594503e+00 -1.40851841e-02 -2.95356580e-03 -4.26602988e-01 9.04324485e-01
1317358057.839220047 2.65863054e+02 1.08743955e+02 -4.16065467e+00 -1.56010539e-02 -3.04962196e-03 -4.25563457e-01 9.04788954e-01
1317358057.943043947 2.66668603e+02 1.07789051e+02 -4.12605544e+00 -1.60455180e-02 -2.38220886e-03 -4.25728971e-01 9.04705317e-01
1317358058.046891928 2.67481168e+02 1.06839363e+02 -4.09283788e+00 -1.53220928e-02 -7.78571258e-04 -4.26102769e-01 9.04544669e-01
1317358058.150712967 2.68266045e+02 1.05881552e+02 -4.06416569e+00 -1.41386846e-02 -5.25718782e-04 -4.26572807e-01 9.04342558e-01
1317358058.254535913 2.69055191e+02 1.04916497e+02 -4.02821300e+00 -1.29622328e-02 -1.53782117e-03 -4.26653534e-01 9.04320948e-01
1317358058.358335018 2.69852787e+02 1.03968404e+02 -3.98779499e+00 -1.30639659e-02 -2.17670633e-03 -4.26242809e-01 9.04511837e-01
1317358058.462133884 2.70638968e+02 1.03016414e+02 -3.94643176e+00 -1.38166473e-02 -2.86467451e-03 -4.26309215e-01 9.04467438e-01
1317358058.565958023 2.71430659e+02 1.02069428e+02 -3.90515734e+00 -1.45963490e-02 -3.28306762e-03 -4.26318564e-01 9.04449363e-01
1317358058.669756889 2.72225928e+02 1.01122229e+02 -3.86846371e+00 -1.48800318e-02 -2.16968381e-03 -4.26067439e-01 9.04566423e-01
1317358058.773554087 2.73018851e+02 1.00168180e+02 -3.82558035e+00 -1.48965754e-02 -1.76967494e-03 -4.26065900e-01 9.04567747e-01
1317358058.877352953 2.73806457e+02 9.92147453e+01 -3.78767920e+00 -1.45622601e-02 -2.15210321e-03 -4.25861807e-01 9.04668464e-01
1317358058.981127977 2.74609704e+02 9.82610032e+01 -3.74683347e+00 -1.36084611e-02 -2.72767574e-03 -4.25648188e-01 9.04782288e-01
1317358059.084902048 2.75389339e+02 9.73250263e+01 -3.71117816e+00 -1.36012100e-02 -2.44371304e-03 -4.25459008e-01 9.04872183e-01
1317358059.188677073 2.76162404e+02 9.63824611e+01 -3.66437291e+00 -1.35647069e-02 -4.83525845e-03 -4.25263762e-01 9.04954889e-01
1317358059.292475939 2.76955952e+02 9.54698855e+01 -3.60243452e+00 -1.55594182e-02 -6.52554296e-03 -4.24642366e-01 9.05203945e-01
1317358059.396297932 2.77727998e+02 9.45415330e+01 -3.55588978e+00 -1.59404391e-02 -6.90101256e-03 -4.24687892e-01 9.05173173e-01
1317358059.500097036 2.78511384e+02 9.36161808e+01 -3.51141986e+00 -1.51845681e-02 -6.15678350e-03 -4.24469656e-01 9.05293894e-01
1317358059.603897095 2.79293099e+02 9.26794843e+01 -3.47016124e+00 -1.41393949e-02 -5.34225713e-03 -4.24503972e-01 9.05299904e-01
1317358059.707695007 2.80073104e+02 9.17487888e+01 -3.42905836e+00 -1.29450191e-02 -4.99833513e-03 -4.24319854e-01 9.05406044e-01
1317358059.811492920 2.80862526e+02 9.08602993e+01 -3.38741662e+00 -1.33746461e-02 -5.63028011e-03 -4.23686489e-01 9.05692651e-01
1317358059.915316105 2.81626342e+02 8.99523391e+01 -3.34026616e+00 -1.40288675e-02 -6.22288551e-03 -4.23469824e-01 9.05780202e-01
1317358060.019115925 2.82389456e+02 8.90516530e+01 -3.29701162e+00 -1.42370853e-02 -6.91280872e-03 -4.23542891e-01 9.05737786e-01
1317358060.122915030 2.83150424e+02 8.82002488e+01 -3.25589148e+00 -1.46240752e-02 -5.69369027e-03 -4.22682689e-01 9.06141856e-01
1317358060.226736069 2.83910076e+02 8.73177456e+01 -3.22024349e+00 -1.43828830e-02 -5.23232364e-03 -4.22931216e-01 9.06032528e-01
1317358060.330534935 2.84661377e+02 8.64244213e+01 -3.18274205e+00 -1.37630814e-02 -4.63868697e-03 -4.23243606e-01 9.05899503e-01
1317358060.434335947 2.85398376e+02 8.55564156e+01 -3.14290036e+00 -1.29163162e-02 -4.80210666e-03 -4.22775164e-01 9.06129830e-01
1317358060.538134098 2.86132029e+02 8.46756003e+01 -3.10239853e+00 -1.28211550e-02 -4.89106290e-03 -4.22483808e-01 9.06266587e-01
1317358060.641907930 2.86875627e+02 8.37970678e+01 -3.06341549e+00 -1.27439136e-02 -5.01431785e-03 -4.22162163e-01 9.06416878e-01
1317358060.745707989 2.87618179e+02 8.29379724e+01 -3.02550004e+00 -1.36884053e-02 -4.28422416e-03 -4.21457003e-01 9.06734949e-01
1317358060.849505901 2.88353147e+02 8.20708963e+01 -2.98404324e+00 -1.41227359e-02 -4.86825999e-03 -4.21528457e-01 9.06692124e-01
1317358060.953305960 2.89114081e+02 8.12125086e+01 -2.94367420e+00 -1.41882817e-02 -4.67245100e-03 -4.20444756e-01 9.07195165e-01
1317358061.057104111 2.89842573e+02 8.03607106e+01 -2.90568591e+00 -1.37517315e-02 -4.55794839e-03 -4.20144588e-01 9.07341523e-01
1317358061.160902023 2.90559936e+02 7.95102999e+01 -2.86545553e+00 -1.31012463e-02 -4.44301609e-03 -4.20235665e-01 9.07309541e-01
1317358061.264723063 2.91288092e+02 7.86890980e+01 -2.81898846e+00 -1.33712205e-02 -3.48872313e-03 -4.20067595e-01 9.07387599e-01
1317358061.368545055 2.91987548e+02 7.78777134e+01 -2.77993967e+00 -1.30439355e-02 -2.80644576e-03 -4.20054942e-01 9.07400587e-01
1317358061.472371101 2.92672559e+02 7.70928845e+01 -2.74280076e+00 -1.28742685e-02 -2.21806955e-03 -4.20038833e-01 9.07412096e-01
1317358061.576193094 2.93345170e+02 7.63180192e+01 -2.70110301e+00 -1.32314856e-02 -1.38942966e-03 -4.19852962e-01 9.07494621e-01
1317358061.680015087 2.93999215e+02 7.55574523e+01 -2.66559902e+00 -1.43797039e-02 -1.27206828e-03 -4.19849779e-01 9.07478798e-01
1317358061.783838034 2.94649877e+02 7.48084911e+01 -2.63602520e+00 -1.43131021e-02 -1.20978317e-03 -4.19840364e-01 9.07484292e-01
1317358061.887659073 2.95295327e+02 7.40925540e+01 -2.61406350e+00 -1.34887898e-02 3.57112151e-04 -4.19291563e-01 9.07751348e-01
1317358061.991485119 2.95927522e+02 7.33619066e+01 -2.59916399e+00 -1.22441892e-02 1.97829878e-03 -4.19305400e-01 9.07760512e-01
1317358062.095308065 2.96523002e+02 7.26725288e+01 -2.56249198e+00 -1.21411661e-02 1.71750483e-03 -4.18718464e-01 9.08033309e-01
1317358062.199131012 2.97119104e+02 7.19872067e+01 -2.53449911e+00 -1.37937268e-02 -1.07520603e-03 -4.18688719e-01 9.08024412e-01
1317358062.302978992 2.97694835e+02 7.13055751e+01 -2.51112295e+00 -1.53517618e-02 -4.69454263e-03 -4.19566604e-01 9.07582586e-01
1317358062.406850100 2.98255920e+02 7.06265123e+01 -2.47641006e+00 -1.44005674e-02 -4.96382163e-03 -4.20591858e-01 9.07122083e-01
1317358062.510746002 2.98834023e+02 6.99516385e+01 -2.44202964e+00 -1.38128217e-02 -2.53379421e-03 -4.21975444e-01 9.06498489e-01
1317358062.614662886 2.99393224e+02 6.92937605e+01 -2.42525280e+00 -1.28598518e-02 -1.39071184e-03 -4.23840331e-01 9.05644557e-01
1317358062.718580008 2.99926894e+02 6.86400844e+01 -2.39899030e+00 -1.07745247e-02 -3.04448261e-03 -4.25256379e-01 9.05003676e-01
1317358062.822521925 3.00456976e+02 6.80048884e+01 -2.36524993e+00 -8.98655711e-03 -2.95635862e-03 -4.26822875e-01 9.04285760e-01
1317358062.926487923 3.00971530e+02 6.73878014e+01 -2.33845219e+00 -8.21748227e-03 -2.24157331e-03 -4.28832993e-01 9.03343629e-01
1317358063.030431032 3.01476667e+02 6.67770913e+01 -2.31695975e+00 -7.30879643e-03 -1.21578372e-03 -4.30439188e-01 9.02589170e-01
1317358063.134351015 3.01961934e+02 6.61887004e+01 -2.29254881e+00 -7.14203431e-03 -4.11255606e-04 -4.32037708e-01 9.01827168e-01
1317358063.238292933 3.02429993e+02 6.56306210e+01 -2.28263615e+00 -6.55700139e-03 5.87915893e-04 -4.33801118e-01 9.00984600e-01
1317358063.342236042 3.02878860e+02 6.50684152e+01 -2.25996492e+00 -5.89374248e-03 -2.30359706e-04 -4.35109687e-01 9.00358135e-01
1317358063.446192980 3.03315978e+02 6.45328950e+01 -2.24584100e+00 -4.98641477e-03 -1.99037753e-03 -4.36465978e-01 8.99704743e-01
1317358063.550159931 3.03732132e+02 6.40025388e+01 -2.22764412e+00 -3.93996471e-03 -4.20720159e-03 -4.37828890e-01 8.99039843e-01
1317358063.654109955 3.04119291e+02 6.34717743e+01 -2.21184120e+00 -2.55760683e-03 -4.85004046e-03 -4.38882676e-01 8.98527647e-01
1317358063.758076906 3.04503834e+02 6.29691020e+01 -2.18507442e+00 -2.91559673e-03 -5.43521037e-03 -4.40147172e-01 8.97904463e-01
1317358063.862045050 3.04875657e+02 6.24774233e+01 -2.16808168e+00 -3.11840764e-03 -5.74137023e-03 -4.41263660e-01 8.97353717e-01
1317358063.966012955 3.05224924e+02 6.20005900e+01 -2.14345647e+00 -3.08131949e-03 -6.78544672e-03 -4.41953239e-01 8.97007134e-01
1317358064.070003033 3.05574893e+02 6.15482700e+01 -2.12395839e+00 -3.80294755e-03 -7.33440709e-03 -4.42712240e-01 8.96625684e-01
1317358064.173991919 3.05882348e+02 6.11063038e+01 -2.08795972e+00 -4.13909031e-03 -7.28621170e-03 -4.43958919e-01 8.96007956e-01
1317358064.277981997 3.06211311e+02 6.06991121e+01 -2.07073497e+00 -4.67380998e-03 -6.60120128e-03 -4.44825188e-01 8.95580891e-01
1317358064.381952047 3.06514257e+02 6.03002118e+01 -2.05063755e+00 -5.25756599e-03 -6.51565890e-03 -4.45241408e-01 8.95371427e-01
1317358064.485893011 3.06817117e+02 5.99359751e+01 -2.02640621e+00 -5.58599814e-03 -6.98662162e-03 -4.45037765e-01 8.95467125e-01
1317358064.589834929 3.07108124e+02 5.95649319e+01 -2.01232629e+00 -6.48310983e-03 -7.06002263e-03 -4.44254351e-01 8.95849427e-01
1317358064.693732023 3.07383315e+02 5.92115807e+01 -1.99402147e+00 -6.54671167e-03 -7.32886672e-03 -4.42328102e-01 8.96799464e-01
1317358064.797626972 3.07625959e+02 5.89088412e+01 -1.98248347e+00 -7.44737980e-03 -6.54254671e-03 -4.39913146e-01 8.97985610e-01
1317358064.901521921 3.07877307e+02 5.86016625e+01 -1.96120739e+00 -8.08542145e-03 -6.23044602e-03 -4.36781000e-01 8.99509958e-01
1317358065.005414963 3.08115368e+02 5.83189922e+01 -1.94695938e+00 -9.55828060e-03 -5.47387459e-03 -4.33244009e-01 9.01209357e-01
1317358065.109308958 3.08348538e+02 5.80474992e+01 -1.93590399e+00 -1.06600294e-02 -4.93915463e-03 -4.29079552e-01 9.03190294e-01
1317358065.213156939 3.08566631e+02 5.77898002e+01 -1.92373837e+00 -1.13373945e-02 -4.70390371e-03 -4.24048751e-01 9.05556179e-01
1317358065.316956043 3.08795846e+02 5.75523436e+01 -1.91620829e+00 -1.13596091e-02 -4.02822183e-03 -4.17658442e-01 9.08524165e-01
1317358065.420706987 3.09014243e+02 5.73129744e+01 -1.90690030e+00 -1.10255862e-02 -3.82978896e-03 -4.09537771e-01 9.12218495e-01
1317358065.524408102 3.09225581e+02 5.70863711e+01 -1.89641420e+00 -1.02925257e-02 -3.83791393e-03 -3.99169785e-01 9.16811222e-01
1317358065.628062963 3.09492917e+02 5.68799657e+01 -1.88033664e+00 -1.00651327e-02 -2.96500045e-03 -3.85828001e-01 9.22511060e-01
1317358065.731717110 3.09733078e+02 5.66847187e+01 -1.86406285e+00 -1.09055453e-02 -1.48970752e-03 -3.71477552e-01 9.28376690e-01
1317358065.835421085 3.09963848e+02 5.65051410e+01 -1.85199869e+00 -1.27580770e-02 1.49354902e-04 -3.56784614e-01 9.34099539e-01
1317358065.939126015 3.10259350e+02 5.63425870e+01 -1.84788974e+00 -1.54072731e-02 2.16749507e-03 -3.40359941e-01 9.40166490e-01
1317358066.042804003 3.10507700e+02 5.61787475e+01 -1.84177063e+00 -1.73467610e-02 3.48507616e-03 -3.22940399e-01 9.46253900e-01
1317358066.146482944 3.10748985e+02 5.60439887e+01 -1.83357358e+00 -1.87472188e-02 4.41067622e-03 -3.05312823e-01 9.52057334e-01
1317358066.250185013 3.11030739e+02 5.59153200e+01 -1.82505085e+00 -2.03974401e-02 5.31969665e-03 -2.86828430e-01 9.57750018e-01
1317358066.353887081 3.11288542e+02 5.57888194e+01 -1.82526332e+00 -2.13548488e-02 5.42452570e-03 -2.68315156e-01 9.63079188e-01
1317358066.457591057 3.11550078e+02 5.56665732e+01 -1.82113904e+00 -2.26936091e-02 5.18337364e-03 -2.48961390e-01 9.68233628e-01
1317358066.561305046 3.11866205e+02 5.55807013e+01 -1.82469964e+00 -2.33977822e-02 5.58340642e-03 -2.28034301e-01 9.73355910e-01
1317358066.665004969 3.12172392e+02 5.54740358e+01 -1.82401283e+00 -2.39017930e-02 5.97112274e-03 -2.07162934e-01 9.77996201e-01
1317358066.768719912 3.12508930e+02 5.53848414e+01 -1.84002711e+00 -2.38482490e-02 6.50176269e-03 -1.84834101e-01 9.82458825e-01
1317358066.872423887 3.12842343e+02 5.52930954e+01 -1.82858842e+00 -2.31191857e-02 7.35226996e-03 -1.62186903e-01 9.86461786e-01
1317358066.976129055 3.13189845e+02 5.52146643e+01 -1.82695103e+00 -2.28542049e-02 7.75778521e-03 -1.38711542e-01 9.90038691e-01
1317358067.079855919 3.13597347e+02 5.51706797e+01 -1.82585463e+00 -2.42744386e-02 8.27037714e-03 -1.13991339e-01 9.93150707e-01
1317358067.183581114 3.13985876e+02 5.51356673e+01 -1.83758582e+00 -2.62652771e-02 8.35691096e-03 -8.86941870e-02 9.95677477e-01
1317358067.287333012 3.14387915e+02 5.51165075e+01 -1.84831596e+00 -2.73821591e-02 8.63533432e-03 -6.32023131e-02 9.97587648e-01
1317358067.391134024 3.14817257e+02 5.51271554e+01 -1.86494179e+00 -2.78068886e-02 9.27547450e-03 -3.89647060e-02 9.98810540e-01
1317358067.494982004 3.15259194e+02 5.51426452e+01 -1.86935127e+00 -2.81415893e-02 1.06675236e-02 -1.55759542e-02 9.99425657e-01
1317358067.598850965 3.15716973e+02 5.51688793e+01 -1.87170983e+00 -2.83585720e-02 1.18894583e-02 7.00158340e-03 9.99502581e-01
1317358067.702765942 3.16198387e+02 5.52161767e+01 -1.87800777e+00 -2.87253764e-02 1.11348365e-02 2.86159282e-02 9.99115607e-01
1317358067.806734085 3.16696615e+02 5.52827148e+01 -1.89649601e+00 -2.84296784e-02 1.01345282e-02 4.86703826e-02 9.98358772e-01
1317358067.910723925 3.17214224e+02 5.53587682e+01 -1.91029118e+00 -2.80800687e-02 9.31132829e-03 6.74894118e-02 9.97281298e-01
1317358068.014763117 3.17752625e+02 5.54614164e+01 -1.94046607e+00 -2.72548888e-02 9.01094458e-03 8.51513454e-02 9.95954428e-01
1317358068.118803024 3.18336422e+02 5.55873418e+01 -1.95062379e+00 -2.56574542e-02 9.98635502e-03 1.02881467e-01 9.94312512e-01
1317358068.222794056 3.18925696e+02 5.57433482e+01 -1.98138016e+00 -2.36538578e-02 1.19412451e-02 1.21410052e-01 9.92248709e-01
1317358068.326785088 3.19532813e+02 5.59252951e+01 -1.99224990e+00 -2.02945909e-02 1.54755009e-02 1.40041601e-01 9.89816644e-01
1317358068.430824041 3.20157590e+02 5.61335346e+01 -2.01014792e+00 -2.01616437e-02 1.91054722e-02 1.57766077e-01 9.87085788e-01
1317358068.534887075 3.20795931e+02 5.63687353e+01 -2.03890918e+00 -1.92087856e-02 2.05894505e-02 1.73908045e-01 9.84359228e-01
1317358068.638950109 3.21430479e+02 5.66477374e+01 -2.08389339e+00 -1.62986503e-02 1.92589894e-02 1.88974333e-01 9.81657856e-01
1317358068.743036985 3.22110101e+02 5.69343226e+01 -2.11254890e+00 -1.15493631e-02 1.78285011e-02 2.03348881e-01 9.78875880e-01
1317358068.847172976 3.22795600e+02 5.72514708e+01 -2.14569725e+00 -1.00949470e-02 1.73727136e-02 2.16826099e-01 9.76003444e-01
1317358068.951281071 3.23516411e+02 5.75989082e+01 -2.17285835e+00 -6.98437522e-03 1.85482781e-02 2.29999567e-01 9.72988889e-01
1317358069.055344105 3.24265852e+02 5.79811640e+01 -2.19722892e+00 -4.32082258e-03 2.19579137e-02 2.43727494e-01 9.69585524e-01
1317358069.159404993 3.24999174e+02 5.83828113e+01 -2.23051652e+00 -1.66797028e-03 2.39433109e-02 2.57947168e-01 9.65860856e-01
1317358069.263444901 3.25752850e+02 5.88252418e+01 -2.26100528e+00 -1.10488441e-04 2.58331777e-02 2.71781778e-01 9.62012110e-01
1317358069.367508888 3.26483646e+02 5.93202508e+01 -2.31243628e+00 1.16520776e-03 2.86703729e-02 2.84820732e-01 9.58151242e-01
1317358069.471616030 3.27232612e+02 5.98284501e+01 -2.34560121e+00 -1.63059525e-03 2.94061245e-02 2.96191814e-01 9.54674306e-01
1317358069.575705051 3.27979946e+02 6.03763429e+01 -2.40060707e+00 -4.67294212e-03 2.78939074e-02 3.06600024e-01 9.51418162e-01
1317358069.679817915 3.28741842e+02 6.09690565e+01 -2.45549625e+00 -4.56333777e-03 2.61573553e-02 3.17073575e-01 9.48029175e-01
1317358069.783977032 3.29511309e+02 6.15574672e+01 -2.49790090e+00 -4.51057400e-03 2.38450411e-02 3.25117653e-01 9.45362143e-01
1317358069.888135910 3.30290807e+02 6.21771757e+01 -2.54452941e+00 -5.80675804e-03 2.18273705e-02 3.31551234e-01 9.43166807e-01
1317358069.992291927 3.31060376e+02 6.28727077e+01 -2.60077488e+00 -6.80185371e-03 2.32333443e-02 3.37074470e-01 9.41166695e-01
1317358070.096448898 3.31860050e+02 6.35466341e+01 -2.64864072e+00 -8.25816485e-03 2.54277957e-02 3.41220797e-01 9.39602894e-01
1317358070.200609922 3.32658305e+02 6.42317563e+01 -2.68970458e+00 -8.82909119e-03 2.64063115e-02 3.44366183e-01 9.38422445e-01
1317358070.304790974 3.33435565e+02 6.49395176e+01 -2.74885297e+00 -1.02801736e-02 2.62824067e-02 3.46511609e-01 9.37621063e-01
1317358070.408973932 3.34238005e+02 6.56331569e+01 -2.79330613e+00 -1.05533425e-02 2.80561493e-02 3.47996232e-01 9.37016596e-01
1317358070.513151884 3.35022828e+02 6.63599321e+01 -2.82978020e+00 -1.21342169e-02 2.79463214e-02 3.48274811e-01 9.36897230e-01
1317358070.617358923 3.35831992e+02 6.70704243e+01 -2.87982875e+00 -1.14119021e-02 2.69511686e-02 3.48388725e-01 9.36893110e-01
1317358070.721546888 3.36623996e+02 6.77953249e+01 -2.93899487e+00 -1.09870171e-02 2.60631144e-02 3.48826415e-01 9.36760445e-01
1317358070.825681925 3.37446661e+02 6.85128842e+01 -2.98070859e+00 -1.16695172e-02 2.60566004e-02 3.48245194e-01 9.36968602e-01
1317358070.929816961 3.38253030e+02 6.92177339e+01 -3.03342405e+00 -1.23779550e-02 2.66824003e-02 3.47625643e-01 9.37171941e-01
1317358071.033927917 3.39071586e+02 6.99168063e+01 -3.09510853e+00 -1.18614588e-02 2.81736736e-02 3.47633430e-01 9.37132087e-01
1317358071.137990952 3.39881768e+02 7.06179673e+01 -3.14256992e+00 -1.16801499e-02 2.82428400e-02 3.47425448e-01 9.37209408e-01
1317358071.242026091 3.40663046e+02 7.12904695e+01 -3.18750114e+00 -1.18910062e-02 2.81783642e-02 3.47414303e-01 9.37212829e-01
1317358071.346040964 3.41473054e+02 7.20015655e+01 -3.23355215e+00 -1.16108859e-02 2.82398793e-02 3.47014884e-01 9.37362452e-01
1317358071.450035095 3.42265100e+02 7.26980288e+01 -3.27994376e+00 -1.18958583e-02 2.68939824e-02 3.46945585e-01 9.37424111e-01
1317358071.554003000 3.43077655e+02 7.33973705e+01 -3.32586392e+00 -1.13835124e-02 2.57210587e-02 3.46517047e-01 9.37621874e-01
1317358071.657969952 3.43870797e+02 7.40726224e+01 -3.36382723e+00 -1.12164686e-02 2.58653076e-02 3.46002468e-01 9.37809932e-01
1317358071.761934996 3.44680580e+02 7.47648073e+01 -3.40957431e+00 -1.14935477e-02 2.72994717e-02 3.45607511e-01 9.37911555e-01
1317358071.865901947 3.45470462e+02 7.54282392e+01 -3.45856387e+00 -1.13216788e-02 2.88601501e-02 3.45024765e-01 9.38081458e-01
1317358071.969846010 3.46267291e+02 7.61075973e+01 -3.50204734e+00 -1.09523698e-02 2.96224270e-02 3.44667428e-01 9.38193435e-01
1317358072.073787928 3.47042767e+02 7.67797603e+01 -3.54116287e+00 -1.01086926e-02 2.89604820e-02 3.44192794e-01 9.38397797e-01
1317358072.177731037 3.47816366e+02 7.74449118e+01 -3.57877290e+00 -1.00756909e-02 2.75049692e-02 3.43718357e-01 9.38615815e-01
1317358072.281673908 3.48591885e+02 7.81076663e+01 -3.63680184e+00 -9.44074898e-03 2.75654357e-02 3.43449934e-01 9.38718894e-01
1317358072.385617971 3.49374254e+02 7.87694377e+01 -3.68087925e+00 -9.92330856e-03 2.91767450e-02 3.42859404e-01 9.38881076e-01
1317358072.489536047 3.50140108e+02 7.94172735e+01 -3.72849142e+00 -1.06084873e-02 3.08652483e-02 3.42096993e-01 9.39097675e-01
1317358072.593430996 3.50911233e+02 8.00589826e+01 -3.78466406e+00 -9.90740210e-03 3.19622638e-02 3.41563180e-01 9.39262930e-01
1317358072.697324991 3.51660463e+02 8.06928550e+01 -3.83362774e+00 -9.86110141e-03 3.14496790e-02 3.41200999e-01 9.39412345e-01
1317358072.801244020 3.52394482e+02 8.13362002e+01 -3.88515812e+00 -1.00116880e-02 3.14865010e-02 3.40638481e-01 9.39613639e-01
1317358072.905163050 3.53132555e+02 8.19635677e+01 -3.93107044e+00 -1.04922527e-02 3.13957944e-02 3.40433295e-01 9.39685792e-01
1317358073.009082079 3.53859651e+02 8.25745708e+01 -3.98456231e+00 -1.12137463e-02 3.15542555e-02 3.40305060e-01 9.39718600e-01
1317358073.112999916 3.54562745e+02 8.31609618e+01 -4.02467190e+00 -1.02014983e-02 3.06273692e-02 3.40054501e-01 9.39851494e-01
1317358073.216943026 3.55265390e+02 8.37520428e+01 -4.05058156e+00 -1.07530758e-02 2.86454079e-02 3.40043304e-01 9.39911891e-01
1317358073.320887089 3.55940778e+02 8.43215353e+01 -4.09326474e+00 -1.11446172e-02 2.84846763e-02 3.39672299e-01 9.40046355e-01
1317358073.424803972 3.56598046e+02 8.48792376e+01 -4.13253786e+00 -1.23580571e-02 3.10771124e-02 3.39508084e-01 9.40008379e-01
1317358073.528723001 3.57244871e+02 8.54274876e+01 -4.17459151e+00 -1.31773280e-02 3.43196960e-02 3.39134339e-01 9.40019370e-01
1317358073.632641077 3.57888085e+02 8.59734834e+01 -4.22471654e+00 -1.33005335e-02 3.60089844e-02 3.38945613e-01 9.40022511e-01
1317358073.736584902 3.58505329e+02 8.64843293e+01 -4.26528466e+00 -1.26177113e-02 3.60868012e-02 3.38786984e-01 9.40086121e-01
1317358073.840553045 3.59119606e+02 8.69882288e+01 -4.30604582e+00 -1.14439252e-02 3.49309553e-02 3.38658505e-01 9.40191088e-01
1317358073.944519043 3.59697868e+02 8.74771039e+01 -4.34328491e+00 -1.14471947e-02 3.37741863e-02 3.38272997e-01 9.40372078e-01
1317358074.048484087 3.60255362e+02 8.79461388e+01 -4.37985274e+00 -1.15304439e-02 3.29488645e-02 3.37536193e-01 9.40665052e-01
1317358074.152499914 3.60783271e+02 8.83979772e+01 -4.41753920e+00 -1.26579530e-02 3.20228420e-02 3.35983633e-01 9.41238180e-01
1317358074.256587029 3.61296497e+02 8.88254499e+01 -4.44928994e+00 -1.44748031e-02 3.21930399e-02 3.32856240e-01 9.42316726e-01
1317358074.360743046 3.61789213e+02 8.92360939e+01 -4.48226807e+00 -1.50784059e-02 3.22326268e-02 3.27286682e-01 9.44254800e-01
1317358074.464951038 3.62238333e+02 8.95910488e+01 -4.50618504e+00 -1.52726949e-02 3.20480364e-02 3.19886917e-01 9.46790383e-01
1317358074.569206953 3.62699436e+02 8.99469073e+01 -4.53752741e+00 -1.60774877e-02 3.21628626e-02 3.10414129e-01 9.49921119e-01
1317358074.673507929 3.63127027e+02 9.02586827e+01 -4.56208581e+00 -1.74290826e-02 3.21335216e-02 2.98317502e-01 9.53766393e-01
1317358074.777858019 3.63554707e+02 9.05472069e+01 -4.58739152e+00 -1.83295853e-02 3.15384333e-02 2.84552356e-01 9.57966237e-01
1317358074.882258892 3.63968163e+02 9.08098424e+01 -4.61290362e+00 -1.93600458e-02 3.06033044e-02 2.68535599e-01 9.62588831e-01
1317358074.986659050 3.64369443e+02 9.10070365e+01 -4.63636648e+00 -2.11030376e-02 2.97632325e-02 2.49526516e-01 9.67680386e-01
1317358075.091058016 3.64782947e+02 9.11987691e+01 -4.65883812e+00 -2.03495007e-02 2.96910862e-02 2.29578674e-01 9.72624269e-01
1317358075.195431948 3.65180121e+02 9.13221883e+01 -4.66506662e+00 -2.06656759e-02 2.95769897e-02 2.09530278e-01 9.77136221e-01
1317358075.299782991 3.65566635e+02 9.14645364e+01 -4.67800772e+00 -2.04632725e-02 2.89893541e-02 1.88113367e-01 9.81506104e-01
1317358075.404131889 3.65938371e+02 9.15522947e+01 -4.69231324e+00 -2.14797412e-02 2.78961496e-02 1.65643669e-01 9.85557000e-01
1317358075.508457899 3.66317670e+02 9.16578239e+01 -4.71030857e+00 -2.22827909e-02 2.72964227e-02 1.42639614e-01 9.89147271e-01
1317358075.612760067 3.66675955e+02 9.17092531e+01 -4.72462673e+00 -2.17061578e-02 2.70802791e-02 1.19968563e-01 9.92170875e-01
1317358075.717036963 3.67034623e+02 9.17613749e+01 -4.74122035e+00 -2.14796055e-02 2.67589441e-02 9.76699424e-02 9.94627150e-01
1317358075.821269035 3.67370543e+02 9.17829090e+01 -4.74499336e+00 -2.07997092e-02 2.58552533e-02 7.57750890e-02 9.96572633e-01
1317358075.925452948 3.67701571e+02 9.18049217e+01 -4.75283030e+00 -2.11403135e-02 2.50723391e-02 5.39507323e-02 9.98004901e-01
1317358076.029637098 3.68013827e+02 9.18062391e+01 -4.76776922e+00 -2.19168437e-02 2.36173912e-02 3.22207729e-02 9.98961307e-01
1317358076.133796930 3.68319748e+02 9.17972869e+01 -4.77933730e+00 -2.14848188e-02 2.23018101e-02 1.07885207e-02 9.99462175e-01
1317358076.237883091 3.68601979e+02 9.17711814e+01 -4.78680971e+00 -2.00336911e-02 2.07936251e-02 -9.52375704e-03 9.99537680e-01
1317358076.341922045 3.68868763e+02 9.17148023e+01 -4.78700027e+00 -1.72335051e-02 1.87813158e-02 -2.82685250e-02 9.99275317e-01
1317358076.445913076 3.69107497e+02 9.16648186e+01 -4.78282610e+00 -1.42589642e-02 1.73435476e-02 -4.58218542e-02 9.98697272e-01
1317358076.549853086 3.69340661e+02 9.15972447e+01 -4.77481091e+00 -1.26036946e-02 1.60062360e-02 -6.18537336e-02 9.97877278e-01
1317358076.653749943 3.69540769e+02 9.15595321e+01 -4.77083986e+00 -1.27913508e-02 1.51905301e-02 -7.62445057e-02 9.96891370e-01
1317358076.757646084 3.69728833e+02 9.15101282e+01 -4.78493977e+00 -1.41160656e-02 1.35806371e-02 -9.05148097e-02 9.95702452e-01
1317358076.861563921 3.69892027e+02 9.14706076e+01 -4.79025800e+00 -1.68820980e-02 1.25710625e-02 -1.04705599e-01 9.94280494e-01
1317358076.965481997 3.70059132e+02 9.14074640e+01 -4.79817445e+00 -1.84739225e-02 1.24232062e-02 -1.19258650e-01 9.92613597e-01
1317358077.069400072 3.70229354e+02 9.13579175e+01 -4.80048351e+00 -2.06082621e-02 1.31364846e-02 -1.33314195e-01 9.90772455e-01
1317358077.173321009 3.70400215e+02 9.12992443e+01 -4.79263967e+00 -2.32640085e-02 1.38137059e-02 -1.47296977e-01 9.88722189e-01
1317358077.277264118 3.70563561e+02 9.12288225e+01 -4.80178729e+00 -2.51787538e-02 1.44012901e-02 -1.61114299e-01 9.86509410e-01
1317358077.381231070 3.70717687e+02 9.11570003e+01 -4.81183031e+00 -2.54629550e-02 1.38991774e-02 -1.74885923e-01 9.84161249e-01
1317358077.485196114 3.70874467e+02 9.10719864e+01 -4.80510447e+00 -2.55759130e-02 1.23807566e-02 -1.88551649e-01 9.81652110e-01
1317358077.589184046 3.71020864e+02 9.09801154e+01 -4.79897659e+00 -2.41208274e-02 1.14143671e-02 -2.02530764e-01 9.78912247e-01
1317358077.693173885 3.71166037e+02 9.08919827e+01 -4.78513308e+00 -2.43030435e-02 1.22032259e-02 -2.16018233e-01 9.76010536e-01
1317358077.797117949 3.71319405e+02 9.07890319e+01 -4.77824042e+00 -2.29611001e-02 1.39008845e-02 -2.28867478e-01 9.73087473e-01
1317358077.901036978 3.71473703e+02 9.06831127e+01 -4.77688490e+00 -2.25528112e-02 1.46399294e-02 -2.41199990e-01 9.70102885e-01
1317358078.004956007 3.71612785e+02 9.05774718e+01 -4.78683291e+00 -2.16968592e-02 1.41806532e-02 -2.53411426e-01 9.67011274e-01
1317358078.108875036 3.71747738e+02 9.04743643e+01 -4.78593995e+00 -2.11854334e-02 1.31518809e-02 -2.64460942e-01 9.64073968e-01
1317358078.212769985 3.71884242e+02 9.03779449e+01 -4.78449321e+00 -2.06138535e-02 1.30617461e-02 -2.75549189e-01 9.60977161e-01
1317358078.316641092 3.72035848e+02 9.02709344e+01 -4.77559766e+00 -2.12282148e-02 1.37078211e-02 -2.85820175e-01 9.57950044e-01
1317358078.420535088 3.72194065e+02 9.01614945e+01 -4.77655363e+00 -2.31519130e-02 1.49833374e-02 -2.96013303e-01 9.54785637e-01
1317358078.524430037 3.72360501e+02 9.00663238e+01 -4.79011611e+00 -2.36576273e-02 1.65080114e-02 -3.06719242e-01 9.51362764e-01
1317358078.628303051 3.72492380e+02 8.99355314e+01 -4.79827440e+00 -2.21911004e-02 1.65605079e-02 -3.16089394e-01 9.48325261e-01
1317358078.732171059 3.72639332e+02 8.97973779e+01 -4.78828097e+00 -1.95808679e-02 1.61416629e-02 -3.25363036e-01 9.45248608e-01
1317358078.836016893 3.72772528e+02 8.96619302e+01 -4.77921515e+00 -1.75249758e-02 1.60567272e-02 -3.33590644e-01 9.42418346e-01
1317358078.939819098 3.72915443e+02 8.95259105e+01 -4.76506318e+00 -1.66834305e-02 1.70138314e-02 -3.41213716e-01 9.39683666e-01
1317358079.043596983 3.73064466e+02 8.94021049e+01 -4.76101250e+00 -1.71598702e-02 1.78885355e-02 -3.47967713e-01 9.37178750e-01
1317358079.147396088 3.73208984e+02 8.92807708e+01 -4.75820262e+00 -1.89578540e-02 1.90190362e-02 -3.54187765e-01 9.34788694e-01
1317358079.251192093 3.73343104e+02 8.91506691e+01 -4.77082677e+00 -1.95919646e-02 1.80026215e-02 -3.59555829e-01 9.32744159e-01
1317358079.354989052 3.73488417e+02 8.90334208e+01 -4.78980864e+00 -1.69312235e-02 1.49764765e-02 -3.65759366e-01 9.30434912e-01
1317358079.458811998 3.73608267e+02 8.88936291e+01 -4.79385739e+00 -1.48194524e-02 1.15426508e-02 -3.70971506e-01 9.28454249e-01
1317358079.562634945 3.73729939e+02 8.87478146e+01 -4.77965537e+00 -1.39099548e-02 1.06423138e-02 -3.76853131e-01 9.26107430e-01
1317358079.666460037 3.73874878e+02 8.86192894e+01 -4.76173179e+00 -1.58215419e-02 1.16865422e-02 -3.82803669e-01 9.23620298e-01
1317358079.770282030 3.74018057e+02 8.84838429e+01 -4.75952729e+00 -1.76080766e-02 1.25008976e-02 -3.88239855e-01 9.21305323e-01
1317358079.874080896 3.74163788e+02 8.83417112e+01 -4.77633065e+00 -1.84291194e-02 1.14761383e-02 -3.93673252e-01 9.18994035e-01
1317358079.977854013 3.74301174e+02 8.81873092e+01 -4.78033419e+00 -1.85119656e-02 1.10065821e-02 -3.97935513e-01 9.17160558e-01
1317358080.081603050 3.74433578e+02 8.80242928e+01 -4.76732562e+00 -1.82510644e-02 9.20963285e-03 -4.01660896e-01 9.15560269e-01
1317358080.185355902 3.74583074e+02 8.78439234e+01 -4.76261549e+00 -1.82074985e-02 6.50259734e-03 -4.03621366e-01 9.14721814e-01
1317358080.289083004 3.74750081e+02 8.76550305e+01 -4.75489081e+00 -1.93394626e-02 4.79822055e-03 -4.04515331e-01 9.14314119e-01
1317358080.392808914 3.74929696e+02 8.74739885e+01 -4.75617275e+00 -2.16752283e-02 4.41444230e-03 -4.04768014e-01 9.14151821e-01
1317358080.496583939 3.75111905e+02 8.72771838e+01 -4.76012246e+00 -2.29741136e-02 4.66166882e-03 -4.04652569e-01 9.14169983e-01
1317358080.600359917 3.75314685e+02 8.70729783e+01 -4.75773845e+00 -2.24074648e-02 4.60723310e-03 -4.04830454e-01 9.14105564e-01
1317358080.704159021 3.75516093e+02 8.68366253e+01 -4.74773401e+00 -2.18425044e-02 4.65994226e-03 -4.04355249e-01 9.14329274e-01
1317358080.807956934 3.75746026e+02 8.66182940e+01 -4.72489108e+00 -2.20710694e-02 4.59970554e-03 -4.04712380e-01 9.14166068e-01
1317358080.911756039 3.75978412e+02 8.63777389e+01 -4.72494195e+00 -2.24862081e-02 5.56205640e-03 -4.05137764e-01 9.13962158e-01
1317358081.015553951 3.76222057e+02 8.61140169e+01 -4.71838198e+00 -2.37753025e-02 6.64550277e-03 -4.04908009e-01 9.14024111e-01
1317358081.119353056 3.76456097e+02 8.58597964e+01 -4.71287662e+00 -2.35604889e-02 7.51000547e-03 -4.05364904e-01 9.13820440e-01
1317358081.223202944 3.76696364e+02 8.55931137e+01 -4.69766669e+00 -2.33805005e-02 7.99488878e-03 -4.05999713e-01 9.13539089e-01
1317358081.327075005 3.76931131e+02 8.53421167e+01 -4.69203791e+00 -2.35109758e-02 9.53347379e-03 -4.07659329e-01 9.12781583e-01
1317358081.430941105 3.77159868e+02 8.50920757e+01 -4.69419988e+00 -2.36386818e-02 1.01683946e-02 -4.08288881e-01 9.12490003e-01
1317358081.534818888 3.77403078e+02 8.48129014e+01 -4.68863667e+00 -2.41715798e-02 1.05876106e-02 -4.08520818e-01 9.12367458e-01
1317358081.638714075 3.77621063e+02 8.45659218e+01 -4.68620391e+00 -2.37925180e-02 1.16611689e-02 -4.09721104e-01 9.11825943e-01
1317358081.742647886 3.77859756e+02 8.42954562e+01 -4.68504602e+00 -2.25078145e-02 1.19248577e-02 -4.11144585e-01 9.11214204e-01
1317358081.846590042 3.78112500e+02 8.39949054e+01 -4.67735815e+00 -2.17794367e-02 1.19930854e-02 -4.12194074e-01 9.10756755e-01
1317358081.950532913 3.78352684e+02 8.37036742e+01 -4.68275618e+00 -2.01920789e-02 1.27000428e-02 -4.14104410e-01 9.09916769e-01
1317358082.054500103 3.78602384e+02 8.34120297e+01 -4.67767734e+00 -1.96419632e-02 1.30009448e-02 -4.16658038e-01 9.08758080e-01
1317358082.158490896 3.78862706e+02 8.31191361e+01 -4.66849091e+00 -2.08980016e-02 1.30777579e-02 -4.19781391e-01 9.07290378e-01
1317358082.262481928 3.79102249e+02 8.28435492e+01 -4.66825145e+00 -2.13705046e-02 1.31271604e-02 -4.23679106e-01 9.05465071e-01
1317358082.366447926 3.79352068e+02 8.25447221e+01 -4.66494618e+00 -2.08788266e-02 1.27138458e-02 -4.27182567e-01 9.03834878e-01
1317358082.470415115 3.79601157e+02 8.22298060e+01 -4.66377957e+00 -2.00681936e-02 1.11907526e-02 -4.30322748e-01 9.02382606e-01
1317358082.574407101 3.79831756e+02 8.19174490e+01 -4.66635085e+00 -2.00930584e-02 9.40802988e-03 -4.34204866e-01 9.00540889e-01
1317358082.678397894 3.80076781e+02 8.15902312e+01 -4.65977767e+00 -1.96447246e-02 7.73732693e-03 -4.38000137e-01 8.98726932e-01
1317358082.782339096 3.80325255e+02 8.12612510e+01 -4.65371583e+00 -1.97066470e-02 7.63799509e-03 -4.41640493e-01 8.96943133e-01
1317358082.886281013 3.80584521e+02 8.09220726e+01 -4.64459875e+00 -2.03343855e-02 8.30268654e-03 -4.44789800e-01 8.95365630e-01
1317358082.990226984 3.80829986e+02 8.06023068e+01 -4.63552085e+00 -1.94523557e-02 7.48957695e-03 -4.47380945e-01 8.94100555e-01
1317358083.094145060 3.81102478e+02 8.02391382e+01 -4.62613372e+00 -1.96944393e-02 7.68021735e-03 -4.49298518e-01 8.93131561e-01
1317358083.198039055 3.81358222e+02 7.98594070e+01 -4.61904811e+00 -1.84475429e-02 7.55110223e-03 -4.51350865e-01 8.92123907e-01
1317358083.301911116 3.81635530e+02 7.94702619e+01 -4.61683465e+00 -1.72125526e-02 7.21049845e-03 -4.52543251e-01 8.91547162e-01
1317358083.405731916 3.81912921e+02 7.90727888e+01 -4.60933162e+00 -1.46892784e-02 5.32220980e-03 -4.52382227e-01 8.91687288e-01
1317358083.509484053 3.82211719e+02 7.86698872e+01 -4.59429551e+00 -1.38320487e-02 3.93767918e-03 -4.50574434e-01 8.92623016e-01
1317358083.613185883 3.82522053e+02 7.82732369e+01 -4.58626268e+00 -1.16650741e-02 2.46743937e-03 -4.45985551e-01 8.94960740e-01
1317358083.716840029 3.82844247e+02 7.78645631e+01 -4.58618120e+00 -8.92232296e-03 1.27490615e-03 -4.38530972e-01 8.98670882e-01
1317358083.820473909 3.83182851e+02 7.74499496e+01 -4.57739866e+00 -8.24942770e-03 1.38624714e-03 -4.29813469e-01 9.02878955e-01
1317358083.924151897 3.83553350e+02 7.70491730e+01 -4.56634336e+00 -8.00238596e-03 2.34097894e-03 -4.20713599e-01 9.07155196e-01
1317358084.027900934 3.83948542e+02 7.66360973e+01 -4.56642327e+00 -8.60826431e-03 4.75189021e-03 -4.12372307e-01 9.10962347e-01
1317358084.131724119 3.84344699e+02 7.62460788e+01 -4.56733424e+00 -1.10730671e-02 7.63783662e-03 -4.04797360e-01 9.14307469e-01
1317358084.235594034 3.84751954e+02 7.58339117e+01 -4.55851159e+00 -1.31070174e-02 8.28833546e-03 -3.98837271e-01 9.16890583e-01
1317358084.339512110 3.85175484e+02 7.54229182e+01 -4.55690748e+00 -1.75704996e-02 8.45562818e-03 -3.94510694e-01 9.18684436e-01
1317358084.443527937 3.85583979e+02 7.50219486e+01 -4.55144788e+00 -1.97490312e-02 7.24615793e-03 -3.92599612e-01 9.19468876e-01
1317358084.547614098 3.86009490e+02 7.45882335e+01 -4.54991067e+00 -2.19837653e-02 5.92679315e-03 -3.93048577e-01 9.19235771e-01
1317358084.651724100 3.86436136e+02 7.41680354e+01 -4.53839457e+00 -2.23616618e-02 6.09127669e-03 -3.94204650e-01 9.18730399e-01
1317358084.755856991 3.86875745e+02 7.36968105e+01 -4.52620192e+00 -2.28665781e-02 7.47049273e-03 -3.96855500e-01 9.17565814e-01
1317358084.859992981 3.87324632e+02 7.32216116e+01 -4.52172435e+00 -2.20388204e-02 9.86296852e-03 -4.00957589e-01 9.15778370e-01
1317358084.964104891 3.87774255e+02 7.27185159e+01 -4.52455504e+00 -2.22893250e-02 1.19150419e-02 -4.04032372e-01 9.14395462e-01
1317358085.068191051 3.88222698e+02 7.22058142e+01 -4.51877850e+00 -2.22906833e-02 1.24395518e-02 -4.08097618e-01 9.12581348e-01
1317358085.172255039 3.88676526e+02 7.16916294e+01 -4.50785364e+00 -2.29780513e-02 1.11953441e-02 -4.11895562e-01 9.10872505e-01
1317358085.276292086 3.89138714e+02 7.11465453e+01 -4.51011124e+00 -2.33119511e-02 9.95793615e-03 -4.15964005e-01 9.09027689e-01
1317358085.380306005 3.89603230e+02 7.06074203e+01 -4.50269292e+00 -2.34998662e-02 8.00249812e-03 -4.19385112e-01 9.07468922e-01
1317358085.484297991 3.90059784e+02 7.00661907e+01 -4.48746436e+00 -2.39506277e-02 8.11946851e-03 -4.22907925e-01 9.05819700e-01
1317358085.588239908 3.90521835e+02 6.95200959e+01 -4.47766704e+00 -2.44570941e-02 9.23381559e-03 -4.24908487e-01 9.04858754e-01
1317358085.692158937 3.90979746e+02 6.89654181e+01 -4.46592167e+00 -2.46386094e-02 1.00035492e-02 -4.26965993e-01 9.03876600e-01
1317358085.796053886 3.91441502e+02 6.84106246e+01 -4.45241233e+00 -2.50138349e-02 1.09462511e-02 -4.28494071e-01 9.03131950e-01
1317358085.899947882 3.91895694e+02 6.78648787e+01 -4.44126338e+00 -2.47935821e-02 1.14039505e-02 -4.29688561e-01 9.02564662e-01
1317358086.003844976 3.92357759e+02 6.73033734e+01 -4.43368157e+00 -2.44871632e-02 1.22300118e-02 -4.30571816e-01 9.02141185e-01
1317358086.107716084 3.92823735e+02 6.67408086e+01 -4.43543350e+00 -2.47105443e-02 1.37789091e-02 -4.30976322e-01 9.01919587e-01
1317358086.211611032 3.93283383e+02 6.61833092e+01 -4.42447506e+00 -2.45422314e-02 1.36259809e-02 -4.31530007e-01 9.01661724e-01
1317358086.315506935 3.93732459e+02 6.56160512e+01 -4.40617663e+00 -2.40045166e-02 1.25625864e-02 -4.31954991e-01 9.01488131e-01
1317358086.419378042 3.94189048e+02 6.50599508e+01 -4.39242838e+00 -2.52813530e-02 1.13858502e-02 -4.31956920e-01 9.01467933e-01
1317358086.523247004 3.94631629e+02 6.45065550e+01 -4.37991169e+00 -2.58133654e-02 9.66682646e-03 -4.31947596e-01 9.01477397e-01
1317358086.627142906 3.95081541e+02 6.39643636e+01 -4.36876070e+00 -2.60274547e-02 1.00317445e-02 -4.31920816e-01 9.01480086e-01
1317358086.731039047 3.95535261e+02 6.34096579e+01 -4.35497612e+00 -2.60375695e-02 1.04461609e-02 -4.32211446e-01 9.01335780e-01
1317358086.834882975 3.95994918e+02 6.28487382e+01 -4.33809299e+00 -2.61715592e-02 1.02801835e-02 -4.32418211e-01 9.01234630e-01
1317358086.938728094 3.96457290e+02 6.22932003e+01 -4.31845190e+00 -2.75522514e-02 1.05721110e-02 -4.31816206e-01 9.01478712e-01
1317358087.042599916 3.96927717e+02 6.17167813e+01 -4.31629064e+00 -2.93797897e-02 1.22742819e-02 -4.31195581e-01 9.01696479e-01
1317358087.146471977 3.97389107e+02 6.11479737e+01 -4.30628138e+00 -2.96210229e-02 1.34598499e-02 -4.30780907e-01 9.01869856e-01
1317358087.250366926 3.97849156e+02 6.06051310e+01 -4.28793582e+00 -3.02470364e-02 1.60253084e-02 -4.30679365e-01 9.01855637e-01
1317358087.354283094 3.98302632e+02 6.00614690e+01 -4.27174083e+00 -3.13344207e-02 1.70603118e-02 -4.30202532e-01 9.02027096e-01
1317358087.458178043 3.98749308e+02 5.95372190e+01 -4.25589192e+00 -3.37879443e-02 1.85458023e-02 -4.29265425e-01 9.02355597e-01
1317358087.562073946 3.99211079e+02 5.89889690e+01 -4.25813192e+00 -3.42404177e-02 1.75669421e-02 -4.27630157e-01 9.03134234e-01
1317358087.665967941 3.99671648e+02 5.84429971e+01 -4.24159294e+00 -3.67155539e-02 1.62734716e-02 -4.26220078e-01 9.03727607e-01
1317358087.769839048 4.00130670e+02 5.78867393e+01 -4.23897517e+00 -3.71638580e-02 1.52356665e-02 -4.24841752e-01 9.04376143e-01
1317358087.873734951 4.00573927e+02 5.73581402e+01 -4.22875995e+00 -3.81418028e-02 1.50764019e-02 -4.23388484e-01 9.05019390e-01
1317358087.977629900 4.01016868e+02 5.68480908e+01 -4.23045829e+00 -3.74423600e-02 1.48234575e-02 -4.22288038e-01 9.05566755e-01
1317358088.081523895 4.01476476e+02 5.63132937e+01 -4.21503904e+00 -3.77243769e-02 1.47631817e-02 -4.20740978e-01 9.06275868e-01
1317358088.185467005 4.01918010e+02 5.57812347e+01 -4.20464396e+00 -3.78079483e-02 1.31725321e-02 -4.20328113e-01 9.06488456e-01
1317358088.289408922 4.02345144e+02 5.52961103e+01 -4.19113670e+00 -3.86636960e-02 1.13654000e-02 -4.20005454e-01 9.06626365e-01
1317358088.393352032 4.02783000e+02 5.47878376e+01 -4.18016241e+00 -3.85061330e-02 9.59106808e-03 -4.20739959e-01 9.06312957e-01
1317358088.497318983 4.03227529e+02 5.42649612e+01 -4.16280152e+00 -3.76592869e-02 9.45708061e-03 -4.20684952e-01 9.06375481e-01
1317358088.601309061 4.03673788e+02 5.37311897e+01 -4.13556872e+00 -3.63612029e-02 9.84045604e-03 -4.20880394e-01 9.06333670e-01
1317358088.705300093 4.04122540e+02 5.31950236e+01 -4.11428347e+00 -3.45851558e-02 1.05084894e-02 -4.21739315e-01 9.05996352e-01
1317358088.809288979 4.04571102e+02 5.26762152e+01 -4.09954415e+00 -3.41685911e-02 1.14899172e-02 -4.21990465e-01 9.05883291e-01
1317358088.913280010 4.05021095e+02 5.21452134e+01 -4.07976471e+00 -3.35354830e-02 1.13423529e-02 -4.22535086e-01 9.05654914e-01
1317358089.017247915 4.05454477e+02 5.16342314e+01 -4.06009093e+00 -3.27986468e-02 9.55725701e-03 -4.22673492e-01 9.05637912e-01
1317358089.121216059 4.05882075e+02 5.11232251e+01 -4.03734976e+00 -3.20460897e-02 7.74781829e-03 -4.22975687e-01 9.05541047e-01
1317358089.225183964 4.06326479e+02 5.05887691e+01 -4.01719045e+00 -3.05952281e-02 6.80119944e-03 -4.23567294e-01 9.05322276e-01
1317358089.329123974 4.06749642e+02 5.00628938e+01 -4.00858228e+00 -2.92126678e-02 6.48513460e-03 -4.23877396e-01 9.05225119e-01
1317358089.433067083 4.07203583e+02 4.95255465e+01 -4.00569380e+00 -2.84907569e-02 7.99348209e-03 -4.23593560e-01 9.05368917e-01
1317358089.537009001 4.07636234e+02 4.90188884e+01 -3.98274335e+00 -2.81229387e-02 7.54174466e-03 -4.23383016e-01 9.05482768e-01
1317358089.640952110 4.08083781e+02 4.84968585e+01 -3.96008611e+00 -3.00287673e-02 9.46207931e-03 -4.22945305e-01 9.05608089e-01
1317358089.744920015 4.08532453e+02 4.79686657e+01 -3.93639333e+00 -3.00554505e-02 9.70152369e-03 -4.22996948e-01 9.05580550e-01
1317358089.848886013 4.08985806e+02 4.74327564e+01 -3.91635099e+00 -3.11935767e-02 1.01200446e-02 -4.23313414e-01 9.05389584e-01
1317358089.952877998 4.09410614e+02 4.69202063e+01 -3.89488990e+00 -3.23362418e-02 1.02035900e-02 -4.23626483e-01 9.05202108e-01
1317358090.056869030 4.09836135e+02 4.64132410e+01 -3.87087646e+00 -3.35599909e-02 1.00650808e-02 -4.24537313e-01 9.04732276e-01
1317358090.160811901 4.10245009e+02 4.59031586e+01 -3.86362944e+00 -3.45134954e-02 1.05862960e-02 -4.25105710e-01 9.04423509e-01
1317358090.264755011 4.10688009e+02 4.53781612e+01 -3.86331385e+00 -3.01509347e-02 8.64533514e-03 -4.25134267e-01 9.04586665e-01
1317358090.368721008 4.11118572e+02 4.48473539e+01 -3.85529412e+00 -2.80412391e-02 7.83699916e-03 -4.25373488e-01 9.04549427e-01
1317358090.472665071 4.11559127e+02 4.43121503e+01 -3.82997376e+00 -2.78112098e-02 7.49965665e-03 -4.25791292e-01 9.04362796e-01
1317358090.576591969 4.11997195e+02 4.37936560e+01 -3.81490413e+00 -3.04143008e-02 8.82730043e-03 -4.25934759e-01 9.04199442e-01
1317358090.680509090 4.12446710e+02 4.32883095e+01 -3.79790997e+00 -3.13560117e-02 9.63323062e-03 -4.26220723e-01 9.04024279e-01
1317358090.784420013 4.12867498e+02 4.27751023e+01 -3.78058938e+00 -3.04746898e-02 8.85780805e-03 -4.26127538e-01 9.04106274e-01
1317358090.888314009 4.13282490e+02 4.22750129e+01 -3.77693523e+00 -2.58518876e-02 6.22453629e-03 -4.25841564e-01 9.04406931e-01
1317358090.992207050 4.13723927e+02 4.17359811e+01 -3.75893023e+00 -2.54510614e-02 3.45987198e-03 -4.25410874e-01 9.04635762e-01
1317358091.096101999 4.14170405e+02 4.12173690e+01 -3.72604845e+00 -2.74691208e-02 2.39822206e-03 -4.25037196e-01 9.04755811e-01
1317358091.199997902 4.14613489e+02 4.07034663e+01 -3.70464214e+00 -2.88299595e-02 3.06004082e-03 -4.24668544e-01 9.04884577e-01
1317358091.303917885 4.15050590e+02 4.01904063e+01 -3.69348382e+00 -2.83700384e-02 4.31496322e-03 -4.24614625e-01 9.04919301e-01
1317358091.407835960 4.15473850e+02 3.96763437e+01 -3.68587576e+00 -2.64925143e-02 6.23873146e-03 -4.24475394e-01 9.05030312e-01
1317358091.511754990 4.15916806e+02 3.91450299e+01 -3.66534595e+00 -2.54056900e-02 7.76193020e-03 -4.24724587e-01 9.04932776e-01
1317358091.615674973 4.16342362e+02 3.86437713e+01 -3.65531412e+00 -2.53790319e-02 7.39416550e-03 -4.24977892e-01 9.04817674e-01
1317358091.719593048 4.16777481e+02 3.81364628e+01 -3.63727430e+00 -2.78356864e-02 6.56564883e-03 -4.25438094e-01 9.04535513e-01
1317358091.823513031 4.17208872e+02 3.76390990e+01 -3.62709703e+00 -2.83299090e-02 4.82601477e-03 -4.25657576e-01 9.04427860e-01
1317358091.927432060 4.17645603e+02 3.71180146e+01 -3.60667790e+00 -2.83601863e-02 4.29182928e-03 -4.25712270e-01 9.04403861e-01
1317358092.031374931 4.18071183e+02 3.66011045e+01 -3.58361913e+00 -2.77369384e-02 5.06452898e-03 -4.26272333e-01 9.04155358e-01
1317358092.135340929 4.18525048e+02 3.60579584e+01 -3.55749855e+00 -2.74526509e-02 8.87450446e-03 -4.26297410e-01 9.04122842e-01
1317358092.239284039 4.18963353e+02 3.55228972e+01 -3.54216655e+00 -2.68272811e-02 1.00862022e-02 -4.26677742e-01 9.03949484e-01
1317358092.343226910 4.19389342e+02 3.50088342e+01 -3.52231360e+00 -2.64179537e-02 9.77410005e-03 -4.26852848e-01 9.03882296e-01
1317358092.447192907 4.19817932e+02 3.44956057e+01 -3.50432280e+00 -2.60657092e-02 7.69258814e-03 -4.27302213e-01 9.03700294e-01
1317358092.551160097 4.20262659e+02 3.39844784e+01 -3.48640275e+00 -2.74457048e-02 7.11228358e-03 -4.27939626e-01 9.03362511e-01
1317358092.655102968 4.20703468e+02 3.34370075e+01 -3.47484979e+00 -2.59811325e-02 7.37054133e-03 -4.28660149e-01 9.03062087e-01
1317358092.759049892 4.21140216e+02 3.29091761e+01 -3.45813590e+00 -2.42850208e-02 8.73061177e-03 -4.29189608e-01 9.02845665e-01
1317358092.863017082 4.21569358e+02 3.23838768e+01 -3.44079978e+00 -2.32620847e-02 8.17642489e-03 -4.29717684e-01 9.02626575e-01
1317358092.966955900 4.21996610e+02 3.18716836e+01 -3.42157300e+00 -2.46919339e-02 7.30172120e-03 -4.29924712e-01 9.02497499e-01
1317358093.070898056 4.22407696e+02 3.13385643e+01 -3.40834790e+00 -2.29062118e-02 4.76822841e-03 -4.29396945e-01 9.02812734e-01
1317358093.174840927 4.22833162e+02 3.07949067e+01 -3.39122212e+00 -2.13842497e-02 2.84165219e-03 -4.29581250e-01 9.02770507e-01
1317358093.278783083 4.23253675e+02 3.02711973e+01 -3.37166202e+00 -2.14552770e-02 2.23106384e-03 -4.29843978e-01 9.02645472e-01
1317358093.382725954 4.23678621e+02 2.97591774e+01 -3.34440724e+00 -2.32132679e-02 1.05584575e-03 -4.30119500e-01 9.02472850e-01
1317358093.486668110 4.24109723e+02 2.92360771e+01 -3.31606426e+00 -2.53317007e-02 2.63024514e-04 -4.29632643e-01 9.02648341e-01
1317358093.590610981 4.24545292e+02 2.87166326e+01 -3.30429795e+00 -2.47910031e-02 1.54650032e-03 -4.28892805e-01 9.03013830e-01
1317358093.694554090 4.24982708e+02 2.81998054e+01 -3.28970241e+00 -2.47378332e-02 5.16249936e-03 -4.28736044e-01 9.03076294e-01
1317358093.798496008 4.25421496e+02 2.76594367e+01 -3.26935371e+00 -2.44321302e-02 8.41437517e-03 -4.28408595e-01 9.03215559e-01
1317358093.902439117 4.25836827e+02 2.71516425e+01 -3.25348652e+00 -2.46682417e-02 8.67169558e-03 -4.28241117e-01 9.03286126e-01
1317358094.006382942 4.26248470e+02 2.66529899e+01 -3.24109350e+00 -2.44437302e-02 6.52232462e-03 -4.27889646e-01 9.03476848e-01
1317358094.110301971 4.26669364e+02 2.61329705e+01 -3.22720742e+00 -2.50174413e-02 5.46497982e-03 -4.28077475e-01 9.03379177e-01
1317358094.214242935 4.27134401e+02 2.55870523e+01 -3.21232781e+00 -2.29946226e-02 5.15119507e-03 -4.27039047e-01 9.03926084e-01
1317358094.318186045 4.27584563e+02 2.50470957e+01 -3.19225839e+00 -2.25103322e-02 7.38966436e-03 -4.26215099e-01 9.04311543e-01
1317358094.422106028 4.28028163e+02 2.45096844e+01 -3.18069080e+00 -1.88211139e-02 8.14787419e-03 -4.26036569e-01 9.04473449e-01
1317358094.526022911 4.28443164e+02 2.39983986e+01 -3.16157447e+00 -1.84799189e-02 6.47388831e-03 -4.25895351e-01 9.04560519e-01
1317358094.629942894 4.28860686e+02 2.35021484e+01 -3.15611874e+00 -2.02644766e-02 2.19022268e-03 -4.25547165e-01 9.04706673e-01
1317358094.733861923 4.29294989e+02 2.30008034e+01 -3.13998256e+00 -2.32352690e-02 -1.25534950e-03 -4.25473765e-01 9.04671554e-01
1317358094.837779999 4.29743020e+02 2.24569878e+01 -3.13171808e+00 -2.15580290e-02 -3.22564427e-03 -4.25143834e-01 9.04863286e-01
1317358094.941699028 4.30172033e+02 2.19131930e+01 -3.10604609e+00 -2.07032293e-02 -7.75720088e-04 -4.25061531e-01 9.04927328e-01
1317358095.045639992 4.30608770e+02 2.14002658e+01 -3.07451944e+00 -1.90674270e-02 2.12977604e-03 -4.26070308e-01 9.04486589e-01
1317358095.149584055 4.31044649e+02 2.08908320e+01 -3.06185431e+00 -1.99799727e-02 2.64772906e-03 -4.26088843e-01 9.04456792e-01
1317358095.253503084 4.31464758e+02 2.03814296e+01 -3.04911251e+00 -2.01078785e-02 -1.04838774e-03 -4.25861598e-01 9.04564245e-01
1317358095.357420921 4.31892636e+02 1.98894457e+01 -3.03803297e+00 -1.92017443e-02 -4.27825502e-03 -4.25795918e-01 9.04605343e-01
1317358095.461338997 4.32315095e+02 1.93847381e+01 -3.00381119e+00 -1.91382354e-02 -4.87857330e-03 -4.26317211e-01 9.04358094e-01
1317358095.565282106 4.32731760e+02 1.88657916e+01 -2.98253180e+00 -1.90713878e-02 -2.21948053e-03 -4.26132763e-01 9.04456867e-01
1317358095.669250965 4.33151065e+02 1.83748402e+01 -2.95124602e+00 -1.96971658e-02 1.32105930e-03 -4.25866145e-01 9.04570784e-01
1317358095.773195982 4.33594333e+02 1.78632846e+01 -2.92842306e+00 -2.16296773e-02 3.43408461e-03 -4.26290039e-01 9.04321385e-01
1317358095.877137899 4.34010537e+02 1.73595630e+01 -2.91467842e+00 -1.93884605e-02 2.74615204e-03 -4.26568645e-01 9.04243185e-01
1317358095.981126070 4.34428423e+02 1.68552800e+01 -2.90253152e+00 -1.93386541e-02 2.10504470e-03 -4.26678155e-01 9.04194303e-01
1317358096.085117102 4.34833759e+02 1.63614123e+01 -2.88650181e+00 -1.85103190e-02 9.87254001e-04 -4.27313527e-01 9.03913460e-01
1317358096.189086914 4.35237720e+02 1.58712749e+01 -2.85814409e+00 -1.79578482e-02 1.74471763e-03 -4.27745653e-01 9.03719054e-01
1317358096.293055058 4.35633695e+02 1.53900419e+01 -2.83336004e+00 -1.82118844e-02 3.01468450e-03 -4.27833793e-01 9.03668902e-01
1317358096.396992922 4.36028060e+02 1.49221549e+01 -2.81785688e+00 -1.79397027e-02 2.95493048e-03 -4.27689345e-01 9.03742917e-01
1317358096.500935078 4.36408119e+02 1.44737057e+01 -2.80349552e+00 -1.86329922e-02 3.02485621e-03 -4.28120107e-01 9.03524674e-01
1317358096.604902029 4.36765426e+02 1.40127643e+01 -2.79730780e+00 -1.75138006e-02 1.35821365e-03 -4.28105519e-01 9.03558015e-01
1317358096.708890915 4.37111659e+02 1.35646629e+01 -2.77912093e+00 -1.58549861e-02 -1.39372786e-04 -4.28397622e-01 9.03451204e-01
1317358096.812906981 4.37469648e+02 1.31409200e+01 -2.75262008e+00 -1.52091910e-02 4.46684621e-05 -4.28874603e-01 9.03235990e-01
1317358096.916920900 4.37813529e+02 1.27327824e+01 -2.73091523e+00 -1.60792204e-02 2.16390567e-03 -4.29703874e-01 9.02824101e-01
1317358097.020910978 4.38117178e+02 1.23620982e+01 -2.72252710e+00 -1.67382579e-02 2.66443530e-03 -4.29695620e-01 9.02814713e-01
1317358097.124877930 4.38423130e+02 1.19896618e+01 -2.71868667e+00 -1.62140139e-02 2.42868080e-03 -4.29812995e-01 9.02769071e-01
1317358097.228873014 4.38689796e+02 1.16375183e+01 -2.70189207e+00 -1.40852427e-02 1.78046739e-03 -4.29685720e-01 9.02866888e-01
1317358097.332865000 4.38954030e+02 1.13171421e+01 -2.69162384e+00 -1.34236535e-02 1.47370421e-03 -4.29867951e-01 9.02790772e-01
1317358097.436853886 4.39219717e+02 1.09910465e+01 -2.67788711e+00 -1.38730220e-02 1.46047696e-03 -4.30461872e-01 9.02500960e-01
1317358097.540868044 4.39478561e+02 1.06677796e+01 -2.65639229e+00 -1.41365645e-02 1.45302388e-03 -4.30995731e-01 9.02242055e-01
1317358097.644881964 4.39725283e+02 1.03703049e+01 -2.64578332e+00 -1.35205068e-02 1.89408663e-03 -4.31331566e-01 9.02090178e-01
1317358097.748895884 4.39949811e+02 1.00796300e+01 -2.64375618e+00 -1.19548724e-02 2.11963002e-03 -4.31727697e-01 9.01922271e-01
1317358097.852910042 4.40164244e+02 9.79067392e+00 -2.63445709e+00 -9.53630128e-03 1.43950853e-03 -4.32504543e-01 9.01580172e-01
1317358097.956899881 4.40366824e+02 9.53314122e+00 -2.62384659e+00 -9.09691037e-03 1.44503155e-03 -4.32959642e-01 9.01366244e-01
1317358098.060866117 4.40563431e+02 9.29729654e+00 -2.61106420e+00 -9.15864236e-03 1.99587544e-03 -4.32865670e-01 9.01409700e-01
1317358098.164859056 4.40744269e+02 9.06694730e+00 -2.58981991e+00 -9.28844657e-03 2.98035640e-03 -4.33051546e-01 9.01316371e-01
1317358098.268851042 4.40917192e+02 8.86487251e+00 -2.58140425e+00 -9.54983279e-03 3.84194319e-03 -4.33641765e-01 9.01026559e-01
1317358098.372817993 4.41064940e+02 8.69270813e+00 -2.58594059e+00 -1.11214552e-02 4.52497941e-03 -4.33483458e-01 9.01081533e-01
1317358098.476783991 4.41200529e+02 8.51905241e+00 -2.58442251e+00 -1.19388627e-02 4.62745947e-03 -4.33002187e-01 9.01301923e-01
1317358098.580724955 4.41330025e+02 8.36113716e+00 -2.58279846e+00 -1.26145527e-02 3.88370535e-03 -4.32064762e-01 9.01745990e-01
1317358098.684643984 4.41449988e+02 8.20466853e+00 -2.58099058e+00 -1.26229326e-02 2.52565659e-03 -4.30166547e-01 9.02657756e-01
1317358098.788515091 4.41569042e+02 8.06371900e+00 -2.57420540e+00 -1.28446910e-02 1.28087197e-03 -4.26625917e-01 9.04336055e-01
1317358098.892313957 4.41689130e+02 7.94127054e+00 -2.56394668e+00 -1.19664568e-02 8.73017938e-04 -4.20794929e-01 9.07076441e-01
1317358098.996088982 4.41808065e+02 7.82579383e+00 -2.55594774e+00 -1.20449696e-02 1.04502987e-03 -4.12473234e-01 9.10889487e-01
1317358099.099865913 4.41920071e+02 7.70704024e+00 -2.55639146e+00 -1.12959532e-02 1.41392350e-03 -4.03812271e-01 9.14771038e-01
1317358099.203617096 4.42043234e+02 7.57804961e+00 -2.55505603e+00 -1.00675166e-02 2.92785171e-03 -3.93968486e-01 9.19064146e-01
1317358099.307318926 4.42190167e+02 7.45997315e+00 -2.55720945e+00 -9.30028327e-03 4.54760054e-03 -3.81607227e-01 9.24266600e-01
1317358099.411021948 4.42327101e+02 7.36156393e+00 -2.55144605e+00 -1.02008328e-02 6.22938589e-03 -3.67791646e-01 9.29831405e-01
1317358099.514746904 4.42495891e+02 7.29690416e+00 -2.55100285e+00 -1.19029477e-02 7.49429678e-03 -3.52869417e-01 9.35566849e-01
1317358099.618423939 4.42661910e+02 7.22873495e+00 -2.54992143e+00 -1.36689108e-02 9.25621473e-03 -3.35922572e-01 9.41744928e-01
1317358099.722103119 4.42804341e+02 7.16693326e+00 -2.54642203e+00 -1.57152227e-02 1.10739064e-02 -3.17543287e-01 9.48048871e-01
1317358099.825855017 4.42955593e+02 7.12618451e+00 -2.54059687e+00 -1.83597344e-02 1.32822823e-02 -2.99285753e-01 9.53894407e-01
1317358099.929630995 4.43126780e+02 7.08302979e+00 -2.54435383e+00 -2.15573321e-02 1.50145187e-02 -2.81001948e-01 9.59347565e-01
1317358100.033381939 4.43290230e+02 7.04393214e+00 -2.54839235e+00 -2.40473209e-02 1.64762411e-02 -2.61831463e-01 9.64673284e-01
1317358100.137083054 4.43463713e+02 7.00476905e+00 -2.55151840e+00 -2.59187475e-02 1.73199236e-02 -2.40766744e-01 9.70082272e-01
1317358100.240787029 4.43640166e+02 6.95884100e+00 -2.55193925e+00 -2.69192714e-02 1.81255651e-02 -2.19661137e-01 9.75036308e-01
1317358100.344515085 4.43840291e+02 6.93298157e+00 -2.54802405e+00 -2.92140027e-02 1.97930798e-02 -1.97457664e-01 9.79676093e-01
1317358100.448241949 4.44047843e+02 6.90950410e+00 -2.56559319e+00 -3.15215043e-02 2.16174816e-02 -1.74124936e-01 9.83981497e-01
1317358100.551968098 4.44255766e+02 6.89381628e+00 -2.56859938e+00 -3.27425506e-02 2.26542268e-02 -1.49350919e-01 9.87982295e-01
1317358100.655694962 4.44461367e+02 6.87290723e+00 -2.58022227e+00 -3.23191202e-02 2.27694013e-02 -1.24031308e-01 9.91490425e-01
1317358100.759422064 4.44673612e+02 6.86682475e+00 -2.58341551e+00 -3.17952459e-02 2.25617956e-02 -9.84579014e-02 9.94377227e-01
1317358100.863195896 4.44891169e+02 6.87742272e+00 -2.59363684e+00 -3.22308825e-02 2.25076573e-02 -7.35599349e-02 9.96515686e-01
1317358100.967015982 4.45117753e+02 6.89394555e+00 -2.59952922e+00 -3.36040243e-02 2.22692658e-02 -5.04601214e-02 9.97912133e-01
1317358101.070888042 4.45336802e+02 6.92319645e+00 -2.60628135e+00 -3.59162802e-02 2.24535826e-02 -2.85463665e-02 9.98694629e-01
1317358101.174808025 4.45586535e+02 6.95385318e+00 -2.62104076e+00 -3.64506551e-02 2.21159080e-02 -7.78931619e-03 9.99060340e-01
1317358101.278727055 4.45830681e+02 6.99012754e+00 -2.62943680e+00 -3.66720423e-02 2.08898063e-02 1.30698367e-02 9.99023502e-01
1317358101.382669926 4.46073356e+02 7.02156874e+00 -2.63364566e+00 -3.68766582e-02 2.06999477e-02 3.35718813e-02 9.98541212e-01
1317358101.486635923 4.46324101e+02 7.06512787e+00 -2.65143454e+00 -3.72944075e-02 2.04116155e-02 5.19092976e-02 9.97746420e-01
1317358101.590603113 4.46589073e+02 7.13393463e+00 -2.66480912e+00 -3.79266240e-02 2.08478762e-02 7.05497965e-02 9.96568946e-01
1317358101.694569111 4.46854846e+02 7.21672114e+00 -2.67927337e+00 -3.87425413e-02 2.06132908e-02 8.95950179e-02 9.95010975e-01
1317358101.798537016 4.47135544e+02 7.29249383e+00 -2.69166261e+00 -3.87003922e-02 2.01891267e-02 1.07546134e-01 9.93241415e-01
1317358101.902504921 4.47426163e+02 7.38602307e+00 -2.70285507e+00 -3.79904980e-02 2.00453632e-02 1.25076010e-01 9.91216877e-01
1317358102.006445885 4.47724119e+02 7.49613820e+00 -2.71568064e+00 -3.68199581e-02 1.98178780e-02 1.43667898e-01 9.88742169e-01
1317358102.110363960 4.48029206e+02 7.61793629e+00 -2.72777802e+00 -3.48859711e-02 1.89190605e-02 1.62147462e-01 9.85968173e-01
1317358102.214283943 4.48324927e+02 7.76778727e+00 -2.74406341e+00 -3.44604869e-02 1.78222913e-02 1.81203858e-01 9.82680010e-01
1317358102.318178892 4.48638262e+02 7.91425992e+00 -2.76464507e+00 -3.42683558e-02 1.67780706e-02 2.00626975e-01 9.78924406e-01
1317358102.422049999 4.48954409e+02 8.08199921e+00 -2.77559649e+00 -3.41515649e-02 1.51246465e-02 2.19842552e-01 9.74820070e-01
1317358102.525968075 4.49280618e+02 8.27149092e+00 -2.79756732e+00 -3.44683114e-02 1.32372893e-02 2.37981805e-01 9.70567551e-01
1317358102.629909992 4.49591678e+02 8.48961134e+00 -2.81827236e+00 -3.34753715e-02 1.08383034e-02 2.55008022e-01 9.66298525e-01
1317358102.733875990 4.49924005e+02 8.72752271e+00 -2.83419509e+00 -3.47456521e-02 7.52618321e-03 2.71358758e-01 9.61821460e-01
1317358102.837892056 4.50241063e+02 8.97374314e+00 -2.84814232e+00 -3.55943898e-02 5.04355332e-03 2.86868980e-01 9.57295038e-01
1317358102.942027092 4.50567159e+02 9.20873993e+00 -2.86704949e+00 -3.56546630e-02 4.73442564e-03 2.97593868e-01 9.54014790e-01
1317358103.046281099 4.50873364e+02 9.46399966e+00 -2.86915190e+00 -3.68039179e-02 4.42579818e-03 3.03753555e-01 9.52029234e-01
1317358103.150558949 4.51206169e+02 9.74039689e+00 -2.88118759e+00 -3.63618216e-02 4.52552904e-03 3.07755122e-01 9.50759761e-01
1317358103.254837036 4.51598607e+02 1.00427973e+01 -2.89213683e+00 -3.48595740e-02 5.15629312e-03 3.11624474e-01 9.49551689e-01
1317358103.359091997 4.52010645e+02 1.03646192e+01 -2.90499973e+00 -3.45986722e-02 4.77147964e-03 3.15590799e-01 9.48252399e-01
1317358103.463325024 4.52441282e+02 1.07000997e+01 -2.91434798e+00 -3.40048682e-02 3.62128612e-03 3.19011255e-01 9.47133768e-01
1317358103.567532063 4.52873293e+02 1.10426892e+01 -2.92192364e+00 -3.47104075e-02 2.32645567e-03 3.22555875e-01 9.45910927e-01
1317358103.671737909 4.53321483e+02 1.14155293e+01 -2.94678875e+00 -3.62547840e-02 1.74946653e-03 3.24904236e-01 9.45050140e-01
1317358103.775968075 4.53791248e+02 1.17947830e+01 -2.96752583e+00 -3.77035785e-02 1.59057679e-03 3.26380490e-01 9.44484878e-01
1317358103.880199909 4.54277897e+02 1.21931497e+01 -2.99230974e+00 -3.83636169e-02 1.53193853e-03 3.27110036e-01 9.44205968e-01
1317358103.984406948 4.54794626e+02 1.26127029e+01 -3.01633612e+00 -3.94488837e-02 1.24606232e-03 3.27780416e-01 9.43929145e-01
1317358104.088614941 4.55324037e+02 1.30326146e+01 -3.02870634e+00 -3.85980554e-02 9.68353898e-04 3.28075124e-01 9.43862260e-01
1317358104.192795992 4.55870051e+02 1.34670971e+01 -3.04689054e+00 -3.81023899e-02 1.22927006e-03 3.28366667e-01 9.43780710e-01
1317358104.296955109 4.56451249e+02 1.39245683e+01 -3.07282180e+00 -3.86338487e-02 1.94664957e-03 3.28400868e-01 9.43745997e-01
1317358104.401089907 4.57019247e+02 1.43836202e+01 -3.09255157e+00 -3.83324410e-02 3.03456162e-03 3.28694540e-01 9.43653175e-01
1317358104.505198956 4.57596900e+02 1.48485737e+01 -3.11305296e+00 -3.95469538e-02 3.36036736e-03 3.28925829e-01 9.43521354e-01
1317358104.609286070 4.58194778e+02 1.53181468e+01 -3.12398706e+00 -3.84849525e-02 3.46503684e-03 3.30138922e-01 9.43141132e-01
1317358104.713350058 4.58790353e+02 1.57981909e+01 -3.13977359e+00 -3.91410653e-02 2.41377763e-03 3.31256154e-01 9.42725576e-01
1317358104.817411900 4.59429916e+02 1.63065824e+01 -3.16684663e+00 -3.86220245e-02 2.88839466e-03 3.31828491e-01 9.42544349e-01
1317358104.921449900 4.60067291e+02 1.68393751e+01 -3.19067268e+00 -4.00993615e-02 3.16774066e-03 3.33167481e-01 9.42009255e-01
1317358105.025490046 4.60735778e+02 1.73829118e+01 -3.22929471e+00 -4.05696705e-02 4.47958065e-03 3.34466929e-01 9.41523185e-01
1317358105.129529953 4.61395106e+02 1.79261082e+01 -3.26327803e+00 -4.03321506e-02 4.74503126e-03 3.35742507e-01 9.41077984e-01
1317358105.233519077 4.62037991e+02 1.84608887e+01 -3.29798388e+00 -4.04259614e-02 4.64268486e-03 3.37290044e-01 9.40520927e-01
1317358105.337507963 4.62706730e+02 1.90265712e+01 -3.32005595e+00 -3.98920210e-02 5.23207974e-03 3.39204627e-01 9.39851836e-01
1317358105.441499949 4.63382185e+02 1.95986816e+01 -3.34850604e+00 -3.97995109e-02 5.62717917e-03 3.41523972e-01 9.39013158e-01
1317358105.545466900 4.64047896e+02 2.01728904e+01 -3.37686838e+00 -3.98351378e-02 4.89937758e-03 3.43802869e-01 9.38183748e-01
1317358105.649409056 4.64740073e+02 2.07732670e+01 -3.41004842e+00 -4.01429276e-02 4.86550254e-03 3.45833248e-01 9.37424257e-01
1317358105.753350973 4.65437644e+02 2.13880137e+01 -3.43658572e+00 -4.12955185e-02 5.01775963e-03 3.47681637e-01 9.36689373e-01
1317358105.857319117 4.66135591e+02 2.20078365e+01 -3.46111990e+00 -4.31696287e-02 5.52696017e-03 3.49144325e-01 9.36057731e-01
1317358105.961308956 4.66837135e+02 2.26273949e+01 -3.48650685e+00 -4.30177761e-02 6.76248691e-03 3.50081551e-01 9.35706496e-01
1317358106.065321922 4.67517031e+02 2.32468590e+01 -3.50129066e+00 -4.22236937e-02 7.82219267e-03 3.51269688e-01 9.35289035e-01
1317358106.169337988 4.68219631e+02 2.38633563e+01 -3.53661723e+00 -4.11846621e-02 9.47180617e-03 3.52394610e-01 9.34896865e-01
1317358106.273330927 4.68942801e+02 2.44889329e+01 -3.56626578e+00 -4.05238128e-02 1.08685998e-02 3.53195760e-01 9.34608179e-01
1317358106.377321005 4.69625985e+02 2.50984828e+01 -3.60143001e+00 -4.00592595e-02 1.17191110e-02 3.53675537e-01 9.34436479e-01
1317358106.481337070 4.70300627e+02 2.57115697e+01 -3.63028463e+00 -4.09641544e-02 1.19287829e-02 3.53771803e-01 9.34358151e-01
1317358106.585352898 4.70966231e+02 2.63089175e+01 -3.66014093e+00 -3.97771007e-02 1.27816075e-02 3.53854200e-01 9.34366961e-01
1317358106.689342976 4.71633405e+02 2.68990762e+01 -3.68361214e+00 -3.87065639e-02 1.23864080e-02 3.53446166e-01 9.34571659e-01
1317358106.793333054 4.72303459e+02 2.74995603e+01 -3.71594180e+00 -3.70161895e-02 1.24734916e-02 3.52569722e-01 9.34969949e-01
1317358106.897347927 4.72972943e+02 2.80987971e+01 -3.75051066e+00 -3.62770128e-02 1.21684941e-02 3.51758799e-01 9.35308320e-01
1317358107.001360893 4.73648627e+02 2.86950016e+01 -3.77424023e+00 -3.50442822e-02 1.24856938e-02 3.50106052e-01 9.35971024e-01
1317358107.105376005 4.74336245e+02 2.92695541e+01 -3.79988562e+00 -3.52398657e-02 1.22547714e-02 3.48109869e-01 9.36710997e-01
1317358107.209393978 4.74995561e+02 2.98436044e+01 -3.82904171e+00 -3.50119992e-02 1.22230942e-02 3.46633786e-01 9.37267184e-01
1317358107.313409090 4.75675813e+02 3.04184903e+01 -3.86309492e+00 -3.67303858e-02 1.19938840e-02 3.45048229e-01 9.37789286e-01
1317358107.417398930 4.76373876e+02 3.10126330e+01 -3.89635025e+00 -3.45913890e-02 1.34427791e-02 3.42906015e-01 9.38636347e-01
1317358107.521388054 4.77078838e+02 3.15921346e+01 -3.91934244e+00 -3.27305437e-02 1.42568815e-02 3.41510230e-01 9.39199774e-01
1317358107.625401974 4.77757323e+02 3.21664507e+01 -3.94520886e+00 -3.29515281e-02 1.44449821e-02 3.40636006e-01 9.39506600e-01
1317358107.729393959 4.78444064e+02 3.27366994e+01 -3.97148629e+00 -3.16567495e-02 1.61728012e-02 3.40060993e-01 9.39731245e-01
1317358107.833360910 4.79091852e+02 3.32762554e+01 -4.00408141e+00 -3.40106993e-02 1.81706829e-02 3.39242157e-01 9.39908430e-01
1317358107.937350988 4.79734398e+02 3.38163757e+01 -4.04683285e+00 -3.53042006e-02 1.98635676e-02 3.38774174e-01 9.39995272e-01
1317358108.041341066 4.80389393e+02 3.43630794e+01 -4.07576231e+00 -3.48817783e-02 2.18571874e-02 3.38502187e-01 9.40064782e-01
1317358108.145306110 4.81040062e+02 3.49088465e+01 -4.11487670e+00 -3.49524994e-02 2.18158709e-02 3.38270910e-01 9.40146362e-01
1317358108.249274015 4.81659149e+02 3.54291951e+01 -4.15395423e+00 -3.46767040e-02 2.18930175e-02 3.38568602e-01 9.40047618e-01
1317358108.353266954 4.82268137e+02 3.59305117e+01 -4.18718015e+00 -3.26751026e-02 2.20678812e-02 3.38579042e-01 9.40111471e-01
1317358108.457257032 4.82862658e+02 3.64265711e+01 -4.21110016e+00 -3.18480231e-02 2.07681056e-02 3.38772109e-01 9.40099913e-01
1317358108.561249018 4.83434638e+02 3.69030941e+01 -4.25328144e+00 -3.20954047e-02 1.88420844e-02 3.38962289e-01 9.40063523e-01
1317358108.665239096 4.83986733e+02 3.73751400e+01 -4.28651604e+00 -3.21923988e-02 1.70479949e-02 3.39151201e-01 9.40026318e-01
1317358108.769206047 4.84515157e+02 3.78182322e+01 -4.30949070e+00 -3.28098320e-02 1.64566811e-02 3.39525976e-01 9.39880207e-01
1317358108.873195887 4.85018732e+02 3.82423454e+01 -4.32525941e+00 -3.22940839e-02 1.63929412e-02 3.39819202e-01 9.39793208e-01
1317358108.977180004 4.85513359e+02 3.86587311e+01 -4.34660809e+00 -3.25174231e-02 1.61355530e-02 3.40515686e-01 9.39537827e-01
1317358109.081147909 4.85965023e+02 3.90481927e+01 -4.36315084e+00 -3.23054159e-02 1.60908217e-02 3.41207635e-01 9.39294839e-01
1317358109.185120106 4.86399933e+02 3.94282320e+01 -4.39154262e+00 -3.32562186e-02 1.55455739e-02 3.41985002e-01 9.38988082e-01
1317358109.289114952 4.86858675e+02 3.98126213e+01 -4.40979144e+00 -3.29023495e-02 1.48861398e-02 3.41884981e-01 9.39047655e-01
1317358109.393105984 4.87306835e+02 4.01735722e+01 -4.41937320e+00 -3.39452594e-02 1.42724671e-02 3.41697326e-01 9.39088363e-01
1317358109.497092962 4.87705139e+02 4.05146594e+01 -4.43816205e+00 -3.43656545e-02 1.39899992e-02 3.41864430e-01 9.39016503e-01
1317358109.601109982 4.88083873e+02 4.08356401e+01 -4.45634314e+00 -3.43095575e-02 1.41461245e-02 3.41759461e-01 9.39054424e-01
1317358109.705123901 4.88451465e+02 4.11407691e+01 -4.46880237e+00 -3.35717844e-02 1.44911892e-02 3.41644522e-01 9.39117650e-01
1317358109.809112072 4.88812292e+02 4.14457232e+01 -4.48125908e+00 -3.36998568e-02 1.46942151e-02 3.41614190e-01 9.39120943e-01
1317358109.913103104 4.89154240e+02 4.17297493e+01 -4.48888108e+00 -3.42571397e-02 1.56122695e-02 3.41739877e-01 9.39040235e-01
1317358110.017117023 4.89472314e+02 4.19964072e+01 -4.49327762e+00 -3.26927986e-02 1.65619749e-02 3.41595944e-01 9.39132096e-01
1317358110.121130943 4.89759059e+02 4.22492847e+01 -4.50340023e+00 -3.21048889e-02 1.67037151e-02 3.40370218e-01 9.39594794e-01
1317358110.225171089 4.90040696e+02 4.24874060e+01 -4.51479588e+00 -3.23343664e-02 1.66387358e-02 3.38077850e-01 9.40415338e-01
1317358110.329210043 4.90293111e+02 4.27075447e+01 -4.53621419e+00 -3.29399546e-02 1.62242997e-02 3.35548542e-01 9.41307021e-01
1317358110.433227062 4.90552708e+02 4.29163653e+01 -4.54648567e+00 -3.32564089e-02 1.53751145e-02 3.33106868e-01 9.42176964e-01
1317358110.537240028 4.90803108e+02 4.31104253e+01 -4.55531957e+00 -3.18456573e-02 1.53916199e-02 3.30736272e-01 9.43060163e-01
1317358110.641253948 4.91047492e+02 4.32978694e+01 -4.55733121e+00 -3.09403413e-02 1.54915019e-02 3.28250882e-01 9.43956602e-01
1317358110.745245934 4.91255507e+02 4.34610668e+01 -4.56811933e+00 -3.05021538e-02 1.54441914e-02 3.26000996e-01 9.44750997e-01
1317358110.849235058 4.91455057e+02 4.36188749e+01 -4.57022873e+00 -3.02763463e-02 1.49476233e-02 3.23990404e-01 9.45457630e-01
1317358110.953250885 4.91667030e+02 4.37673848e+01 -4.57992613e+00 -2.94120851e-02 1.44050368e-02 3.21911290e-01 9.46203226e-01
1317358111.057240963 4.91859736e+02 4.39236952e+01 -4.58638631e+00 -2.85318108e-02 1.41115158e-02 3.19994566e-01 9.46884512e-01
1317358111.161228895 4.92049702e+02 4.40646783e+01 -4.59073795e+00 -2.81746963e-02 1.39490178e-02 3.18000616e-01 9.47569111e-01
1317358111.265222073 4.92252132e+02 4.42127033e+01 -4.60155787e+00 -2.77457964e-02 1.37217046e-02 3.15998049e-01 9.48254775e-01
1317358111.369190931 4.92439593e+02 4.43571193e+01 -4.60817195e+00 -2.72214546e-02 1.37448392e-02 3.14403779e-01 9.48799418e-01
1317358111.473133087 4.92632037e+02 4.45011314e+01 -4.61065662e+00 -2.67761353e-02 1.38508025e-02 3.13388734e-01 9.49146298e-01
1317358111.577049971 4.92830770e+02 4.46470511e+01 -4.61133343e+00 -2.64138456e-02 1.37328705e-02 3.12879003e-01 9.49326312e-01
1317358111.680974960 4.93049616e+02 4.47853654e+01 -4.61908437e+00 -2.64860536e-02 1.32393581e-02 3.11992528e-01 9.49623015e-01
1317358111.784919024 4.93238465e+02 4.49248956e+01 -4.62309404e+00 -2.60490772e-02 1.32427214e-02 3.11956804e-01 9.49646791e-01
1317358111.888854980 4.93437534e+02 4.50689224e+01 -4.63058455e+00 -2.59280663e-02 1.32054579e-02 3.11832230e-01 9.49691535e-01
1317358111.992796898 4.93646821e+02 4.52351330e+01 -4.64323907e+00 -2.58214381e-02 1.30825733e-02 3.12020422e-01 9.49634327e-01
1317358112.096740961 4.93855789e+02 4.53900359e+01 -4.65259306e+00 -2.48914373e-02 1.20343003e-02 3.12524668e-01 9.49507201e-01
1317358112.200659990 4.94081570e+02 4.55572794e+01 -4.67208670e+00 -2.27385833e-02 1.11934934e-02 3.12766077e-01 9.49491992e-01
1317358112.304578066 4.94322040e+02 4.57238507e+01 -4.67676346e+00 -2.09650454e-02 1.16458584e-02 3.12742667e-01 9.49535078e-01
1317358112.408504009 4.94570795e+02 4.59117815e+01 -4.67625397e+00 -2.06615136e-02 1.16946271e-02 3.13102640e-01 9.49422495e-01
1317358112.512423992 4.94831768e+02 4.61078296e+01 -4.67421502e+00 -2.16873964e-02 1.17043480e-02 3.13521741e-01 9.49261177e-01
1317358112.616336107 4.95103758e+02 4.63216965e+01 -4.68737650e+00 -2.30936201e-02 1.14354089e-02 3.14476278e-01 9.48915479e-01
1317358112.720231056 4.95395465e+02 4.65469992e+01 -4.70171108e+00 -2.37164414e-02 1.15985602e-02 3.15618514e-01 9.48518823e-01
1317358112.824101925 4.95691578e+02 4.67725315e+01 -4.71410867e+00 -2.42048100e-02 1.17237838e-02 3.17059887e-01 9.48024107e-01
1317358112.927994013 4.96000978e+02 4.70029413e+01 -4.73383087e+00 -2.51429609e-02 1.20859668e-02 3.17542417e-01 9.47833622e-01
1317358113.031888962 4.96321794e+02 4.72424644e+01 -4.75260125e+00 -2.52690041e-02 1.26185314e-02 3.18647187e-01 9.47452490e-01
1317358113.135785103 4.96645810e+02 4.74860770e+01 -4.77100007e+00 -2.30056719e-02 1.26592791e-02 3.19943481e-01 9.47072675e-01
1317358113.239705086 4.96985870e+02 4.77548828e+01 -4.77324390e+00 -2.23346993e-02 1.31149684e-02 3.20945088e-01 9.46743581e-01
1317358113.343597889 4.97340854e+02 4.80319618e+01 -4.78353861e+00 -2.36739201e-02 1.34954298e-02 3.21879628e-01 9.46388358e-01
1317358113.447494984 4.97715121e+02 4.83201894e+01 -4.79313325e+00 -2.56714662e-02 1.40300483e-02 3.22776509e-01 9.46022970e-01
1317358113.551389933 4.98092148e+02 4.86159145e+01 -4.81242562e+00 -2.76132379e-02 1.33030200e-02 3.23740954e-01 9.45649160e-01
1317358113.655283928 4.98472338e+02 4.89202404e+01 -4.82903751e+00 -2.89003122e-02 1.22477391e-02 3.24855158e-01 9.45242768e-01
1317358113.759200096 4.98878168e+02 4.92349619e+01 -4.84884304e+00 -2.89781973e-02 1.25003008e-02 3.25597176e-01 9.44981738e-01
1317358113.863095999 4.99292864e+02 4.95599397e+01 -4.86656335e+00 -2.79344260e-02 1.34617578e-02 3.25814786e-01 9.44924957e-01
1317358113.967015028 4.99726038e+02 4.99065581e+01 -4.87969699e+00 -2.75861065e-02 1.35983775e-02 3.26450267e-01 9.44713880e-01
1317358114.070956945 5.00172460e+02 5.02730205e+01 -4.90727610e+00 -2.78048612e-02 1.37849027e-02 3.26841990e-01 9.44569309e-01
1317358114.174876928 5.00635623e+02 5.06421633e+01 -4.93016411e+00 -2.81861219e-02 1.35355743e-02 3.27645326e-01 9.44283258e-01
1317358114.278820038 5.01106843e+02 5.10152571e+01 -4.95026702e+00 -2.79166418e-02 1.39116042e-02 3.28326681e-01 9.44049108e-01
1317358114.382786036 5.01589330e+02 5.13991086e+01 -4.97175605e+00 -2.76558849e-02 1.40167218e-02 3.29051322e-01 9.43802898e-01
1317358114.486752987 5.02090944e+02 5.17927442e+01 -5.00631788e+00 -2.72511902e-02 1.43082866e-02 3.29979975e-01 9.43486016e-01
1317358114.590696096 5.02617391e+02 5.22254152e+01 -5.03705251e+00 -2.66683530e-02 1.46397370e-02 3.30566423e-01 9.43292276e-01
1317358114.694641113 5.03149451e+02 5.26513258e+01 -5.06336044e+00 -2.59019536e-02 1.50975543e-02 3.31308673e-01 9.43045977e-01
1317358114.798608065 5.03690032e+02 5.30880071e+01 -5.08482318e+00 -2.57173087e-02 1.49866433e-02 3.32237014e-01 9.42726146e-01
1317358114.902573109 5.04247802e+02 5.35396259e+01 -5.11145643e+00 -2.51739948e-02 1.54698153e-02 3.32831409e-01 9.42523319e-01
1317358115.006539106 5.04806541e+02 5.40023381e+01 -5.14512711e+00 -2.51542542e-02 1.60414219e-02 3.33642416e-01 9.42227507e-01
1317358115.110505104 5.05382527e+02 5.44775409e+01 -5.18729479e+00 -2.63602911e-02 1.57013067e-02 3.34294937e-01 9.41968948e-01
1317358115.214497089 5.05975517e+02 5.49671803e+01 -5.20980276e+00 -2.54242529e-02 1.60336765e-02 3.34660880e-01 9.41859132e-01
1317358115.318485975 5.06588641e+02 5.54668834e+01 -5.23449965e+00 -2.62078220e-02 1.58659679e-02 3.34948896e-01 9.41738105e-01
1317358115.422452927 5.07198472e+02 5.59624049e+01 -5.26790633e+00 -2.59088208e-02 1.53379938e-02 3.35347205e-01 9.41613366e-01
1317358115.526396990 5.07807323e+02 5.64709420e+01 -5.30781624e+00 -2.68040411e-02 1.48116940e-02 3.35533394e-01 9.41530403e-01
1317358115.630337954 5.08446903e+02 5.70003343e+01 -5.34023682e+00 -2.82734111e-02 1.41743232e-02 3.35923839e-01 9.41357996e-01
1317358115.734304905 5.09101309e+02 5.75356110e+01 -5.37599613e+00 -2.86543571e-02 1.42503197e-02 3.36304795e-01 9.41209297e-01
1317358115.838272095 5.09758996e+02 5.80654240e+01 -5.40558293e+00 -2.77123681e-02 1.50943943e-02 3.36396751e-01 9.41191484e-01
1317358115.942238092 5.10416106e+02 5.86180635e+01 -5.43599849e+00 -2.79234665e-02 1.56102539e-02 3.36643726e-01 9.41088520e-01
1317358116.046204090 5.11086905e+02 5.91762311e+01 -5.47397062e+00 -2.89070026e-02 1.63150669e-02 3.36837017e-01 9.40977698e-01
1317358116.150196075 5.11773769e+02 5.97414806e+01 -5.50934852e+00 -2.91726081e-02 1.67866667e-02 3.36556541e-01 9.41061561e-01
1317358116.254188061 5.12458624e+02 6.03112782e+01 -5.54638833e+00 -2.96711884e-02 1.64322041e-02 3.35857049e-01 9.41302101e-01
1317358116.358179092 5.13140534e+02 6.08909967e+01 -5.58704072e+00 -3.02237454e-02 1.54026999e-02 3.34502647e-01 9.41784084e-01
1317358116.462193966 5.13842012e+02 6.14553304e+01 -5.63307897e+00 -3.07868048e-02 1.48918388e-02 3.33337843e-01 9.42186971e-01
1317358116.566184044 5.14548718e+02 6.20274189e+01 -5.66791669e+00 -3.01671182e-02 1.50795166e-02 3.32744959e-01 9.42413574e-01
1317358116.670150042 5.15267380e+02 6.25992996e+01 -5.69786904e+00 -2.75414955e-02 1.61729752e-02 3.32227557e-01 9.42658343e-01
1317358116.774116993 5.16003634e+02 6.31917733e+01 -5.73421448e+00 -2.51461983e-02 1.63946741e-02 3.31535949e-01 9.42964897e-01
1317358116.878084898 5.16718492e+02 6.37606605e+01 -5.76454042e+00 -2.42607570e-02 1.59633582e-02 3.31275853e-01 9.43086897e-01
1317358116.982050896 5.17423623e+02 6.43269551e+01 -5.80164930e+00 -2.37193463e-02 1.64208751e-02 3.31209201e-01 9.43116224e-01
1317358117.086018085 5.18125095e+02 6.48890462e+01 -5.82944248e+00 -2.46814460e-02 1.66597509e-02 3.31012846e-01 9.43156283e-01
1317358117.189982891 5.18826039e+02 6.54580313e+01 -5.87390505e+00 -2.60767329e-02 1.69618841e-02 3.30868597e-01 9.43163968e-01
1317358117.293948889 5.19541053e+02 6.60373283e+01 -5.90372483e+00 -2.59734141e-02 1.72819726e-02 3.30719041e-01 9.43213460e-01
1317358117.397917032 5.20238233e+02 6.65986937e+01 -5.92859695e+00 -2.47330675e-02 1.77044253e-02 3.30783190e-01 9.43216470e-01
1317358117.501858950 5.20944071e+02 6.71585442e+01 -5.96034697e+00 -2.34334332e-02 1.79305403e-02 3.30558891e-01 9.43324011e-01
1317358117.605777979 5.21648700e+02 6.77252051e+01 -5.98987286e+00 -2.36204160e-02 1.75214756e-02 3.30880874e-01 9.43214144e-01
1317358117.709697008 5.22335446e+02 6.82749231e+01 -6.02306109e+00 -2.29851056e-02 1.76818362e-02 3.32209344e-01 9.42759773e-01
1317358117.813620090 5.23014561e+02 6.88259996e+01 -6.04526183e+00 -2.23920762e-02 1.77768835e-02 3.34429177e-01 9.41987103e-01
1317358117.917515993 5.23704836e+02 6.93951626e+01 -6.07829732e+00 -2.18448443e-02 1.88211930e-02 3.37170332e-01 9.41001983e-01
1317358118.021380901 5.24390921e+02 6.99755010e+01 -6.10489958e+00 -2.22425859e-02 1.96664929e-02 3.39611354e-01 9.40097136e-01
1317358118.125276089 5.25047770e+02 7.05249897e+01 -6.12958198e+00 -2.10884818e-02 2.10138586e-02 3.41937210e-01 9.39251105e-01
1317358118.229193926 5.25678117e+02 7.10698531e+01 -6.16194304e+00 -2.12091338e-02 2.18796936e-02 3.44434648e-01 9.38315632e-01
1317358118.333137035 5.26293656e+02 7.16147275e+01 -6.18508931e+00 -2.26713154e-02 2.27448989e-02 3.46078793e-01 9.37655667e-01
1317358118.437127113 5.26918402e+02 7.21509455e+01 -6.22788417e+00 -2.31020337e-02 2.39984477e-02 3.47195662e-01 9.37200909e-01
1317358118.541116953 5.27541108e+02 7.26915001e+01 -6.25652214e+00 -2.42737998e-02 2.36708252e-02 3.47835486e-01 9.36942340e-01
1317358118.645107031 5.28111525e+02 7.31920110e+01 -6.29015924e+00 -2.43955060e-02 2.39523722e-02 3.48365155e-01 9.36735214e-01
1317358118.749123096 5.28679678e+02 7.36871103e+01 -6.32218424e+00 -2.48864619e-02 2.44360529e-02 3.48508970e-01 9.36656309e-01
1317358118.853163004 5.29225782e+02 7.41734107e+01 -6.35562058e+00 -2.60552962e-02 2.55070506e-02 3.48482700e-01 9.36605744e-01
1317358118.957226992 5.29766455e+02 7.46444596e+01 -6.39088364e+00 -2.51861899e-02 2.58419360e-02 3.48076459e-01 9.36771386e-01
1317358119.061266899 5.30286347e+02 7.51020175e+01 -6.42540451e+00 -2.61575193e-02 2.57162203e-02 3.47776427e-01 9.36859657e-01
1317358119.165306091 5.30789506e+02 7.55369451e+01 -6.44858556e+00 -2.53760306e-02 2.62577450e-02 3.47068769e-01 9.37128517e-01
1317358119.269345999 5.31275830e+02 7.59582811e+01 -6.48498349e+00 -2.75054613e-02 2.56117942e-02 3.46358556e-01 9.37349047e-01
1317358119.373383999 5.31747598e+02 7.63676777e+01 -6.52223603e+00 -2.80966989e-02 2.54456339e-02 3.45494507e-01 9.37654862e-01
1317358119.477446079 5.32219221e+02 7.67718732e+01 -6.54168749e+00 -2.65235976e-02 2.54010514e-02 3.43925945e-01 9.38278333e-01
1317358119.581510067 5.32667301e+02 7.71563509e+01 -6.56795644e+00 -2.51035666e-02 2.43863134e-02 3.42293073e-01 9.38941197e-01
1317358119.685570955 5.33118516e+02 7.75413005e+01 -6.58990433e+00 -2.47520001e-02 2.34621898e-02 3.40445312e-01 9.39645600e-01
1317358119.789633036 5.33571788e+02 7.79143659e+01 -6.62154111e+00 -2.45127889e-02 2.26474481e-02 3.38478827e-01 9.40381997e-01
1317358119.893699884 5.34037853e+02 7.83033835e+01 -6.65313107e+00 -2.59209822e-02 2.19655242e-02 3.35835903e-01 9.41307529e-01
1317358119.997764111 5.34495925e+02 7.86727267e+01 -6.67182133e+00 -2.58633190e-02 2.19650041e-02 3.33543830e-01 9.42123740e-01
1317358120.101824045 5.34963216e+02 7.90416793e+01 -6.69587303e+00 -2.51359064e-02 2.18664271e-02 3.31149862e-01 9.42989827e-01
1317358120.205862999 5.35425817e+02 7.94116064e+01 -6.71616451e+00 -2.41604756e-02 2.19027066e-02 3.28931534e-01 9.43790543e-01
1317358120.309905052 5.35874604e+02 7.97571448e+01 -6.74515006e+00 -2.40619402e-02 2.18836947e-02 3.26963244e-01 9.44477191e-01
1317358120.413943052 5.36333993e+02 8.01197936e+01 -6.76861580e+00 -2.46720160e-02 2.12860242e-02 3.24978305e-01 9.45159932e-01
1317358120.517977953 5.36781442e+02 8.04646029e+01 -6.79158102e+00 -2.45481306e-02 2.08088108e-02 3.24005257e-01 9.45507787e-01
1317358120.621990919 5.37243891e+02 8.08108095e+01 -6.80852799e+00 -2.33335298e-02 2.15542566e-02 3.23002628e-01 9.45864823e-01
1317358120.725982904 5.37682038e+02 8.11490798e+01 -6.83606914e+00 -2.21250900e-02 2.18310811e-02 3.22569885e-01 9.46035176e-01
1317358120.829998016 5.38116777e+02 8.14851012e+01 -6.85633360e+00 -2.25790327e-02 2.12898614e-02 3.22835133e-01 9.45946302e-01
1317358120.933986902 5.38545794e+02 8.18233334e+01 -6.87748908e+00 -2.27458073e-02 2.10749051e-02 3.23443024e-01 9.45739439e-01
1317358121.037977934 5.38943446e+02 8.21290690e+01 -6.89745288e+00 -2.19789718e-02 2.16447537e-02 3.23997907e-01 9.45554750e-01
1317358121.141969919 5.39317518e+02 8.24157549e+01 -6.91865448e+00 -2.07308526e-02 2.26079092e-02 3.25129666e-01 9.45171844e-01
1317358121.245938063 5.39717032e+02 8.27236317e+01 -6.94080129e+00 -2.02425341e-02 2.25305506e-02 3.26624579e-01 9.44668724e-01
1317358121.349931002 5.40096982e+02 8.30304690e+01 -6.95259943e+00 -2.04885750e-02 2.19935059e-02 3.28464798e-01 9.44037807e-01
1317358121.453917980 5.40466213e+02 8.33290031e+01 -6.96526299e+00 -2.04538433e-02 2.19616090e-02 3.30294456e-01 9.43400710e-01
1317358121.557907104 5.40821902e+02 8.36244082e+01 -6.98951704e+00 -1.99392538e-02 2.17824999e-02 3.32384294e-01 9.42681617e-01
1317358121.661900043 5.41180888e+02 8.39147127e+01 -7.00211854e+00 -1.88828089e-02 2.14462402e-02 3.34009618e-01 9.42136441e-01
1317358121.765892029 5.41551216e+02 8.42105988e+01 -7.02049051e+00 -1.69136015e-02 2.15207629e-02 3.36189157e-01 9.41396642e-01
1317358121.869905949 5.41910023e+02 8.44982816e+01 -7.03178713e+00 -1.66723183e-02 2.19000220e-02 3.38095704e-01 9.40709157e-01
1317358121.973917007 5.42273604e+02 8.48015179e+01 -7.04969561e+00 -1.66387043e-02 2.21354480e-02 3.40043616e-01 9.40001870e-01
1317358122.077908039 5.42616284e+02 8.51020989e+01 -7.06179409e+00 -1.71424727e-02 2.18573508e-02 3.42151815e-01 9.39234011e-01
1317358122.181900978 5.42962166e+02 8.54036893e+01 -7.07956020e+00 -1.73871352e-02 2.18047253e-02 3.44249644e-01 9.38463864e-01
1317358122.285940886 5.43297139e+02 8.57007238e+01 -7.09321924e+00 -1.79874029e-02 2.16300264e-02 3.46241658e-01 9.37723472e-01
1317358122.390003920 5.43613007e+02 8.59833502e+01 -7.10620265e+00 -1.85663753e-02 2.14776651e-02 3.47603524e-01 9.37211710e-01
1317358122.494062901 5.43940864e+02 8.62833028e+01 -7.12113469e+00 -1.85223068e-02 2.12304403e-02 3.48415095e-01 9.36916813e-01
1317358122.598150969 5.44249813e+02 8.65494616e+01 -7.13941417e+00 -1.78322335e-02 2.13132445e-02 3.48180302e-01 9.37015600e-01
1317358122.702240944 5.44566721e+02 8.68212156e+01 -7.15208492e+00 -1.76193384e-02 2.14607214e-02 3.47386864e-01 9.37310708e-01
1317358122.806325912 5.44887635e+02 8.71002726e+01 -7.17366569e+00 -1.73486129e-02 2.15494707e-02 3.46713376e-01 9.37563054e-01
1317358122.910413027 5.45216384e+02 8.73884534e+01 -7.18936198e+00 -1.76370742e-02 2.14420744e-02 3.46193821e-01 9.37752104e-01
1317358123.014475107 5.45554644e+02 8.76769580e+01 -7.20595044e+00 -1.73123942e-02 2.11932202e-02 3.45665322e-01 9.37958748e-01
1317358123.118513107 5.45893052e+02 8.79697300e+01 -7.22542049e+00 -1.65368649e-02 2.13832633e-02 3.45151082e-01 9.38157779e-01
1317358123.222552061 5.46247415e+02 8.82666601e+01 -7.24568248e+00 -1.48389103e-02 2.31451065e-02 3.44446080e-01 9.38403436e-01
1317358123.326615095 5.46604896e+02 8.85642757e+01 -7.26289013e+00 -1.38474207e-02 2.40561130e-02 3.43455713e-01 9.38758609e-01
1317358123.430653095 5.46960527e+02 8.88721178e+01 -7.28500960e+00 -1.39809908e-02 2.33311406e-02 3.42250149e-01 9.39215111e-01
1317358123.534691095 5.47319097e+02 8.91730402e+01 -7.29979741e+00 -1.57679738e-02 2.17458999e-02 3.40465080e-01 9.39873404e-01
1317358123.638731956 5.47668447e+02 8.94670174e+01 -7.31985813e+00 -1.73817717e-02 2.11551723e-02 3.39298003e-01 9.40280383e-01
1317358123.742747068 5.48054625e+02 8.97750993e+01 -7.34627512e+00 -1.59497111e-02 2.15737094e-02 3.38733851e-01 9.40499633e-01
1317358123.846735954 5.48445512e+02 9.00845041e+01 -7.36915813e+00 -1.28582890e-02 2.21353243e-02 3.38878750e-01 9.40481730e-01
1317358123.950701952 5.48842649e+02 9.04047194e+01 -7.38689022e+00 -1.15126416e-02 2.30634000e-02 3.38960701e-01 9.40447331e-01
1317358124.054668903 5.49250861e+02 9.07496332e+01 -7.40804814e+00 -1.37012737e-02 2.41448903e-02 3.39249262e-01 9.40286785e-01
1317358124.158633947 5.49650575e+02 9.10998167e+01 -7.42952662e+00 -1.49514164e-02 2.45488443e-02 3.39774851e-01 9.40067476e-01
1317358124.262603045 5.50067314e+02 9.14571213e+01 -7.44656661e+00 -1.57632596e-02 2.38928703e-02 3.40770954e-01 9.39710491e-01
1317358124.366571903 5.50486052e+02 9.18024172e+01 -7.47327509e+00 -1.67435797e-02 2.39495070e-02 3.42087569e-01 9.39213590e-01
1317358124.470513105 5.50920667e+02 9.21665641e+01 -7.49498557e+00 -1.62353850e-02 2.42763842e-02 3.44048840e-01 9.38497451e-01
1317358124.574409008 5.51363836e+02 9.25306197e+01 -7.51661194e+00 -1.56504766e-02 2.42126062e-02 3.46714972e-01 9.37527355e-01
1317358124.678282022 5.51805953e+02 9.29196206e+01 -7.55051285e+00 -1.47588567e-02 2.36078322e-02 3.50371841e-01 9.36196785e-01
1317358124.782125950 5.52242302e+02 9.33173244e+01 -7.57188627e+00 -1.50595223e-02 2.25043747e-02 3.55165192e-01 9.34411286e-01
1317358124.885946989 5.52688489e+02 9.37436091e+01 -7.60489621e+00 -1.53119439e-02 2.15779029e-02 3.61098378e-01 9.32152294e-01
1317358124.989744902 5.53146612e+02 9.41725843e+01 -7.63436239e+00 -1.47855395e-02 2.02420669e-02 3.68042562e-01 9.29470989e-01
1317358125.093544960 5.53587065e+02 9.46178701e+01 -7.65965930e+00 -1.49521162e-02 1.91174567e-02 3.76002721e-01 9.26300659e-01
1317358125.197345972 5.54039307e+02 9.50864911e+01 -7.68160895e+00 -1.55208159e-02 1.84725739e-02 3.84208341e-01 9.22931102e-01
1317358125.301168919 5.54471582e+02 9.55497451e+01 -7.69773768e+00 -1.66659495e-02 1.79736693e-02 3.91128937e-01 9.20009428e-01
1317358125.405064106 5.54898983e+02 9.60409406e+01 -7.71279565e+00 -1.85346701e-02 1.75119873e-02 3.96389427e-01 9.17728292e-01
1317358125.509006023 5.55313111e+02 9.65356093e+01 -7.75519408e+00 -2.31729997e-02 1.60364739e-02 4.00283119e-01 9.15958115e-01
1317358125.612996101 5.55747498e+02 9.70365847e+01 -7.77711736e+00 -2.60075473e-02 1.50585285e-02 4.02682406e-01 9.14846287e-01
1317358125.717010975 5.56194294e+02 9.75410972e+01 -7.79593061e+00 -2.71273716e-02 1.46756745e-02 4.04178434e-01 9.14160010e-01
1317358125.821072102 5.56635821e+02 9.80536552e+01 -7.81514735e+00 -2.87099745e-02 1.42584364e-02 4.04538885e-01 9.13958820e-01
1317358125.925158978 5.57085353e+02 9.85736280e+01 -7.84496053e+00 -3.03554051e-02 1.40362146e-02 4.03022864e-01 9.14578649e-01
1317358126.029269934 5.57550536e+02 9.91080463e+01 -7.88645111e+00 -3.29032217e-02 1.39834533e-02 4.00249424e-01 9.15708600e-01
1317358126.133405924 5.58038803e+02 9.96317165e+01 -7.92143931e+00 -3.47792421e-02 1.39881307e-02 3.96958631e-01 9.17070653e-01
1317358126.237562895 5.58523339e+02 1.00149108e+02 -7.94882823e+00 -3.55203305e-02 1.34517297e-02 3.93018813e-01 9.18745650e-01
1317358126.341744900 5.59022134e+02 1.00671537e+02 -7.97924185e+00 -3.48805956e-02 1.31591080e-02 3.88334982e-01 9.20763880e-01
1317358126.445910931 5.59519288e+02 1.01182006e+02 -8.00564187e+00 -3.46272460e-02 1.24851593e-02 3.83121784e-01 9.22964124e-01
1317358126.550045967 5.60060447e+02 1.01716417e+02 -8.03833972e+00 -3.52319727e-02 1.20409590e-02 3.77718127e-01 9.25171735e-01
1317358126.654150009 5.60627305e+02 1.02256330e+02 -8.06824984e+00 -3.60926632e-02 1.13828990e-02 3.72002187e-01 9.27460038e-01
1317358126.758235931 5.61219336e+02 1.02800925e+02 -8.08588002e+00 -3.71030832e-02 1.08197153e-02 3.65834768e-01 9.29876990e-01
1317358126.862299919 5.61803529e+02 1.03330311e+02 -8.13017546e+00 -3.83896354e-02 1.05489915e-02 3.59495127e-01 9.32297275e-01
1317358126.966341019 5.62401946e+02 1.03867085e+02 -8.16571141e+00 -3.80803324e-02 1.06143393e-02 3.54523203e-01 9.34211177e-01
1317358127.070332050 5.63004572e+02 1.04395708e+02 -8.19865281e+00 -3.69150566e-02 1.09920803e-02 3.50561982e-01 9.35747161e-01
1317358127.174298048 5.63632060e+02 1.04932621e+02 -8.22553941e+00 -3.60261743e-02 1.11631846e-02 3.47037830e-01 9.37092441e-01
1317358127.278240919 5.64256133e+02 1.05470675e+02 -8.25484196e+00 -3.60559737e-02 1.05421994e-02 3.44020500e-01 9.38210384e-01
1317358127.382134914 5.64890266e+02 1.06010590e+02 -8.28356514e+00 -3.64704003e-02 9.98220663e-03 3.41888058e-01 9.38979670e-01
1317358127.486006021 5.65537763e+02 1.06550860e+02 -8.31057290e+00 -3.59077204e-02 1.03132984e-02 3.40477099e-01 9.39510307e-01
1317358127.589850903 5.66204078e+02 1.07098251e+02 -8.33431257e+00 -3.46780968e-02 1.09351268e-02 3.39440986e-01 9.39924289e-01
1317358127.693696976 5.66881118e+02 1.07677684e+02 -8.36435193e+00 -3.57812925e-02 1.10958917e-02 3.39493767e-01 9.39861991e-01
1317358127.797569036 5.67567224e+02 1.08261000e+02 -8.39388718e+00 -3.79341979e-02 1.20488613e-02 3.39782494e-01 9.39661470e-01
1317358127.901439905 5.68254756e+02 1.08841169e+02 -8.43534362e+00 -4.04099168e-02 1.34194482e-02 3.40472404e-01 9.39289891e-01
1317358128.005287886 5.68917356e+02 1.09404189e+02 -8.46989201e+00 -4.27342089e-02 1.60485164e-02 3.40807145e-01 9.39024346e-01
1317358128.109134912 5.69556811e+02 1.09933247e+02 -8.51056088e+00 -4.26925790e-02 1.77541056e-02 3.41362735e-01 9.38793704e-01
1317358128.213002920 5.70190694e+02 1.10462944e+02 -8.56596312e+00 -4.06135715e-02 1.94829688e-02 3.41659602e-01 9.38743665e-01
1317358128.316874027 5.70841966e+02 1.11005975e+02 -8.59810272e+00 -3.96352525e-02 1.91131470e-02 3.41818127e-01 9.38735374e-01
1317358128.420743942 5.71532432e+02 1.11582906e+02 -8.64230422e+00 -3.88524406e-02 1.89425212e-02 3.41958587e-01 9.38720402e-01
1317358128.524614096 5.72201724e+02 1.12155167e+02 -8.68514206e+00 -4.02732416e-02 1.84956970e-02 3.42335360e-01 9.38532086e-01
1317358128.628485918 5.72865439e+02 1.12719625e+02 -8.72592043e+00 -4.14407564e-02 1.87315745e-02 3.42596020e-01 9.38381457e-01
1317358128.732357025 5.73513422e+02 1.13279055e+02 -8.77146911e+00 -4.36507573e-02 1.77522122e-02 3.43180758e-01 9.38086583e-01
1317358128.836227894 5.74156085e+02 1.13830999e+02 -8.80991881e+00 -4.33277038e-02 1.76945498e-02 3.43964744e-01 9.37815476e-01
1317358128.940099001 5.74835512e+02 1.14391597e+02 -8.84854489e+00 -4.03537746e-02 1.86360883e-02 3.44166658e-01 9.37855842e-01
1317358129.043968916 5.75465175e+02 1.14941427e+02 -8.87784784e+00 -4.14584566e-02 1.74445488e-02 3.44839310e-01 9.37583455e-01
1317358129.147864103 5.76139572e+02 1.15515855e+02 -8.92303587e+00 -4.11621809e-02 1.80938091e-02 3.44864909e-01 9.37574788e-01
1317358129.251782894 5.76765398e+02 1.16070117e+02 -8.96729632e+00 -4.33360966e-02 1.87396564e-02 3.44624917e-01 9.37552385e-01
1317358129.355704069 5.77418157e+02 1.16634006e+02 -9.01492676e+00 -4.43273176e-02 1.94668894e-02 3.44540579e-01 9.37522223e-01
1317358129.459621906 5.78074036e+02 1.17179983e+02 -9.05138130e+00 -4.33975646e-02 1.98840979e-02 3.43807949e-01 9.37825873e-01
1317358129.563564062 5.78704527e+02 1.17726618e+02 -9.08973282e+00 -4.34921201e-02 1.87428038e-02 3.43997406e-01 9.37775521e-01
1317358129.667505980 5.79315500e+02 1.18261912e+02 -9.12658112e+00 -4.49368763e-02 1.80112048e-02 3.43502296e-01 9.37903218e-01
1317358129.771425009 5.79943270e+02 1.18790585e+02 -9.17169067e+00 -4.55537903e-02 1.83916835e-02 3.42768128e-01 9.38134643e-01
1317358129.875368118 5.80544174e+02 1.19294966e+02 -9.21634059e+00 -4.48191672e-02 1.90684618e-02 3.41975933e-01 9.38445575e-01
1317358129.979335070 5.81140326e+02 1.19800281e+02 -9.24872226e+00 -4.41652969e-02 1.97151112e-02 3.41445416e-01 9.38656364e-01
1317358130.083302021 5.81710638e+02 1.20285569e+02 -9.28302505e+00 -4.48260117e-02 1.97498207e-02 3.41155705e-01 9.38729651e-01
1317358130.187244892 5.82265465e+02 1.20755722e+02 -9.31298172e+00 -4.51456158e-02 1.97342962e-02 3.40908535e-01 9.38804453e-01
1317358130.291188955 5.82811823e+02 1.21218746e+02 -9.34792548e+00 -4.58850506e-02 1.93669864e-02 3.40157640e-01 9.39048594e-01
1317358130.395128965 5.83336268e+02 1.21670048e+02 -9.38691961e+00 -4.61258204e-02 1.90995027e-02 3.39507057e-01 9.39277688e-01
1317358130.499047041 5.83853998e+02 1.22102258e+02 -9.41119844e+00 -4.68333335e-02 1.87890100e-02 3.39451369e-01 9.39269067e-01
1317358130.602988958 5.84383545e+02 1.22536442e+02 -9.44563072e+00 -4.68917465e-02 1.83418499e-02 3.39399716e-01 9.39293657e-01
1317358130.706933975 5.84888400e+02 1.22969781e+02 -9.47575244e+00 -4.82006511e-02 1.70218930e-02 3.39902947e-01 9.39070252e-01
1317358130.810877085 5.85379685e+02 1.23379142e+02 -9.50785908e+00 -4.47941262e-02 1.76403646e-02 3.39317218e-01 9.39439263e-01
1317358130.914819002 5.85836802e+02 1.23765758e+02 -9.53557909e+00 -4.39422203e-02 1.64121805e-02 3.39382401e-01 9.39478210e-01
1317358131.018785954 5.86300386e+02 1.24143846e+02 -9.55835167e+00 -4.23674174e-02 1.47905365e-02 3.39356417e-01 9.39586858e-01
1317358131.122776031 5.86757675e+02 1.24522311e+02 -9.58152516e+00 -4.08492133e-02 1.32015628e-02 3.39118247e-01 9.39763734e-01
1317358131.226766109 5.87194796e+02 1.24895470e+02 -9.60648681e+00 -4.17614137e-02 1.08549381e-02 3.38340329e-01 9.40034029e-01
1317358131.330755949 5.87629780e+02 1.25258656e+02 -9.62421740e+00 -4.17487503e-02 9.92577465e-03 3.38463662e-01 9.40000463e-01
1317358131.434746981 5.88058989e+02 1.25614708e+02 -9.64275662e+00 -4.07880049e-02 9.81208107e-03 3.37663633e-01 9.40331502e-01
1317358131.538764000 5.88487640e+02 1.25960681e+02 -9.65740107e+00 -3.90018582e-02 1.13004113e-02 3.36546371e-01 9.40790995e-01
1317358131.642776966 5.88905950e+02 1.26304782e+02 -9.67441280e+00 -3.84775690e-02 1.21323106e-02 3.35770486e-01 9.41079415e-01
1317358131.746790886 5.89294905e+02 1.26621204e+02 -9.68984820e+00 -3.89759981e-02 1.16782364e-02 3.34671459e-01 9.41456056e-01
1317358131.850832939 5.89666946e+02 1.26936560e+02 -9.70295832e+00 -4.00709421e-02 1.14637564e-02 3.33139711e-01 9.41955856e-01
1317358131.954896927 5.90039297e+02 1.27246120e+02 -9.72132911e+00 -4.05868814e-02 1.13737464e-02 3.30662336e-01 9.42807383e-01
1317358132.058958054 5.90415000e+02 1.27542665e+02 -9.73878040e+00 -3.95653420e-02 1.13813014e-02 3.27167161e-01 9.44069223e-01
1317358132.163069010 5.90771420e+02 1.27805824e+02 -9.74908675e+00 -3.84162115e-02 1.16413745e-02 3.22615866e-01 9.45678421e-01
1317358132.267230034 5.91109401e+02 1.28063132e+02 -9.75941971e+00 -3.87154425e-02 1.14404184e-02 3.17097240e-01 9.47533415e-01
1317358132.371388912 5.91433226e+02 1.28317511e+02 -9.77150417e+00 -3.97363084e-02 1.13920209e-02 3.11551526e-01 9.49329708e-01
1317358132.475544930 5.91746388e+02 1.28546352e+02 -9.78694679e+00 -4.02187931e-02 1.08882137e-02 3.05575526e-01 9.51255745e-01
1317358132.579703093 5.92061996e+02 1.28771137e+02 -9.79554881e+00 -3.93302909e-02 1.03685750e-02 2.98522457e-01 9.53535507e-01
1317358132.683887005 5.92389610e+02 1.28974803e+02 -9.79610845e+00 -3.92899913e-02 9.64893503e-03 2.89852224e-01 9.56215918e-01
1317358132.788094044 5.92680979e+02 1.29165164e+02 -9.80019796e+00 -3.88136992e-02 9.27224240e-03 2.80966513e-01 9.58887554e-01
1317358132.892298937 5.92979040e+02 1.29338363e+02 -9.81755251e+00 -3.77453140e-02 8.99903778e-03 2.70819362e-01 9.61847796e-01
1317358132.996506929 5.93269408e+02 1.29490434e+02 -9.82495473e+00 -3.65392254e-02 8.48173658e-03 2.59975169e-01 9.64886447e-01
1317358133.100713015 5.93558151e+02 1.29628893e+02 -9.83160631e+00 -3.50282086e-02 8.17997730e-03 2.48222476e-01 9.68034976e-01
1317358133.204919100 5.93839298e+02 1.29748818e+02 -9.83962341e+00 -3.27752989e-02 8.08394545e-03 2.36452276e-01 9.71056513e-01
1317358133.309101105 5.94113464e+02 1.29871527e+02 -9.83359960e+00 -3.02115175e-02 8.30866096e-03 2.24800267e-01 9.73900955e-01
1317358133.413260937 5.94387474e+02 1.29976718e+02 -9.83776522e+00 -2.81443986e-02 7.86731577e-03 2.13040297e-01 9.76606282e-01
1317358133.517420053 5.94647927e+02 1.30064849e+02 -9.83841405e+00 -2.55355850e-02 7.39028869e-03 2.00867407e-01 9.79257679e-01
1317358133.621581078 5.94896385e+02 1.30135738e+02 -9.83764569e+00 -2.47496929e-02 6.56778186e-03 1.87925895e-01 9.81849365e-01
1317358133.725716114 5.95157423e+02 1.30229801e+02 -9.83489848e+00 -2.51372593e-02 6.66138916e-03 1.75335668e-01 9.84165203e-01
1317358133.829849958 5.95416091e+02 1.30322756e+02 -9.83747372e+00 -2.57026297e-02 7.42742705e-03 1.62267134e-01 9.86384096e-01
1317358133.933984041 5.95674191e+02 1.30391784e+02 -9.84693404e+00 -2.60741317e-02 8.82116300e-03 1.48218622e-01 9.88571478e-01
1317358134.038094997 5.95938078e+02 1.30447878e+02 -9.85780320e+00 -2.55025894e-02 1.04326818e-02 1.33468966e-01 9.90669881e-01
1317358134.142205954 5.96202336e+02 1.30494897e+02 -9.86004154e+00 -2.38492224e-02 1.23323407e-02 1.19384431e-01 9.92485005e-01
1317358134.246290922 5.96466004e+02 1.30521766e+02 -9.86624489e+00 -2.16534917e-02 1.42935992e-02 1.05163223e-01 9.94116450e-01
1317358134.350353956 5.96727230e+02 1.30534374e+02 -9.87676695e+00 -1.96017162e-02 1.60899790e-02 9.10321392e-02 9.95525005e-01
1317358134.454392910 5.96983228e+02 1.30562879e+02 -9.88122894e+00 -1.84157081e-02 1.67631896e-02 7.70123120e-02 9.96719098e-01
1317358134.558407068 5.97251645e+02 1.30579329e+02 -9.87939168e+00 -1.78768245e-02 1.81993640e-02 6.29236299e-02 9.97692247e-01
1317358134.662396908 5.97522731e+02 1.30585646e+02 -9.87741971e+00 -1.78648691e-02 1.90381354e-02 4.89837851e-02 9.98458304e-01
1317358134.766362906 5.97809622e+02 1.30603942e+02 -9.88294918e+00 -1.82667846e-02 1.98995715e-02 3.54211892e-02 9.99007343e-01
1317358134.870282888 5.98125829e+02 1.30591799e+02 -9.88223838e+00 -1.71999500e-02 2.08894585e-02 2.25118739e-02 9.99380312e-01
1317358134.974083900 5.98472385e+02 1.30577861e+02 -9.89076942e+00 -1.61415743e-02 2.14928125e-02 1.39886987e-02 9.99540807e-01
1317358135.077740908 5.98820481e+02 1.30575787e+02 -9.89949736e+00 -1.30288323e-02 2.14307672e-02 1.04931609e-02 9.99630364e-01
1317358135.181345940 5.99160363e+02 1.30558422e+02 -9.89802443e+00 -1.20517188e-02 2.24921166e-02 9.77522129e-03 9.99626583e-01
1317358135.284976959 5.99471931e+02 1.30577446e+02 -9.92129423e+00 -1.13871826e-02 2.37170392e-02 1.08459033e-02 9.99595018e-01
1317358135.388581991 5.99770733e+02 1.30592881e+02 -9.93090446e+00 -1.16468971e-02 2.40659171e-02 1.55340722e-02 9.99521823e-01
1317358135.492187977 6.00039389e+02 1.30607901e+02 -9.93915637e+00 -1.14335038e-02 2.38448412e-02 2.34231837e-02 9.99375832e-01
1317358135.595844030 6.00270726e+02 1.30633505e+02 -9.94445862e+00 -1.16902570e-02 2.34624747e-02 3.19593562e-02 9.99145360e-01
1317358135.699498892 6.00537478e+02 1.30660086e+02 -9.95203824e+00 -1.03467288e-02 2.32371540e-02 4.08853641e-02 9.98840011e-01
1317358135.803103924 6.00785906e+02 1.30687377e+02 -9.95840146e+00 -9.34417083e-03 2.26888258e-02 5.39830811e-02 9.98240317e-01
1317358135.906711102 6.01032181e+02 1.30764698e+02 -9.96658978e+00 -7.87683918e-03 2.28827747e-02 6.92366605e-02 9.97306682e-01
1317358136.010343075 6.01264550e+02 1.30829642e+02 -9.97547400e+00 -7.31493737e-03 2.28219355e-02 8.66401021e-02 9.95951376e-01
1317358136.113975048 6.01492317e+02 1.30933276e+02 -9.98575707e+00 -6.18477196e-03 2.32098959e-02 1.05893928e-01 9.94087282e-01
1317358136.217603922 6.01696560e+02 1.31019896e+02 -9.98948071e+00 -6.25151327e-03 2.32359368e-02 1.28061064e-01 9.91474343e-01
1317358136.321259022 6.01889811e+02 1.31132993e+02 -9.98860441e+00 -6.30711787e-03 2.36914224e-02 1.50966394e-01 9.88234833e-01
1317358136.424961090 6.02072247e+02 1.31244488e+02 -9.99529548e+00 -7.05739286e-03 2.39864760e-02 1.74560954e-01 9.84328865e-01
1317358136.528687954 6.02257666e+02 1.31368791e+02 -1.00052759e+01 -8.00291333e-03 2.41105245e-02 1.98832201e-01 9.79704237e-01
1317358136.632440090 6.02427150e+02 1.31487473e+02 -1.00096649e+01 -8.62941574e-03 2.42238355e-02 2.23292347e-01 9.74412267e-01
1317358136.736212969 6.02568625e+02 1.31615579e+02 -1.00173281e+01 -9.41796350e-03 2.41653344e-02 2.46866102e-01 9.68702465e-01
1317358136.839987040 6.02710544e+02 1.31741811e+02 -1.00203056e+01 -9.20900752e-03 2.40612672e-02 2.69858934e-01 9.62555144e-01
1317358136.943763018 6.02838752e+02 1.31885128e+02 -1.00261774e+01 -9.69722420e-03 2.43076614e-02 2.92921983e-01 9.55778119e-01
1317358137.047538996 6.02966276e+02 1.32031799e+02 -1.00381630e+01 -1.03403899e-02 2.50078138e-02 3.15820001e-01 9.48433135e-01
1317358137.151313066 6.03093153e+02 1.32185952e+02 -1.00512440e+01 -1.05817128e-02 2.63414095e-02 3.38419197e-01 9.40567172e-01
1317358137.255085945 6.03224745e+02 1.32357464e+02 -1.00686747e+01 -1.04421693e-02 2.82225545e-02 3.61546140e-01 9.31868466e-01
1317358137.358865976 6.03352200e+02 1.32523674e+02 -1.00840058e+01 -9.91700687e-03 2.95062637e-02 3.85126071e-01 9.22338844e-01
1317358137.462640047 6.03477161e+02 1.32691947e+02 -1.00921266e+01 -1.02592636e-02 3.11325970e-02 4.08748451e-01 9.12058229e-01
1317358137.566411972 6.03586319e+02 1.32876558e+02 -1.00980534e+01 -1.10356882e-02 3.26451711e-02 4.31754920e-01 9.01332456e-01
1317358137.670236111 6.03674792e+02 1.33077045e+02 -1.01084191e+01 -1.26222929e-02 3.48729619e-02 4.53376090e-01 8.90547402e-01
1317358137.774153948 6.03750098e+02 1.33281281e+02 -1.01179706e+01 -1.43862858e-02 3.63704106e-02 4.73320641e-01 8.80021477e-01
1317358137.878168106 6.03836763e+02 1.33466387e+02 -1.01331731e+01 -1.56099815e-02 3.70257067e-02 4.89502009e-01 8.71075891e-01
1317358137.982278109 6.03910024e+02 1.33659713e+02 -1.01439447e+01 -1.71154569e-02 3.81279482e-02 5.02545837e-01 8.63539809e-01
1317358138.086438894 6.03992496e+02 1.33840800e+02 -1.01565342e+01 -1.77060723e-02 3.95318459e-02 5.12911622e-01 8.57347885e-01
1317358138.190623045 6.04097992e+02 1.34041868e+02 -1.01709277e+01 -1.73115491e-02 4.12491080e-02 5.22233214e-01 8.51628611e-01
1317358138.294804096 6.04156213e+02 1.34250250e+02 -1.01691722e+01 -1.95437868e-02 4.12588890e-02 5.29640507e-01 8.46992726e-01
1317358138.399009943 6.04214001e+02 1.34456317e+02 -1.01818651e+01 -2.15504651e-02 3.77738148e-02 5.36457650e-01 8.42805972e-01
1317358138.503312111 6.04302764e+02 1.34675541e+02 -1.02024333e+01 -2.33934440e-02 3.34131887e-02 5.40914769e-01 8.40087804e-01
1317358138.607640028 6.04376929e+02 1.34940421e+02 -1.02266479e+01 -2.36637726e-02 3.27481772e-02 5.43479913e-01 8.38449263e-01
1317358138.711919069 6.04502221e+02 1.35205186e+02 -1.02400169e+01 -2.12789788e-02 3.28860965e-02 5.45678173e-01 8.37078874e-01
1317358138.816245079 6.04612666e+02 1.35457649e+02 -1.02412918e+01 -2.01139674e-02 2.98459484e-02 5.45736995e-01 8.37183241e-01
1317358138.920669079 6.04672459e+02 1.35751591e+02 -1.02376484e+01 -2.12765416e-02 2.28607352e-02 5.42650481e-01 8.39377836e-01
1317358139.025139093 6.04776672e+02 1.36038247e+02 -1.02659629e+01 -2.16357798e-02 1.48844957e-02 5.37709433e-01 8.42721134e-01
1317358139.129635096 6.04861857e+02 1.36324100e+02 -1.03126777e+01 -1.90392199e-02 7.84115356e-03 5.29771399e-01 8.47890494e-01
1317358139.234154940 6.04971208e+02 1.36588877e+02 -1.02934224e+01 -1.77685983e-02 2.14338501e-03 5.18136969e-01 8.55110381e-01
1317358139.338649035 6.05132114e+02 1.36911970e+02 -1.03062770e+01 -1.98970156e-02 -3.40665532e-03 5.06620617e-01 8.61932743e-01
1317358139.443022966 6.05300858e+02 1.37237640e+02 -1.03587582e+01 -2.05242124e-02 -7.91507437e-03 4.95143371e-01 8.68532757e-01
1317358139.547348976 6.05509320e+02 1.37557414e+02 -1.03803323e+01 -2.03314514e-02 -6.76306592e-03 4.84205847e-01 8.74691712e-01
1317358139.651649952 6.05750397e+02 1.37897515e+02 -1.03528045e+01 -2.26383867e-02 -3.24690270e-03 4.72509611e-01 8.81028733e-01
1317358139.755882025 6.06016382e+02 1.38278847e+02 -1.03614991e+01 -2.72777037e-02 1.57778430e-03 4.62366623e-01 8.86267760e-01
1317358139.860064983 6.06266958e+02 1.38651353e+02 -1.03576244e+01 -3.14955921e-02 6.31718003e-03 4.54023018e-01 8.90410703e-01
1317358139.964198112 6.06537077e+02 1.39017106e+02 -1.03693201e+01 -3.34602118e-02 1.09951846e-02 4.45264421e-01 8.94706162e-01
1317358140.068309069 6.06818699e+02 1.39367663e+02 -1.03826411e+01 -3.31815202e-02 1.21859992e-02 4.37365786e-01 8.98588703e-01
1317358140.172395945 6.07154789e+02 1.39740077e+02 -1.04085974e+01 -3.29312397e-02 1.19237176e-02 4.29495752e-01 9.02389471e-01
1317358140.276459932 6.07471078e+02 1.40114610e+02 -1.04349320e+01 -3.10458202e-02 1.13368217e-02 4.22607734e-01 9.05709852e-01
1317358140.380497932 6.07816115e+02 1.40509486e+02 -1.04589396e+01 -3.01015553e-02 1.03646881e-02 4.15301346e-01 9.09126648e-01
1317358140.484513998 6.08174177e+02 1.40909809e+02 -1.04875272e+01 -2.94775320e-02 1.04641480e-02 4.08662569e-01 9.12149374e-01
1317358140.588529110 6.08570367e+02 1.41314415e+02 -1.05121079e+01 -3.00039899e-02 1.21583342e-02 4.01613722e-01 9.15236775e-01
1317358140.692518950 6.08993701e+02 1.41738228e+02 -1.05302559e+01 -3.02057450e-02 1.49244779e-02 3.94995452e-01 9.18065066e-01
1317358140.796462059 6.09423204e+02 1.42177696e+02 -1.05668550e+01 -2.98841161e-02 1.72959498e-02 3.89796463e-01 9.20253502e-01
1317358140.900381088 6.09883120e+02 1.42631868e+02 -1.05928986e+01 -2.81250251e-02 1.85032535e-02 3.85926942e-01 9.21914859e-01
1317358141.004252911 6.10356385e+02 1.43092718e+02 -1.06278236e+01 -2.59693938e-02 1.90972738e-02 3.83282514e-01 9.23068470e-01
1317358141.108099937 6.10832043e+02 1.43569791e+02 -1.06539771e+01 -2.32784427e-02 1.85056565e-02 3.81805193e-01 9.23764282e-01
1317358141.211971998 6.11305069e+02 1.44056515e+02 -1.06751988e+01 -2.38753607e-02 1.71919034e-02 3.80234172e-01 9.24422187e-01
1317358141.315864086 6.11796399e+02 1.44535375e+02 -1.07206247e+01 -2.40516582e-02 1.66637563e-02 3.78363795e-01 9.25194399e-01
1317358141.419780970 6.12313190e+02 1.45048218e+02 -1.07359729e+01 -2.42469971e-02 1.60916369e-02 3.75838359e-01 9.26228195e-01
1317358141.523750067 6.12841286e+02 1.45567106e+02 -1.07842943e+01 -2.61335449e-02 1.59596220e-02 3.72389000e-01 9.27571432e-01
1317358141.627763987 6.13388216e+02 1.46088020e+02 -1.08248626e+01 -2.81307316e-02 1.64657610e-02 3.68072967e-01 9.29225393e-01
1317358141.731777906 6.13962945e+02 1.46631967e+02 -1.08645862e+01 -2.75190824e-02 1.72475594e-02 3.63740647e-01 9.30933920e-01
1317358141.835768938 6.14548487e+02 1.47184696e+02 -1.08983231e+01 -2.78980702e-02 1.72095747e-02 3.59671680e-01 9.32502982e-01
1317358141.939759970 6.15133136e+02 1.47732544e+02 -1.09417656e+01 -2.89310227e-02 1.44040999e-02 3.55544989e-01 9.34100251e-01
1317358142.043751001 6.15751027e+02 1.48246551e+02 -1.09841968e+01 -3.04099160e-02 1.23800604e-02 3.50077993e-01 9.36144951e-01
1317358142.147717953 6.16384364e+02 1.48805135e+02 -1.10295767e+01 -2.87237355e-02 1.41292930e-02 3.46129285e-01 9.37640564e-01
1317358142.251661062 6.17057935e+02 1.49366087e+02 -1.10605974e+01 -2.98401489e-02 1.68851980e-02 3.42350962e-01 9.38946364e-01
1317358142.355581045 6.17735556e+02 1.49929039e+02 -1.10928189e+01 -3.01444372e-02 1.84479017e-02 3.39229798e-01 9.40039431e-01
1317358142.459497929 6.18403642e+02 1.50476553e+02 -1.11267690e+01 -3.16566016e-02 1.69132551e-02 3.36623941e-01 9.40954900e-01
1317358142.563394070 6.19087535e+02 1.51050114e+02 -1.11632240e+01 -3.16146545e-02 1.46039802e-02 3.35435012e-01 9.41419455e-01
1317358142.667262077 6.19789361e+02 1.51607247e+02 -1.12109466e+01 -3.25817527e-02 1.31995635e-02 3.34052069e-01 9.41898835e-01
1317358142.771133900 6.20507134e+02 1.52171069e+02 -1.12329160e+01 -3.08247901e-02 1.27226462e-02 3.33167850e-01 9.42277640e-01
1317358142.875005007 6.21212961e+02 1.52727674e+02 -1.12744263e+01 -2.92202155e-02 1.27734039e-02 3.32133121e-01 9.42693274e-01
1317358142.978878021 6.21937200e+02 1.53305180e+02 -1.13073427e+01 -2.72827377e-02 1.46056364e-02 3.31722060e-01 9.42869452e-01
1317358143.082726955 6.22665051e+02 1.53868930e+02 -1.13556256e+01 -2.67455027e-02 1.86792734e-02 3.32012314e-01 9.42710765e-01
1317358143.186570883 6.23402378e+02 1.54455818e+02 -1.13969079e+01 -2.58446479e-02 2.13334305e-02 3.32107206e-01 9.42646138e-01
1317358143.290441036 6.24132925e+02 1.55048524e+02 -1.14330697e+01 -2.60261932e-02 2.11995921e-02 3.32399165e-01 9.42541251e-01
1317358143.394310951 6.24871505e+02 1.55657362e+02 -1.14802529e+01 -2.65008795e-02 1.98523920e-02 3.31557026e-01 9.42853925e-01
1317358143.498183012 6.25609046e+02 1.56265536e+02 -1.15171309e+01 -2.80674274e-02 1.77887101e-02 3.32071440e-01 9.42668733e-01
1317358143.602076054 6.26361786e+02 1.56879478e+02 -1.15631420e+01 -2.80199037e-02 1.69197233e-02 3.32108707e-01 9.42673016e-01
1317358143.705969095 6.27113897e+02 1.57488334e+02 -1.15987311e+01 -2.79585996e-02 1.60376176e-02 3.32687738e-01 9.42486064e-01
1317358143.809864998 6.27862431e+02 1.58110428e+02 -1.16359060e+01 -2.79947477e-02 1.54980889e-02 3.32899860e-01 9.42419114e-01
1317358143.913759947 6.28621592e+02 1.58725798e+02 -1.16751582e+01 -2.77302629e-02 1.61671497e-02 3.33124507e-01 9.42336309e-01
1317358144.017654896 6.29392982e+02 1.59355029e+02 -1.17126958e+01 -2.80957664e-02 1.78314334e-02 3.34452546e-01 9.41824911e-01
1317358144.121540070 6.30156255e+02 1.59971322e+02 -1.17628613e+01 -2.82405863e-02 1.94279204e-02 3.35314483e-01 9.41482460e-01
1317358144.225409031 6.30905913e+02 1.60585255e+02 -1.18005879e+01 -2.74055512e-02 1.95318881e-02 3.36090283e-01 9.41228326e-01
1317358144.329314947 6.31645455e+02 1.61199545e+02 -1.18390658e+01 -2.58737652e-02 1.84555731e-02 3.36593924e-01 9.41113420e-01
1317358144.433211088 6.32388442e+02 1.61823774e+02 -1.18773207e+01 -2.57937404e-02 1.68987483e-02 3.36872224e-01 9.41045280e-01
1317358144.537106037 6.33145228e+02 1.62449285e+02 -1.19140820e+01 -2.50357173e-02 1.70290528e-02 3.37524962e-01 9.40829487e-01
1317358144.640976906 6.33897312e+02 1.63060543e+02 -1.19462790e+01 -2.52992911e-02 1.73749205e-02 3.38147996e-01 9.40592362e-01
1317358144.744822979 6.34629970e+02 1.63678506e+02 -1.19961065e+01 -2.46128832e-02 1.91291102e-02 3.38735114e-01 9.40365251e-01
1317358144.848716021 6.35370990e+02 1.64301283e+02 -1.20269536e+01 -2.42262263e-02 2.12690540e-02 3.39465707e-01 9.40065823e-01
1317358144.952609062 6.36108090e+02 1.64919638e+02 -1.20768565e+01 -2.13298817e-02 2.28796841e-02 3.40425416e-01 9.39751080e-01
1317358145.056480885 6.36842668e+02 1.65504973e+02 -1.21132724e+01 -1.95262790e-02 2.24584738e-02 3.41406170e-01 9.39444606e-01
1317358145.160353899 6.37568824e+02 1.66105264e+02 -1.21542467e+01 -1.74842580e-02 2.09867177e-02 3.42314698e-01 9.39188216e-01
1317358145.264223099 6.38301746e+02 1.66713273e+02 -1.21806411e+01 -1.74400513e-02 1.98143626e-02 3.43293660e-01 9.38857124e-01
1317358145.368118048 6.39030001e+02 1.67326744e+02 -1.22231137e+01 -1.64182502e-02 1.91753903e-02 3.44428917e-01 9.38472944e-01
1317358145.472012043 6.39756186e+02 1.67932970e+02 -1.22496848e+01 -1.57162012e-02 1.96058794e-02 3.45383467e-01 9.38125190e-01
1317358145.575882912 6.40459948e+02 1.68549529e+02 -1.22885394e+01 -1.67710692e-02 2.14487524e-02 3.46491139e-01 9.37658025e-01
1317358145.679754972 6.41154305e+02 1.69160990e+02 -1.23137963e+01 -1.84745149e-02 2.27499526e-02 3.47696933e-01 9.37148854e-01
1317358145.783626080 6.41853663e+02 1.69769802e+02 -1.23566541e+01 -1.99575033e-02 2.36280445e-02 3.47937629e-01 9.37007374e-01
1317358145.887521982 6.42527216e+02 1.70370250e+02 -1.23786708e+01 -2.01560479e-02 2.39400220e-02 3.48046854e-01 9.36954640e-01
1317358145.991416931 6.43182992e+02 1.70961072e+02 -1.24156316e+01 -2.04379898e-02 2.32829163e-02 3.48073475e-01 9.36955202e-01
1317358146.095285892 6.43834576e+02 1.71544961e+02 -1.24484171e+01 -2.02214218e-02 2.20418599e-02 3.48386107e-01 9.36873722e-01
1317358146.199157953 6.44467072e+02 1.72084205e+02 -1.24823849e+01 -1.94188297e-02 2.16393622e-02 3.48681705e-01 9.36790113e-01
1317358146.303051949 6.45076287e+02 1.72592697e+02 -1.25061923e+01 -1.91358928e-02 2.23448579e-02 3.48566440e-01 9.36822268e-01
1317358146.406970978 6.45668689e+02 1.73118813e+02 -1.25384341e+01 -1.92862453e-02 2.34637556e-02 3.48522771e-01 9.36808076e-01
1317358146.510889053 6.46246696e+02 1.73618728e+02 -1.25580795e+01 -1.99485348e-02 2.39328280e-02 3.48159203e-01 9.36917523e-01
1317358146.614806890 6.46802750e+02 1.74096224e+02 -1.25886643e+01 -1.90949044e-02 2.41185064e-02 3.47683720e-01 9.37107098e-01
1317358146.718750954 6.47334303e+02 1.74566731e+02 -1.26126163e+01 -1.82690264e-02 2.27396153e-02 3.46744052e-01 9.37506115e-01
1317358146.822741985 6.47844141e+02 1.75015506e+02 -1.26374691e+01 -1.92175083e-02 2.03117212e-02 3.45557830e-01 9.37980760e-01
1317358146.926733017 6.48338572e+02 1.75436255e+02 -1.26541709e+01 -1.97525945e-02 1.88566779e-02 3.43613479e-01 9.38714034e-01
1317358147.030724049 6.48832348e+02 1.75834058e+02 -1.26717671e+01 -1.95938178e-02 1.73540971e-02 3.41276449e-01 9.39598480e-01
1317358147.134738922 6.49291855e+02 1.76204336e+02 -1.26893540e+01 -1.93175133e-02 1.66040926e-02 3.38338683e-01 9.40679580e-01
1317358147.238754034 6.49742586e+02 1.76572803e+02 -1.26953291e+01 -1.93950922e-02 1.58127186e-02 3.35944299e-01 9.41549370e-01
1317358147.342791080 6.50160986e+02 1.76939872e+02 -1.27026264e+01 -1.99779655e-02 1.43046698e-02 3.32879372e-01 9.42649235e-01
1317358147.446855068 6.50553702e+02 1.77272849e+02 -1.27072254e+01 -2.01682629e-02 1.30711284e-02 3.28396645e-01 9.44234097e-01
1317358147.550940990 6.50939262e+02 1.77588564e+02 -1.27159850e+01 -2.13486839e-02 1.24313489e-02 3.23262930e-01 9.45986666e-01
1317358147.655075073 6.51298192e+02 1.77860262e+02 -1.27314920e+01 -2.17259736e-02 1.21663184e-02 3.16457551e-01 9.48279801e-01
1317358147.759234905 6.51663126e+02 1.78123463e+02 -1.27319275e+01 -2.09685426e-02 1.15397590e-02 3.08286248e-01 9.50992504e-01
1317358147.863390923 6.52000464e+02 1.78352404e+02 -1.27416595e+01 -2.14971291e-02 1.05957547e-02 2.99208707e-01 9.53886656e-01
1317358147.967549086 6.52335371e+02 1.78573362e+02 -1.27439431e+01 -2.21020429e-02 1.02739965e-02 2.89156781e-01 9.56971421e-01
1317358148.071732998 6.52685486e+02 1.78778756e+02 -1.27533687e+01 -2.18773802e-02 1.09480697e-02 2.78128294e-01 9.60232353e-01
1317358148.175939083 6.53015550e+02 1.78953501e+02 -1.27562272e+01 -2.11607675e-02 1.10040309e-02 2.65880929e-01 9.63710779e-01
1317358148.280170918 6.53344282e+02 1.79134543e+02 -1.27623047e+01 -2.14352445e-02 9.72061295e-03 2.52761088e-01 9.67242406e-01
1317358148.384428024 6.53669855e+02 1.79309267e+02 -1.27658664e+01 -2.22340851e-02 9.13883439e-03 2.37917719e-01 9.70987789e-01
1317358148.488657951 6.53986211e+02 1.79445408e+02 -1.27790750e+01 -2.26709315e-02 9.58776451e-03 2.22461391e-01 9.74630716e-01
1317358148.592889071 6.54321653e+02 1.79580430e+02 -1.27665074e+01 -2.38078817e-02 1.11808637e-02 2.07568104e-01 9.77866890e-01
1317358148.697118998 6.54647953e+02 1.79707859e+02 -1.27749440e+01 -2.50883674e-02 1.28483587e-02 1.91668733e-01 9.81054835e-01
1317358148.801347971 6.54970343e+02 1.79812983e+02 -1.27854882e+01 -2.65397135e-02 1.40765760e-02 1.73659977e-01 9.84347350e-01
1317358148.905603886 6.55285552e+02 1.79910431e+02 -1.27927047e+01 -2.63161641e-02 1.54867788e-02 1.54929817e-01 9.87453478e-01
1317358149.009856939 6.55601119e+02 1.79962212e+02 -1.28034337e+01 -2.66777341e-02 1.77140301e-02 1.34487044e-01 9.90397772e-01
1317358149.114089012 6.55917377e+02 1.80017191e+02 -1.28103913e+01 -2.67034591e-02 2.03617326e-02 1.13387593e-01 9.92983171e-01
1317358149.218297005 6.56258596e+02 1.80076902e+02 -1.28198974e+01 -3.05232721e-02 2.38566127e-02 9.31985235e-02 9.94893576e-01
1317358149.322478056 6.56592215e+02 1.80113210e+02 -1.28349865e+01 -3.21299228e-02 2.80849973e-02 7.22533222e-02 9.96472959e-01
1317358149.426589966 6.56913762e+02 1.80125188e+02 -1.28574165e+01 -3.16464172e-02 2.86361347e-02 5.20928634e-02 9.97729828e-01
1317358149.530675888 6.57235317e+02 1.80108878e+02 -1.28589107e+01 -2.93820210e-02 2.91270145e-02 3.19599954e-02 9.98632501e-01
1317358149.634763956 6.57560266e+02 1.80076029e+02 -1.28728566e+01 -2.40987632e-02 2.81969008e-02 1.18184658e-02 9.99241967e-01
1317358149.738826036 6.57884762e+02 1.80033688e+02 -1.28832301e+01 -2.14455834e-02 2.76126119e-02 -8.92010570e-03 9.99348819e-01
1317358149.842890024 6.58218264e+02 1.79998046e+02 -1.28797936e+01 -2.26564071e-02 2.43115514e-02 -2.94066371e-02 9.99014957e-01
1317358149.946930885 6.58580429e+02 1.79957928e+02 -1.28864908e+01 -2.73301832e-02 2.12675679e-02 -4.90438625e-02 9.98196099e-01
1317358150.050944090 6.58945533e+02 1.79891011e+02 -1.28829154e+01 -3.04752699e-02 1.84508973e-02 -6.81900278e-02 9.97036079e-01
1317358150.154910088 6.59315363e+02 1.79828137e+02 -1.28954732e+01 -3.39955480e-02 1.62971205e-02 -8.66402781e-02 9.95526076e-01
1317358150.258827925 6.59695997e+02 1.79754447e+02 -1.29163482e+01 -3.41775263e-02 1.59440479e-02 -1.04282933e-01 9.93832357e-01
1317358150.362747908 6.60098887e+02 1.79616256e+02 -1.29391915e+01 -3.00433365e-02 1.50956514e-02 -1.21413542e-01 9.92032394e-01
1317358150.466640949 6.60517708e+02 1.79465899e+02 -1.29348248e+01 -2.58871019e-02 1.46039381e-02 -1.38038066e-01 9.89980846e-01
1317358150.570511103 6.60965132e+02 1.79283275e+02 -1.29619978e+01 -2.12930370e-02 1.20100593e-02 -1.54891645e-01 9.87628950e-01
1317358150.674381018 6.61413932e+02 1.79102474e+02 -1.29496481e+01 -2.06573919e-02 1.02773700e-02 -1.71677711e-01 9.84882943e-01
1317358150.778228045 6.61871377e+02 1.78932449e+02 -1.29432864e+01 -2.43199260e-02 1.06798540e-02 -1.86755133e-01 9.82047352e-01
1317358150.882050991 6.62363710e+02 1.78737944e+02 -1.29420149e+01 -2.99405666e-02 1.22566347e-02 -2.00635091e-01 9.79131706e-01
1317358150.985898972 6.62873688e+02 1.78513062e+02 -1.29326441e+01 -3.28863289e-02 1.40815067e-02 -2.15044658e-01 9.75948767e-01
1317358151.089793921 6.63378212e+02 1.78257297e+02 -1.29432578e+01 -3.47924325e-02 1.51407328e-02 -2.30371543e-01 9.72362688e-01
1317358151.193710089 6.63889095e+02 1.77987029e+02 -1.29364864e+01 -3.62821229e-02 1.56160558e-02 -2.44892427e-01 9.68745295e-01
1317358151.297629118 6.64403413e+02 1.77699917e+02 -1.29441901e+01 -4.02162142e-02 1.60455643e-02 -2.59782626e-01 9.64695902e-01
1317358151.401525974 6.64938124e+02 1.77373628e+02 -1.29526476e+01 -4.39446813e-02 1.65897197e-02 -2.74920633e-01 9.60318849e-01
1317358151.505397081 6.65462921e+02 1.77015017e+02 -1.29569722e+01 -4.68259070e-02 1.71420763e-02 -2.89854905e-01 9.55770693e-01
1317358151.609292030 6.65993810e+02 1.76653028e+02 -1.29680023e+01 -4.79544532e-02 1.63543534e-02 -3.04303372e-01 9.51226767e-01
1317358151.713210106 6.66524196e+02 1.76254823e+02 -1.29638158e+01 -4.84748375e-02 1.50322893e-02 -3.18992094e-01 9.46397519e-01
1317358151.817128897 6.67057658e+02 1.75820946e+02 -1.29565480e+01 -4.89559976e-02 1.48052019e-02 -3.33366361e-01 9.41409043e-01
1317358151.921024084 6.67575129e+02 1.75360781e+02 -1.29553764e+01 -4.90645282e-02 1.44865434e-02 -3.47298283e-01 9.36358219e-01
1317358152.024893999 6.68107623e+02 1.74876398e+02 -1.29520542e+01 -4.86455440e-02 1.38179722e-02 -3.60661349e-01 9.31324898e-01
1317358152.128740072 6.68639656e+02 1.74371060e+02 -1.29397694e+01 -4.73966107e-02 1.38097353e-02 -3.72175354e-01 9.26848617e-01
1317358152.232563019 6.69179885e+02 1.73823023e+02 -1.29319399e+01 -4.61424167e-02 1.45939050e-02 -3.83648348e-01 9.22210302e-01
1317358152.336364985 6.69716132e+02 1.73262778e+02 -1.29241537e+01 -4.44519929e-02 1.38546055e-02 -3.93230763e-01 9.18260114e-01
1317358152.440114975 6.70252528e+02 1.72687581e+02 -1.29106885e+01 -4.18346818e-02 1.12196992e-02 -4.01521542e-01 9.14824808e-01
1317358152.543816090 6.70797632e+02 1.72062114e+02 -1.28931644e+01 -3.94487697e-02 8.43913847e-03 -4.08462054e-01 9.11883395e-01
1317358152.647495031 6.71333502e+02 1.71399671e+02 -1.28828597e+01 -3.69688137e-02 7.82122412e-03 -4.16260783e-01 9.08459738e-01
1317358152.751151085 6.71890577e+02 1.70758865e+02 -1.28713049e+01 -3.53403267e-02 7.12769745e-03 -4.20329936e-01 9.06654842e-01
1317358152.854804993 6.72426881e+02 1.70072423e+02 -1.28471326e+01 -3.26162303e-02 6.38623226e-03 -4.24209486e-01 9.04953982e-01
1317358152.958482027 6.72996024e+02 1.69385223e+02 -1.28319484e+01 -3.06955716e-02 5.88457002e-03 -4.26482408e-01 9.03955701e-01
1317358153.062161922 6.73568792e+02 1.68706757e+02 -1.28104590e+01 -2.96941223e-02 5.81584074e-03 -4.27398531e-01 9.03556822e-01
1317358153.165863037 6.74123696e+02 1.67981913e+02 -1.27851808e+01 -2.83311415e-02 5.51409148e-03 -4.28896442e-01 9.02892454e-01
1317358153.269589901 6.74708600e+02 1.67249747e+02 -1.27546729e+01 -2.73883658e-02 4.16288963e-03 -4.30052314e-01 9.02378831e-01
1317358153.373342037 6.75284923e+02 1.66515338e+02 -1.27340060e+01 -2.70470532e-02 3.55614334e-03 -4.31105195e-01 9.01889196e-01
1317358153.477091074 6.75881187e+02 1.65772882e+02 -1.27156466e+01 -2.57248635e-02 3.11554998e-03 -4.31434799e-01 9.01771889e-01
1317358153.580817938 6.76484134e+02 1.64999930e+02 -1.26895075e+01 -2.42466001e-02 2.28935193e-03 -4.31477084e-01 9.01795092e-01
1317358153.684567928 6.77108635e+02 1.64236036e+02 -1.26615532e+01 -2.27419721e-02 1.15838846e-03 -4.30974705e-01 9.02076640e-01
1317358153.788342953 6.77743036e+02 1.63469239e+02 -1.26413697e+01 -2.13386702e-02 1.85515585e-03 -4.30593782e-01 9.02291646e-01
1317358153.892132998 6.78383173e+02 1.62681167e+02 -1.26193638e+01 -1.93211648e-02 4.15274629e-03 -4.30455337e-01 9.02395506e-01
1317358153.995944977 6.79035930e+02 1.61879702e+02 -1.26017705e+01 -1.78102391e-02 6.26162167e-03 -4.29367723e-01 9.02932415e-01
1317358154.099766970 6.79677151e+02 1.61068045e+02 -1.25945654e+01 -1.63182212e-02 6.36225207e-03 -4.28432352e-01 9.03404094e-01
1317358154.203589916 6.80351600e+02 1.60248282e+02 -1.25820566e+01 -1.60382208e-02 5.75849789e-03 -4.27235985e-01 9.03979551e-01
1317358154.307436943 6.81012689e+02 1.59432698e+02 -1.25660898e+01 -1.47673592e-02 4.23261027e-03 -4.26815416e-01 9.04208278e-01
1317358154.411283970 6.81667955e+02 1.58631971e+02 -1.25569935e+01 -1.37976966e-02 2.05888949e-03 -4.26057110e-01 9.04588704e-01
1317358154.515091896 6.82346652e+02 1.57818147e+02 -1.25401849e+01 -1.31931803e-02 1.22952580e-03 -4.24318651e-01 9.05415988e-01
1317358154.618902922 6.83043488e+02 1.56984676e+02 -1.25196493e+01 -1.17172923e-02 1.70320490e-03 -4.21981692e-01 9.06527030e-01
1317358154.722728014 6.83749567e+02 1.56154586e+02 -1.25006515e+01 -1.02712077e-02 3.02435924e-03 -4.20447278e-01 9.07253791e-01
1317358154.826571941 6.84456848e+02 1.55325203e+02 -1.24882096e+01 -9.91031060e-03 3.50066662e-03 -4.20122802e-01 9.07406393e-01
1317358154.930418968 6.85162393e+02 1.54486412e+02 -1.24721404e+01 -9.80001039e-03 2.63970612e-03 -4.20286033e-01 9.07334912e-01
1317358155.034266949 6.85896146e+02 1.53640916e+02 -1.24461716e+01 -1.04525406e-02 2.32905154e-03 -4.19216934e-01 9.07822936e-01
1317358155.138137102 6.86647555e+02 1.52778856e+02 -1.24229062e+01 -1.15798460e-02 2.85668831e-03 -4.18664254e-01 9.08062767e-01
1317358155.242032051 6.87395274e+02 1.51916128e+02 -1.24026143e+01 -1.25159697e-02 2.79203942e-03 -4.18461514e-01 9.08143995e-01
1317358155.345951080 6.88143296e+02 1.51046668e+02 -1.23691647e+01 -1.25412570e-02 1.73957761e-03 -4.18400515e-01 9.08174377e-01
1317358155.449843884 6.88874946e+02 1.50176204e+02 -1.23452667e+01 -1.32015064e-02 1.46259370e-03 -4.18798791e-01 9.07981913e-01
1317358155.553739071 6.89584687e+02 1.49347131e+02 -1.23338321e+01 -1.35567161e-02 2.10223802e-03 -4.20534848e-01 9.07172661e-01
1317358155.657634020 6.90343359e+02 1.48469526e+02 -1.23116044e+01 -1.31262140e-02 3.25230551e-03 -4.20941143e-01 9.06987144e-01
1317358155.761528969 6.91079016e+02 1.47617274e+02 -1.23153584e+01 -1.42169714e-02 4.90869231e-03 -4.22209964e-01 9.06373283e-01
1317358155.865469933 6.91823621e+02 1.46734874e+02 -1.22971421e+01 -1.53498049e-02 5.93884336e-03 -4.22252683e-01 9.06328740e-01
1317358155.969414949 6.92538816e+02 1.45899830e+02 -1.22815378e+01 -1.66913470e-02 6.55412794e-03 -4.22268729e-01 9.06293309e-01
1317358156.073334932 6.93272306e+02 1.45036291e+02 -1.22657221e+01 -1.74865610e-02 7.64995099e-03 -4.22669265e-01 9.06082993e-01
1317358156.177252054 6.94015477e+02 1.44158144e+02 -1.22498497e+01 -1.74514687e-02 8.49974477e-03 -4.22450393e-01 9.06178165e-01
1317358156.281172991 6.94750292e+02 1.43282357e+02 -1.22265510e+01 -1.76193504e-02 8.04243501e-03 -4.22507367e-01 9.06152527e-01
1317358156.385114908 6.95476907e+02 1.42410907e+02 -1.22066467e+01 -1.77709695e-02 6.38065202e-03 -4.22901051e-01 9.05979128e-01
1317358156.489058971 6.96225145e+02 1.41518184e+02 -1.21805798e+01 -1.70611093e-02 4.99383225e-03 -4.22666962e-01 9.06110710e-01
1317358156.592978954 6.96959533e+02 1.40619009e+02 -1.21586270e+01 -1.62481714e-02 4.58017167e-03 -4.22808286e-01 9.06061903e-01
1317358156.696870089 6.97704569e+02 1.39710027e+02 -1.21490878e+01 -1.47220937e-02 4.89244974e-03 -4.22840195e-01 9.06071462e-01
1317358156.800765038 6.98461168e+02 1.38802931e+02 -1.21416473e+01 -1.30998230e-02 5.82589552e-03 -4.23618720e-01 9.05727130e-01
1317358156.904685020 6.99220222e+02 1.37892374e+02 -1.21215794e+01 -1.26174838e-02 7.32959155e-03 -4.23876049e-01 9.05602656e-01
1317358157.008578062 6.99966208e+02 1.36994852e+02 -1.21119889e+01 -1.18016263e-02 7.35356122e-03 -4.24154749e-01 9.05482963e-01
1317358157.112449884 7.00713194e+02 1.36092540e+02 -1.20999660e+01 -1.14747960e-02 6.27772618e-03 -4.23874481e-01 9.05626492e-01
1317358157.216298103 7.01464296e+02 1.35180444e+02 -1.20792713e+01 -1.17101651e-02 4.49297622e-03 -4.23156616e-01 9.05969736e-01
1317358157.320142984 7.02229543e+02 1.34307097e+02 -1.20649861e+01 -1.24857191e-02 3.54239167e-03 -4.22956225e-01 9.06057167e-01
1317358157.423990011 7.03011284e+02 1.33393532e+02 -1.20449670e+01 -1.29270762e-02 3.42616676e-03 -4.22647373e-01 9.06195537e-01
1317358157.527837038 7.03787960e+02 1.32496340e+02 -1.20328158e+01 -1.33749787e-02 4.34638132e-03 -4.22818537e-01 9.06105239e-01
1317358157.631680965 7.04576261e+02 1.31577198e+02 -1.20149221e+01 -1.37670480e-02 5.52942554e-03 -4.22762398e-01 9.06119114e-01
1317358157.735505104 7.05348804e+02 1.30675252e+02 -1.19970574e+01 -1.43826584e-02 4.98329512e-03 -4.22406523e-01 9.06278674e-01
1317358157.839306116 7.06114664e+02 1.29759123e+02 -1.19733451e+01 -1.61263179e-02 4.69891306e-03 -4.22013999e-01 9.06433697e-01
1317358157.943105936 7.06896286e+02 1.28840277e+02 -1.19527092e+01 -1.63304600e-02 5.35338074e-03 -4.21715859e-01 9.06565161e-01
1317358158.046902895 7.07679598e+02 1.27920845e+02 -1.19423300e+01 -1.69365976e-02 6.28979905e-03 -4.20889733e-01 9.06931873e-01
1317358158.150677919 7.08463736e+02 1.27017292e+02 -1.19183728e+01 -1.70178622e-02 6.57633612e-03 -4.21435319e-01 9.06674923e-01
1317358158.254427910 7.09262320e+02 1.26098679e+02 -1.19001226e+01 -1.68428410e-02 7.34269687e-03 -4.21320876e-01 9.06725495e-01
1317358158.358177900 7.10031851e+02 1.25201785e+02 -1.18927437e+01 -1.65064168e-02 8.45988073e-03 -4.21189056e-01 9.06783186e-01
1317358158.461930037 7.10830860e+02 1.24275273e+02 -1.18794108e+01 -1.55078456e-02 8.82432324e-03 -4.21199857e-01 9.06792324e-01
1317358158.565656900 7.11630543e+02 1.23344368e+02 -1.18600582e+01 -1.50268068e-02 8.30474864e-03 -4.20919557e-01 9.06935473e-01
1317358158.669382095 7.12429157e+02 1.22417726e+02 -1.18478494e+01 -1.50039995e-02 7.94984931e-03 -4.20601670e-01 9.07086498e-01
1317358158.773133039 7.13210758e+02 1.21511700e+02 -1.18265964e+01 -1.46953252e-02 7.50285156e-03 -4.20208410e-01 9.07277602e-01
1317358158.876909971 7.13996102e+02 1.20597710e+02 -1.18096679e+01 -1.45760830e-02 6.81341365e-03 -4.20002296e-01 9.07380398e-01
1317358158.980685949 7.14692527e+02 1.19716172e+02 -1.18131562e+01 -1.37087963e-02 7.89077397e-03 -4.20093558e-01 9.07342938e-01
1317358159.084484100 7.15440373e+02 1.18806889e+02 -1.17981130e+01 -1.30927728e-02 8.37665800e-03 -4.20408126e-01 9.07201972e-01
1317358159.188282013 7.16223283e+02 1.17894063e+02 -1.17774538e+01 -1.27219552e-02 8.60255538e-03 -4.20020998e-01 9.07384433e-01
1317358159.292079926 7.16996168e+02 1.16992974e+02 -1.17591962e+01 -1.22993034e-02 8.36820511e-03 -4.20391719e-01 9.07220757e-01
1317358159.395878077 7.17771830e+02 1.16080516e+02 -1.17487400e+01 -1.22697988e-02 8.78207257e-03 -4.20251049e-01 9.07282416e-01
1317358159.499676943 7.18547340e+02 1.15180510e+02 -1.17336012e+01 -1.23936290e-02 8.93692129e-03 -4.20299953e-01 9.07256567e-01
1317358159.603473902 7.19299384e+02 1.14293156e+02 -1.17242754e+01 -1.34854781e-02 8.99253507e-03 -4.20906318e-01 9.06959286e-01
1317358159.707268953 7.20070804e+02 1.13394443e+02 -1.17087736e+01 -1.51035316e-02 9.09569644e-03 -4.21090132e-01 9.06847425e-01
1317358159.811115026 7.20848796e+02 1.12508535e+02 -1.16911139e+01 -1.57274982e-02 8.83677844e-03 -4.21338039e-01 9.06724221e-01
1317358159.914966106 7.21604384e+02 1.11633881e+02 -1.16837228e+01 -1.63177768e-02 8.62555012e-03 -4.21869103e-01 9.06468858e-01
1317358160.018812895 7.22346626e+02 1.10749176e+02 -1.16662033e+01 -1.60215047e-02 9.63886574e-03 -4.22342695e-01 9.06243373e-01
1317358160.122684956 7.23103129e+02 1.09858915e+02 -1.16461389e+01 -1.54015932e-02 1.04515017e-02 -4.22511037e-01 9.06166640e-01
1317358160.226577997 7.23844415e+02 1.08961798e+02 -1.16386068e+01 -1.60238975e-02 1.08736746e-02 -4.22792207e-01 9.06019728e-01
1317358160.330472946 7.24603735e+02 1.08056764e+02 -1.16232813e+01 -1.66939905e-02 1.02577301e-02 -4.22890146e-01 9.05969102e-01
1317358160.434349060 7.25357207e+02 1.07173547e+02 -1.16022754e+01 -1.72565179e-02 9.63962280e-03 -4.22465733e-01 9.06163338e-01
1317358160.538219929 7.26093027e+02 1.06299379e+02 -1.15938858e+01 -1.67905108e-02 9.57529393e-03 -4.22393490e-01 9.06206451e-01
1317358160.642064095 7.26840190e+02 1.05407624e+02 -1.15836174e+01 -1.56514247e-02 1.02567933e-02 -4.21983004e-01 9.06410600e-01
1317358160.745910883 7.27589383e+02 1.04526695e+02 -1.15692066e+01 -1.43631531e-02 1.10668682e-02 -4.21488972e-01 9.06652232e-01
1317358160.849757910 7.28319167e+02 1.03652418e+02 -1.15551225e+01 -1.33353156e-02 1.01671867e-02 -4.21308580e-01 9.06762305e-01
1317358160.953582048 7.29065977e+02 1.02791431e+02 -1.15483972e+01 -1.33724107e-02 9.80942671e-03 -4.21206331e-01 9.06813200e-01
1317358161.057427883 7.29809675e+02 1.01917532e+02 -1.15309077e+01 -1.38102962e-02 9.06933484e-03 -4.20572416e-01 9.07108519e-01
1317358161.161271095 7.30527625e+02 1.01057065e+02 -1.15204102e+01 -1.37041630e-02 8.81218256e-03 -4.21034762e-01 9.06898159e-01
1317358161.265094042 7.31262401e+02 1.00193051e+02 -1.15074604e+01 -1.37037859e-02 8.69155176e-03 -4.20539403e-01 9.07129138e-01
1317358161.368918896 7.31969179e+02 9.93409572e+01 -1.14948072e+01 -1.26871299e-02 8.11142581e-03 -4.20142653e-01 9.07333121e-01
1317358161.472740889 7.32713158e+02 9.85004287e+01 -1.14861404e+01 -1.25500588e-02 8.55905780e-03 -4.19195291e-01 9.07768994e-01
1317358161.576538086 7.33458354e+02 9.76301968e+01 -1.14785202e+01 -1.16225715e-02 9.30922591e-03 -4.18824013e-01 9.07945318e-01
1317358161.680335999 7.34189324e+02 9.67615646e+01 -1.14759762e+01 -1.00859072e-02 9.29563207e-03 -4.19187180e-01 9.07796218e-01
1317358161.784136057 7.34931994e+02 9.58917856e+01 -1.14724409e+01 -9.68720253e-03 9.24220153e-03 -4.19178504e-01 9.07805112e-01
1317358161.887937069 7.35676263e+02 9.50305773e+01 -1.14679947e+01 -9.51673227e-03 8.42049934e-03 -4.18703435e-01 9.08034119e-01
1317358161.991733074 7.36415785e+02 9.41677292e+01 -1.14586999e+01 -9.24697378e-03 7.14200176e-03 -4.18400220e-01 9.08187613e-01
1317358162.095508099 7.37161399e+02 9.33029659e+01 -1.14481447e+01 -9.21476640e-03 6.28808391e-03 -4.17900732e-01 9.08424200e-01
1317358162.199284077 7.37879286e+02 9.24756770e+01 -1.14444414e+01 -8.27501702e-03 6.14536695e-03 -4.17575327e-01 9.08583846e-01
1317358162.303083897 7.38639816e+02 9.16091085e+01 -1.14346770e+01 -7.64079855e-03 6.33576999e-03 -4.16969800e-01 9.08866141e-01
1317358162.406907082 7.39368011e+02 9.07691579e+01 -1.14264502e+01 -8.11317921e-03 6.51414539e-03 -4.17329760e-01 9.08695556e-01
1317358162.510730028 7.40098335e+02 8.99154401e+01 -1.14083107e+01 -8.93225324e-03 5.33965190e-03 -4.18529814e-01 9.08143435e-01
1317358162.614552975 7.40854831e+02 8.90578598e+01 -1.13971092e+01 -1.01045215e-02 5.35789027e-03 -4.18922169e-01 9.07950113e-01
1317358162.718400002 7.41555382e+02 8.82136559e+01 -1.13859085e+01 -9.96962904e-03 6.54289456e-03 -4.19625097e-01 9.07619180e-01
1317358162.822247028 7.42305785e+02 8.73399001e+01 -1.13804916e+01 -1.02719280e-02 7.38906084e-03 -4.20074653e-01 9.07401331e-01
1317358162.926069021 7.43039133e+02 8.64671624e+01 -1.13672985e+01 -1.10266155e-02 7.82005806e-03 -4.20349765e-01 9.07261448e-01
1317358163.029891968 7.43765186e+02 8.56085821e+01 -1.13521418e+01 -1.27121876e-02 8.20122358e-03 -4.21191932e-01 9.06845354e-01
1317358163.133713007 7.44512209e+02 8.47311425e+01 -1.13352727e+01 -1.41539225e-02 8.47425178e-03 -4.21686399e-01 9.06591658e-01
1317358163.237559080 7.45235033e+02 8.38786484e+01 -1.13310971e+01 -1.54875451e-02 9.52358985e-03 -4.22554800e-01 9.06154997e-01
1317358163.341407061 7.45981216e+02 8.29898595e+01 -1.13171703e+01 -1.65022364e-02 9.83758243e-03 -4.23211303e-01 9.05827297e-01
1317358163.445252895 7.46722867e+02 8.20944483e+01 -1.13044342e+01 -1.62395568e-02 1.00143876e-02 -4.23427505e-01 9.05729064e-01
1317358163.549098969 7.47450580e+02 8.12268328e+01 -1.12926704e+01 -1.55047157e-02 9.94694141e-03 -4.24029916e-01 9.05460817e-01
1317358163.652924061 7.48175428e+02 8.03561887e+01 -1.12871665e+01 -1.45109505e-02 9.78956303e-03 -4.24061567e-01 9.05464181e-01
1317358163.756746054 7.48920175e+02 7.94607198e+01 -1.12712363e+01 -1.34532394e-02 9.69091694e-03 -4.23741039e-01 9.05631619e-01
1317358163.860543966 7.49664599e+02 7.85689004e+01 -1.12675531e+01 -1.18799339e-02 8.58639263e-03 -4.23919816e-01 9.05581101e-01
1317358163.964344025 7.50419187e+02 7.76899343e+01 -1.12561958e+01 -1.12963019e-02 8.58515907e-03 -4.23954845e-01 9.05572183e-01
1317358164.068144083 7.51138397e+02 7.68480423e+01 -1.12550821e+01 -1.07655122e-02 9.48244881e-03 -4.24252003e-01 9.05430519e-01
1317358164.171916008 7.51888844e+02 7.59668151e+01 -1.12437097e+01 -9.90892200e-03 1.02395362e-02 -4.24441364e-01 9.05343302e-01
1317358164.275716066 7.52648989e+02 7.50722915e+01 -1.12302892e+01 -9.23955317e-03 1.00494736e-02 -4.24249794e-01 9.05442296e-01
1317358164.379517078 7.53378806e+02 7.41884417e+01 -1.12210218e+01 -1.00348660e-02 9.23213804e-03 -4.24045222e-01 9.05538358e-01
1317358164.483289957 7.54125996e+02 7.33177991e+01 -1.12170348e+01 -1.08733413e-02 8.59723220e-03 -4.23839972e-01 9.05631015e-01
1317358164.587063074 7.54842104e+02 7.24562213e+01 -1.12097157e+01 -1.14021144e-02 8.22555022e-03 -4.24398377e-01 9.05366417e-01
1317358164.690862894 7.55587666e+02 7.15779486e+01 -1.11890062e+01 -1.11907631e-02 8.65033408e-03 -4.24301314e-01 9.05410588e-01
1317358164.794684887 7.56324378e+02 7.07099670e+01 -1.11730989e+01 -1.13683834e-02 9.70521333e-03 -4.24112617e-01 9.05486089e-01
1317358164.898508072 7.57049096e+02 6.98426327e+01 -1.11654281e+01 -1.23773812e-02 1.04194996e-02 -4.23749302e-01 9.05635006e-01
1317358165.002305984 7.57764249e+02 6.89787715e+01 -1.11692851e+01 -1.36051488e-02 1.00051694e-02 -4.23358303e-01 9.05804915e-01
1317358165.106105089 7.58510964e+02 6.80995256e+01 -1.11543624e+01 -1.44222698e-02 9.88054760e-03 -4.22839788e-01 9.06035808e-01
1317358165.209902048 7.59256556e+02 6.72219335e+01 -1.11443825e+01 -1.46779046e-02 9.83764937e-03 -4.22269834e-01 9.06297946e-01
1317358165.313678026 7.59985722e+02 6.63577073e+01 -1.11411928e+01 -1.47364841e-02 1.02493814e-02 -4.21416831e-01 9.06689385e-01
1317358165.417476892 7.60711355e+02 6.55135264e+01 -1.11409600e+01 -1.49350426e-02 1.04748768e-02 -4.21199941e-01 9.06784336e-01
1317358165.521275043 7.61451910e+02 6.46429987e+01 -1.11261561e+01 -1.43974725e-02 1.02705455e-02 -4.20523878e-01 9.07109088e-01
1317358165.625029087 7.62182017e+02 6.37895410e+01 -1.11149516e+01 -1.38850278e-02 1.03318567e-02 -4.20345359e-01 9.07199117e-01
1317358165.728779078 7.62898292e+02 6.29640652e+01 -1.11091542e+01 -1.35407031e-02 1.08823842e-02 -4.19795601e-01 9.07452410e-01
1317358165.832552910 7.63608889e+02 6.21375477e+01 -1.11044192e+01 -1.33980514e-02 1.21502673e-02 -4.19244266e-01 9.07693290e-01
1317358165.936326981 7.64344639e+02 6.12843973e+01 -1.10908799e+01 -1.30302110e-02 1.21927027e-02 -4.18633758e-01 9.07979806e-01
1317358166.040102959 7.65066959e+02 6.04269594e+01 -1.10826504e+01 -1.28652801e-02 1.16482690e-02 -4.18413380e-01 9.08090880e-01
1317358166.143878937 7.65794155e+02 5.95732479e+01 -1.10782742e+01 -1.27360745e-02 1.13480918e-02 -4.17877074e-01 9.08343417e-01
1317358166.247678041 7.66515548e+02 5.87266778e+01 -1.10691145e+01 -1.23073806e-02 1.08870820e-02 -4.17214116e-01 9.08659662e-01
1317358166.351476908 7.67208929e+02 5.78853001e+01 -1.10741640e+01 -1.03255914e-02 9.49343148e-03 -4.16750292e-01 9.08912785e-01
1317358166.455275059 7.67924166e+02 5.70594868e+01 -1.10653478e+01 -9.59061427e-03 8.49513168e-03 -4.16199852e-01 9.09182894e-01
1317358166.559073925 7.68648343e+02 5.62208275e+01 -1.10556170e+01 -8.85457430e-03 8.74092225e-03 -4.15972395e-01 9.09292120e-01
1317358166.662873030 7.69388420e+02 5.53880549e+01 -1.10594767e+01 -8.60201215e-03 9.20066629e-03 -4.16294430e-01 9.09142618e-01
1317358166.766671896 7.70141189e+02 5.45302162e+01 -1.10561624e+01 -8.62197254e-03 9.45261211e-03 -4.16447285e-01 9.09069837e-01
1317358166.870493889 7.70897783e+02 5.36888024e+01 -1.10610722e+01 -9.59518978e-03 9.13315634e-03 -4.15876032e-01 9.09324829e-01
1317358166.974363089 7.71641606e+02 5.28416274e+01 -1.10527539e+01 -1.04988414e-02 8.61467306e-03 -4.15898266e-01 9.09309735e-01
1317358167.078211069 7.72372050e+02 5.20168139e+01 -1.10429827e+01 -1.09234358e-02 8.71978093e-03 -4.15996200e-01 9.09258932e-01
1317358167.182033062 7.73102628e+02 5.11792632e+01 -1.10333458e+01 -1.08701125e-02 9.64063299e-03 -4.16410081e-01 9.09060803e-01
1317358167.285856009 7.73800615e+02 5.03524234e+01 -1.10222605e+01 -1.07076753e-02 1.01963064e-02 -4.17580075e-01 9.08519819e-01
1317358167.389703035 7.74531109e+02 4.95123425e+01 -1.10119966e+01 -1.10885838e-02 9.49526946e-03 -4.18274628e-01 9.08203291e-01
1317358167.493549109 7.75248278e+02 4.86873896e+01 -1.10071028e+01 -1.21238621e-02 8.93393099e-03 -4.18446563e-01 9.08116551e-01
1317358167.597373009 7.75983296e+02 4.78393685e+01 -1.10051664e+01 -1.32001268e-02 9.00887361e-03 -4.18705873e-01 9.07981271e-01
1317358167.701220989 7.76716999e+02 4.69927933e+01 -1.09950725e+01 -1.28684612e-02 9.37817546e-03 -4.18967304e-01 9.07861691e-01
1317358167.805067062 7.77446401e+02 4.61670705e+01 -1.09822454e+01 -1.19748701e-02 1.05519805e-02 -4.19184949e-01 9.07760561e-01
1317358167.908937931 7.78170301e+02 4.53188425e+01 -1.09711728e+01 -1.12123937e-02 1.06037049e-02 -4.19533326e-01 9.07608744e-01
1317358168.012833118 7.78876784e+02 4.44873287e+01 -1.09705828e+01 -1.08312889e-02 1.05909795e-02 -4.20203043e-01 9.07303652e-01
1317358168.116703033 7.79602704e+02 4.36497845e+01 -1.09624519e+01 -1.06225571e-02 1.08764517e-02 -4.20780045e-01 9.07035290e-01
1317358168.220571995 7.80334932e+02 4.27984060e+01 -1.09529927e+01 -1.00148159e-02 1.12313315e-02 -4.21227838e-01 9.06830011e-01
1317358168.324443102 7.81054019e+02 4.19531661e+01 -1.09530344e+01 -9.92836060e-03 1.19297162e-02 -4.22001587e-01 9.06462228e-01
1317358168.428316116 7.81729328e+02 4.11319271e+01 -1.09623537e+01 -9.41145073e-03 1.10698774e-02 -4.22839534e-01 9.06088081e-01
1317358168.532162905 7.82455145e+02 4.02841725e+01 -1.09538442e+01 -9.00543769e-03 9.56034261e-03 -4.22857652e-01 9.06100937e-01
1317358168.635984898 7.83162905e+02 3.94755070e+01 -1.09509457e+01 -8.67752842e-03 8.28895856e-03 -4.22532595e-01 9.06268282e-01
1317358168.739815950 7.83902073e+02 3.86147687e+01 -1.09326324e+01 -8.21534399e-03 7.73957067e-03 -4.22293444e-01 9.06388909e-01
1317358168.843661070 7.84587707e+02 3.77891324e+01 -1.09206009e+01 -8.46686197e-03 8.54856534e-03 -4.22633939e-01 9.06220607e-01
1317358168.947520018 7.85252819e+02 3.69488005e+01 -1.09137664e+01 -9.01389865e-03 9.43870911e-03 -4.23488211e-01 9.05807593e-01
1317358169.051392078 7.85971988e+02 3.60949910e+01 -1.09008991e+01 -9.72916219e-03 1.02334453e-02 -4.23421091e-01 9.05822941e-01
1317358169.155262947 7.86621973e+02 3.52644698e+01 -1.09011313e+01 -9.73176882e-03 1.07028586e-02 -4.24005784e-01 9.05543945e-01
1317358169.259135962 7.87317654e+02 3.44253921e+01 -1.09045621e+01 -9.95706285e-03 1.07101658e-02 -4.24211429e-01 9.05445091e-01
1317358169.363006115 7.87985895e+02 3.36271275e+01 -1.09109829e+01 -1.06188441e-02 1.03515187e-02 -4.24726684e-01 9.05200160e-01
1317358169.466852903 7.88678930e+02 3.27985488e+01 -1.08990722e+01 -1.09421385e-02 1.00252607e-02 -4.24692041e-01 9.05216236e-01
1317358169.570702076 7.89352884e+02 3.19868910e+01 -1.08907346e+01 -1.15663167e-02 1.01787388e-02 -4.24553349e-01 9.05271820e-01
1317358169.674576998 7.90060942e+02 3.11637624e+01 -1.08941731e+01 -1.13169040e-02 1.07715445e-02 -4.24688471e-01 9.05204731e-01
1317358169.778424025 7.90754299e+02 3.03351385e+01 -1.08869015e+01 -1.11659506e-02 1.16238476e-02 -4.24840640e-01 9.05124654e-01
1317358169.882241011 7.91454075e+02 2.95057370e+01 -1.08865107e+01 -1.12846025e-02 1.22405100e-02 -4.25156529e-01 9.04966714e-01
1317358169.986062050 7.92135753e+02 2.86808657e+01 -1.08904243e+01 -1.09025435e-02 1.29701775e-02 -4.25051088e-01 9.05010763e-01
1317358170.089885950 7.92817518e+02 2.78654361e+01 -1.08863170e+01 -1.06557444e-02 1.28499504e-02 -4.25057020e-01 9.05012632e-01
1317358170.193708897 7.93495345e+02 2.70546719e+01 -1.08782737e+01 -1.06748164e-02 1.10584529e-02 -4.24996434e-01 9.05064523e-01
1317358170.297530890 7.94179812e+02 2.62279008e+01 -1.08646540e+01 -1.10809801e-02 1.05385441e-02 -4.25364626e-01 9.04892859e-01
1317358170.401328087 7.94885032e+02 2.53951639e+01 -1.08580633e+01 -1.01576085e-02 1.04262645e-02 -4.25692621e-01 9.04750744e-01
1317358170.505129099 7.95574659e+02 2.45612777e+01 -1.08485636e+01 -9.46998645e-03 1.07954145e-02 -4.25822859e-01 9.04692584e-01
1317358170.608952999 7.96245778e+02 2.37597825e+01 -1.08445986e+01 -9.14594263e-03 1.08990820e-02 -4.25726253e-01 9.04740139e-01
1317358170.712774992 7.96904829e+02 2.29709743e+01 -1.08519820e+01 -8.20867033e-03 1.13962818e-02 -4.25383613e-01 9.04904152e-01
1317358170.816572905 7.97583581e+02 2.21572923e+01 -1.08433275e+01 -7.56740274e-03 1.09193490e-02 -4.25566064e-01 9.04829833e-01
1317358170.920371056 7.98250458e+02 2.13464442e+01 -1.08427201e+01 -7.09348732e-03 1.00868621e-02 -4.25914591e-01 9.04679335e-01
1317358171.024168968 7.98925281e+02 2.05532849e+01 -1.08389021e+01 -6.17994279e-03 9.62867007e-03 -4.25917726e-01 9.04689553e-01
1317358171.127943993 7.99590462e+02 1.97491228e+01 -1.08326820e+01 -5.58097981e-03 9.79002947e-03 -4.25990917e-01 9.04657254e-01
1317358171.231720924 8.00239444e+02 1.89639573e+01 -1.08272353e+01 -4.89674220e-03 9.64084802e-03 -4.25543290e-01 9.04873463e-01
1317358171.335496902 8.00902915e+02 1.81718212e+01 -1.08186928e+01 -5.03497686e-03 9.33618353e-03 -4.25302565e-01 9.04989068e-01
1317358171.439271927 8.01564129e+02 1.73795703e+01 -1.08136254e+01 -5.83602556e-03 9.12975124e-03 -4.24627077e-01 9.05303504e-01
1317358171.543023109 8.02242401e+02 1.65811417e+01 -1.08010152e+01 -6.54785305e-03 8.45520854e-03 -4.23767668e-01 9.05707788e-01
1317358171.646750927 8.02891674e+02 1.58089997e+01 -1.07984525e+01 -6.56044599e-03 7.92505835e-03 -4.21312343e-01 9.06857246e-01
1317358171.750502110 8.03560544e+02 1.50201775e+01 -1.07882449e+01 -5.62908589e-03 7.72134272e-03 -4.18326805e-01 9.08246320e-01
1317358171.854249001 8.04229068e+02 1.42520759e+01 -1.07896043e+01 -4.78813173e-03 8.87884036e-03 -4.13773837e-01 9.10323817e-01
1317358171.957974911 8.04878687e+02 1.35160726e+01 -1.07832088e+01 -3.47033961e-03 8.90425850e-03 -4.08569349e-01 9.12677247e-01
1317358172.061702967 8.05552870e+02 1.27897089e+01 -1.07737731e+01 -4.16995709e-03 8.69738134e-03 -4.01986691e-01 9.15594707e-01
1317358172.165406942 8.06222264e+02 1.21039671e+01 -1.07785017e+01 -3.70456114e-03 8.30364508e-03 -3.94453383e-01 9.18870967e-01
1317358172.269084930 8.06903092e+02 1.14008252e+01 -1.07735766e+01 -3.44022083e-03 8.75184936e-03 -3.85888420e-01 9.22497532e-01
1317358172.372765064 8.07606569e+02 1.07140107e+01 -1.07797264e+01 -2.38406415e-03 9.23724705e-03 -3.76510327e-01 9.26363300e-01
1317358172.476466894 8.08335710e+02 1.00517511e+01 -1.07869654e+01 -1.64882390e-03 1.01118909e-02 -3.66331177e-01 9.30428127e-01
1317358172.580168962 8.09065282e+02 9.39683417e+00 -1.07867073e+01 -1.29280829e-03 1.14221643e-02 -3.55625266e-01 9.34557934e-01
1317358172.683871984 8.09821986e+02 8.78520287e+00 -1.07921552e+01 -1.41545656e-03 1.22224820e-02 -3.44900289e-01 9.38558681e-01
1317358172.787600040 8.10574631e+02 8.17461032e+00 -1.07920845e+01 -1.33688451e-03 1.22135794e-02 -3.33048764e-01 9.42829551e-01
1317358172.891302109 8.11348760e+02 7.59019057e+00 -1.07996649e+01 -1.88046870e-03 1.19644583e-02 -3.21208519e-01 9.46931044e-01
1317358172.994978905 8.12135128e+02 7.03377452e+00 -1.08083470e+01 -2.00714246e-03 1.17085929e-02 -3.08699783e-01 9.51085340e-01
1317358173.098656893 8.12940009e+02 6.49972997e+00 -1.08143203e+01 -2.37963534e-03 1.28650980e-02 -2.96624065e-01 9.54904702e-01
1317358173.202358961 8.13753331e+02 5.96957916e+00 -1.08258532e+01 -3.00744687e-03 1.38986646e-02 -2.84531618e-01 9.58561183e-01
1317358173.306087017 8.14572593e+02 5.46901560e+00 -1.08322508e+01 -3.31692358e-03 1.44369670e-02 -2.72526245e-01 9.62034312e-01
1317358173.409816027 8.15416315e+02 4.99546371e+00 -1.08438020e+01 -3.56367097e-03 1.43135251e-02 -2.60328811e-01 9.65407341e-01
1317358173.513544083 8.16268965e+02 4.52542879e+00 -1.08543231e+01 -4.14930608e-03 1.43615944e-02 -2.48815028e-01 9.68435651e-01
1317358173.617317915 8.17124267e+02 4.10818592e+00 -1.08677627e+01 -4.54531040e-03 1.43277817e-02 -2.37241585e-01 9.71334384e-01
1317358173.721138954 8.17993964e+02 3.68295399e+00 -1.08815871e+01 -5.23507846e-03 1.46914576e-02 -2.27686574e-01 9.73609562e-01
1317358173.824961901 8.18871822e+02 3.27718805e+00 -1.08963331e+01 -6.04596605e-03 1.52851735e-02 -2.18685362e-01 9.75656969e-01
1317358173.928786039 8.19744222e+02 2.90243070e+00 -1.09082183e+01 -6.68659539e-03 1.65604111e-02 -2.10358199e-01 9.77461237e-01
1317358174.032633066 8.20639878e+02 2.52396204e+00 -1.09271687e+01 -6.86800420e-03 1.83054851e-02 -2.02731696e-01 9.79039120e-01
1317358174.136502981 8.21532680e+02 2.15993711e+00 -1.09434789e+01 -7.39748384e-03 1.94504188e-02 -1.95211242e-01 9.80540427e-01
1317358174.240374088 8.22430007e+02 1.80849500e+00 -1.09624354e+01 -8.35424090e-03 1.95450212e-02 -1.88326153e-01 9.81876499e-01
1317358174.344296932 8.23338503e+02 1.46320292e+00 -1.09822301e+01 -1.03757345e-02 1.97103321e-02 -1.83226433e-01 9.82818356e-01
1317358174.448262930 8.24242177e+02 1.12158248e+00 -1.10070556e+01 -1.19069835e-02 2.03710027e-02 -1.79832230e-01 9.83414264e-01
1317358174.552273989 8.25166050e+02 7.80701788e-01 -1.10271428e+01 -1.30938815e-02 2.09137228e-02 -1.77994315e-01 9.83722110e-01
1317358174.656311989 8.26087746e+02 4.24907658e-01 -1.10499274e+01 -1.43725078e-02 2.12592862e-02 -1.77196258e-01 9.83840922e-01
1317358174.760349989 8.27001748e+02 8.22619507e-02 -1.10712419e+01 -1.44822720e-02 2.12499169e-02 -1.77240267e-01 9.83831587e-01
1317358174.864413023 8.27911054e+02 -2.51645906e-01 -1.10914962e+01 -1.45573515e-02 2.15081693e-02 -1.77757186e-01 9.83731602e-01
1317358174.968498945 8.28797375e+02 -5.70879199e-01 -1.11055878e+01 -1.56535761e-02 2.08967382e-02 -1.78864655e-01 9.83527187e-01
1317358175.072609901 8.29699409e+02 -9.01825005e-01 -1.11258417e+01 -1.68081439e-02 2.06406325e-02 -1.81867379e-01 9.82962719e-01
1317358175.176721096 8.30564125e+02 -1.20863900e+00 -1.11444457e+01 -1.83048327e-02 2.09812958e-02 -1.86557820e-01 9.82049336e-01
1317358175.280879021 8.31458264e+02 -1.55138789e+00 -1.11714369e+01 -1.95845335e-02 2.16833511e-02 -1.92173065e-01 9.80925987e-01
1317358175.385061979 8.32312696e+02 -1.91334496e+00 -1.11852255e+01 -2.03705584e-02 2.23316983e-02 -1.99447488e-01 9.79442206e-01
1317358175.489244938 8.33179548e+02 -2.26502342e+00 -1.12030014e+01 -2.13402484e-02 2.25393175e-02 -2.07731850e-01 9.77693230e-01
1317358175.593431950 8.34025082e+02 -2.65055338e+00 -1.12156085e+01 -2.23945421e-02 2.25210307e-02 -2.16729562e-01 9.75714909e-01
1317358175.697614908 8.34873762e+02 -3.03202872e+00 -1.12329585e+01 -2.29466003e-02 2.19796249e-02 -2.26086098e-01 9.73588941e-01
1317358175.801769972 8.35663044e+02 -3.44703259e+00 -1.12485403e+01 -2.35467188e-02 2.03716579e-02 -2.36206023e-01 9.71204027e-01
1317358175.905904055 8.36483046e+02 -3.86080964e+00 -1.12592576e+01 -2.44443617e-02 1.66425946e-02 -2.46521733e-01 9.68685982e-01
1317358176.010062933 8.37260981e+02 -4.34542707e+00 -1.12535055e+01 -2.51960695e-02 1.38895263e-02 -2.58352517e-01 9.65622191e-01
1317358176.114223003 8.38052809e+02 -4.80990491e+00 -1.12558187e+01 -2.53730468e-02 1.38134265e-02 -2.70192982e-01 9.62372667e-01
1317358176.218354940 8.38815506e+02 -5.33758264e+00 -1.12621131e+01 -2.36203154e-02 1.72480893e-02 -2.82585061e-01 9.58796260e-01
1317358176.322475910 8.39551621e+02 -5.87889623e+00 -1.12562959e+01 -2.09151264e-02 1.99946834e-02 -2.94923724e-01 9.55082597e-01
1317358176.426565886 8.40297713e+02 -6.40314813e+00 -1.12569293e+01 -1.91493660e-02 1.99129406e-02 -3.06889519e-01 9.51344101e-01
1317358176.530622005 8.41045791e+02 -6.97094882e+00 -1.12772978e+01 -1.98943252e-02 1.63532807e-02 -3.18798612e-01 9.47472549e-01
1317358176.634685040 8.41779747e+02 -7.54532534e+00 -1.12759556e+01 -1.99752678e-02 1.37051648e-02 -3.30228505e-01 9.43590108e-01
1317358176.738744020 8.42494277e+02 -8.14484099e+00 -1.12800851e+01 -2.02632948e-02 1.27056193e-02 -3.42094108e-01 9.39361266e-01
1317358176.842782974 8.43189557e+02 -8.74510442e+00 -1.12761213e+01 -1.97823310e-02 1.20897316e-02 -3.53680600e-01 9.35078890e-01
1317358176.946798086 8.43841713e+02 -9.37640157e+00 -1.12739623e+01 -1.92858504e-02 1.32863604e-02 -3.65705154e-01 9.30436064e-01
1317358177.050787926 8.44515253e+02 -1.00251885e+01 -1.12739450e+01 -1.86007692e-02 1.27065378e-02 -3.76460294e-01 9.26158843e-01
1317358177.154752970 8.45148693e+02 -1.06955565e+01 -1.12670756e+01 -1.74969721e-02 1.03686625e-02 -3.87168473e-01 9.21784639e-01
1317358177.258696079 8.45794020e+02 -1.14033036e+01 -1.12578390e+01 -1.62479954e-02 8.64032978e-03 -3.97205909e-01 9.17544992e-01
1317358177.362616062 8.46424872e+02 -1.20969940e+01 -1.12485006e+01 -1.52519189e-02 7.80685183e-03 -4.05909879e-01 9.13752484e-01
1317358177.466511011 8.47038189e+02 -1.28050811e+01 -1.12425452e+01 -1.40745469e-02 7.37313955e-03 -4.14548777e-01 9.09888375e-01
1317358177.570406914 8.47658888e+02 -1.35311376e+01 -1.12296411e+01 -1.31750904e-02 7.30309572e-03 -4.22221759e-01 9.06367402e-01
1317358177.674278975 8.48263044e+02 -1.42668352e+01 -1.12132161e+01 -1.28046782e-02 6.36601385e-03 -4.29511145e-01 9.02948332e-01
1317358177.778100014 8.48860916e+02 -1.50074036e+01 -1.12070547e+01 -1.32418105e-02 6.28238734e-03 -4.36207534e-01 8.99726722e-01
1317358177.881922960 8.49458292e+02 -1.58150621e+01 -1.11974774e+01 -1.25344301e-02 5.61420587e-03 -4.42706613e-01 8.96561333e-01
1317358177.985718966 8.50046713e+02 -1.66228590e+01 -1.11822104e+01 -1.17990713e-02 5.52445469e-03 -4.47932342e-01 8.93972527e-01
1317358178.089490891 8.50652264e+02 -1.74310140e+01 -1.11803701e+01 -1.10562584e-02 5.47973732e-03 -4.52166907e-01 8.91847980e-01
1317358178.193268061 8.51263348e+02 -1.82714450e+01 -1.11609774e+01 -9.42819076e-03 5.12850336e-03 -4.56259002e-01 8.89782294e-01
1317358178.297044039 8.51849830e+02 -1.90835179e+01 -1.11523947e+01 -8.52125427e-03 5.93683176e-03 -4.59345478e-01 8.88196979e-01
1317358178.400815964 8.52440569e+02 -1.99357421e+01 -1.11286758e+01 -7.17427153e-03 6.76132571e-03 -4.62770713e-01 8.86423196e-01
1317358178.504569054 8.53035271e+02 -2.07891511e+01 -1.11211383e+01 -6.25678599e-03 8.11109244e-03 -4.64957918e-01 8.85273516e-01
1317358178.608294010 8.53608981e+02 -2.16420969e+01 -1.11154990e+01 -4.94071176e-03 9.02396241e-03 -4.67095897e-01 8.84146809e-01
1317358178.712021112 8.54196293e+02 -2.25052671e+01 -1.11146447e+01 -3.58293714e-03 9.32827170e-03 -4.68581983e-01 8.83363499e-01
1317358178.815773010 8.54786180e+02 -2.33756787e+01 -1.11117020e+01 -1.73124074e-03 8.88044753e-03 -4.69756346e-01 8.82749747e-01
1317358178.919548035 8.55361135e+02 -2.42572685e+01 -1.11142450e+01 9.36643207e-05 8.15688543e-03 -4.71112387e-01 8.82035473e-01
1317358179.023322105 8.55950695e+02 -2.51454335e+01 -1.11010037e+01 3.26069311e-04 6.73740923e-03 -4.71968229e-01 8.81589752e-01
1317358179.127094030 8.56502324e+02 -2.59914258e+01 -1.11141254e+01 -1.47997049e-03 5.96958684e-03 -4.73377865e-01 8.80837993e-01
1317358179.230871916 8.57072229e+02 -2.68439764e+01 -1.11161142e+01 -4.61628222e-03 5.28746095e-03 -4.74646318e-01 8.80148627e-01
1317358179.334671021 8.57665331e+02 -2.77287401e+01 -1.11079474e+01 -7.90006977e-03 6.63325949e-03 -4.76106256e-01 8.79327255e-01
1317358179.438467979 8.58248958e+02 -2.85956961e+01 -1.11011405e+01 -1.06034447e-02 8.51034476e-03 -4.77654251e-01 8.78442688e-01
1317358179.542243004 8.58822853e+02 -2.94665238e+01 -1.10968126e+01 -1.30540426e-02 1.09407503e-02 -4.79180398e-01 8.77551160e-01
1317358179.646015882 8.59396939e+02 -3.03458239e+01 -1.10853355e+01 -1.39327254e-02 1.10365909e-02 -4.80626424e-01 8.76745295e-01
1317358179.749815941 8.59972765e+02 -3.12046813e+01 -1.10760163e+01 -1.75571727e-02 1.17084800e-02 -4.82017606e-01 8.75907349e-01
1317358179.853615999 8.60539112e+02 -3.20808193e+01 -1.10608631e+01 -1.96213310e-02 1.16726768e-02 -4.84005962e-01 8.74766815e-01
1317358179.957391024 8.61086745e+02 -3.29415676e+01 -1.10547164e+01 -2.13891878e-02 1.18803597e-02 -4.85990204e-01 8.73621704e-01
1317358180.061192036 8.61638867e+02 -3.38182646e+01 -1.10449810e+01 -2.13909919e-02 1.33399114e-02 -4.87888177e-01 8.72542033e-01
1317358180.165014029 8.62157383e+02 -3.46566623e+01 -1.10336728e+01 -2.21358394e-02 1.62627956e-02 -4.91046708e-01 8.70700095e-01
1317358180.268886089 8.62669037e+02 -3.54900470e+01 -1.10250260e+01 -2.36037505e-02 1.87191494e-02 -4.95102115e-01 8.68312359e-01
1317358180.372802973 8.63134040e+02 -3.62834367e+01 -1.10085861e+01 -2.45578992e-02 1.93944681e-02 -5.00035725e-01 8.65439217e-01
1317358180.476769924 8.63593044e+02 -3.70687944e+01 -1.09938082e+01 -2.57117063e-02 2.04160332e-02 -5.05945082e-01 8.61940640e-01
1317358180.580836058 8.64008539e+02 -3.78434062e+01 -1.09901135e+01 -2.67560434e-02 2.21465302e-02 -5.13965337e-01 8.57107507e-01
1317358180.684945107 8.64395527e+02 -3.85981259e+01 -1.09743303e+01 -2.64688240e-02 2.18540142e-02 -5.23971688e-01 8.51043755e-01
1317358180.789103031 8.64756051e+02 -3.93492259e+01 -1.09554737e+01 -2.57429681e-02 2.08670606e-02 -5.35977974e-01 8.43581340e-01
1317358180.893357992 8.65050466e+02 -4.00651153e+01 -1.09597976e+01 -2.49432722e-02 2.05898410e-02 -5.50437213e-01 8.34249823e-01
1317358180.997636080 8.65300231e+02 -4.07812079e+01 -1.09407103e+01 -2.27495933e-02 2.04558144e-02 -5.65984063e-01 8.23848321e-01
1317358181.101914883 8.65530370e+02 -4.14837233e+01 -1.09349200e+01 -1.99607589e-02 2.08866760e-02 -5.82381055e-01 8.12402377e-01
1317358181.206242085 8.65676760e+02 -4.21224036e+01 -1.09217026e+01 -1.82994696e-02 2.10291133e-02 -5.99381075e-01 7.99978270e-01
1317358181.310544968 8.65834589e+02 -4.27852294e+01 -1.09145244e+01 -1.74142378e-02 1.97426304e-02 -6.16741906e-01 7.86725107e-01
1317358181.414823055 8.65942459e+02 -4.33924201e+01 -1.08853327e+01 -1.77942058e-02 1.88548102e-02 -6.33881611e-01 7.72995450e-01
1317358181.519124031 8.66007479e+02 -4.39978133e+01 -1.08716524e+01 -2.03585072e-02 1.74508394e-02 -6.51704154e-01 7.57999139e-01
1317358181.623429060 8.66080769e+02 -4.46305556e+01 -1.08596778e+01 -2.48747065e-02 1.75414385e-02 -6.69949959e-01 7.41782043e-01
1317358181.727732897 8.66087239e+02 -4.52341330e+01 -1.08489248e+01 -2.64932087e-02 1.59989367e-02 -6.88864191e-01 7.24229432e-01
1317358181.832011938 8.66074837e+02 -4.58656334e+01 -1.08326101e+01 -2.61723697e-02 1.39133696e-02 -7.07271916e-01 7.06319943e-01
1317358181.936266899 8.66011463e+02 -4.64773787e+01 -1.08034506e+01 -2.63267443e-02 1.22152435e-02 -7.25801264e-01 6.87291943e-01
1317358182.040518999 8.65938103e+02 -4.71036310e+01 -1.07838563e+01 -2.54212202e-02 1.00362014e-02 -7.43679085e-01 6.67977885e-01
1317358182.144722939 8.65831015e+02 -4.77222679e+01 -1.07621333e+01 -2.32325198e-02 8.54641845e-03 -7.60687780e-01 6.48645750e-01
1317358182.248883009 8.65700177e+02 -4.83298464e+01 -1.07359284e+01 -2.04918178e-02 8.03934830e-03 -7.76960697e-01 6.29164152e-01
1317358182.353018999 8.65531111e+02 -4.89049582e+01 -1.07246234e+01 -1.81836396e-02 7.42868813e-03 -7.92745452e-01 6.09236258e-01
1317358182.457130909 8.65332992e+02 -4.94845598e+01 -1.07000897e+01 -1.64115545e-02 6.71921007e-03 -8.07868805e-01 5.89095498e-01
1317358182.561242104 8.65113462e+02 -5.00297690e+01 -1.06817863e+01 -1.60491474e-02 5.17517559e-03 -8.22560493e-01 5.68427548e-01
1317358182.665328026 8.64871755e+02 -5.05933908e+01 -1.06558811e+01 -1.71573024e-02 4.87125029e-03 -8.36525034e-01 5.47638352e-01
1317358182.769391060 8.64562973e+02 -5.11398827e+01 -1.06342073e+01 -1.73577937e-02 4.14015460e-03 -8.49764925e-01 5.26859694e-01
1317358182.873431921 8.64246336e+02 -5.16946383e+01 -1.06126398e+01 -1.71422946e-02 2.73851107e-03 -8.62121680e-01 5.06403843e-01
1317358182.977472067 8.63905409e+02 -5.22408869e+01 -1.05798664e+01 -1.59802324e-02 1.89769993e-03 -8.73916858e-01 4.85808971e-01
1317358183.081484079 8.63539355e+02 -5.27826677e+01 -1.05494330e+01 -1.68368677e-02 2.42791067e-03 -8.84905228e-01 4.65460378e-01
1317358183.185451031 8.63140118e+02 -5.33024040e+01 -1.05184906e+01 -1.85769180e-02 3.25235930e-03 -8.94921600e-01 4.45824685e-01
1317358183.289393902 8.62716376e+02 -5.38120088e+01 -1.04966602e+01 -1.99514122e-02 2.73568652e-03 -9.03760570e-01 4.27564367e-01
1317358183.393285036 8.62269816e+02 -5.43157588e+01 -1.04730662e+01 -2.06692540e-02 1.35127081e-03 -9.11541797e-01 4.10685412e-01
1317358183.497107983 8.61790736e+02 -5.47981509e+01 -1.04448047e+01 -1.95434907e-02 -9.90165129e-04 -9.18429363e-01 3.95100717e-01
1317358183.600860119 8.61300398e+02 -5.52914286e+01 -1.04060142e+01 -1.73353333e-02 -1.94045667e-03 -9.23974413e-01 3.82056285e-01
1317358183.704545975 8.60789803e+02 -5.57676329e+01 -1.03752919e+01 -1.58460484e-02 -2.04642592e-03 -9.28484021e-01 3.71028486e-01
1317358183.808178902 8.60261254e+02 -5.62362379e+01 -1.03533480e+01 -1.39477206e-02 -2.92981030e-03 -9.31995695e-01 3.62189042e-01
1317358183.911827087 8.59744148e+02 -5.66905864e+01 -1.03224233e+01 -1.22996773e-02 -4.35461899e-03 -9.34445200e-01 3.55867846e-01
1317358184.015501976 8.59217209e+02 -5.71220842e+01 -1.02864549e+01 -1.10805832e-02 -4.99207486e-03 -9.36460197e-01 3.50563259e-01
1317358184.119182110 8.58706281e+02 -5.75687029e+01 -1.02577273e+01 -1.02705406e-02 -4.92126931e-03 -9.37912409e-01 3.46685175e-01
1317358184.222862005 8.58182603e+02 -5.80192380e+01 -1.02316513e+01 -1.01511556e-02 -4.46523763e-03 -9.39083158e-01 3.43511045e-01
1317358184.326540947 8.57661061e+02 -5.84582840e+01 -1.02040893e+01 -1.07453608e-02 -4.38581313e-03 -9.40101457e-01 3.40697156e-01
1317358184.430242062 8.57142122e+02 -5.88954623e+01 -1.01829721e+01 -1.16991002e-02 -4.23253297e-03 -9.40748499e-01 3.38876790e-01
1317358184.533946037 8.56607803e+02 -5.93373382e+01 -1.01513602e+01 -1.24401693e-02 -5.65367043e-03 -9.41302692e-01 3.37286998e-01
1317358184.637650013 8.56090894e+02 -5.97593098e+01 -1.01196805e+01 -1.32005299e-02 -6.93544082e-03 -9.41516724e-01 3.36636158e-01
1317358184.741398096 8.55582732e+02 -6.01749752e+01 -1.00810978e+01 -1.33558414e-02 -7.97684395e-03 -9.41920238e-01 3.35476163e-01
1317358184.845171928 8.55090133e+02 -6.05675377e+01 -1.00618276e+01 -1.34942621e-02 -7.62060115e-03 -9.42404636e-01 3.34115749e-01
1317358184.948949099 8.54569484e+02 -6.09986976e+01 -1.00306254e+01 -1.27148353e-02 -7.40136218e-03 -9.42607611e-01 3.33578242e-01
1317358185.052747965 8.54059731e+02 -6.14095096e+01 -1.00083443e+01 -1.10258101e-02 -7.34467910e-03 -9.42892680e-01 3.32833112e-01
1317358185.156570911 8.53541411e+02 -6.18287272e+01 -9.96726924e+00 -1.01296300e-02 -7.46656467e-03 -9.43049086e-01 3.32415496e-01
1317358185.260416985 8.53047299e+02 -6.22391111e+01 -9.94432667e+00 -9.78263623e-03 -7.01982226e-03 -9.43163383e-01 3.32111209e-01
1317358185.364286900 8.52535494e+02 -6.26520813e+01 -9.91780679e+00 -9.59156740e-03 -7.51215319e-03 -9.42965610e-01 3.32667143e-01
1317358185.468182087 8.52041184e+02 -6.30501061e+01 -9.88996294e+00 -9.25532886e-03 -7.82018130e-03 -9.42824105e-01 3.33070399e-01
1317358185.572102070 8.51539427e+02 -6.34455172e+01 -9.86958020e+00 -8.48663582e-03 -7.51175689e-03 -9.42519526e-01 3.33958821e-01
1317358185.676022053 8.51039939e+02 -6.38528176e+01 -9.84569595e+00 -9.20106972e-03 -6.88355774e-03 -9.42166834e-01 3.34947180e-01
1317358185.779959917 8.50526700e+02 -6.42588917e+01 -9.81882301e+00 -9.78030274e-03 -7.08186969e-03 -9.42054343e-01 3.35242907e-01
1317358185.883930922 8.50020588e+02 -6.46621324e+01 -9.79462802e+00 -9.75189013e-03 -8.47889523e-03 -9.41650874e-01 3.36343038e-01
1317358185.987921000 8.49522383e+02 -6.50614405e+01 -9.76348095e+00 -1.01441981e-02 -1.03025014e-02 -9.41329936e-01 3.37177854e-01
1317358186.091932058 8.49022177e+02 -6.54809122e+01 -9.73131199e+00 -1.07897666e-02 -1.04000020e-02 -9.41219120e-01 3.37464055e-01
1317358186.195924044 8.48525884e+02 -6.58872590e+01 -9.70912347e+00 -1.05798255e-02 -9.64794300e-03 -9.41168313e-01 3.37634700e-01
1317358186.299913883 8.48029662e+02 -6.63011614e+01 -9.68307244e+00 -1.02906741e-02 -9.71788325e-03 -9.40979568e-01 3.38167292e-01
1317358186.403930902 8.47555652e+02 -6.67034728e+01 -9.66531975e+00 -9.64930146e-03 -1.06007349e-02 -9.41193588e-01 3.37563544e-01
1317358186.507946968 8.47060164e+02 -6.71170001e+01 -9.62974594e+00 -9.51320166e-03 -1.07590531e-02 -9.40924285e-01 3.38312329e-01
1317358186.611963987 8.46586847e+02 -6.75116056e+01 -9.60090807e+00 -1.00014037e-02 -1.06415936e-02 -9.40870305e-01 3.38452061e-01
1317358186.716028929 8.46130370e+02 -6.78892451e+01 -9.58441011e+00 -1.07593024e-02 -1.16927853e-02 -9.40821402e-01 3.38530067e-01
1317358186.819967985 8.45633479e+02 -6.82960893e+01 -9.55456609e+00 -1.22609553e-02 -1.36814684e-02 -9.40562124e-01 3.39124429e-01
1317358186.923836946 8.45153890e+02 -6.86678374e+01 -9.52465590e+00 -1.22156661e-02 -1.58719137e-02 -9.40483418e-01 3.39248876e-01
1317358187.027780056 8.44636857e+02 -6.90927853e+01 -9.48868206e+00 -1.14944065e-02 -1.60094563e-02 -9.39925128e-01 3.40811282e-01
1317358187.131725073 8.44144900e+02 -6.95134152e+01 -9.46974718e+00 -1.10254374e-02 -1.53474604e-02 -9.39404961e-01 3.42288202e-01
1317358187.235667944 8.43631593e+02 -6.99518475e+01 -9.44164221e+00 -9.46734956e-03 -1.45736998e-02 -9.38786771e-01 3.44060134e-01
1317358187.339586020 8.43133218e+02 -7.03674202e+01 -9.41795718e+00 -7.85006917e-03 -1.54444427e-02 -9.38235610e-01 3.45562999e-01
1317358187.443504095 8.42633373e+02 -7.07998446e+01 -9.38578286e+00 -7.42648287e-03 -1.59293340e-02 -9.37450866e-01 3.47673665e-01
1317358187.547446966 8.42180391e+02 -7.11985289e+01 -9.35543956e+00 -7.56699140e-03 -1.54052550e-02 -9.36940755e-01 3.49066527e-01
1317358187.651391029 8.41726344e+02 -7.15994143e+01 -9.33993909e+00 -8.30643712e-03 -1.48091048e-02 -9.36460234e-01 3.50362559e-01
1317358187.755309105 8.41226420e+02 -7.20472577e+01 -9.31600605e+00 -9.07558017e-03 -1.47841024e-02 -9.35552178e-01 3.52762224e-01
1317358187.859225988 8.40750092e+02 -7.24790942e+01 -9.29199873e+00 -8.65705716e-03 -1.52706925e-02 -9.34751173e-01 3.54869140e-01
1317358187.963144064 8.40251869e+02 -7.29322532e+01 -9.26269533e+00 -8.80992290e-03 -1.54813008e-02 -9.33947115e-01 3.56967087e-01
1317358188.067061901 8.39774952e+02 -7.33758429e+01 -9.24211529e+00 -9.72252358e-03 -1.58230118e-02 -9.33176520e-01 3.58938279e-01
1317358188.170980930 8.39270051e+02 -7.38412344e+01 -9.21139585e+00 -1.04354756e-02 -1.66222641e-02 -9.32195533e-01 3.61422590e-01
1317358188.274926901 8.38789472e+02 -7.42936286e+01 -9.18152929e+00 -1.13367198e-02 -1.67958487e-02 -9.31371506e-01 3.63505842e-01
1317358188.378917933 8.38325937e+02 -7.47230160e+01 -9.14753928e+00 -1.13856870e-02 -1.56366720e-02 -9.30762122e-01 3.65113316e-01
1317358188.482933044 8.37834454e+02 -7.52062795e+01 -9.11518374e+00 -1.11982302e-02 -1.41215307e-02 -9.30462982e-01 3.65942373e-01
1317358188.586971998 8.37368790e+02 -7.56404288e+01 -9.08169592e+00 -1.13942833e-02 -1.43941776e-02 -9.30969427e-01 3.64635304e-01
1317358188.691031933 8.36865466e+02 -7.61192457e+01 -9.04472111e+00 -1.26800023e-02 -1.44948515e-02 -9.31522484e-01 3.63173482e-01
1317358188.795094013 8.36360464e+02 -7.65794363e+01 -9.01100155e+00 -1.30226278e-02 -1.44853938e-02 -9.32459292e-01 3.60749572e-01
1317358188.899179935 8.35839407e+02 -7.70633355e+01 -8.97432807e+00 -1.31753524e-02 -1.38707911e-02 -9.33501222e-01 3.58063512e-01
1317358189.003266096 8.35330198e+02 -7.74986009e+01 -8.95205849e+00 -1.28535182e-02 -1.33553051e-02 -9.34943002e-01 3.54313429e-01
1317358189.107331038 8.34799427e+02 -7.79418904e+01 -8.92507186e+00 -1.37076011e-02 -1.31609872e-02 -9.36557918e-01 3.49997366e-01
1317358189.211393118 8.34235153e+02 -7.84352549e+01 -8.88772465e+00 -1.53564482e-02 -1.33621067e-02 -9.37981522e-01 3.46087124e-01
1317358189.315429926 8.33667083e+02 -7.88970009e+01 -8.85876191e+00 -1.67354254e-02 -1.32227113e-02 -9.39479953e-01 3.41939327e-01
1317358189.419445038 8.33105862e+02 -7.93706266e+01 -8.82440587e+00 -1.68095471e-02 -1.30948547e-02 -9.40813563e-01 3.38254051e-01
1317358189.523437023 8.32509911e+02 -7.98706932e+01 -8.79383763e+00 -1.62431977e-02 -1.31133610e-02 -9.41891465e-01 3.35268053e-01
1317358189.627404928 8.31907274e+02 -8.03305575e+01 -8.75571912e+00 -1.58993931e-02 -1.25515147e-02 -9.43044673e-01 3.32048811e-01
1317358189.731370926 8.31284521e+02 -8.08391459e+01 -8.71987176e+00 -1.56195523e-02 -1.22529365e-02 -9.44026026e-01 3.29273075e-01
1317358189.835339069 8.30643274e+02 -8.13502570e+01 -8.68067783e+00 -1.53110185e-02 -1.20801300e-02 -9.44923931e-01 3.26708446e-01
1317358189.939284086 8.29987674e+02 -8.18596396e+01 -8.64459034e+00 -1.47249358e-02 -1.22656824e-02 -9.45872120e-01 3.23973243e-01
1317358190.043200970 8.29324100e+02 -8.23591351e+01 -8.60981524e+00 -1.41455862e-02 -1.21937592e-02 -9.46925196e-01 3.20911029e-01
1317358190.147140980 8.28652273e+02 -8.28701416e+01 -8.57318887e+00 -1.36242295e-02 -1.23942715e-02 -9.48013313e-01 3.17697214e-01
1317358190.251107931 8.27971711e+02 -8.33468197e+01 -8.54995214e+00 -1.30673859e-02 -1.22427956e-02 -9.49381496e-01 3.13614624e-01
1317358190.355099916 8.27287906e+02 -8.38585748e+01 -8.51159625e+00 -1.25319534e-02 -1.25543401e-02 -9.50804495e-01 3.09283284e-01
1317358190.459115028 8.26598218e+02 -8.43711070e+01 -8.47075778e+00 -1.22262412e-02 -1.11014978e-02 -9.52109209e-01 3.05311857e-01
1317358190.563127995 8.25881580e+02 -8.48773857e+01 -8.43284776e+00 -1.10790577e-02 -1.08134597e-02 -9.53437533e-01 3.01192951e-01
1317358190.667120934 8.25153652e+02 -8.53566054e+01 -8.39272740e+00 -9.84057638e-03 -1.14853279e-02 -9.54797067e-01 2.96873392e-01
1317358190.771111965 8.24427260e+02 -8.58375561e+01 -8.36025596e+00 -8.31423128e-03 -1.10535591e-02 -9.56148706e-01 2.92554857e-01
1317358190.875124931 8.23696122e+02 -8.63339110e+01 -8.32790486e+00 -7.05560846e-03 -1.00307100e-02 -9.57768935e-01 2.87277342e-01
1317358190.979162931 8.22990841e+02 -8.68153104e+01 -8.30026300e+00 -6.14702866e-03 -8.46030595e-03 -9.59497637e-01 2.81522507e-01
1317358191.083275080 8.22279550e+02 -8.72629204e+01 -8.26533991e+00 -7.37864358e-03 -7.01791184e-03 -9.61560059e-01 2.74405824e-01
1317358191.187433958 8.21549210e+02 -8.77282272e+01 -8.23469277e+00 -1.22678614e-02 -5.65538243e-03 -9.63966219e-01 2.65681472e-01
1317358191.291591883 8.20818700e+02 -8.81442430e+01 -8.21424205e+00 -1.74391062e-02 -5.71527698e-03 -9.66621050e-01 2.55552261e-01
1317358191.395751953 8.20087402e+02 -8.85224650e+01 -8.17747059e+00 -2.08802397e-02 -8.12224958e-03 -9.69390793e-01 2.44498538e-01
1317358191.499910116 8.19311756e+02 -8.89327042e+01 -8.12553685e+00 -2.24102054e-02 -1.04001535e-02 -9.72262767e-01 2.32582741e-01
1317358191.604046106 8.18571630e+02 -8.92756974e+01 -8.07049264e+00 -2.21981125e-02 -1.10446774e-02 -9.75335681e-01 2.19329816e-01
1317358191.708157063 8.17774079e+02 -8.96485285e+01 -8.02265366e+00 -2.06732459e-02 -1.18242235e-02 -9.77995549e-01 2.07261938e-01
1317358191.812242031 8.16982879e+02 -8.99575983e+01 -7.97143746e+00 -1.78947244e-02 -1.24916935e-02 -9.80680397e-01 1.94395716e-01
1317358191.916302919 8.16154057e+02 -9.03030068e+01 -7.92082101e+00 -1.59813443e-02 -1.15735620e-02 -9.83009464e-01 1.82491215e-01
1317358192.020368099 8.15329418e+02 -9.05956948e+01 -7.87113892e+00 -1.57133243e-02 -1.17258062e-02 -9.85221665e-01 1.70158362e-01
1317358192.124408007 8.14519077e+02 -9.08544506e+01 -7.82726635e+00 -1.62865814e-02 -1.13108617e-02 -9.87270544e-01 1.57809012e-01
1317358192.228420973 8.13690090e+02 -9.11271193e+01 -7.78594468e+00 -1.70821042e-02 -1.09881837e-02 -9.89157648e-01 1.45446240e-01
1317358192.332434893 8.12890647e+02 -9.13087770e+01 -7.75997931e+00 -1.60446509e-02 -1.15394120e-02 -9.90949194e-01 1.32774641e-01
1317358192.436400890 8.12044454e+02 -9.15278128e+01 -7.71964485e+00 -1.39887952e-02 -1.32432848e-02 -9.92354050e-01 1.21911317e-01
1317358192.540321112 8.11202169e+02 -9.17018169e+01 -7.67393475e+00 -1.12721519e-02 -1.42168231e-02 -9.93552987e-01 1.11907472e-01
1317358192.644217968 8.10337798e+02 -9.19057961e+01 -7.64672707e+00 -7.65259736e-03 -1.40539481e-02 -9.94463833e-01 1.03853783e-01
1317358192.748039961 8.09493931e+02 -9.20527433e+01 -7.62216004e+00 -4.60236876e-03 -1.45489524e-02 -9.95241630e-01 9.62353526e-02
1317358192.851814032 8.08653859e+02 -9.22030725e+01 -7.58328214e+00 -3.96354659e-03 -1.61480549e-02 -9.95833187e-01 8.96649047e-02
1317358192.955563068 8.07806515e+02 -9.23729773e+01 -7.55631305e+00 -6.21727453e-03 -1.65669492e-02 -9.96233241e-01 8.48894079e-02
1317358193.059290886 8.06977348e+02 -9.24943859e+01 -7.53983218e+00 -6.70402294e-03 -1.61638294e-02 -9.96673923e-01 7.95919493e-02
1317358193.163042068 8.06124853e+02 -9.26418600e+01 -7.51901715e+00 -5.52944591e-03 -1.55034357e-02 -9.97008437e-01 7.55198294e-02
1317358193.266817093 8.05292139e+02 -9.27596452e+01 -7.50423454e+00 -3.23036337e-03 -1.57584596e-02 -9.97373654e-01 7.06189040e-02
1317358193.370568991 8.04450678e+02 -9.28858845e+01 -7.48567506e+00 -3.72162728e-03 -1.60206812e-02 -9.97674536e-01 6.61438338e-02
1317358193.474319935 8.03602379e+02 -9.30050828e+01 -7.45983380e+00 -5.95265035e-03 -1.60038843e-02 -9.97947537e-01 6.17183556e-02
1317358193.578093052 8.02775919e+02 -9.31101925e+01 -7.42775943e+00 -8.71169677e-03 -1.51183008e-02 -9.98214585e-01 5.71242941e-02
1317358193.681893110 8.01964905e+02 -9.31811355e+01 -7.38510489e+00 -1.29724261e-02 -1.35199577e-02 -9.98497727e-01 5.14899526e-02
1317358193.785691977 8.01140660e+02 -9.32720506e+01 -7.35549869e+00 -1.67313976e-02 -1.09320846e-02 -9.98714011e-01 4.65926314e-02
1317358193.889466047 8.00364457e+02 -9.32958269e+01 -7.33230294e+00 -1.74802875e-02 -8.90019848e-03 -9.98972355e-01 4.08590119e-02
1317358193.993266106 7.99535067e+02 -9.33681774e+01 -7.29950861e+00 -1.63661760e-02 -8.83237716e-03 -9.99152811e-01 3.67123640e-02
1317358194.097090006 7.98720356e+02 -9.33902376e+01 -7.25870512e+00 -1.39743022e-02 -8.32032768e-03 -9.99340939e-01 3.24527013e-02
1317358194.200887918 7.97891660e+02 -9.34560071e+01 -7.22436670e+00 -1.25666239e-02 -7.11615909e-03 -9.99461434e-01 2.94666101e-02
1317358194.304661036 7.97060572e+02 -9.34887989e+01 -7.18906345e+00 -1.20948130e-02 -7.31693300e-03 -9.99529274e-01 2.72288227e-02
1317358194.408437014 7.96205559e+02 -9.35123938e+01 -7.15114367e+00 -1.11070948e-02 -9.50204424e-03 -9.99573704e-01 2.52735686e-02
1317358194.512188911 7.95356812e+02 -9.35512353e+01 -7.11242065e+00 -1.12163649e-02 -1.24119540e-02 -9.99546359e-01 2.50442282e-02
1317358194.615915060 7.94504607e+02 -9.35956796e+01 -7.08664012e+00 -1.22200116e-02 -1.28436423e-02 -9.99528668e-01 2.50630163e-02
1317358194.719618082 7.93657833e+02 -9.36390804e+01 -7.05629834e+00 -1.32903747e-02 -1.26710367e-02 -9.99477206e-01 2.66106124e-02
1317358194.823344946 7.92790084e+02 -9.36836009e+01 -7.03044320e+00 -1.27748001e-02 -1.37431284e-02 -9.99426078e-01 2.82036448e-02
1317358194.927093983 7.91924464e+02 -9.37314567e+01 -7.00111373e+00 -1.00711063e-02 -1.51450442e-02 -9.99360791e-01 3.07767862e-02
1317358195.030821085 7.91055204e+02 -9.37852148e+01 -6.95800305e+00 -5.99317767e-03 -1.63382013e-02 -9.99255841e-01 3.44225161e-02
1317358195.134572983 7.90207495e+02 -9.38359153e+01 -6.93883755e+00 -3.62214649e-03 -1.71188208e-02 -9.99117313e-01 3.81892873e-02
1317358195.238347054 7.89343121e+02 -9.38966938e+01 -6.91348050e+00 -2.44591867e-03 -1.80024471e-02 -9.98954972e-01 4.19391665e-02
1317358195.342119932 7.88504757e+02 -9.39830425e+01 -6.89510700e+00 -3.64883514e-03 -2.03177298e-02 -9.98725336e-01 4.60605975e-02
1317358195.445919037 7.87658442e+02 -9.40510086e+01 -6.87315277e+00 -5.30944036e-03 -2.28829950e-02 -9.98475606e-01 4.99463900e-02
1317358195.549742937 7.86804096e+02 -9.41318968e+01 -6.84235152e+00 -7.40436610e-03 -2.43317805e-02 -9.98276239e-01 5.28931969e-02
1317358195.653541088 7.85984541e+02 -9.42415924e+01 -6.80882145e+00 -7.32330302e-03 -2.61649611e-02 -9.97999228e-01 5.70903230e-02
1317358195.757339954 7.85126516e+02 -9.43421294e+01 -6.78025109e+00 -6.04412130e-03 -2.66636428e-02 -9.97798998e-01 6.04125612e-02
1317358195.861186028 7.84290952e+02 -9.44653646e+01 -6.75759770e+00 -4.48751017e-03 -2.70432937e-02 -9.97580023e-01 6.38953842e-02
1317358195.965032101 7.83452340e+02 -9.45755928e+01 -6.73073156e+00 -3.29331985e-03 -2.73036127e-02 -9.97403314e-01 6.65604609e-02
1317358196.068902016 7.82649714e+02 -9.47120493e+01 -6.70611282e+00 -4.17333666e-03 -2.56054018e-02 -9.97239507e-01 6.95723542e-02
1317358196.172797918 7.81845735e+02 -9.48487614e+01 -6.68455449e+00 -4.60297378e-03 -2.53215498e-02 -9.97048561e-01 7.23311743e-02
1317358196.276719093 7.81019532e+02 -9.49777197e+01 -6.66721482e+00 -5.04270625e-03 -2.45235440e-02 -9.96993821e-01 7.33245418e-02
1317358196.380660057 7.80221948e+02 -9.51177578e+01 -6.64826575e+00 -4.56827091e-03 -2.55558623e-02 -9.96866322e-01 7.47232560e-02
1317358196.484602928 7.79424652e+02 -9.52364567e+01 -6.62174815e+00 -4.66647149e-03 -2.58720987e-02 -9.96800202e-01 7.54865242e-02
1317358196.588572025 7.78612247e+02 -9.53617950e+01 -6.59486300e+00 -7.04595896e-03 -2.49466838e-02 -9.96765733e-01 7.60663561e-02
1317358196.692536116 7.77806654e+02 -9.54832052e+01 -6.57202355e+00 -1.01115925e-02 -2.19654460e-02 -9.96840761e-01 7.56556156e-02
1317358196.796525955 7.76994139e+02 -9.56161604e+01 -6.54986736e+00 -1.18683150e-02 -2.24886979e-02 -9.96839661e-01 7.52601608e-02
1317358196.900518894 7.76167082e+02 -9.57393348e+01 -6.51585251e+00 -1.12506780e-02 -2.18459540e-02 -9.96874580e-01 7.50816157e-02
1317358197.004508018 7.75352578e+02 -9.58571406e+01 -6.46906320e+00 -9.39445145e-03 -2.09287668e-02 -9.96948088e-01 7.46206494e-02
1317358197.108477116 7.74539871e+02 -9.59833913e+01 -6.43638830e+00 -9.29650773e-03 -2.00353586e-02 -9.96930818e-01 7.51072739e-02
1317358197.212393045 7.73731641e+02 -9.60999850e+01 -6.40713258e+00 -1.03934338e-02 -2.08068797e-02 -9.96855233e-01 7.57541779e-02
1317358197.316286087 7.72910147e+02 -9.62212085e+01 -6.37111416e+00 -1.17676655e-02 -2.15736614e-02 -9.96737622e-01 7.68779035e-02
1317358197.420160055 7.72094204e+02 -9.63442594e+01 -6.34204235e+00 -1.25383312e-02 -2.07781994e-02 -9.96564822e-01 7.91808885e-02
1317358197.524030924 7.71290427e+02 -9.64996915e+01 -6.32186185e+00 -1.27996937e-02 -1.88884629e-02 -9.96425744e-01 8.13334463e-02
1317358197.627902031 7.70480122e+02 -9.66391834e+01 -6.28719758e+00 -1.29313600e-02 -1.88730215e-02 -9.96187631e-01 8.41830883e-02
1317358197.731796980 7.69680460e+02 -9.68060843e+01 -6.24775445e+00 -1.32571539e-02 -1.78310629e-02 -9.95974902e-01 8.68348783e-02
1317358197.835690975 7.68875685e+02 -9.69732919e+01 -6.20768559e+00 -1.30992953e-02 -1.78491259e-02 -9.95791853e-01 8.89291962e-02
1317358197.939560890 7.68049229e+02 -9.71374884e+01 -6.16886735e+00 -1.24865195e-02 -1.74649927e-02 -9.95572646e-01 9.15104732e-02
1317358198.043454885 7.67234771e+02 -9.72952071e+01 -6.13321038e+00 -1.19616364e-02 -1.79996066e-02 -9.95368352e-01 9.36737767e-02
1317358198.147373915 7.66423382e+02 -9.74557292e+01 -6.10284763e+00 -1.17634816e-02 -1.81074196e-02 -9.95207272e-01 9.53741412e-02
1317358198.251295090 7.65603233e+02 -9.76229660e+01 -6.06924851e+00 -1.24012632e-02 -1.83700222e-02 -9.95122813e-01 9.61214790e-02
1317358198.355237961 7.64783590e+02 -9.77949279e+01 -6.03062555e+00 -1.33054032e-02 -1.86102239e-02 -9.95081540e-01 9.63812928e-02
1317358198.459178925 7.63955455e+02 -9.79519470e+01 -6.00033348e+00 -1.34194578e-02 -1.73317563e-02 -9.95068965e-01 9.67330495e-02
1317358198.563122034 7.63128386e+02 -9.81127814e+01 -5.96997466e+00 -1.23499439e-02 -1.69502635e-02 -9.95112545e-01 9.64945118e-02
1317358198.667089939 7.62301562e+02 -9.82740613e+01 -5.94290301e+00 -9.64578056e-03 -1.68126076e-02 -9.95145114e-01 9.64909208e-02
1317358198.771033049 7.61482507e+02 -9.84348099e+01 -5.91427979e+00 -7.27950281e-03 -1.59752441e-02 -9.95180166e-01 9.64792096e-02
1317358198.874974966 7.60642718e+02 -9.86076650e+01 -5.88804194e+00 -6.21903971e-03 -1.58990024e-02 -9.95203417e-01 9.63260263e-02
1317358198.978941917 7.59817153e+02 -9.87703931e+01 -5.86235889e+00 -6.76878521e-03 -1.58905280e-02 -9.95172638e-01 9.66079470e-02
1317358199.082909107 7.58969688e+02 -9.89320642e+01 -5.82940144e+00 -7.41722379e-03 -1.57262094e-02 -9.95169790e-01 9.66165588e-02
1317358199.186898947 7.58125211e+02 -9.90972216e+01 -5.80509582e+00 -8.04055447e-03 -1.52102081e-02 -9.95192814e-01 9.64119351e-02
1317358199.290939093 7.57294487e+02 -9.92642899e+01 -5.77184657e+00 -8.68999550e-03 -1.53703301e-02 -9.95268905e-01 9.55407984e-02
1317358199.394953966 7.56457595e+02 -9.94181576e+01 -5.74302203e+00 -9.18876597e-03 -1.47871615e-02 -9.95325872e-01 9.49911257e-02
1317358199.498919964 7.55606495e+02 -9.95765392e+01 -5.71701028e+00 -9.18969703e-03 -1.49121916e-02 -9.95411006e-01 9.40749958e-02
1317358199.602907896 7.54781264e+02 -9.97359983e+01 -5.67981721e+00 -9.29823075e-03 -1.57141425e-02 -9.95494851e-01 9.30409073e-02
1317358199.706923008 7.53959354e+02 -9.98988317e+01 -5.64025429e+00 -9.69543348e-03 -1.62176714e-02 -9.95595270e-01 9.18316110e-02
1317358199.810940981 7.53130936e+02 -1.00049690e+02 -5.60909036e+00 -1.03801328e-02 -1.62431750e-02 -9.95743599e-01 9.01282236e-02
1317358199.914932013 7.52318166e+02 -1.00219149e+02 -5.57463037e+00 -1.06875552e-02 -1.68379792e-02 -9.95962109e-01 8.75313450e-02
1317358200.018922091 7.51471742e+02 -1.00350393e+02 -5.54422222e+00 -9.66785727e-03 -1.76324489e-02 -9.96232238e-01 8.43620648e-02
1317358200.122910976 7.50672960e+02 -1.00503013e+02 -5.51182212e+00 -8.86945336e-03 -1.60168323e-02 -9.96506691e-01 8.14813404e-02
1317358200.226877928 7.49856161e+02 -1.00643239e+02 -5.47938082e+00 -8.99880338e-03 -1.61191018e-02 -9.96710516e-01 7.89135196e-02
1317358200.330846071 7.49052130e+02 -1.00775941e+02 -5.44420307e+00 -9.65300480e-03 -1.65660794e-02 -9.96868822e-01 7.67133425e-02
1317358200.434813976 7.48261715e+02 -1.00908542e+02 -5.41189388e+00 -9.67709880e-03 -1.81397724e-02 -9.97031299e-01 7.42016946e-02
1317358200.538779974 7.47466378e+02 -1.01036251e+02 -5.38917495e+00 -9.13864083e-03 -1.78076863e-02 -9.97211847e-01 7.18881383e-02
1317358200.642721891 7.46677733e+02 -1.01146625e+02 -5.35986370e+00 -7.91643494e-03 -1.77521656e-02 -9.97412500e-01 6.92134030e-02
1317358200.746640921 7.45878382e+02 -1.01259708e+02 -5.32887989e+00 -7.09977448e-03 -1.88654589e-02 -9.97454591e-01 6.83961013e-02
1317358200.850559950 7.45064424e+02 -1.01360136e+02 -5.31099539e+00 -6.10233999e-03 -1.77599044e-02 -9.97558668e-01 6.72610698e-02
1317358200.954477072 7.44259761e+02 -1.01459252e+02 -5.28412225e+00 -6.16136675e-03 -1.75614106e-02 -9.97630412e-01 6.62359094e-02
1317358201.058373928 7.43476622e+02 -1.01572153e+02 -5.25494344e+00 -6.98462145e-03 -1.85252137e-02 -9.97646020e-01 6.56540166e-02
1317358201.162267923 7.42685060e+02 -1.01655865e+02 -5.24728591e+00 -7.07244109e-03 -1.82951057e-02 -9.97688083e-01 6.50673382e-02
1317358201.266185999 7.41896294e+02 -1.01760769e+02 -5.21167236e+00 -7.81278674e-03 -1.80436087e-02 -9.97691426e-01 6.50015859e-02
1317358201.370104074 7.41100353e+02 -1.01861247e+02 -5.17840624e+00 -8.07273369e-03 -1.78301532e-02 -9.97670938e-01 6.53423041e-02
1317358201.474025011 7.40304728e+02 -1.01970635e+02 -5.15931078e+00 -8.53896432e-03 -1.66081730e-02 -9.97676164e-01 6.55249997e-02
1317358201.577969074 7.39504919e+02 -1.02086259e+02 -5.12392730e+00 -8.51417339e-03 -1.86006430e-02 -9.97656424e-01 6.52930629e-02
1317358201.681931973 7.38731643e+02 -1.02200684e+02 -5.09723881e+00 -8.59885960e-03 -1.96928026e-02 -9.97694909e-01 6.43670818e-02
1317358201.785923004 7.37940622e+02 -1.02309109e+02 -5.07720454e+00 -8.78090588e-03 -1.85215702e-02 -9.97773378e-01 6.34675828e-02
1317358201.889915943 7.37154240e+02 -1.02425565e+02 -5.05173776e+00 -8.85365477e-03 -1.89360147e-02 -9.97826160e-01 6.24979535e-02
1317358201.993902922 7.36354058e+02 -1.02520405e+02 -5.01557766e+00 -9.21745313e-03 -2.03987278e-02 -9.97833090e-01 6.18712737e-02
1317358202.097892046 7.35553041e+02 -1.02620210e+02 -4.98750386e+00 -9.14608081e-03 -2.18675856e-02 -9.97820171e-01 6.15878602e-02
1317358202.201886892 7.34748163e+02 -1.02717408e+02 -4.97244895e+00 -9.59604995e-03 -2.12332883e-02 -9.97882497e-01 6.07254862e-02
1317358202.305880070 7.33958225e+02 -1.02818139e+02 -4.95644236e+00 -1.02440056e-02 -1.95210089e-02 -9.97970085e-01 5.97469589e-02
1317358202.409869909 7.33157140e+02 -1.02917533e+02 -4.92119243e+00 -1.06838059e-02 -1.85313514e-02 -9.97993974e-01 5.95858483e-02
1317358202.513885021 7.32348250e+02 -1.03013657e+02 -4.89161716e+00 -1.13329512e-02 -1.86595255e-02 -9.98025121e-01 5.89002829e-02
1317358202.617877007 7.31510626e+02 -1.03118218e+02 -4.86944654e+00 -1.14894445e-02 -1.78401866e-02 -9.98077775e-01 5.82277929e-02
1317358202.721817017 7.30639972e+02 -1.03217506e+02 -4.83788627e+00 -1.16176681e-02 -1.80250387e-02 -9.98116364e-01 5.74791486e-02
1317358202.825758934 7.29779103e+02 -1.03330057e+02 -4.80675053e+00 -1.11691212e-02 -1.82639178e-02 -9.98150827e-01 5.68911790e-02
1317358202.929702044 7.28911822e+02 -1.03433911e+02 -4.78458252e+00 -1.07266523e-02 -1.89820981e-02 -9.98175763e-01 5.63006607e-02
1317358203.033644915 7.28029116e+02 -1.03536876e+02 -4.74770990e+00 -1.06319496e-02 -1.98534111e-02 -9.98182494e-01 5.58973289e-02
1317358203.137612104 7.27111061e+02 -1.03631979e+02 -4.70878160e+00 -1.06569675e-02 -1.98369867e-02 -9.98220373e-01 5.52178410e-02
1317358203.241579056 7.26211734e+02 -1.03739052e+02 -4.67484884e+00 -1.08226039e-02 -2.06441431e-02 -9.98236278e-01 5.45987593e-02
1317358203.345520973 7.25307010e+02 -1.03848931e+02 -4.64023848e+00 -9.79172666e-03 -2.12955777e-02 -9.98242949e-01 5.44209051e-02
1317358203.449438095 7.24403173e+02 -1.03950679e+02 -4.62167882e+00 -8.42869142e-03 -2.20603542e-02 -9.98235965e-01 5.44725295e-02
1317358203.553335905 7.23484852e+02 -1.04055832e+02 -4.58881057e+00 -7.19494657e-03 -2.29596852e-02 -9.98210285e-01 5.47477200e-02
1317358203.657229900 7.22611155e+02 -1.04163561e+02 -4.57403226e+00 -7.50032889e-03 -2.10248674e-02 -9.98208338e-01 5.55140905e-02
1317358203.761120081 7.21712666e+02 -1.04263095e+02 -4.55437755e+00 -8.49382458e-03 -2.04075129e-02 -9.98135315e-01 5.68971084e-02
1317358203.865015030 7.20804216e+02 -1.04373174e+02 -4.53446627e+00 -9.72587397e-03 -2.02972982e-02 -9.98036339e-01 5.84541926e-02
1317358203.968910933 7.19886882e+02 -1.04492022e+02 -4.50512734e+00 -9.51864776e-03 -2.04830332e-02 -9.97936677e-01 6.01018187e-02
1317358204.072783947 7.18973522e+02 -1.04605740e+02 -4.47548150e+00 -7.65892770e-03 -1.98741432e-02 -9.97838636e-01 6.21644181e-02
1317358204.176655054 7.18045585e+02 -1.04716989e+02 -4.44322175e+00 -5.88443326e-03 -1.86718134e-02 -9.97717045e-01 6.46330813e-02
1317358204.280524015 7.17108115e+02 -1.04839710e+02 -4.41749738e+00 -5.42400633e-03 -1.93794674e-02 -9.97608822e-01 6.61184849e-02
1317358204.384392977 7.16158311e+02 -1.04964978e+02 -4.39201395e+00 -5.69072669e-03 -1.83160882e-02 -9.97451074e-01 6.87276628e-02
1317358204.488241911 7.15227554e+02 -1.05094070e+02 -4.36141043e+00 -7.02214918e-03 -1.98593124e-02 -9.97355913e-01 6.95519968e-02
1317358204.592089891 7.14284934e+02 -1.05236186e+02 -4.33585900e+00 -6.97690960e-03 -1.99201164e-02 -9.97214507e-01 7.15383738e-02
1317358204.695960045 7.13339266e+02 -1.05384806e+02 -4.30704359e+00 -6.24031423e-03 -1.86028128e-02 -9.97176772e-01 7.24808857e-02
1317358204.799832106 7.12385478e+02 -1.05532293e+02 -4.27918719e+00 -5.36497105e-03 -1.88127455e-02 -9.97136454e-01 7.30492335e-02
1317358204.903702974 7.11417244e+02 -1.05685220e+02 -4.25451898e+00 -5.31177193e-03 -1.80909680e-02 -9.97169546e-01 7.27832292e-02
1317358205.007574081 7.10459950e+02 -1.05830576e+02 -4.21916774e+00 -7.03706766e-03 -1.72099882e-02 -9.97239922e-01 7.18806880e-02
1317358205.111469030 7.09512747e+02 -1.05972230e+02 -4.18614692e+00 -1.01403262e-02 -1.74383955e-02 -9.97287792e-01 7.07823205e-02
1317358205.215388060 7.08565960e+02 -1.06119782e+02 -4.15760724e+00 -1.15013561e-02 -1.71942297e-02 -9.97398161e-01 6.90578481e-02
1317358205.319307089 7.07627192e+02 -1.06254641e+02 -4.12613560e+00 -1.08445050e-02 -1.56326893e-02 -9.97549909e-01 6.73215727e-02
1317358205.423223972 7.06662396e+02 -1.06388364e+02 -4.09249311e+00 -1.03799834e-02 -1.40749618e-02 -9.97739655e-01 6.48824451e-02
1317358205.527143002 7.05683193e+02 -1.06512156e+02 -4.05555761e+00 -1.08906795e-02 -1.28122203e-02 -9.97935494e-01 6.19837792e-02
1317358205.631061077 7.04702717e+02 -1.06630847e+02 -4.01580279e+00 -1.13892076e-02 -1.11991367e-02 -9.98079547e-01 5.98505110e-02
1317358205.734956026 7.03727783e+02 -1.06743917e+02 -3.98498543e+00 -1.04725489e-02 -1.05981503e-02 -9.98170527e-01 5.85969685e-02
1317358205.838850975 7.02711796e+02 -1.06868915e+02 -3.95897410e+00 -8.63727871e-03 -1.05722656e-02 -9.98308788e-01 5.65082974e-02
1317358205.942770004 7.01696360e+02 -1.06992397e+02 -3.93364577e+00 -7.49026686e-03 -1.18048571e-02 -9.98413518e-01 5.45434480e-02
1317358206.046665907 7.00695662e+02 -1.07102615e+02 -3.89914515e+00 -7.47325216e-03 -1.18420058e-02 -9.98491221e-01 5.30961289e-02
1317358206.150536060 6.99708935e+02 -1.07200418e+02 -3.86624319e+00 -6.93567921e-03 -1.26259203e-02 -9.98545364e-01 5.19580394e-02
1317358206.254405975 6.98723879e+02 -1.07297562e+02 -3.83168937e+00 -5.88511873e-03 -1.36381193e-02 -9.98591455e-01 5.09359692e-02
1317358206.358278036 6.97736387e+02 -1.07399559e+02 -3.80419903e+00 -4.98896503e-03 -1.58015707e-02 -9.98610568e-01 5.00235383e-02
1317358206.462148905 6.96687780e+02 -1.07498217e+02 -3.81396235e+00 -4.98240263e-03 -1.80895430e-02 -9.98626647e-01 4.89158834e-02
1317358206.565994978 6.95646679e+02 -1.07595416e+02 -3.79668828e+00 -6.00573544e-03 -1.89288514e-02 -9.98574320e-01 4.95475189e-02
1317358206.669816971 6.94614717e+02 -1.07693795e+02 -3.76742162e+00 -7.18616864e-03 -1.96111917e-02 -9.98535179e-01 4.99124870e-02
1317358206.773663998 6.93557565e+02 -1.07799928e+02 -3.74255680e+00 -8.14321259e-03 -1.93401359e-02 -9.98525676e-01 5.00611708e-02
1317358206.877510071 6.92469128e+02 -1.07918308e+02 -3.72006050e+00 -8.72061166e-03 -2.05736660e-02 -9.98486288e-01 5.02574123e-02
1317358206.981357098 6.91388588e+02 -1.08041282e+02 -3.69082408e+00 -9.07309919e-03 -1.97578572e-02 -9.98498932e-01 5.02711498e-02
1317358207.085203886 6.90316345e+02 -1.08155229e+02 -3.65679212e+00 -9.73659677e-03 -1.91098475e-02 -9.98491045e-01 5.05533953e-02
1317358207.189027071 6.89242873e+02 -1.08270041e+02 -3.62289175e+00 -1.08547329e-02 -1.85878586e-02 -9.98441504e-01 5.14900824e-02
1317358207.292850018 6.88135125e+02 -1.08385608e+02 -3.58972860e+00 -1.09940365e-02 -1.77202788e-02 -9.98383355e-01 5.28753135e-02
1317358207.396696091 6.87033067e+02 -1.08501215e+02 -3.54926650e+00 -9.60930031e-03 -1.75062485e-02 -9.98363155e-01 5.35929450e-02
1317358207.500543118 6.85956219e+02 -1.08612777e+02 -3.50150309e+00 -8.90791868e-03 -1.76092623e-02 -9.98362494e-01 5.36925829e-02
1317358207.604391098 6.84844930e+02 -1.08738220e+02 -3.46819627e+00 -1.00566310e-02 -1.66869479e-02 -9.98329058e-01 5.44012992e-02
1317358207.708236933 6.83757879e+02 -1.08860496e+02 -3.43797161e+00 -1.03682623e-02 -1.55732293e-02 -9.98306882e-01 5.50758002e-02
1317358207.812060118 6.82651324e+02 -1.08991676e+02 -3.39940755e+00 -9.63617423e-03 -1.46679513e-02 -9.98281126e-01 5.59177014e-02
1317358207.915859938 6.81542883e+02 -1.09135299e+02 -3.36911430e+00 -7.84436975e-03 -1.37003306e-02 -9.98282925e-01 5.64089369e-02
1317358208.019658089 6.80442445e+02 -1.09278195e+02 -3.33155177e+00 -5.66947985e-03 -1.44805431e-02 -9.98244068e-01 5.71572544e-02
1317358208.123455048 6.79371957e+02 -1.09411661e+02 -3.30459398e+00 -4.19749391e-03 -1.37142399e-02 -9.98176483e-01 5.86345342e-02
1317358208.227256060 6.78284265e+02 -1.09519231e+02 -3.27559724e+00 -3.90923391e-03 -1.48843444e-02 -9.98106290e-01 5.95567688e-02
1317358208.331078053 6.77219096e+02 -1.09641626e+02 -3.24516819e+00 -4.87343462e-03 -1.60215722e-02 -9.98037806e-01 6.03332136e-02
1317358208.434876919 6.76136336e+02 -1.09762017e+02 -3.21135466e+00 -6.57627422e-03 -1.72721956e-02 -9.97969710e-01 6.09498264e-02
1317358208.538698912 6.75028710e+02 -1.09893558e+02 -3.17145094e+00 -7.60194520e-03 -1.70958599e-02 -9.97929642e-01 6.15335062e-02
1317358208.642545938 6.73903520e+02 -1.10052985e+02 -3.14752872e+00 -7.57020668e-03 -1.76520906e-02 -9.97883206e-01 6.21305286e-02
1317358208.746391058 6.72828170e+02 -1.10196393e+02 -3.10754416e+00 -7.44259573e-03 -1.76908990e-02 -9.97863270e-01 6.24542519e-02
1317358208.850261927 6.71751641e+02 -1.10342356e+02 -3.06852009e+00 -8.04009088e-03 -1.66747434e-02 -9.97838909e-01 6.30461846e-02
1317358208.954109907 6.70680615e+02 -1.10482135e+02 -3.03439477e+00 -8.70581753e-03 -1.57731624e-02 -9.97800667e-01 6.37906305e-02
1317358209.057931900 6.69611337e+02 -1.10626433e+02 -3.00871109e+00 -8.57194996e-03 -1.54569582e-02 -9.97743286e-01 6.47760663e-02
1317358209.161778927 6.68528777e+02 -1.10767344e+02 -2.97503926e+00 -8.13149218e-03 -1.58623650e-02 -9.97672855e-01 6.58113853e-02
1317358209.265625954 6.67410357e+02 -1.10938395e+02 -2.93657218e+00 -8.27605987e-03 -1.54436276e-02 -9.97581296e-01 6.72648477e-02
1317358209.369448900 6.66302965e+02 -1.11088967e+02 -2.90357353e+00 -8.18186568e-03 -1.61137341e-02 -9.97528750e-01 6.78954834e-02
1317358209.473268986 6.65198302e+02 -1.11239794e+02 -2.86439038e+00 -7.71753863e-03 -1.56221532e-02 -9.97505960e-01 6.83977193e-02
1317358209.577091932 6.64087418e+02 -1.11391748e+02 -2.83535338e+00 -7.02787434e-03 -1.52878273e-02 -9.97454119e-01 6.92976999e-02
1317358209.680917978 6.62987868e+02 -1.11543551e+02 -2.80485872e+00 -6.84683875e-03 -1.58723973e-02 -9.97359711e-01 7.05322259e-02
1317358209.784746885 6.61882841e+02 -1.11701636e+02 -2.76258248e+00 -6.71838839e-03 -1.64574941e-02 -9.97263386e-01 7.17617816e-02
1317358209.888566971 6.60765600e+02 -1.11864813e+02 -2.72714342e+00 -6.28257242e-03 -1.68088508e-02 -9.97223509e-01 7.22721532e-02
1317358209.992387056 6.59682154e+02 -1.12015855e+02 -2.69802687e+00 -5.63222223e-03 -1.63741854e-02 -9.97221461e-01 7.24535783e-02
1317358210.096205950 6.58587329e+02 -1.12170331e+02 -2.66106261e+00 -5.59058525e-03 -1.77960284e-02 -9.97150432e-01 7.30962541e-02
1317358210.200005054 6.57497256e+02 -1.12341760e+02 -2.62485276e+00 -5.64777739e-03 -1.82312348e-02 -9.97117718e-01 7.34301057e-02
1317358210.303803921 6.56394462e+02 -1.12507136e+02 -2.58851661e+00 -6.21749747e-03 -1.96885849e-02 -9.97065406e-01 7.37175567e-02
1317358210.407624960 6.55299687e+02 -1.12695380e+02 -2.55316864e+00 -6.87611805e-03 -1.88848170e-02 -9.96998458e-01 7.47673547e-02
1317358210.511449099 6.54204774e+02 -1.12875386e+02 -2.52259070e+00 -6.74264218e-03 -1.82909151e-02 -9.96997354e-01 7.49416821e-02
1317358210.615250111 6.53133690e+02 -1.13050529e+02 -2.49634861e+00 -6.16341323e-03 -1.67669958e-02 -9.97037100e-01 7.48191199e-02
1317358210.719023943 6.52064488e+02 -1.13216532e+02 -2.45646155e+00 -5.92805966e-03 -1.69478450e-02 -9.97030332e-01 7.48875551e-02
1317358210.822798014 6.51035999e+02 -1.13383883e+02 -2.42452421e+00 -5.85923439e-03 -1.70306485e-02 -9.97050548e-01 7.46044969e-02
1317358210.926575899 6.50022282e+02 -1.13541750e+02 -2.38834803e+00 -6.33778879e-03 -1.68334608e-02 -9.97046207e-01 7.46681156e-02
1317358211.030349970 6.49024213e+02 -1.13685249e+02 -2.35436769e+00 -6.80233039e-03 -1.62047465e-02 -9.97059812e-01 7.45846226e-02
1317358211.134123087 6.48058125e+02 -1.13846612e+02 -2.31644007e+00 -6.73024172e-03 -1.44188860e-02 -9.97079149e-01 7.46991991e-02
1317358211.237898111 6.47091656e+02 -1.14000852e+02 -2.27798079e+00 -5.89479793e-03 -1.30579560e-02 -9.97071921e-01 7.51154190e-02
1317358211.341697931 6.46160303e+02 -1.14153790e+02 -2.24357345e+00 -4.18460441e-03 -1.22334857e-02 -9.96996770e-01 7.63562141e-02
1317358211.445496082 6.45239750e+02 -1.14304946e+02 -2.21800716e+00 -2.25035535e-03 -1.17050921e-02 -9.96958899e-01 7.70122061e-02
1317358211.549295902 6.44339633e+02 -1.14438261e+02 -2.20495620e+00 -9.35249724e-04 -1.25908977e-02 -9.96981510e-01 7.66058954e-02
1317358211.653119087 6.43467086e+02 -1.14566274e+02 -2.17677690e+00 -7.89201871e-04 -1.28682887e-02 -9.96964609e-01 7.67812050e-02
1317358211.756942034 6.42607838e+02 -1.14697591e+02 -2.15248472e+00 -1.72049932e-03 -1.19168080e-02 -9.97042396e-01 7.59044754e-02
1317358211.860810041 6.41758573e+02 -1.14825874e+02 -2.13301403e+00 -2.52539578e-03 -1.29124011e-02 -9.97184852e-01 7.38191259e-02
1317358211.964704037 6.40903331e+02 -1.14952246e+02 -2.11200309e+00 -2.67367880e-03 -1.29613098e-02 -9.97338472e-01 7.16995682e-02
1317358212.068624973 6.40074356e+02 -1.15072670e+02 -2.10304000e+00 -2.02224314e-03 -1.41894629e-02 -9.97561815e-01 6.83007623e-02
1317358212.172565937 6.39227215e+02 -1.15196280e+02 -2.08869428e+00 -2.33405649e-03 -1.37568366e-02 -9.97742840e-01 6.56850515e-02
1317358212.276484013 6.38371098e+02 -1.15303904e+02 -2.06980818e+00 -3.06093265e-03 -1.46889564e-02 -9.97890403e-01 6.31633542e-02
1317358212.380403996 6.37512006e+02 -1.15419029e+02 -2.04808845e+00 -3.25508860e-03 -1.52129628e-02 -9.97963643e-01 6.18590061e-02
1317358212.484273911 6.36641378e+02 -1.15516661e+02 -2.02240899e+00 -3.38115082e-03 -1.58359600e-02 -9.97947738e-01 6.19524212e-02
1317358212.588098049 6.35782010e+02 -1.15629366e+02 -2.00855886e+00 -4.08392956e-03 -1.77083160e-02 -9.97851037e-01 6.29527117e-02
1317358212.691921949 6.34929195e+02 -1.15751288e+02 -1.98197728e+00 -5.55475455e-03 -1.75497959e-02 -9.97754331e-01 6.44006521e-02
1317358212.795722008 6.34077962e+02 -1.15866939e+02 -1.95516594e+00 -7.03926873e-03 -1.82816866e-02 -9.97605725e-01 6.63253021e-02
1317358212.899518967 6.33212667e+02 -1.15976117e+02 -1.92984749e+00 -8.16717329e-03 -1.91269164e-02 -9.97421566e-01 6.86853511e-02
1317358213.003346920 6.32363662e+02 -1.16084078e+02 -1.90035809e+00 -8.50322255e-03 -2.04144970e-02 -9.97283885e-01 7.02552223e-02
1317358213.107193947 6.31533661e+02 -1.16210534e+02 -1.87450071e+00 -8.61531043e-03 -1.81808928e-02 -9.97195831e-01 7.20812524e-02
1317358213.211083889 6.30656809e+02 -1.16350991e+02 -1.84649019e+00 -8.38566104e-03 -1.67392492e-02 -9.97150142e-01 7.30826344e-02
1317358213.314977884 6.29784556e+02 -1.16484633e+02 -1.81957885e+00 -7.88909858e-03 -1.62865549e-02 -9.97101190e-01 7.39035035e-02
1317358213.418898106 6.28912708e+02 -1.16629506e+02 -1.78758031e+00 -7.63074417e-03 -1.42779498e-02 -9.97167300e-01 7.34526242e-02
1317358213.522861958 6.28038816e+02 -1.16771555e+02 -1.75972297e+00 -7.74973208e-03 -1.40873189e-02 -9.97235796e-01 7.25414165e-02
1317358213.626827002 6.27152730e+02 -1.16902092e+02 -1.73120803e+00 -7.94052717e-03 -1.27917850e-02 -9.97387230e-01 7.06543148e-02
1317358213.730793953 6.26267404e+02 -1.17028501e+02 -1.70347656e+00 -8.33427430e-03 -1.33864633e-02 -9.97489116e-01 6.90420535e-02
1317358213.834763050 6.25375406e+02 -1.17137747e+02 -1.67838017e+00 -8.66218935e-03 -1.42119149e-02 -9.97527515e-01 6.82776981e-02
1317358213.938752890 6.24467724e+02 -1.17259728e+02 -1.64363763e+00 -8.87892015e-03 -1.50575874e-02 -9.97541785e-01 6.78588276e-02
1317358214.042742968 6.23570333e+02 -1.17385415e+02 -1.62049121e+00 -8.33830633e-03 -1.40110640e-02 -9.97608670e-01 6.71647559e-02
1317358214.146711111 6.22677026e+02 -1.17515245e+02 -1.58791245e+00 -7.97738073e-03 -1.47579328e-02 -9.97628594e-01 6.67514232e-02
1317358214.250677109 6.21756753e+02 -1.17638503e+02 -1.55289794e+00 -8.02821727e-03 -1.56633018e-02 -9.97645506e-01 6.62846355e-02
1317358214.354619026 6.20837850e+02 -1.17766770e+02 -1.51778187e+00 -8.13225777e-03 -1.52296106e-02 -9.97673663e-01 6.59483702e-02
1317358214.458539963 6.19916085e+02 -1.17882348e+02 -1.49673045e+00 -8.44495626e-03 -1.38283238e-02 -9.97688196e-01 6.59979089e-02
1317358214.562483072 6.18988071e+02 -1.17998007e+02 -1.48830458e+00 -8.14439917e-03 -1.39329467e-02 -9.97673129e-01 6.62409914e-02
1317358214.666425943 6.18043660e+02 -1.18123374e+02 -1.45812238e+00 -8.01033623e-03 -1.44538943e-02 -9.97625384e-01 6.68618963e-02
1317358214.770343065 6.17092699e+02 -1.18250474e+02 -1.42364138e+00 -7.77084815e-03 -1.40905044e-02 -9.97610937e-01 6.71825154e-02
1317358214.874263048 6.16137227e+02 -1.18388572e+02 -1.39520193e+00 -6.95510769e-03 -1.46888901e-02 -9.97594146e-01 6.73927470e-02
1317358214.978204966 6.15168393e+02 -1.18523929e+02 -1.36705839e+00 -5.78537072e-03 -1.47848200e-02 -9.97597225e-01 6.74367497e-02
1317358215.082146883 6.14217110e+02 -1.18663644e+02 -1.34476776e+00 -5.23177710e-03 -1.46809091e-02 -9.97653224e-01 6.66719140e-02
1317358215.186067104 6.13237693e+02 -1.18801619e+02 -1.31637704e+00 -5.52879388e-03 -1.51769663e-02 -9.97659586e-01 6.64412666e-02
1317358215.290011883 6.12274761e+02 -1.18945712e+02 -1.29760053e+00 -5.89181470e-03 -1.51577114e-02 -9.97729772e-01 6.53516000e-02
1317358215.393978119 6.11294937e+02 -1.19072137e+02 -1.27405347e+00 -5.77255179e-03 -1.55164752e-02 -9.97810165e-01 6.40374241e-02
1317358215.497944117 6.10301036e+02 -1.19203331e+02 -1.25058368e+00 -5.40460033e-03 -1.60222162e-02 -9.97946280e-01 6.17843047e-02
1317358215.601888895 6.09288002e+02 -1.19337144e+02 -1.22973590e+00 -5.16318335e-03 -1.51154298e-02 -9.98058953e-01 6.01929552e-02
1317358215.705806971 6.08282746e+02 -1.19459405e+02 -1.20609406e+00 -4.83437945e-03 -1.47567042e-02 -9.98173987e-01 5.83743105e-02
1317358215.809747934 6.07253028e+02 -1.19572458e+02 -1.17634170e+00 -4.85540936e-03 -1.40759829e-02 -9.98253316e-01 5.71717451e-02
1317358215.913666964 6.06222113e+02 -1.19691909e+02 -1.16042613e+00 -4.71217667e-03 -1.49235727e-02 -9.98259266e-01 5.68640494e-02
1317358216.017563105 6.05199281e+02 -1.19803843e+02 -1.14441757e+00 -4.48219742e-03 -1.57483398e-02 -9.98276441e-01 5.63564261e-02
1317358216.121479034 6.04146898e+02 -1.19920386e+02 -1.11396557e+00 -4.27825750e-03 -1.56322672e-02 -9.98278565e-01 5.63669727e-02
1317358216.225421906 6.03121060e+02 -1.20041108e+02 -1.09124850e+00 -4.26467701e-03 -1.66686528e-02 -9.98272839e-01 5.61721241e-02
1317358216.329366922 6.02098421e+02 -1.20152744e+02 -1.06760825e+00 -3.89548252e-03 -1.73886751e-02 -9.98256576e-01 5.62695913e-02
1317358216.433285952 6.01096802e+02 -1.20259622e+02 -1.05325991e+00 -3.74158111e-03 -1.71127985e-02 -9.98263125e-01 5.62484350e-02
1317358216.537201881 6.00076738e+02 -1.20371556e+02 -1.03520629e+00 -3.59500265e-03 -1.65864414e-02 -9.98245345e-01 5.67291474e-02
1317358216.641119957 5.99036789e+02 -1.20500555e+02 -1.02103116e+00 -4.01707980e-03 -1.69803702e-02 -9.98266831e-01 5.62037749e-02
1317358216.745038986 5.97990388e+02 -1.20614326e+02 -1.01098465e+00 -4.55328537e-03 -1.88090049e-02 -9.98241245e-01 5.60348659e-02
1317358216.848958015 5.96942427e+02 -1.20732224e+02 -9.82447637e-01 -5.57472601e-03 -1.86284299e-02 -9.98254117e-01 5.57729489e-02
1317358216.952877998 5.95874128e+02 -1.20852805e+02 -9.48154727e-01 -6.27396290e-03 -1.87823618e-02 -9.98235486e-01 5.59801242e-02
1317358217.056796074 5.94791403e+02 -1.20973726e+02 -9.10679639e-01 -6.57519109e-03 -1.94943627e-02 -9.98213162e-01 5.61000908e-02
1317358217.160715103 5.93673701e+02 -1.21116865e+02 -8.94064699e-01 -6.77592368e-03 -1.96548683e-02 -9.98161869e-01 5.69267699e-02
1317358217.264611959 5.92567645e+02 -1.21269829e+02 -8.79548919e-01 -6.75372847e-03 -2.17956803e-02 -9.97980100e-01 5.92879017e-02
1317358217.368482113 5.91496902e+02 -1.21406041e+02 -8.55686363e-01 -7.64450985e-03 -2.17073358e-02 -9.97863748e-01 6.11415906e-02
1317358217.472351074 5.90408350e+02 -1.21555258e+02 -8.19692591e-01 -8.59535427e-03 -2.07997828e-02 -9.97824696e-01 6.19626065e-02
1317358217.576246977 5.89328850e+02 -1.21702747e+02 -7.88586998e-01 -9.77709233e-03 -1.99713911e-02 -9.97816170e-01 6.21968010e-02
1317358217.680144072 5.88199265e+02 -1.21847051e+02 -7.57336272e-01 -1.08789559e-02 -1.92897318e-02 -9.97796492e-01 6.25437085e-02
1317358217.784013987 5.87069899e+02 -1.21996679e+02 -7.18181253e-01 -1.12972853e-02 -1.85287599e-02 -9.97766195e-01 6.31797080e-02
1317358217.887883902 5.85954655e+02 -1.22144035e+02 -6.70263871e-01 -1.05455314e-02 -1.76409328e-02 -9.97755958e-01 6.37231327e-02
1317358217.991755962 5.84832377e+02 -1.22293552e+02 -6.43432220e-01 -8.22038650e-03 -1.66493973e-02 -9.97807460e-01 6.35255430e-02
1317358218.095627069 5.83675529e+02 -1.22451155e+02 -6.20755636e-01 -5.51801580e-03 -1.85596668e-02 -9.97757442e-01 6.40716589e-02
1317358218.199474096 5.82542330e+02 -1.22597294e+02 -5.91120619e-01 -5.00575741e-03 -1.98396631e-02 -9.97734650e-01 6.40850811e-02
1317358218.303318977 5.81405864e+02 -1.22756010e+02 -5.60339239e-01 -4.86136913e-03 -1.96814973e-02 -9.97708316e-01 6.45532493e-02
1317358218.407162905 5.80258205e+02 -1.22928143e+02 -5.37366404e-01 -4.14204354e-03 -1.82846021e-02 -9.97715177e-01 6.49071794e-02
1317358218.510986090 5.79127679e+02 -1.23090518e+02 -5.15571122e-01 -2.78065266e-03 -1.73007813e-02 -9.97692173e-01 6.55993786e-02
1317358218.614785910 5.77979399e+02 -1.23247159e+02 -4.91251356e-01 -1.54738130e-03 -1.72489255e-02 -9.97647171e-01 6.63340172e-02
1317358218.718585968 5.76841844e+02 -1.23393566e+02 -4.66463507e-01 -9.47616299e-04 -1.78549912e-02 -9.97638143e-01 6.63207076e-02
1317358218.822384119 5.75715741e+02 -1.23548422e+02 -4.57004128e-01 -1.28969468e-03 -1.80196577e-02 -9.97670375e-01 6.57833635e-02
1317358218.926181078 5.74561650e+02 -1.23707286e+02 -4.40483557e-01 -2.75179119e-03 -1.91123464e-02 -9.97666651e-01 6.54858646e-02
1317358219.030004978 5.73405740e+02 -1.23877251e+02 -4.00845260e-01 -4.33666040e-03 -1.78006726e-02 -9.97689438e-01 6.54225920e-02
1317358219.133805037 5.72268559e+02 -1.24032119e+02 -3.66202714e-01 -5.24161202e-03 -1.59577154e-02 -9.97707752e-01 6.55524156e-02
1317358219.237602949 5.71136197e+02 -1.24187316e+02 -3.39800385e-01 -4.97900421e-03 -1.56917507e-02 -9.97749251e-01 6.50031609e-02
1317358219.341402054 5.69997186e+02 -1.24331097e+02 -3.09272593e-01 -4.24415592e-03 -1.57917889e-02 -9.97784359e-01 6.44901517e-02
1317358219.445202112 5.68859969e+02 -1.24485003e+02 -2.66013476e-01 -4.49674337e-03 -1.57399335e-02 -9.97818202e-01 6.39598994e-02
1317358219.549000978 5.67722739e+02 -1.24627604e+02 -2.32619022e-01 -5.52321563e-03 -1.64988814e-02 -9.97825751e-01 6.35692597e-02
1317358219.652775049 5.66576854e+02 -1.24781155e+02 -1.99209644e-01 -6.56320035e-03 -1.65574725e-02 -9.97833005e-01 6.33408839e-02
1317358219.756525040 5.65429250e+02 -1.24939024e+02 -1.69081387e-01 -6.84938059e-03 -1.62258689e-02 -9.97841035e-01 6.32698655e-02
1317358219.860263109 5.64290354e+02 -1.25095789e+02 -1.28722370e-01 -6.35644992e-03 -1.58372644e-02 -9.97839567e-01 6.34426924e-02
1317358219.964013100 5.63175123e+02 -1.25264355e+02 -9.96105576e-02 -5.24224241e-03 -1.56298429e-02 -9.97823280e-01 6.38508265e-02
1317358220.067776918 5.62078076e+02 -1.25423466e+02 -6.33389535e-02 -4.87640702e-03 -1.61630288e-02 -9.97808237e-01 6.39820238e-02
1317358220.171551943 5.60964297e+02 -1.25570861e+02 -3.13989753e-02 -4.95636381e-03 -1.68265422e-02 -9.97795253e-01 6.40073049e-02
1317358220.275326014 5.59859130e+02 -1.25709025e+02 9.09767043e-04 -5.39579844e-03 -1.67962014e-02 -9.97803256e-01 6.38547941e-02
1317358220.379098892 5.58750641e+02 -1.25852076e+02 2.97407444e-02 -6.08331794e-03 -1.74741652e-02 -9.97760274e-01 6.42812710e-02
1317358220.482873917 5.57647129e+02 -1.25994049e+02 6.16331012e-02 -6.36198981e-03 -1.71264272e-02 -9.97713657e-01 6.50666436e-02
1317358220.586673975 5.56559554e+02 -1.26140229e+02 9.76754655e-02 -5.85401016e-03 -1.63225521e-02 -9.97709616e-01 6.53821618e-02
1317358220.690498114 5.55460833e+02 -1.26285336e+02 1.29030299e-01 -5.38147001e-03 -1.63345909e-02 -9.97699319e-01 6.55765896e-02
1317358220.794318914 5.54359604e+02 -1.26435866e+02 1.62280626e-01 -5.25215133e-03 -1.66390751e-02 -9.97702846e-01 6.54567625e-02
1317358220.898142099 5.53259229e+02 -1.26582636e+02 1.94399478e-01 -5.45967280e-03 -1.71947004e-02 -9.97712395e-01 6.51499169e-02
1317358221.001940966 5.52189886e+02 -1.26726643e+02 2.29805631e-01 -5.44665398e-03 -1.68032927e-02 -9.97743924e-01 6.47691715e-02
1317358221.105737925 5.51108492e+02 -1.26881458e+02 2.59592597e-01 -5.62833708e-03 -1.56705488e-02 -9.97805765e-01 6.40812909e-02
1317358221.209537029 5.50030451e+02 -1.27023431e+02 2.92908362e-01 -5.13413550e-03 -1.54417361e-02 -9.97898581e-01 6.27185371e-02
1317358221.313335896 5.48957379e+02 -1.27165443e+02 3.28763315e-01 -4.36564907e-03 -1.59685852e-02 -9.97920310e-01 6.22976667e-02
1317358221.417135000 5.47908087e+02 -1.27302954e+02 3.57723713e-01 -3.14098416e-03 -1.39190717e-02 -9.97957198e-01 6.22721766e-02
1317358221.520909071 5.46836707e+02 -1.27433198e+02 3.84614568e-01 -1.76938618e-03 -1.41375125e-02 -9.97991589e-01 6.17234817e-02
1317358221.624707937 5.45786982e+02 -1.27573056e+02 4.04998930e-01 -1.19049506e-03 -1.49746788e-02 -9.98053848e-01 6.05215558e-02
1317358221.728533983 5.44767270e+02 -1.27699317e+02 4.34658399e-01 -1.03513106e-03 -1.47528076e-02 -9.98118968e-01 5.94962865e-02
1317358221.832355976 5.43740254e+02 -1.27817696e+02 4.58862303e-01 -2.30176253e-04 -1.54239766e-02 -9.98158962e-01 5.86577718e-02
1317358221.936188936 5.42702255e+02 -1.27949795e+02 4.78408856e-01 1.01962765e-03 -1.54109871e-02 -9.98201807e-01 5.79190370e-02
1317358222.040010929 5.41656744e+02 -1.28066242e+02 4.90778946e-01 1.90741082e-03 -1.53037851e-02 -9.98202789e-01 5.79081002e-02
1317358222.143799067 5.40640497e+02 -1.28174622e+02 5.02336583e-01 1.61856763e-03 -1.53397936e-02 -9.98161204e-01 5.86197996e-02
1317358222.247575045 5.39625727e+02 -1.28280475e+02 5.22787285e-01 7.26136692e-04 -1.54263489e-02 -9.98111663e-01 5.94525789e-02
1317358222.351377964 5.38609889e+02 -1.28403122e+02 5.42589388e-01 -3.40988413e-04 -1.61981520e-02 -9.98057301e-01 6.01591920e-02
1317358222.455178976 5.37589313e+02 -1.28523832e+02 5.63543214e-01 -6.53440600e-04 -1.61968661e-02 -9.98000385e-01 6.10939065e-02
1317358222.558948994 5.36581550e+02 -1.28657499e+02 5.81100561e-01 -4.05501410e-04 -1.59501468e-02 -9.97952504e-01 6.19372853e-02
1317358222.662744999 5.35596723e+02 -1.28812656e+02 5.94839031e-01 -6.77473203e-04 -1.49696809e-02 -9.97974473e-01 6.18255638e-02
1317358222.766545057 5.34599911e+02 -1.28953359e+02 6.14174368e-01 -1.27570327e-03 -1.53746648e-02 -9.97939939e-01 6.22725489e-02
1317358222.870318890 5.33598547e+02 -1.29080247e+02 6.38021628e-01 -1.20304759e-03 -1.61051314e-02 -9.97896073e-01 6.27901661e-02
1317358222.974069118 5.32599479e+02 -1.29204798e+02 6.54881548e-01 -2.53221964e-04 -1.53196501e-02 -9.97910383e-01 6.27703010e-02
1317358223.077842951 5.31599236e+02 -1.29340612e+02 6.78440029e-01 6.30909709e-04 -1.57075435e-02 -9.97894816e-01 6.29190853e-02
1317358223.181690931 5.30618001e+02 -1.29461036e+02 6.92800852e-01 9.98823622e-04 -1.52513752e-02 -9.97873048e-01 6.33701604e-02
1317358223.285562038 5.29644660e+02 -1.29566176e+02 7.04245569e-01 6.90163830e-04 -1.59355275e-02 -9.97834160e-01 6.38167070e-02
1317358223.389432907 5.28662602e+02 -1.29693658e+02 7.22442866e-01 1.79961491e-05 -1.66718461e-02 -9.97801142e-01 6.41477143e-02
1317358223.493278980 5.27663150e+02 -1.29834652e+02 7.42377412e-01 -4.62993228e-04 -1.62043492e-02 -9.97756037e-01 6.49622657e-02
1317358223.597101927 5.26702839e+02 -1.29972696e+02 7.59156742e-01 -3.68083749e-04 -1.53049141e-02 -9.97765240e-01 6.50395975e-02
1317358223.700951099 5.25744065e+02 -1.30098237e+02 7.81793860e-01 -8.51230524e-05 -1.49031949e-02 -9.97728841e-01 6.56890261e-02
1317358223.804797888 5.24791552e+02 -1.30225484e+02 8.06747052e-01 1.04309239e-04 -1.37847033e-02 -9.97761813e-01 6.54319084e-02
1317358223.908643961 5.23860163e+02 -1.30354537e+02 8.25671347e-01 6.93256851e-04 -1.31095369e-02 -9.97801785e-01 6.49558065e-02
1317358224.012515068 5.22930703e+02 -1.30468910e+02 8.35616849e-01 1.23091271e-03 -1.42351293e-02 -9.97763207e-01 6.53025953e-02
1317358224.116409063 5.22011640e+02 -1.30595021e+02 8.48310991e-01 1.37584017e-03 -1.51338438e-02 -9.97708904e-01 6.59243296e-02
1317358224.220304966 5.21063324e+02 -1.30719987e+02 8.68401028e-01 1.03530130e-03 -1.70967041e-02 -9.97623125e-01 6.67437746e-02
1317358224.324152946 5.20115701e+02 -1.30832092e+02 8.85744969e-01 4.83627493e-04 -1.66143929e-02 -9.97595431e-01 6.72836082e-02
1317358224.427998066 5.19160198e+02 -1.30963653e+02 9.04750461e-01 3.76873930e-04 -1.61698727e-02 -9.97557166e-01 6.79565527e-02
1317358224.531821966 5.18229935e+02 -1.31083793e+02 9.18318137e-01 -7.10137381e-05 -1.73471629e-02 -9.97455847e-01 6.91440805e-02
1317358224.635597944 5.17304123e+02 -1.31221334e+02 9.34713560e-01 -4.65633318e-04 -1.85415682e-02 -9.97263481e-01 7.15649575e-02
1317358224.739320993 5.16388789e+02 -1.31362833e+02 9.47313498e-01 -1.10642669e-03 -2.04713498e-02 -9.97001841e-01 7.46125211e-02
1317358224.843023062 5.15466574e+02 -1.31511497e+02 9.64357607e-01 -1.73028620e-03 -2.24651744e-02 -9.96559166e-01 7.97630879e-02
1317358224.946727991 5.14548011e+02 -1.31668969e+02 9.92771985e-01 -2.63106369e-03 -2.43946495e-02 -9.95977509e-01 8.61787652e-02
1317358225.050407887 5.13622310e+02 -1.31840043e+02 1.01897533e+00 -3.73851277e-03 -2.54740158e-02 -9.95226971e-01 9.41295631e-02
1317358225.154061079 5.12714570e+02 -1.32016381e+02 1.04032723e+00 -5.10520712e-03 -2.67573218e-02 -9.94257702e-01 1.03487220e-01
1317358225.257667065 5.11881902e+02 -1.32218044e+02 1.06699770e+00 -5.88263993e-03 -2.56174835e-02 -9.93216857e-01 1.13266999e-01
1317358225.361272097 5.11025778e+02 -1.32448606e+02 1.09899867e+00 -5.02024480e-03 -2.65111786e-02 -9.91764023e-01 1.25204140e-01
1317358225.464926004 5.10167173e+02 -1.32713210e+02 1.13031018e+00 -4.51836075e-03 -2.64187768e-02 -9.90026013e-01 1.38311698e-01
1317358225.568603992 5.09316076e+02 -1.32980155e+02 1.16450488e+00 -4.69256434e-03 -2.68344456e-02 -9.88013932e-01 1.51941969e-01
1317358225.672308922 5.08471214e+02 -1.33287781e+02 1.19228787e+00 -5.18247969e-03 -2.72347692e-02 -9.85727265e-01 1.66051702e-01
1317358225.776036024 5.07612552e+02 -1.33628531e+02 1.23163727e+00 -5.94970011e-03 -2.68840453e-02 -9.83064316e-01 1.81180570e-01
1317358225.879760981 5.06796741e+02 -1.33997359e+02 1.26447368e+00 -6.67604988e-03 -2.57363862e-02 -9.80125777e-01 1.96587209e-01
1317358225.983513117 5.05993888e+02 -1.34373286e+02 1.29796614e+00 -7.23369197e-03 -2.55057718e-02 -9.77074581e-01 2.11240130e-01
1317358226.087289095 5.05221739e+02 -1.34770408e+02 1.33386550e+00 -7.32932305e-03 -2.47882876e-02 -9.73836930e-01 2.25773019e-01
1317358226.191086054 5.04444006e+02 -1.35175535e+02 1.36687298e+00 -7.22544319e-03 -2.36869108e-02 -9.70416849e-01 2.40162157e-01
1317358226.294884920 5.03706926e+02 -1.35599515e+02 1.40244566e+00 -6.53910232e-03 -2.26827685e-02 -9.66697094e-01 2.54832219e-01
1317358226.398684025 5.02965154e+02 -1.36051708e+02 1.43306906e+00 -5.79611774e-03 -2.16071708e-02 -9.63072277e-01 2.68311989e-01
1317358226.502532005 5.02276203e+02 -1.36508086e+02 1.46596440e+00 -5.31905358e-03 -2.06745527e-02 -9.59438950e-01 2.81107046e-01
1317358226.606451988 5.01579211e+02 -1.37000802e+02 1.50692539e+00 -5.27616937e-03 -1.92465728e-02 -9.55900037e-01 2.93013398e-01
1317358226.710417032 5.00895355e+02 -1.37485718e+02 1.53665586e+00 -5.63391386e-03 -1.77227997e-02 -9.53049411e-01 3.02243249e-01
1317358226.814408064 5.00236280e+02 -1.37988820e+02 1.57223046e+00 -5.29469876e-03 -1.68642455e-02 -9.50191775e-01 3.11164191e-01
1317358226.918446064 4.99580662e+02 -1.38475992e+02 1.60939930e+00 -5.06019459e-03 -1.62671689e-02 -9.47757152e-01 3.18537524e-01
1317358227.022507906 4.98962075e+02 -1.38949474e+02 1.64064040e+00 -5.72570570e-03 -1.55108470e-02 -9.45784651e-01 3.24373279e-01
1317358227.126619101 4.98345655e+02 -1.39445174e+02 1.67401603e+00 -6.44400256e-03 -1.44519052e-02 -9.44477720e-01 3.28194232e-01
1317358227.230777979 4.97763969e+02 -1.39927482e+02 1.70089078e+00 -7.02625677e-03 -1.35675147e-02 -9.43478368e-01 3.31081748e-01
1317358227.334935904 4.97172075e+02 -1.40416153e+02 1.72961136e+00 -6.90016938e-03 -1.27094547e-02 -9.43131261e-01 3.32105828e-01
1317358227.439120054 4.96606858e+02 -1.40896617e+02 1.76755890e+00 -6.74533535e-03 -1.16837853e-02 -9.43129699e-01 3.32151112e-01
1317358227.543350935 4.96045685e+02 -1.41374543e+02 1.79605852e+00 -7.30591397e-03 -1.02200845e-02 -9.43848377e-01 3.30139991e-01
1317358227.647629023 4.95476859e+02 -1.41849472e+02 1.82814680e+00 -7.64389212e-03 -8.95628329e-03 -9.45417794e-01 3.25647895e-01
1317358227.751955986 4.94928433e+02 -1.42287850e+02 1.86304306e+00 -8.24844151e-03 -8.09977518e-03 -9.47878533e-01 3.18422115e-01
1317358227.856329918 4.94365497e+02 -1.42721452e+02 1.88935641e+00 -8.83476674e-03 -6.30743691e-03 -9.51072496e-01 3.08777055e-01
1317358227.960728884 4.93806201e+02 -1.43138423e+02 1.91402653e+00 -8.92274429e-03 -5.04942800e-03 -9.54833537e-01 2.96964315e-01
1317358228.065128088 4.93246167e+02 -1.43530770e+02 1.93790631e+00 -9.29248126e-03 -4.29031793e-03 -9.58998597e-01 2.83225940e-01
1317358228.169503927 4.92687876e+02 -1.43896546e+02 1.96573019e+00 -9.24818173e-03 -4.44885162e-03 -9.63285660e-01 2.68282344e-01
1317358228.273879051 4.92118834e+02 -1.44193315e+02 1.99085498e+00 -9.72577336e-03 -3.82622344e-03 -9.67820421e-01 2.51424745e-01
1317358228.378252983 4.91522083e+02 -1.44449298e+02 2.02057398e+00 -1.00225533e-02 -3.34412692e-03 -9.72681569e-01 2.31902846e-01
1317358228.482604980 4.90935086e+02 -1.44744228e+02 2.04414713e+00 -8.59422829e-03 -2.94838664e-03 -9.76865580e-01 2.13661143e-01
1317358228.586954117 4.90295988e+02 -1.44965618e+02 2.06967854e+00 -7.06621348e-03 -2.45191713e-03 -9.81160505e-01 1.93049529e-01
1317358228.691278934 4.89701212e+02 -1.45201712e+02 2.09179354e+00 -5.72499621e-03 -1.95936487e-03 -9.84889266e-01 1.73079513e-01
1317358228.795582056 4.89068777e+02 -1.45391150e+02 2.11327653e+00 -5.76206460e-03 -1.42089869e-03 -9.88544634e-01 1.50812088e-01
1317358228.899887085 4.88433609e+02 -1.45537178e+02 2.12197973e+00 -6.13298062e-03 -6.69749942e-04 -9.91915446e-01 1.26750483e-01
1317358229.004164934 4.87827726e+02 -1.45686062e+02 2.13641846e+00 -6.80321279e-03 -9.89745167e-04 -9.94562470e-01 1.03914533e-01
1317358229.108395100 4.87164524e+02 -1.45774615e+02 2.15428143e+00 -6.71812268e-03 -2.92996898e-03 -9.96863623e-01 7.87984671e-02
1317358229.212601900 4.86509331e+02 -1.45809260e+02 2.17297105e+00 -5.81034256e-03 -5.03295420e-03 -9.98466137e-01 5.48295700e-02
1317358229.316785097 4.85889355e+02 -1.45842764e+02 2.19086403e+00 -5.05588438e-03 -5.67638752e-03 -9.99491140e-01 3.09786652e-02
1317358229.420919895 4.85246958e+02 -1.45812437e+02 2.19999174e+00 -5.43207094e-03 -5.59727537e-03 -9.99949352e-01 6.36053615e-03
1317358229.525032043 4.84641509e+02 -1.45768343e+02 2.21574639e+00 -4.91893312e-03 -5.87269413e-03 -9.99821188e-01 -1.72889251e-02
1317358229.629139900 4.84010614e+02 -1.45699213e+02 2.23375952e+00 -4.43567570e-03 -5.60422016e-03 -9.99112604e-01 -4.15080908e-02
1317358229.733252048 4.83422287e+02 -1.45610524e+02 2.24658164e+00 -4.24465722e-03 -6.20797658e-03 -9.97813101e-01 -6.56693180e-02
1317358229.837388039 4.82819709e+02 -1.45503270e+02 2.25621187e+00 -4.01352932e-03 -6.63174876e-03 -9.95847627e-01 -9.07050974e-02
1317358229.941524029 4.82227785e+02 -1.45365071e+02 2.27389398e+00 -3.38123685e-03 -6.82336162e-03 -9.93220530e-01 -1.15995638e-01
1317358230.045609951 4.81657331e+02 -1.45198952e+02 2.29092256e+00 -3.54839907e-03 -7.06200518e-03 -9.90024524e-01 -1.40673305e-01
1317358230.149672985 4.81082135e+02 -1.44993014e+02 2.29279151e+00 -3.55797580e-03 -7.10472081e-03 -9.86025694e-01 -1.66403711e-01
1317358230.253709078 4.80528158e+02 -1.44742689e+02 2.29849819e+00 -3.39603827e-03 -8.33849228e-03 -9.81611336e-01 -1.90678059e-01
1317358230.357700109 4.80006970e+02 -1.44490882e+02 2.30299160e+00 -2.78892424e-03 -1.03134830e-02 -9.76766957e-01 -2.14037768e-01
1317358230.461667061 4.79486334e+02 -1.44195142e+02 2.31009718e+00 -1.35417852e-03 -1.16619941e-02 -9.71219139e-01 -2.37898187e-01
1317358230.565609932 4.79024554e+02 -1.43912735e+02 2.31488827e+00 -3.70041342e-04 -1.30662826e-02 -9.65642931e-01 -2.59543570e-01
1317358230.669553995 4.78601050e+02 -1.43602675e+02 2.32753040e+00 3.48086064e-04 -1.50576855e-02 -9.59568518e-01 -2.81071884e-01
1317358230.773497105 4.78197281e+02 -1.43300340e+02 2.32723724e+00 7.72303221e-04 -1.63562386e-02 -9.53117225e-01 -3.02157960e-01
1317358230.877389908 4.77841500e+02 -1.43016402e+02 2.32692760e+00 1.48376702e-03 -1.69382439e-02 -9.46429100e-01 -3.22463724e-01
1317358230.981286049 4.77510302e+02 -1.42727060e+02 2.32970701e+00 2.19798143e-03 -1.74223284e-02 -9.39435454e-01 -3.42275706e-01
1317358231.085228920 4.77208345e+02 -1.42437147e+02 2.34162439e+00 3.81809376e-03 -1.71123285e-02 -9.31975906e-01 -3.62095984e-01
1317358231.189171076 4.76924458e+02 -1.42154317e+02 2.33887777e+00 5.08002398e-03 -1.67240308e-02 -9.23963854e-01 -3.82080223e-01
1317358231.293088913 4.76669922e+02 -1.41861849e+02 2.33260077e+00 6.04220979e-03 -1.73065569e-02 -9.15442392e-01 -4.02031344e-01
1317358231.397032022 4.76448697e+02 -1.41571492e+02 2.33151925e+00 6.21632683e-03 -1.76667748e-02 -9.06431267e-01 -4.21937911e-01
1317358231.501024008 4.76246912e+02 -1.41275822e+02 2.33311565e+00 6.32580971e-03 -1.77292426e-02 -8.96616182e-01 -4.42408274e-01
1317358231.605037928 4.76052902e+02 -1.40983617e+02 2.33511273e+00 7.37669800e-03 -1.66372381e-02 -8.86033654e-01 -4.63263587e-01
1317358231.709100962 4.75881181e+02 -1.40663738e+02 2.33073234e+00 9.26909614e-03 -1.51042602e-02 -8.74291725e-01 -4.85077235e-01
1317358231.813213110 4.75740968e+02 -1.40358965e+02 2.31568068e+00 1.17098797e-02 -1.41791961e-02 -8.61161919e-01 -5.07998010e-01
1317358231.917346954 4.75604390e+02 -1.40046162e+02 2.30719246e+00 1.33053910e-02 -1.41327251e-02 -8.46623062e-01 -5.31838907e-01
1317358232.021503925 4.75503752e+02 -1.39728029e+02 2.30423778e+00 1.44987838e-02 -1.40009874e-02 -8.30704748e-01 -5.56348253e-01
1317358232.125664949 4.75443427e+02 -1.39407341e+02 2.28821092e+00 1.51160954e-02 -1.43463596e-02 -8.13991849e-01 -5.80502330e-01
1317358232.229800940 4.75381469e+02 -1.39080258e+02 2.27785185e+00 1.53070568e-02 -1.50482070e-02 -7.96541352e-01 -6.04202880e-01
1317358232.333909988 4.75354308e+02 -1.38750593e+02 2.26890337e+00 1.61871333e-02 -1.55276342e-02 -7.78304719e-01 -6.27485963e-01
1317358232.437994957 4.75324984e+02 -1.38427058e+02 2.26872280e+00 1.73715191e-02 -1.44104131e-02 -7.59745378e-01 -6.49828847e-01
1317358232.542057037 4.75309438e+02 -1.38093865e+02 2.25397469e+00 1.87211175e-02 -1.26940177e-02 -7.40114391e-01 -6.72100491e-01
1317358232.646121025 4.75317128e+02 -1.37768904e+02 2.24447473e+00 1.98671374e-02 -1.08891402e-02 -7.19733901e-01 -6.93880275e-01
1317358232.750184059 4.75344630e+02 -1.37435100e+02 2.23031798e+00 2.08242105e-02 -9.82248478e-03 -6.98020338e-01 -7.15707677e-01
1317358232.854247093 4.75415359e+02 -1.37113897e+02 2.21872057e+00 2.04305224e-02 -8.80857329e-03 -6.75884229e-01 -7.36671916e-01
1317358232.958285093 4.75502174e+02 -1.36772994e+02 2.20352305e+00 1.97165994e-02 -9.19518975e-03 -6.53234702e-01 -7.56842869e-01
1317358233.062275887 4.75619875e+02 -1.36430532e+02 2.18815703e+00 1.93716205e-02 -9.74879323e-03 -6.30012148e-01 -7.76282420e-01
1317358233.166220903 4.75746480e+02 -1.36060722e+02 2.18424019e+00 2.06347939e-02 -1.05990934e-02 -6.07198234e-01 -7.94211665e-01
1317358233.270139933 4.75886100e+02 -1.35690187e+02 2.17315208e+00 2.26672216e-02 -1.08957265e-02 -5.85240966e-01 -8.10469303e-01
1317358233.374010086 4.76046881e+02 -1.35296504e+02 2.14425702e+00 2.37327279e-02 -1.20860797e-02 -5.64311902e-01 -8.25131966e-01
1317358233.477807999 4.76241933e+02 -1.34929505e+02 2.13732475e+00 2.41594284e-02 -1.37637875e-02 -5.44657655e-01 -8.38197423e-01
1317358233.581558943 4.76444112e+02 -1.34549692e+02 2.13561857e+00 2.66416183e-02 -1.44393167e-02 -5.25393314e-01 -8.50319702e-01
1317358233.685286045 4.76640043e+02 -1.34153628e+02 2.11989644e+00 3.03220381e-02 -1.47982557e-02 -5.06792628e-01 -8.61407463e-01
1317358233.789014101 4.76872306e+02 -1.33770739e+02 2.10604333e+00 3.47491400e-02 -1.36791417e-02 -4.89416790e-01 -8.71250012e-01
1317358233.892751932 4.77119134e+02 -1.33370805e+02 2.06742950e+00 3.69107260e-02 -1.46567363e-02 -4.72120090e-01 -8.80639199e-01
1317358233.996454000 4.77407889e+02 -1.32979515e+02 2.02562599e+00 3.61152388e-02 -1.65169405e-02 -4.55822066e-01 -8.89184528e-01
1317358234.100122929 4.77725726e+02 -1.32609088e+02 2.01000273e+00 3.35474457e-02 -1.83345084e-02 -4.40879268e-01 -8.96751853e-01
1317358234.203800917 4.78053916e+02 -1.32203416e+02 1.98883529e+00 3.57176208e-02 -1.77977385e-02 -4.26530453e-01 -9.03592422e-01
1317358234.307455063 4.78381247e+02 -1.31782900e+02 1.97075463e+00 3.91349391e-02 -1.55184154e-02 -4.14426717e-01 -9.09108427e-01
1317358234.411084890 4.78738896e+02 -1.31367614e+02 1.93148273e+00 4.11032003e-02 -1.20511866e-02 -4.04824020e-01 -9.13390830e-01
1317358234.514692068 4.79114214e+02 -1.30938534e+02 1.90726277e+00 4.08290319e-02 -9.72578749e-03 -3.96935155e-01 -9.16886515e-01
1317358234.618300915 4.79509040e+02 -1.30533471e+02 1.87861509e+00 3.88513082e-02 -1.02389162e-02 -3.89997500e-01 -9.19938960e-01
1317358234.721955061 4.79933342e+02 -1.30113131e+02 1.85322518e+00 4.00439401e-02 -1.14053767e-02 -3.84299323e-01 -9.22269175e-01
1317358234.825633049 4.80349401e+02 -1.29675831e+02 1.83070431e+00 4.21949276e-02 -1.15608128e-02 -3.79588130e-01 -9.24120548e-01
1317358234.929311037 4.80801041e+02 -1.29227427e+02 1.80295000e+00 4.41813945e-02 -1.12725627e-02 -3.75466967e-01 -9.25713503e-01
1317358235.033014059 4.81241529e+02 -1.28775922e+02 1.77314592e+00 4.49182745e-02 -9.87617440e-03 -3.71955238e-01 -9.27110625e-01
1317358235.136742115 4.81691166e+02 -1.28320172e+02 1.74957080e+00 4.59530517e-02 -6.21821594e-03 -3.69001181e-01 -9.28271393e-01
1317358235.240468979 4.82154560e+02 -1.27866853e+02 1.72172360e+00 4.59738117e-02 -2.03200850e-03 -3.66918972e-01 -9.29113958e-01
1317358235.344196081 4.82634090e+02 -1.27408593e+02 1.68736260e+00 4.55943131e-02 4.12091091e-05 -3.65739026e-01 -9.29599980e-01
1317358235.447922945 4.83147400e+02 -1.26928855e+02 1.66994238e+00 4.57881218e-02 7.82896700e-04 -3.64617735e-01 -9.30030506e-01
1317358235.551697016 4.83690946e+02 -1.26466941e+02 1.64828038e+00 5.06695367e-02 1.90236166e-03 -3.63838023e-01 -9.30081110e-01
1317358235.655493975 4.84203160e+02 -1.25962672e+02 1.63616368e+00 5.29448383e-02 2.60848314e-03 -3.63252547e-01 -9.30181502e-01
1317358235.759293079 4.84787325e+02 -1.25453820e+02 1.61564428e+00 5.47906934e-02 3.43266761e-03 -3.62867571e-01 -9.30222190e-01
1317358235.863140106 4.85330515e+02 -1.24959292e+02 1.58858559e+00 5.52119303e-02 3.12461131e-03 -3.62216336e-01 -9.30452151e-01
1317358235.967010021 4.85890704e+02 -1.24427276e+02 1.57157430e+00 5.69770046e-02 2.31092301e-03 -3.61133380e-01 -9.30769017e-01
1317358236.070880890 4.86462426e+02 -1.23892674e+02 1.54581593e+00 5.89327674e-02 1.99292919e-03 -3.60179660e-01 -9.31017492e-01
1317358236.174777031 4.87030427e+02 -1.23354354e+02 1.51732907e+00 6.12435469e-02 2.05851631e-03 -3.59177726e-01 -9.31255256e-01
1317358236.278670073 4.87612827e+02 -1.22831248e+02 1.48963420e+00 6.05621818e-02 1.53229344e-03 -3.58298293e-01 -9.31639526e-01
1317358236.382515907 4.88201004e+02 -1.22285777e+02 1.47725357e+00 6.04157764e-02 2.52328178e-03 -3.57716095e-01 -9.31870572e-01
1317358236.486365080 4.88808968e+02 -1.21751910e+02 1.45270668e+00 6.01936790e-02 3.82060891e-03 -3.57267745e-01 -9.32052510e-01
1317358236.590235949 4.89403523e+02 -1.21200407e+02 1.43655599e+00 6.14540687e-02 4.36792645e-03 -3.57496003e-01 -9.31880317e-01
1317358236.694107056 4.90030829e+02 -1.20645624e+02 1.39020431e+00 6.26308238e-02 2.06674520e-03 -3.56565699e-01 -9.32166300e-01
1317358236.798002958 4.90647888e+02 -1.20086402e+02 1.36768024e+00 6.42230421e-02 -1.96670573e-04 -3.55572431e-01 -9.32439601e-01
1317358236.901896954 4.91282679e+02 -1.19504133e+02 1.32454863e+00 6.51065203e-02 -1.31811529e-03 -3.55046004e-01 -9.32578007e-01
1317358237.005790949 4.91935125e+02 -1.18927412e+02 1.30672867e+00 6.50595321e-02 -1.45583162e-03 -3.53752913e-01 -9.33072352e-01
1317358237.109710932 4.92579061e+02 -1.18354329e+02 1.25929476e+00 6.38714277e-02 -5.52624692e-04 -3.54069681e-01 -9.33035260e-01
1317358237.213606119 4.93238978e+02 -1.17773080e+02 1.22850088e+00 6.33953882e-02 -9.40830456e-04 -3.54198251e-01 -9.33018616e-01
1317358237.317473888 4.93900192e+02 -1.17164216e+02 1.20011357e+00 6.52777644e-02 -7.69058906e-04 -3.54717145e-01 -9.32691787e-01
1317358237.421345949 4.94572484e+02 -1.16573668e+02 1.14890080e+00 6.55365136e-02 -9.80625633e-04 -3.54469727e-01 -9.32767504e-01
1317358237.525192976 4.95277624e+02 -1.15959241e+02 1.10783167e+00 6.37441866e-02 -6.44446253e-04 -3.54376895e-01 -9.32927264e-01
1317358237.629039049 4.95964367e+02 -1.15336586e+02 1.08266805e+00 6.35910586e-02 1.52198534e-03 -3.56058756e-01 -9.32296103e-01
1317358237.732886076 4.96668286e+02 -1.14692053e+02 1.03325432e+00 6.22339635e-02 8.03665603e-05 -3.56515956e-01 -9.32214192e-01
1317358237.836685896 4.97375074e+02 -1.14053885e+02 9.89968671e-01 6.29964491e-02 -4.53855698e-03 -3.58525444e-01 -9.31380886e-01
1317358237.940485954 4.98095707e+02 -1.13416183e+02 9.20884405e-01 5.96395256e-02 -1.33529748e-02 -3.60412658e-01 -9.30788666e-01
1317358238.044307947 4.98833020e+02 -1.12795752e+02 8.96419093e-01 5.52410637e-02 -2.05864968e-02 -3.61970546e-01 -9.30323570e-01
1317358238.148104906 4.99545763e+02 -1.12159936e+02 8.28249072e-01 5.01561804e-02 -2.47443436e-02 -3.64091230e-01 -9.29682554e-01
1317358238.251903057 5.00266736e+02 -1.11518240e+02 7.86439864e-01 4.65301390e-02 -2.58075962e-02 -3.65317863e-01 -9.29360949e-01
1317358238.355751991 5.00961504e+02 -1.10888917e+02 7.16524820e-01 4.22148153e-02 -2.30365589e-02 -3.66371372e-01 -9.29225077e-01
1317358238.459598064 5.01624884e+02 -1.10239307e+02 6.74788545e-01 4.22240010e-02 -1.76837068e-02 -3.68202732e-01 -9.28617881e-01
1317358238.563442945 5.02309890e+02 -1.09570689e+02 6.19052931e-01 4.47385695e-02 -1.31134156e-02 -3.69188210e-01 -9.28184553e-01
1317358238.667313099 5.03026016e+02 -1.08873566e+02 5.64289324e-01 4.70037469e-02 -9.69423202e-03 -3.69414195e-01 -9.28024688e-01
1317358238.771209002 5.03708036e+02 -1.08209814e+02 5.16278403e-01 4.94293872e-02 -9.76113965e-03 -3.69310888e-01 -9.27939073e-01
1317358238.875128984 5.04389055e+02 -1.07553838e+02 4.75155865e-01 5.22720574e-02 -1.21098696e-02 -3.68576287e-01 -9.28047684e-01
1317358238.979022980 5.05081662e+02 -1.06901047e+02 4.26958296e-01 5.20444138e-02 -1.39302690e-02 -3.68169522e-01 -9.28196385e-01
1317358239.082916975 5.05844010e+02 -1.06216274e+02 3.97622267e-01 5.14295133e-02 -1.33910201e-02 -3.67072008e-01 -9.28673154e-01
1317358239.186837912 5.06547781e+02 -1.05559723e+02 3.54937323e-01 5.00750169e-02 -1.34707929e-02 -3.67057089e-01 -9.28751917e-01
1317358239.290756941 5.07382599e+02 -1.04837198e+02 3.01501294e-01 4.47248833e-02 -1.72007086e-02 -3.65250217e-01 -9.29675266e-01
1317358239.394649982 5.08180928e+02 -1.04110289e+02 2.41281458e-01 4.30652879e-02 -1.76401652e-02 -3.65413097e-01 -9.29681383e-01
1317358239.498543978 5.08913365e+02 -1.03433310e+02 1.94196391e-01 4.39345595e-02 -1.75611601e-02 -3.66783748e-01 -9.29102278e-01
1317358239.602438927 5.09674744e+02 -1.02730638e+02 1.31371956e-01 4.35506053e-02 -2.02740297e-02 -3.67776361e-01 -9.28672632e-01
1317358239.706335068 5.10439493e+02 -1.02027009e+02 6.33598140e-02 4.07034386e-02 -2.27063508e-02 -3.67791586e-01 -9.28739469e-01
1317358239.810276031 5.11182545e+02 -1.01328293e+02 8.86052049e-03 3.86035469e-02 -2.18859902e-02 -3.67652952e-01 -9.28903696e-01
1317358239.914266109 5.11933631e+02 -1.00607449e+02 -4.95007035e-02 3.60614749e-02 -1.85919940e-02 -3.66770777e-01 -9.29426224e-01
1317358240.018256903 5.12674451e+02 -9.98926027e+01 -9.42303622e-02 3.71426309e-02 -1.61596259e-02 -3.66173763e-01 -9.29664491e-01
1317358240.122200966 5.13431232e+02 -9.91754930e+01 -1.48145601e-01 3.57469898e-02 -1.76736004e-02 -3.64810292e-01 -9.30227524e-01
1317358240.226144075 5.14175624e+02 -9.84759055e+01 -1.89717913e-01 3.69058462e-02 -1.99513186e-02 -3.63566533e-01 -9.30623060e-01
1317358240.330086946 5.14936554e+02 -9.77803623e+01 -2.51373691e-01 3.56289482e-02 -2.16370113e-02 -3.62786718e-01 -9.30939426e-01
1317358240.433981895 5.15690329e+02 -9.70736645e+01 -2.93986771e-01 3.63177125e-02 -2.00685184e-02 -3.62084423e-01 -9.31221321e-01
1317358240.537851095 5.16449597e+02 -9.63664699e+01 -3.42006735e-01 3.86555575e-02 -1.90258725e-02 -3.62243070e-01 -9.31087387e-01
1317358240.641746998 5.17183164e+02 -9.57042636e+01 -3.95665517e-01 3.90626249e-02 -2.00110849e-02 -3.62257034e-01 -9.31044311e-01
1317358240.745641947 5.17935764e+02 -9.50075587e+01 -4.45915783e-01 4.03285828e-02 -2.09303068e-02 -3.62359429e-01 -9.30930272e-01
1317358240.849514008 5.18658773e+02 -9.43323961e+01 -4.98720470e-01 4.01097040e-02 -2.07730844e-02 -3.62044359e-01 -9.31065826e-01
1317358240.953408957 5.19399245e+02 -9.36556641e+01 -5.48524535e-01 3.88308344e-02 -2.03879769e-02 -3.61789953e-01 -9.31227430e-01
1317358241.057303905 5.20157783e+02 -9.29778793e+01 -5.90158329e-01 3.65350118e-02 -2.03738046e-02 -3.61182749e-01 -9.31556291e-01
1317358241.161197901 5.20895183e+02 -9.23023297e+01 -6.44302570e-01 3.57861109e-02 -1.90604999e-02 -3.61372202e-01 -9.31539684e-01
1317358241.265091896 5.21633925e+02 -9.16063358e+01 -6.97977789e-01 3.63364251e-02 -1.41209668e-02 -3.61415457e-01 -9.31589571e-01
1317358241.368984938 5.22343476e+02 -9.09254915e+01 -7.47986102e-01 3.62171825e-02 -1.11116213e-02 -3.61292932e-01 -9.31682491e-01
1317358241.472929001 5.23052461e+02 -9.02253374e+01 -7.76148449e-01 4.14401760e-02 -7.80375351e-03 -3.61385260e-01 -9.31462563e-01
1317358241.576874018 5.23755630e+02 -8.95425509e+01 -8.09937574e-01 4.64597381e-02 -5.78120136e-03 -3.61720180e-01 -9.31110403e-01
1317358241.680767059 5.24471486e+02 -8.88521356e+01 -8.31300130e-01 5.11315715e-02 -2.77421652e-03 -3.62353655e-01 -9.30632954e-01
1317358241.784661055 5.25185278e+02 -8.81617554e+01 -8.74159335e-01 5.25203480e-02 -1.69537946e-03 -3.63620005e-01 -9.30064100e-01
1317358241.888556957 5.25930179e+02 -8.74656157e+01 -9.18424454e-01 5.19416554e-02 -4.03475897e-03 -3.64395129e-01 -9.29785984e-01
1317358241.992453098 5.26662887e+02 -8.67722943e+01 -9.63128974e-01 5.24931197e-02 -8.95953243e-03 -3.65085921e-01 -9.29449552e-01
1317358242.096365929 5.27388530e+02 -8.60798415e+01 -1.00322937e+00 5.09618803e-02 -1.20591284e-02 -3.65848848e-01 -9.29199701e-01
1317358242.200308084 5.28110589e+02 -8.53949378e+01 -1.04044850e+00 4.75023674e-02 -1.01002860e-02 -3.66372238e-01 -9.29200136e-01
1317358242.304279089 5.28861791e+02 -8.47179294e+01 -1.06863725e+00 4.34168429e-02 -5.48498970e-03 -3.66237689e-01 -9.29491715e-01
1317358242.408246040 5.29580560e+02 -8.40281635e+01 -1.08741809e+00 4.28320246e-02 -8.14354723e-04 -3.66708096e-01 -9.29349195e-01
1317358242.512212992 5.30345380e+02 -8.33717489e+01 -1.11397171e+00 4.18281520e-02 -8.76164712e-04 -3.65949336e-01 -9.29693886e-01
1317358242.616180897 5.31112160e+02 -8.26934219e+01 -1.15321608e+00 4.41452093e-02 -1.92581690e-03 -3.65327998e-01 -9.29829525e-01
1317358242.720150948 5.31859393e+02 -8.19768983e+01 -1.17675407e+00 4.54215565e-02 -4.44204363e-03 -3.64694140e-01 -9.30008244e-01
1317358242.824115992 5.32645604e+02 -8.12514828e+01 -1.21422925e+00 4.44865055e-02 -6.33061446e-03 -3.63348676e-01 -9.30568973e-01
1317358242.928056002 5.33416375e+02 -8.05452457e+01 -1.25295432e+00 4.06242448e-02 -6.91206007e-03 -3.62886679e-01 -9.30921668e-01
1317358243.031979084 5.34174728e+02 -7.98389593e+01 -1.26672457e+00 3.81946741e-02 -6.32137675e-03 -3.64378356e-01 -9.30445926e-01
1317358243.135899067 5.34974461e+02 -7.91330162e+01 -1.31283938e+00 3.84968069e-02 -7.51784118e-03 -3.65017244e-01 -9.30174118e-01
1317358243.239810944 5.35741830e+02 -7.84271250e+01 -1.35138177e+00 3.84682544e-02 -9.82330866e-03 -3.66021384e-01 -9.29759131e-01
1317358243.343729019 5.36516068e+02 -7.77003214e+01 -1.39124448e+00 3.87933079e-02 -1.14879813e-02 -3.66788751e-01 -9.29424078e-01
1317358243.447673082 5.37320085e+02 -7.69421476e+01 -1.41167860e+00 3.52083791e-02 -1.20302869e-02 -3.66456652e-01 -9.29690897e-01
1317358243.551615953 5.38111661e+02 -7.61923778e+01 -1.46768538e+00 3.40490617e-02 -1.28620049e-02 -3.66335456e-01 -9.29770705e-01
1317358243.655556917 5.38886276e+02 -7.54795243e+01 -1.50890517e+00 3.20584419e-02 -1.33888873e-02 -3.65887221e-01 -9.30010503e-01
1317358243.759500027 5.39659402e+02 -7.47639295e+01 -1.53744888e+00 3.02473638e-02 -1.06383835e-02 -3.66124679e-01 -9.30013248e-01
1317358243.863444090 5.40442128e+02 -7.40578559e+01 -1.55586480e+00 2.88155009e-02 -6.78329503e-03 -3.65668162e-01 -9.30274394e-01
1317358243.967410088 5.41220760e+02 -7.33424564e+01 -1.58006017e+00 2.71393764e-02 -7.01332942e-03 -3.65345612e-01 -9.30449811e-01
1317358244.071377993 5.42002732e+02 -7.26094571e+01 -1.60664774e+00 2.86388692e-02 -8.84921103e-03 -3.65258584e-01 -9.30423384e-01
1317358244.175322056 5.42764285e+02 -7.18727330e+01 -1.63154632e+00 3.08321175e-02 -1.00629307e-02 -3.64394333e-01 -9.30679799e-01
1317358244.279263973 5.43522657e+02 -7.11459834e+01 -1.66490581e+00 3.30505614e-02 -1.02264453e-02 -3.64163796e-01 -9.30692113e-01
1317358244.383207083 5.44282649e+02 -7.04191951e+01 -1.69242962e+00 3.60872869e-02 -9.73712333e-03 -3.64281563e-01 -9.30538467e-01
1317358244.487148046 5.45063744e+02 -6.97026029e+01 -1.73545856e+00 3.99641351e-02 -9.93432066e-03 -3.63309835e-01 -9.30757831e-01
1317358244.591089010 5.45837679e+02 -6.89768980e+01 -1.77583916e+00 4.21529710e-02 -1.08362162e-02 -3.63516400e-01 -9.30570540e-01
1317358244.694984913 5.46584195e+02 -6.82695737e+01 -1.80835735e+00 4.40702092e-02 -9.59360510e-03 -3.64459528e-01 -9.30126353e-01
1317358244.798880100 5.47351131e+02 -6.75664842e+01 -1.85566911e+00 4.37060913e-02 -9.10732350e-03 -3.65154861e-01 -9.29875670e-01
1317358244.902798891 5.48118054e+02 -6.68513214e+01 -1.87454008e+00 4.35011531e-02 -7.44521813e-03 -3.66583796e-01 -9.29337688e-01
1317358245.006716967 5.48853453e+02 -6.61357662e+01 -1.90285262e+00 4.59860441e-02 -5.60875982e-03 -3.67196467e-01 -9.28989010e-01
1317358245.110658884 5.49595113e+02 -6.54357773e+01 -1.93236466e+00 4.55259659e-02 -5.61170022e-03 -3.66521229e-01 -9.29278260e-01
1317358245.214626074 5.50332388e+02 -6.47070538e+01 -1.95882412e+00 4.78263709e-02 -5.62853124e-03 -3.65046781e-01 -9.29742871e-01
1317358245.318571091 5.51065597e+02 -6.39938976e+01 -1.98984619e+00 5.04836493e-02 -6.19520188e-03 -3.64919299e-01 -9.29648818e-01
1317358245.422489882 5.51805374e+02 -6.32920370e+01 -2.01255928e+00 5.14446815e-02 -6.21103656e-03 -3.64778876e-01 -9.29651139e-01
1317358245.526408911 5.52535876e+02 -6.25999543e+01 -2.03761005e+00 5.18082136e-02 -5.61842957e-03 -3.64677922e-01 -9.29674328e-01
1317358245.630327940 5.53259467e+02 -6.19184022e+01 -2.07169931e+00 4.99632459e-02 -4.20517285e-03 -3.64183474e-01 -9.29976552e-01
1317358245.734247923 5.53965261e+02 -6.12298737e+01 -2.09014710e+00 5.07325802e-02 -2.81304529e-03 -3.64381282e-01 -9.29862664e-01
1317358245.838165998 5.54710494e+02 -6.05898995e+01 -2.14382182e+00 4.84434128e-02 -4.05526622e-03 -3.63795383e-01 -9.30209498e-01
1317358245.942061901 5.55444989e+02 -5.98985465e+01 -2.17174618e+00 5.04585909e-02 -6.29731591e-03 -3.64272373e-01 -9.29903174e-01
1317358246.045932055 5.56203330e+02 -5.92062605e+01 -2.21891327e+00 5.16985384e-02 -1.23871480e-02 -3.64832268e-01 -9.29554321e-01
1317358246.149801016 5.56942274e+02 -5.85112482e+01 -2.26012124e+00 5.22223083e-02 -1.64820531e-02 -3.66150213e-01 -9.28943052e-01
1317358246.253673077 5.57710116e+02 -5.78312528e+01 -2.31212616e+00 4.75794983e-02 -1.54760610e-02 -3.67802315e-01 -9.28557020e-01
1317358246.357542992 5.58444052e+02 -5.71625068e+01 -2.37054954e+00 4.09848449e-02 -9.63095280e-03 -3.68121182e-01 -9.28824140e-01
1317358246.461437941 5.59142285e+02 -5.64815869e+01 -2.39719236e+00 4.08359195e-02 -2.31595466e-03 -3.68392944e-01 -9.28769994e-01
1317358246.565357924 5.59858337e+02 -5.58076006e+01 -2.42509932e+00 3.92748109e-02 1.22414647e-03 -3.66735979e-01 -9.29494869e-01
1317358246.669251919 5.60568033e+02 -5.51166090e+01 -2.46341265e+00 4.42174305e-02 -1.15900115e-04 -3.66170906e-01 -9.29496462e-01
1317358246.773121119 5.61284638e+02 -5.44529550e+01 -2.47460607e+00 4.64556384e-02 -3.05184155e-03 -3.64800656e-01 -9.29920987e-01
1317358246.877019882 5.61979029e+02 -5.37874624e+01 -2.50949057e+00 4.74099899e-02 -6.46586435e-03 -3.64325273e-01 -9.30041709e-01
1317358246.980916023 5.62674114e+02 -5.31191552e+01 -2.53527637e+00 4.77670935e-02 -6.00257248e-03 -3.64286876e-01 -9.30041583e-01
1317358247.084784031 5.63367307e+02 -5.24762839e+01 -2.58221933e+00 4.60568211e-02 -8.49332277e-03 -3.64353329e-01 -9.30082407e-01
1317358247.188677073 5.64062308e+02 -5.18233110e+01 -2.60184881e+00 4.48139209e-02 -8.11460694e-03 -3.64241879e-01 -9.30190152e-01
1317358247.292573929 5.64767706e+02 -5.11894270e+01 -2.61387439e+00 4.33815357e-02 -8.33818909e-03 -3.63959115e-01 -9.30366744e-01
1317358247.396469116 5.65447799e+02 -5.05423177e+01 -2.64343506e+00 4.33734636e-02 -7.24388824e-03 -3.63940659e-01 -9.30383504e-01
1317358247.500385046 5.66141047e+02 -4.99009267e+01 -2.67112874e+00 4.23583622e-02 -7.59033682e-03 -3.63713183e-01 -9.30516457e-01
1317358247.604304075 5.66829756e+02 -4.92552669e+01 -2.69571131e+00 4.21319835e-02 -8.98537488e-03 -3.63956123e-01 -9.30419314e-01
1317358247.708223104 5.67552206e+02 -4.86163205e+01 -2.73159396e+00 4.11314043e-02 -1.09128176e-02 -3.63516618e-01 -9.30615273e-01
1317358247.812139988 5.68265093e+02 -4.79832477e+01 -2.76200998e+00 3.94598000e-02 -1.26541029e-02 -3.62842474e-01 -9.30928642e-01
1317358247.916081905 5.68945455e+02 -4.73444626e+01 -2.77776551e+00 3.92081555e-02 -1.23093702e-02 -3.62015164e-01 -9.31265924e-01
1317358248.020047903 5.69626047e+02 -4.67329679e+01 -2.81263178e+00 3.75272947e-02 -1.18797371e-02 -3.60804921e-01 -9.31810272e-01
1317358248.123990059 5.70303048e+02 -4.61009520e+01 -2.82683314e+00 3.63467174e-02 -8.49562756e-03 -3.60360730e-01 -9.32065923e-01
1317358248.227910995 5.70974469e+02 -4.54796090e+01 -2.87786921e+00 3.43183278e-02 -6.60438603e-03 -3.60661320e-01 -9.32041869e-01
1317358248.331784964 5.71656016e+02 -4.48464084e+01 -2.88060110e+00 3.41043570e-02 -7.47365879e-03 -3.62021980e-01 -9.31515498e-01
1317358248.435632944 5.72329578e+02 -4.42031840e+01 -2.91847489e+00 3.67855396e-02 -1.03511746e-02 -3.63481609e-01 -9.30817274e-01
1317358248.539526939 5.72996703e+02 -4.35724512e+01 -2.94865381e+00 3.73652763e-02 -1.35822554e-02 -3.65101351e-01 -9.30118467e-01
1317358248.643445015 5.73658957e+02 -4.29605391e+01 -2.99003629e+00 3.56329433e-02 -1.49551142e-02 -3.66460395e-01 -9.29630796e-01
1317358248.747386932 5.74315682e+02 -4.23286628e+01 -3.01698006e+00 3.63325896e-02 -1.47207789e-02 -3.66658634e-01 -9.29529283e-01
1317358248.851331949 5.74978616e+02 -4.17161916e+01 -3.06509488e+00 3.77096926e-02 -1.46876759e-02 -3.66870739e-01 -9.29391259e-01
1317358248.955275059 5.75632700e+02 -4.10930712e+01 -3.08502896e+00 3.63988529e-02 -1.37636067e-02 -3.66920984e-01 -9.29437829e-01
1317358249.059215069 5.76280251e+02 -4.04851081e+01 -3.12989041e+00 3.55186682e-02 -1.52677459e-02 -3.66787854e-01 -9.29500936e-01
1317358249.163156986 5.76926420e+02 -3.98635807e+01 -3.16582751e+00 3.57633185e-02 -1.57471930e-02 -3.66974274e-01 -9.29409971e-01
1317358249.267124891 5.77579331e+02 -3.92647119e+01 -3.19789653e+00 3.62766194e-02 -1.45968353e-02 -3.66744646e-01 -9.29499491e-01
1317358249.371068001 5.78212506e+02 -3.86423067e+01 -3.21951701e+00 3.62589056e-02 -1.22588950e-02 -3.67391278e-01 -9.29278570e-01
1317358249.475011110 5.78848979e+02 -3.80257409e+01 -3.25559545e+00 3.71708768e-02 -1.11090016e-02 -3.68069034e-01 -9.28988753e-01
1317358249.578970909 5.79493145e+02 -3.74076476e+01 -3.29066049e+00 3.82533717e-02 -1.29967174e-02 -3.68491277e-01 -9.28752897e-01
1317358249.682913065 5.80144607e+02 -3.68041467e+01 -3.34639406e+00 3.87181959e-02 -1.52935149e-02 -3.68344003e-01 -9.28757075e-01
1317358249.786861897 5.80776714e+02 -3.61953347e+01 -3.37677301e+00 3.88893148e-02 -1.50772383e-02 -3.68599868e-01 -9.28651945e-01
1317358249.890829086 5.81423672e+02 -3.56279150e+01 -3.42253041e+00 3.90188177e-02 -1.15590481e-02 -3.68156225e-01 -9.28872927e-01
1317358249.994796991 5.82067569e+02 -3.50131709e+01 -3.44997212e+00 3.79041809e-02 -8.46565448e-03 -3.68299618e-01 -9.28895579e-01
1317358250.098763943 5.82696715e+02 -3.44085876e+01 -3.48083667e+00 3.92489842e-02 -7.52435312e-03 -3.68224866e-01 -9.28877467e-01
1317358250.202730894 5.83348744e+02 -3.37752473e+01 -3.50627338e+00 3.99718539e-02 -7.98908233e-03 -3.68046774e-01 -9.28913342e-01
1317358250.306674004 5.84020310e+02 -3.31486214e+01 -3.55377818e+00 3.94482441e-02 -9.68960913e-03 -3.67107533e-01 -9.29291131e-01
1317358250.410590887 5.84697346e+02 -3.25113487e+01 -3.59130542e+00 4.08334231e-02 -1.11743753e-02 -3.67053782e-01 -9.29235861e-01
1317358250.514509916 5.85355789e+02 -3.18800227e+01 -3.63136032e+00 4.06357644e-02 -1.19627849e-02 -3.67783759e-01 -9.28946033e-01
1317358250.618452072 5.86035831e+02 -3.12571182e+01 -3.66039186e+00 4.00221819e-02 -9.57009406e-03 -3.67746966e-01 -9.29014966e-01
1317358250.722394943 5.86707732e+02 -3.06176776e+01 -3.69011902e+00 3.91296451e-02 -7.17757727e-03 -3.68540902e-01 -9.28759902e-01
1317358250.826338053 5.87398829e+02 -2.99735585e+01 -3.73486878e+00 4.00069337e-02 -6.18889776e-03 -3.68016628e-01 -9.28937514e-01
1317358250.930282116 5.88058980e+02 -2.93532285e+01 -3.76990105e+00 4.01078513e-02 -7.82648988e-03 -3.68528311e-01 -9.28717928e-01
1317358251.034224987 5.88717993e+02 -2.87190294e+01 -3.79895787e+00 4.01342877e-02 -9.44475118e-03 -3.68723071e-01 -9.28624430e-01
1317358251.138190985 5.89382432e+02 -2.80928215e+01 -3.82760988e+00 3.97479201e-02 -1.06508599e-02 -3.68342671e-01 -9.28778950e-01
1317358251.242156982 5.90028012e+02 -2.74586045e+01 -3.85213372e+00 4.05084548e-02 -9.80471364e-03 -3.68413735e-01 -9.28727222e-01
1317358251.346122980 5.90689796e+02 -2.68344598e+01 -3.86596456e+00 3.97990503e-02 -1.00882946e-02 -3.68302031e-01 -9.28799158e-01
1317358251.450088978 5.91349243e+02 -2.62012523e+01 -3.89286522e+00 3.99424428e-02 -9.03089490e-03 -3.67710931e-01 -9.29038059e-01
1317358251.554056883 5.91993103e+02 -2.55791660e+01 -3.92076752e+00 4.06783171e-02 -7.84567842e-03 -3.67987041e-01 -9.28907561e-01
1317358251.658000946 5.92667278e+02 -2.49727009e+01 -3.94310543e+00 4.12509962e-02 -7.56927751e-03 -3.66769041e-01 -9.29366199e-01
1317358251.761941910 5.93324466e+02 -2.43655912e+01 -3.94959935e+00 4.08442252e-02 -6.87692932e-03 -3.66323912e-01 -9.29565086e-01
1317358251.865907907 5.93965712e+02 -2.37484039e+01 -3.96549142e+00 4.16848563e-02 -5.42572346e-03 -3.66488932e-01 -9.29472322e-01
1317358251.969875097 5.94609447e+02 -2.31354264e+01 -4.00252335e+00 4.17401923e-02 -4.56216319e-03 -3.66182840e-01 -9.29595111e-01
1317358252.073848009 5.95243281e+02 -2.25116501e+01 -4.03671723e+00 4.45106110e-02 -5.75140027e-03 -3.66207543e-01 -9.29450247e-01
1317358252.177789927 5.95897729e+02 -2.19101043e+01 -4.06886679e+00 4.51990303e-02 -9.95038112e-03 -3.65466555e-01 -9.29673187e-01
1317358252.281752110 5.96562757e+02 -2.12947065e+01 -4.10882761e+00 4.64389590e-02 -1.14262750e-02 -3.65694205e-01 -9.29505574e-01
1317358252.385746956 5.97190862e+02 -2.06916489e+01 -4.13167392e+00 4.60369240e-02 -1.06675227e-02 -3.66423056e-01 -9.29247518e-01
1317358252.489712000 5.97844975e+02 -2.00950334e+01 -4.16682963e+00 4.63248443e-02 -9.86757501e-03 -3.65381918e-01 -9.29651921e-01
1317358252.593672037 5.98477588e+02 -1.94917805e+01 -4.19027079e+00 4.51848217e-02 -9.63770041e-03 -3.65720164e-01 -9.29577435e-01
1317358252.697639942 5.99123418e+02 -1.88843301e+01 -4.23090734e+00 4.20269801e-02 -9.10324192e-03 -3.65557259e-01 -9.29795006e-01
1317358252.801609993 5.99784329e+02 -1.82733145e+01 -4.26677165e+00 3.90590016e-02 -7.70445924e-03 -3.64977524e-01 -9.30164740e-01
1317358252.905601025 6.00416684e+02 -1.76765111e+01 -4.28666078e+00 3.73125259e-02 -8.33083668e-03 -3.64820805e-01 -9.30292509e-01
1317358253.009593010 6.01102436e+02 -1.70654328e+01 -4.33638699e+00 3.86201291e-02 -1.02221557e-02 -3.64096988e-01 -9.30503829e-01
1317358253.113560915 6.01738106e+02 -1.64683460e+01 -4.36002050e+00 4.00542553e-02 -1.29267676e-02 -3.64299113e-01 -9.30330431e-01
1317358253.217525959 6.02396417e+02 -1.58635052e+01 -4.38900023e+00 3.88664404e-02 -1.52768626e-02 -3.64560138e-01 -9.30242938e-01
1317358253.321511030 6.03032068e+02 -1.52776246e+01 -4.43292679e+00 3.89411114e-02 -1.61152914e-02 -3.64682270e-01 -9.30177794e-01
1317358253.425477982 6.03700553e+02 -1.46800623e+01 -4.46471639e+00 3.76205981e-02 -1.60977201e-02 -3.64528314e-01 -9.30292783e-01
1317358253.529423952 6.04339630e+02 -1.40798359e+01 -4.49972060e+00 3.69130744e-02 -1.53989945e-02 -3.64701189e-01 -9.30265198e-01
1317358253.633392096 6.05034733e+02 -1.34925650e+01 -4.53607606e+00 3.59369608e-02 -1.41256497e-02 -3.63258134e-01 -9.30888032e-01
1317358253.737360001 6.05690023e+02 -1.28874397e+01 -4.56513996e+00 3.58704153e-02 -1.16342014e-02 -3.62230720e-01 -9.31325327e-01
1317358253.841326952 6.06315685e+02 -1.23177536e+01 -4.58547938e+00 3.49685215e-02 -1.08767275e-02 -3.62612167e-01 -9.31220337e-01
1317358253.945295095 6.06972287e+02 -1.17195353e+01 -4.62152392e+00 3.64332348e-02 -1.09212499e-02 -3.61279873e-01 -9.31681383e-01
1317358254.049283981 6.07620418e+02 -1.11128490e+01 -4.66801741e+00 3.91864710e-02 -1.13660582e-02 -3.61110109e-01 -9.31630143e-01
1317358254.153254032 6.08247083e+02 -1.05265649e+01 -4.68909335e+00 3.98382099e-02 -1.10955030e-02 -3.61665191e-01 -9.31390410e-01
1317358254.257199049 6.08886070e+02 -9.91893003e+00 -4.72395317e+00 4.21068938e-02 -8.48184422e-03 -3.61138632e-01 -9.31522386e-01
1317358254.361160994 6.09526136e+02 -9.33658996e+00 -4.75152283e+00 4.17195268e-02 -7.69211521e-03 -3.60723174e-01 -9.31707628e-01
1317358254.465125084 6.10168318e+02 -8.75511490e+00 -4.78889618e+00 4.20856406e-02 -9.92927112e-03 -3.61289219e-01 -9.31450647e-01
1317358254.569092035 6.10813170e+02 -8.18579179e+00 -4.83010964e+00 4.32795164e-02 -1.34842138e-02 -3.60779300e-01 -9.31548902e-01
1317358254.673058987 6.11436686e+02 -7.60854876e+00 -4.87423129e+00 4.33092470e-02 -1.72565142e-02 -3.59375737e-01 -9.32027683e-01
1317358254.777025938 6.12061779e+02 -7.04834584e+00 -4.90331265e+00 4.30156126e-02 -1.70006667e-02 -3.59039621e-01 -9.32175512e-01
1317358254.881016016 6.12684935e+02 -6.49216049e+00 -4.93225455e+00 4.10407430e-02 -1.44809554e-02 -3.57827388e-01 -9.32773027e-01
1317358254.985008001 6.13300535e+02 -5.94001004e+00 -4.94973784e+00 3.90067999e-02 -9.22980288e-03 -3.57483996e-01 -9.33058665e-01
1317358255.088974953 6.13923417e+02 -5.39287695e+00 -4.98461855e+00 3.73580594e-02 -6.06095957e-03 -3.56423483e-01 -9.33557680e-01
1317358255.192941904 6.14547065e+02 -4.82165704e+00 -5.01331038e+00 3.78668907e-02 -4.28142098e-03 -3.55446427e-01 -9.33919485e-01
1317358255.296909094 6.15176670e+02 -4.25026334e+00 -5.04216215e+00 4.13165147e-02 -6.43294657e-03 -3.55039769e-01 -9.33915588e-01
1317358255.400875092 6.15793872e+02 -3.67096941e+00 -5.06867793e+00 4.35833112e-02 -8.09469515e-03 -3.55000159e-01 -9.33814681e-01
1317358255.504817009 6.16397500e+02 -3.10894321e+00 -5.08690203e+00 4.44176966e-02 -8.43736752e-03 -3.55588979e-01 -9.33548262e-01
1317358255.608758926 6.17012864e+02 -2.54673027e+00 -5.10320050e+00 4.39192220e-02 -6.07588294e-03 -3.56034113e-01 -9.33420535e-01
1317358255.712726116 6.17626156e+02 -1.97530783e+00 -5.13506918e+00 4.39725539e-02 -6.48505860e-03 -3.55960429e-01 -9.33443373e-01
1317358255.816668987 6.18265862e+02 -1.40261859e+00 -5.16742579e+00 4.41234460e-02 -7.79145520e-03 -3.56175920e-01 -9.33344057e-01
1317358255.920613050 6.18926008e+02 -8.20071940e-01 -5.20686348e+00 4.31510451e-02 -9.03034701e-03 -3.56175682e-01 -9.33378446e-01
1317358256.024532080 6.19571143e+02 -2.30438518e-01 -5.23251583e+00 4.29076737e-02 -8.98844490e-03 -3.57206545e-01 -9.32996047e-01
1317358256.128427982 6.20229548e+02 3.47994876e-01 -5.26421771e+00 4.14667961e-02 -9.54836672e-03 -3.57875502e-01 -9.32799259e-01
1317358256.232346058 6.20879828e+02 9.31335401e-01 -5.32503670e+00 4.03251929e-02 -1.17159195e-02 -3.58555145e-01 -9.32563576e-01
1317358256.336263895 6.21523542e+02 1.53440618e+00 -5.35733761e+00 4.15361326e-02 -1.20177009e-02 -3.59113826e-01 -9.32291577e-01
1317358256.440182924 6.22150579e+02 2.10912678e+00 -5.37702327e+00 3.95213070e-02 -1.08280771e-02 -3.60230170e-01 -9.31963005e-01
1317358256.544102907 6.22789103e+02 2.70886498e+00 -5.40629605e+00 3.70768143e-02 -7.57379456e-03 -3.61558344e-01 -9.31581189e-01
1317358256.647973061 6.23449916e+02 3.30253133e+00 -5.46782086e+00 3.45272632e-02 -6.01389739e-03 -3.62743192e-01 -9.31229874e-01
1317358256.751821041 6.24109997e+02 3.90508431e+00 -5.50011858e+00 3.31790385e-02 -6.26936803e-03 -3.65088258e-01 -9.30360366e-01
1317358256.855667114 6.24772410e+02 4.52243694e+00 -5.52757644e+00 3.27222421e-02 -8.71128448e-03 -3.67302163e-01 -9.29485067e-01
1317358256.959511995 6.25429257e+02 5.14851013e+00 -5.56345616e+00 3.40695451e-02 -1.18029405e-02 -3.69090898e-01 -9.28693634e-01
1317358257.063381910 6.26090881e+02 5.77226134e+00 -5.60809197e+00 3.56804741e-02 -1.50802280e-02 -3.70597055e-01 -9.27985621e-01
1317358257.167253017 6.26735257e+02 6.40262087e+00 -5.65092468e+00 3.59806142e-02 -1.56249187e-02 -3.72112763e-01 -9.27358263e-01
1317358257.271148920 6.27422367e+02 7.04113233e+00 -5.65885483e+00 3.31153383e-02 -1.28246884e-02 -3.72200692e-01 -9.27472666e-01
1317358257.375067949 6.28072550e+02 7.67747270e+00 -5.68369119e+00 3.19899888e-02 -6.39965686e-03 -3.72678390e-01 -9.27386922e-01
1317358257.478986979 6.28763948e+02 8.33444874e+00 -5.71100512e+00 3.06533905e-02 -4.26190892e-03 -3.72222696e-01 -9.27627334e-01
1317358257.582906961 6.29437876e+02 8.99763681e+00 -5.73369919e+00 3.36824466e-02 -5.35921833e-03 -3.72332332e-01 -9.27472590e-01
1317358257.686825037 6.30153692e+02 9.66610866e+00 -5.74967324e+00 3.92211402e-02 -8.50890374e-03 -3.70812086e-01 -9.27840340e-01
1317358257.790741920 6.30852204e+02 1.03355648e+01 -5.79808495e+00 4.23211016e-02 -1.18234766e-02 -3.69711964e-01 -9.28106779e-01
1317358257.894637108 6.31521605e+02 1.09881584e+01 -5.83190523e+00 4.27235267e-02 -1.31445390e-02 -3.69530178e-01 -9.28142968e-01
1317358257.998507977 6.32216313e+02 1.16288069e+01 -5.89453289e+00 4.02401991e-02 -1.45431412e-02 -3.68345059e-01 -9.28704011e-01
1317358258.102379084 6.32882238e+02 1.22802383e+01 -5.91656924e+00 4.07861419e-02 -1.19724274e-02 -3.68488676e-01 -9.28659920e-01
1317358258.206250906 6.33577946e+02 1.29191123e+01 -5.95108385e+00 3.82177652e-02 -1.18115236e-02 -3.67922762e-01 -9.28995550e-01
1317358258.310120106 6.34262454e+02 1.35790876e+01 -5.98901979e+00 3.77582943e-02 -1.20966685e-02 -3.68047404e-01 -9.28961296e-01
1317358258.414015055 6.34938847e+02 1.42438200e+01 -6.03364422e+00 4.01709201e-02 -1.35920656e-02 -3.67795160e-01 -9.28939327e-01
1317358258.517935038 6.35614838e+02 1.48946618e+01 -6.07194484e+00 4.17705302e-02 -1.39964460e-02 -3.67086131e-01 -9.29143204e-01
1317358258.621851921 6.36283944e+02 1.55365189e+01 -6.12053397e+00 4.20959925e-02 -1.37211101e-02 -3.67152116e-01 -9.29106550e-01
1317358258.725771904 6.36948857e+02 1.61503384e+01 -6.14774918e+00 4.11781375e-02 -1.18998185e-02 -3.67232465e-01 -9.29141040e-01
1317358258.829689980 6.37614951e+02 1.67648638e+01 -6.17059526e+00 3.97395658e-02 -8.11111892e-03 -3.66941504e-01 -9.29359408e-01
1317358258.933609009 6.38287884e+02 1.74107618e+01 -6.19146741e+00 3.99234170e-02 -4.92889816e-03 -3.67048862e-01 -9.29331458e-01
1317358259.037503958 6.38961924e+02 1.80196906e+01 -6.23415605e+00 3.82234245e-02 -6.74794650e-03 -3.65929522e-01 -9.29832791e-01
1317358259.141400099 6.39640782e+02 1.86542833e+01 -6.26388850e+00 3.79639411e-02 -9.62651022e-03 -3.66166347e-01 -9.29724839e-01
1317358259.245318890 6.40315973e+02 1.92628514e+01 -6.28729339e+00 3.56972854e-02 -1.28503943e-02 -3.65508584e-01 -9.30034433e-01
1317358259.349236012 6.40958399e+02 1.98720123e+01 -6.32525042e+00 3.57276258e-02 -1.35089371e-02 -3.65665313e-01 -9.29962324e-01
1317358259.453155041 6.41619657e+02 2.04989279e+01 -6.36281366e+00 3.46953999e-02 -1.35555824e-02 -3.65723889e-01 -9.29977694e-01
1317358259.557074070 6.42266089e+02 2.11117692e+01 -6.38444682e+00 3.33545704e-02 -1.54260048e-02 -3.66219578e-01 -9.29802523e-01
1317358259.660991907 6.42937930e+02 2.17256056e+01 -6.42538650e+00 3.26684266e-02 -1.73916687e-02 -3.65854214e-01 -9.29936018e-01
1317358259.764935017 6.43595154e+02 2.23532660e+01 -6.46171516e+00 3.35958658e-02 -1.81608217e-02 -3.66025554e-01 -9.29820841e-01
1317358259.868901968 6.44244355e+02 2.29228976e+01 -6.48836829e+00 3.36680566e-02 -1.86591923e-02 -3.65265580e-01 -9.30107173e-01
1317358259.972868919 6.44864342e+02 2.35029687e+01 -6.51885333e+00 3.31714669e-02 -1.72171832e-02 -3.64459683e-01 -9.30468894e-01
1317358260.076836109 6.45486319e+02 2.41065221e+01 -6.54711579e+00 3.39969585e-02 -1.41574020e-02 -3.64100839e-01 -9.30631159e-01
1317358260.180804014 6.46131707e+02 2.47069346e+01 -6.58068407e+00 3.37940586e-02 -1.31001298e-02 -3.63399909e-01 -9.30927953e-01
1317358260.284770012 6.46771431e+02 2.53055624e+01 -6.60976530e+00 3.61692325e-02 -1.38369838e-02 -3.62961877e-01 -9.30998926e-01
1317358260.388712883 6.47425498e+02 2.59041298e+01 -6.64914714e+00 3.76612924e-02 -1.51939365e-02 -3.63086404e-01 -9.30870042e-01
1317358260.492655039 6.48067483e+02 2.65058831e+01 -6.69315233e+00 3.89093492e-02 -1.70658784e-02 -3.63197453e-01 -9.30742944e-01
1317358260.596613884 6.48700119e+02 2.70819282e+01 -6.72962632e+00 3.72941416e-02 -1.73506935e-02 -3.63474028e-01 -9.30695832e-01
1317358260.700579882 6.49322555e+02 2.76601722e+01 -6.75938638e+00 3.63774697e-02 -1.61393975e-02 -3.63667332e-01 -9.30678393e-01
1317358260.804532051 6.49935016e+02 2.82445478e+01 -6.79453770e+00 3.97682360e-02 -1.50090450e-02 -3.63856922e-01 -9.30484474e-01
1317358260.908473969 6.50543142e+02 2.88299876e+01 -6.83517630e+00 4.23903855e-02 -1.59917921e-02 -3.64749800e-01 -9.30002635e-01
1317358261.012415886 6.51193765e+02 2.93956246e+01 -6.88962819e+00 4.40264423e-02 -1.94724673e-02 -3.63656001e-01 -9.30288562e-01
1317358261.116365910 6.51818411e+02 2.99790958e+01 -6.92951129e+00 4.34871973e-02 -2.06096080e-02 -3.64185696e-01 -9.30082193e-01
1317358261.220305920 6.52399181e+02 3.05378428e+01 -6.95608910e+00 4.42868391e-02 -1.86218822e-02 -3.65230994e-01 -9.29676407e-01
1317358261.324265957 6.52976640e+02 3.10937076e+01 -7.00108547e+00 4.57205810e-02 -1.55231149e-02 -3.65550195e-01 -9.29538442e-01
1317358261.428256989 6.53521778e+02 3.16351213e+01 -7.03275350e+00 4.82225009e-02 -1.27581852e-02 -3.65988259e-01 -9.29281665e-01
1317358261.532248020 6.54070075e+02 3.21530461e+01 -7.05471528e+00 4.90983226e-02 -1.23385802e-02 -3.65479151e-01 -9.29441824e-01
1317358261.636287928 6.54645159e+02 3.26713543e+01 -7.07935326e+00 5.00419493e-02 -1.16524293e-02 -3.63187415e-01 -9.30298299e-01
1317358261.740375042 6.55166799e+02 3.31757523e+01 -7.11019393e+00 5.23039143e-02 -1.16336072e-02 -3.62058366e-01 -9.30614151e-01
1317358261.844461918 6.55708707e+02 3.36533250e+01 -7.15443898e+00 5.54424739e-02 -1.29927715e-02 -3.58982341e-01 -9.31605603e-01
1317358261.948525906 6.56211926e+02 3.41131667e+01 -7.18699255e+00 5.66208662e-02 -1.50738300e-02 -3.57809738e-01 -9.31954424e-01
1317358262.052635908 6.56689723e+02 3.45402509e+01 -7.21176242e+00 5.43410598e-02 -1.47272909e-02 -3.54742283e-01 -9.33267415e-01
1317358262.156773090 6.57152696e+02 3.49315888e+01 -7.23577438e+00 4.98625102e-02 -1.28184868e-02 -3.50650316e-01 -9.35090248e-01
1317358262.260883093 6.57607854e+02 3.53258941e+01 -7.25591522e+00 4.73829584e-02 -1.07516606e-02 -3.47733118e-01 -9.36333774e-01
1317358262.365017891 6.58059047e+02 3.56871530e+01 -7.27849419e+00 4.42890287e-02 -1.07647470e-02 -3.41650251e-01 -9.38721316e-01
1317358262.469151020 6.58522482e+02 3.60529393e+01 -7.30129948e+00 4.40393976e-02 -1.17183326e-02 -3.36404576e-01 -9.40614253e-01
1317358262.573236942 6.58967961e+02 3.64145634e+01 -7.31922745e+00 4.26504428e-02 -1.42399033e-02 -3.32879803e-01 -9.41896598e-01
1317358262.677323103 6.59398911e+02 3.67451965e+01 -7.34297697e+00 4.03569475e-02 -1.70413980e-02 -3.28004176e-01 -9.43659985e-01
1317358262.781410933 6.59831052e+02 3.70847593e+01 -7.35556649e+00 3.85637699e-02 -1.80190397e-02 -3.24741255e-01 -9.44844573e-01
1317358262.885497093 6.60241362e+02 3.73749984e+01 -7.38067073e+00 3.90444266e-02 -1.77214439e-02 -3.21143630e-01 -9.46059328e-01
1317358262.989583969 6.60642857e+02 3.76669617e+01 -7.39581725e+00 3.84087903e-02 -1.71455091e-02 -3.17556631e-01 -9.47305960e-01
1317358263.093599081 6.61052594e+02 3.79542263e+01 -7.41820268e+00 3.53841979e-02 -1.69905384e-02 -3.15153312e-01 -9.48228701e-01
1317358263.197570086 6.61442386e+02 3.82036758e+01 -7.42815492e+00 3.01408626e-02 -1.51291424e-02 -3.12830497e-01 -9.49210049e-01
1317358263.301513910 6.61830733e+02 3.84798063e+01 -7.42708240e+00 2.60738360e-02 -1.31685871e-02 -3.12638527e-01 -9.49422927e-01
1317358263.405428886 6.62215748e+02 3.87612842e+01 -7.43729467e+00 2.55105665e-02 -1.15732883e-02 -3.12797947e-01 -9.49406506e-01
1317358263.509322882 6.62608375e+02 3.90655535e+01 -7.48031167e+00 2.66378820e-02 -1.01389705e-02 -3.14240121e-01 -9.48915576e-01
1317358263.613181114 6.62974592e+02 3.93444161e+01 -7.50374779e+00 2.70610267e-02 -9.84686702e-03 -3.17214997e-01 -9.47916339e-01
1317358263.717004061 6.63344545e+02 3.96083895e+01 -7.51300216e+00 2.39889824e-02 -1.19852195e-02 -3.20600898e-01 -9.46834699e-01
1317358263.820813894 6.63702255e+02 3.98609698e+01 -7.51806241e+00 2.02175818e-02 -1.54802344e-02 -3.24415690e-01 -9.45571823e-01
1317358263.924613953 6.64044643e+02 4.01277329e+01 -7.51016015e+00 1.94891584e-02 -1.74424202e-02 -3.29495314e-01 -9.43794878e-01
1317358264.028363943 6.64364638e+02 4.03888865e+01 -7.51600999e+00 1.99040026e-02 -1.75572613e-02 -3.35514268e-01 -9.41661165e-01
1317358264.132113934 6.64654125e+02 4.06607095e+01 -7.54523364e+00 2.14578264e-02 -1.69403626e-02 -3.42511307e-01 -9.39115855e-01
1317358264.235863924 6.64943641e+02 4.09327163e+01 -7.56041248e+00 2.34583494e-02 -1.58334865e-02 -3.50046584e-01 -9.36304649e-01
1317358264.339590073 6.65231877e+02 4.11991936e+01 -7.57458513e+00 2.33594029e-02 -1.46992001e-02 -3.58158659e-01 -9.33252724e-01
1317358264.443293095 6.65508225e+02 4.14472317e+01 -7.58300332e+00 2.02757176e-02 -1.35488387e-02 -3.66938660e-01 -9.29925451e-01
1317358264.546972990 6.65782381e+02 4.17136024e+01 -7.58667930e+00 1.74734651e-02 -1.32786681e-02 -3.76343614e-01 -9.26220189e-01
1317358264.650625944 6.66052672e+02 4.19839699e+01 -7.59529903e+00 1.71065408e-02 -1.35729026e-02 -3.87024776e-01 -9.21810699e-01
1317358264.754257917 6.66262967e+02 4.22661548e+01 -7.61492711e+00 1.79781021e-02 -1.35681945e-02 -3.99966760e-01 -9.16252848e-01
1317358264.857914925 6.66491056e+02 4.25355609e+01 -7.62875204e+00 1.70350602e-02 -1.44919798e-02 -4.13937187e-01 -9.10030656e-01
1317358264.961591959 6.66705901e+02 4.28126811e+01 -7.63428661e+00 1.68261109e-02 -1.49951973e-02 -4.28858431e-01 -9.03090512e-01
1317358265.065291882 6.66866746e+02 4.31024978e+01 -7.62660063e+00 1.79223137e-02 -1.51480277e-02 -4.44958526e-01 -8.95243675e-01
1317358265.169020891 6.67035568e+02 4.33940503e+01 -7.63124500e+00 2.03890282e-02 -1.44239097e-02 -4.60570990e-01 -8.87271436e-01
1317358265.272748947 6.67194908e+02 4.36999096e+01 -7.65277181e+00 2.02055388e-02 -1.53195150e-02 -4.75764981e-01 -8.79206876e-01
1317358265.376499891 6.67357704e+02 4.39836130e+01 -7.66753929e+00 1.84949203e-02 -1.66232084e-02 -4.90578161e-01 -8.71042292e-01
1317358265.480273962 6.67495027e+02 4.43065675e+01 -7.66853119e+00 1.75236679e-02 -1.86662241e-02 -5.04793376e-01 -8.62860441e-01
1317358265.584049940 6.67631496e+02 4.46004844e+01 -7.67642859e+00 1.81419508e-02 -1.92806527e-02 -5.19055506e-01 -8.54330444e-01
1317358265.687849045 6.67743490e+02 4.49118799e+01 -7.70592664e+00 1.94316778e-02 -1.94669079e-02 -5.32845610e-01 -8.45765337e-01
1317358265.791624069 6.67850846e+02 4.52250930e+01 -7.72336383e+00 2.03456147e-02 -1.97747667e-02 -5.47250547e-01 -8.36487808e-01
1317358265.895399094 6.67956655e+02 4.55444652e+01 -7.73351835e+00 1.98126887e-02 -2.09078126e-02 -5.61132104e-01 -8.27224928e-01
1317358265.999171019 6.68065414e+02 4.58796822e+01 -7.75168944e+00 1.93304330e-02 -2.18967225e-02 -5.75234459e-01 -8.17466932e-01
1317358266.102921963 6.68146311e+02 4.62204339e+01 -7.76353853e+00 1.90044779e-02 -2.37022804e-02 -5.89461393e-01 -8.07225060e-01
1317358266.206697941 6.68231890e+02 4.65747232e+01 -7.78387342e+00 1.78459263e-02 -2.54480317e-02 -6.04004135e-01 -7.96374865e-01
1317358266.310471058 6.68283523e+02 4.69539984e+01 -7.79750204e+00 1.81420715e-02 -2.60169984e-02 -6.18415798e-01 -7.85210724e-01
1317358266.414247036 6.68331363e+02 4.73388050e+01 -7.81408638e+00 1.82760506e-02 -2.60132901e-02 -6.32895530e-01 -7.73584218e-01
1317358266.518023968 6.68366131e+02 4.77413492e+01 -7.83987985e+00 1.75304874e-02 -2.59221446e-02 -6.47439416e-01 -7.61474180e-01
1317358266.621773958 6.68401733e+02 4.81462055e+01 -7.86567195e+00 1.57771633e-02 -2.58947651e-02 -6.62023388e-01 -7.48869532e-01
1317358266.725500107 6.68419313e+02 4.85560313e+01 -7.87950161e+00 1.34902130e-02 -2.71370279e-02 -6.77088577e-01 -7.35277264e-01
1317358266.829251051 6.68411565e+02 4.89928631e+01 -7.89877477e+00 1.15970197e-02 -2.79518868e-02 -6.92126197e-01 -7.21141823e-01
1317358266.933027029 6.68386642e+02 4.94487496e+01 -7.92019806e+00 1.01051709e-02 -2.96360364e-02 -7.07510861e-01 -7.06008478e-01
1317358267.036801100 6.68344385e+02 4.99051551e+01 -7.93812623e+00 1.03877396e-02 -3.06794618e-02 -7.22759580e-01 -6.90340101e-01
1317358267.140551090 6.68300461e+02 5.03657791e+01 -7.95994698e+00 9.13236762e-03 -3.19714573e-02 -7.38166180e-01 -6.73799018e-01
1317358267.244302034 6.68216571e+02 5.08388724e+01 -7.98018642e+00 7.96535692e-03 -3.31054569e-02 -7.53558919e-01 -6.56497934e-01
1317358267.348052025 6.68114530e+02 5.13073464e+01 -7.99512509e+00 6.96107843e-03 -3.41237736e-02 -7.68884323e-01 -6.38438728e-01
1317358267.451778889 6.67989883e+02 5.17916861e+01 -8.01057912e+00 5.63509065e-03 -3.58416850e-02 -7.84034238e-01 -6.19656303e-01
1317358267.555505991 6.67829678e+02 5.22852741e+01 -8.03552989e+00 3.52155080e-03 -3.72448190e-02 -7.99324117e-01 -5.99734423e-01
1317358267.659256935 6.67654680e+02 5.27782708e+01 -8.06337148e+00 1.25917224e-03 -3.84238943e-02 -8.14559640e-01 -5.78804468e-01
1317358267.763031960 6.67427148e+02 5.32862666e+01 -8.08085586e+00 -2.19815087e-05 -3.82212150e-02 -8.29331714e-01 -5.57447797e-01
1317358267.866830111 6.67176905e+02 5.37978658e+01 -8.10319766e+00 -1.46147367e-03 -3.92192425e-02 -8.43242505e-01 -5.36098677e-01
1317358267.970702887 6.66883666e+02 5.43087300e+01 -8.11818093e+00 -2.16162789e-03 -3.95000863e-02 -8.56197469e-01 -5.15131987e-01
1317358268.074620962 6.66576235e+02 5.48223809e+01 -8.13540921e+00 -3.72733788e-03 -4.02660422e-02 -8.68383807e-01 -4.94241152e-01
1317358268.178560972 6.66235413e+02 5.53237532e+01 -8.15019372e+00 -4.84576982e-03 -4.03494348e-02 -8.79094044e-01 -4.74912733e-01
1317358268.282576084 6.65852861e+02 5.58218332e+01 -8.15916187e+00 -5.27056907e-03 -3.98900688e-02 -8.88346582e-01 -4.57407207e-01
1317358268.386663914 6.65451543e+02 5.63269662e+01 -8.16937535e+00 -5.72429127e-03 -3.84005148e-02 -8.96105647e-01 -4.42139461e-01
1317358268.490823030 6.65023358e+02 5.68158594e+01 -8.18463826e+00 -5.76868542e-03 -3.64197896e-02 -9.02342811e-01 -4.29438905e-01
1317358268.595056057 6.64546880e+02 5.73509191e+01 -8.19500033e+00 -6.31341407e-03 -3.51828865e-02 -9.07422845e-01 -4.18695696e-01
1317358268.699335098 6.64058836e+02 5.78810923e+01 -8.20494013e+00 -5.62502809e-03 -3.32750178e-02 -9.11286427e-01 -4.10387840e-01
1317358268.803637028 6.63548340e+02 5.84262782e+01 -8.21423520e+00 -5.69105948e-03 -3.22835504e-02 -9.14061580e-01 -4.04248454e-01
1317358268.907962084 6.63016789e+02 5.89869971e+01 -8.22285687e+00 -5.53654167e-03 -3.13703824e-02 -9.15713608e-01 -4.00566890e-01
1317358269.012336016 6.62472476e+02 5.95663276e+01 -8.23101292e+00 -5.46892496e-03 -3.05219220e-02 -9.16503594e-01 -3.98822849e-01
1317358269.116710901 6.61916984e+02 6.01719509e+01 -8.24345839e+00 -4.68157786e-03 -2.95737310e-02 -9.16887087e-01 -3.98022042e-01
1317358269.221038103 6.61337223e+02 6.07803307e+01 -8.25146001e+00 -4.55241285e-03 -2.91799346e-02 -9.16644864e-01 -3.98610086e-01
1317358269.325341940 6.60763294e+02 6.13959518e+01 -8.26643994e+00 -2.68911113e-03 -2.81444488e-02 -9.16575583e-01 -3.98860702e-01
1317358269.429596901 6.60176203e+02 6.20306391e+01 -8.27308299e+00 -4.02945119e-03 -2.81764560e-02 -9.16438270e-01 -3.99162557e-01
1317358269.533802986 6.59568344e+02 6.26794393e+01 -8.27860166e+00 -5.42867166e-03 -2.61603860e-02 -9.16165310e-01 -3.99909099e-01
1317358269.638009071 6.58946322e+02 6.33445689e+01 -8.28637070e+00 -7.26034873e-03 -2.44150231e-02 -9.15976621e-01 -4.00422308e-01
1317358269.742166996 6.58293075e+02 6.40582705e+01 -8.29953295e+00 -7.26946501e-03 -2.37987757e-02 -9.15693868e-01 -4.01105364e-01
1317358269.846302032 6.57628227e+02 6.47833988e+01 -8.30124700e+00 -6.46267363e-03 -2.40947976e-02 -9.15540921e-01 -4.01450492e-01
1317358269.950436115 6.56930979e+02 6.55516202e+01 -8.31233361e+00 -5.69798172e-03 -2.57265014e-02 -9.15153090e-01 -4.02244332e-01
1317358270.054522991 6.56216015e+02 6.63247229e+01 -8.31245779e+00 -5.57201178e-03 -2.53548599e-02 -9.14930197e-01 -4.02776388e-01
1317358270.158561945 6.55515952e+02 6.70905317e+01 -8.31691391e+00 -6.12228581e-03 -2.50696297e-02 -9.15071993e-01 -4.02464009e-01
1317358270.262602091 6.54786270e+02 6.78817105e+01 -8.32870388e+00 -5.54415082e-03 -2.49250092e-02 -9.15124771e-01 -4.02361356e-01
1317358270.366617918 6.54043956e+02 6.86888724e+01 -8.33501563e+00 -5.03649137e-03 -2.46475336e-02 -9.15469479e-01 -4.01600256e-01
1317358270.470609903 6.53256572e+02 6.95285106e+01 -8.35517024e+00 -4.54464853e-03 -2.60994990e-02 -9.15697678e-01 -4.00993672e-01
1317358270.574600935 6.52477983e+02 7.03665346e+01 -8.36490176e+00 -4.07023589e-03 -2.63895710e-02 -9.16129444e-01 -3.99992332e-01
1317358270.678566933 6.51696450e+02 7.11936070e+01 -8.37478176e+00 -3.82393447e-03 -2.62223978e-02 -9.16631844e-01 -3.98853138e-01
1317358270.782531977 6.50905225e+02 7.20404599e+01 -8.38108806e+00 -3.74094621e-03 -2.57873865e-02 -9.17036567e-01 -3.97950940e-01
1317358270.886497021 6.50127968e+02 7.28734961e+01 -8.38967981e+00 -3.62062473e-03 -2.64505691e-02 -9.17134431e-01 -3.97682907e-01
1317358270.990466118 6.49328300e+02 7.37246556e+01 -8.39391460e+00 -3.73747678e-03 -2.60574725e-02 -9.17183896e-01 -3.97593687e-01
1317358271.094433069 6.48504607e+02 7.46018946e+01 -8.39777286e+00 -4.53901380e-03 -2.57577277e-02 -9.17322383e-01 -3.97285266e-01
1317358271.198373079 6.47651018e+02 7.54911574e+01 -8.41663772e+00 -4.12756572e-03 -2.59219393e-02 -9.17420515e-01 -3.97052409e-01
1317358271.302318096 6.46787559e+02 7.64127549e+01 -8.42074231e+00 -3.91282830e-03 -2.64465787e-02 -9.17662347e-01 -3.96460698e-01
1317358271.406260967 6.45901512e+02 7.73428429e+01 -8.43745338e+00 -3.35942237e-03 -2.72131611e-02 -9.17986886e-01 -3.95661768e-01
1317358271.510179043 6.45036487e+02 7.82597697e+01 -8.43701927e+00 -2.63103136e-03 -2.73379253e-02 -9.18300716e-01 -3.94929755e-01
1317358271.614098072 6.44152062e+02 7.91833666e+01 -8.44683060e+00 -7.30143622e-04 -2.71615000e-02 -9.18631281e-01 -3.94180528e-01
1317358271.718017101 6.43313506e+02 8.00661940e+01 -8.46975543e+00 1.29978209e-03 -2.79254556e-02 -9.18971043e-01 -3.93332813e-01
1317358271.821934938 6.42440830e+02 8.09770716e+01 -8.48045753e+00 3.08781832e-03 -2.77116883e-02 -9.19319172e-01 -3.92523614e-01
1317358271.925854921 6.41574379e+02 8.18764612e+01 -8.48944822e+00 4.15265670e-03 -2.69344465e-02 -9.19495594e-01 -3.92154489e-01
1317358272.029772997 6.40723446e+02 8.27438258e+01 -8.51190936e+00 4.49291046e-03 -2.70034607e-02 -9.19557973e-01 -3.91999695e-01
1317358272.133692026 6.39869834e+02 8.36072718e+01 -8.54855184e+00 4.59069734e-03 -2.73416072e-02 -9.19398774e-01 -3.92348385e-01
1317358272.237587929 6.39009520e+02 8.44987265e+01 -8.57078792e+00 4.26673913e-03 -2.66847243e-02 -9.19309572e-01 -3.92606203e-01
1317358272.341456890 6.38159827e+02 8.53777137e+01 -8.60250640e+00 4.19758825e-03 -2.79017444e-02 -9.19225011e-01 -3.92720322e-01
1317358272.445327997 6.37313236e+02 8.62653685e+01 -8.62148740e+00 4.28751494e-03 -2.83556940e-02 -9.19323896e-01 -3.92455280e-01
1317358272.549175978 6.36478601e+02 8.71363541e+01 -8.64223317e+00 4.34953987e-03 -2.85768573e-02 -9.19490451e-01 -3.92048154e-01
1317358272.652997971 6.35616369e+02 8.80211787e+01 -8.65676712e+00 4.25975065e-03 -2.81331833e-02 -9.19656756e-01 -3.91690987e-01
1317358272.756843090 6.34765068e+02 8.89034151e+01 -8.66426109e+00 4.42043721e-03 -2.83802965e-02 -9.19703088e-01 -3.91562574e-01
1317358272.860691071 6.33917657e+02 8.97851501e+01 -8.68015433e+00 4.60609751e-03 -2.75322108e-02 -9.19846467e-01 -3.91284089e-01
1317358272.964490891 6.33072223e+02 9.06560561e+01 -8.69862843e+00 4.42763074e-03 -2.74051501e-02 -9.19881277e-01 -3.91213227e-01
1317358273.068288088 6.32220222e+02 9.15433991e+01 -8.72005128e+00 4.26757702e-03 -2.72185684e-02 -9.19867591e-01 -3.91260210e-01
1317358273.172085047 6.31373057e+02 9.24232838e+01 -8.73343915e+00 4.99971409e-03 -2.71668712e-02 -9.19881003e-01 -3.91223599e-01
1317358273.275886059 6.30501683e+02 9.33259583e+01 -8.75340939e+00 5.86293025e-03 -2.81983765e-02 -9.19731682e-01 -3.91489606e-01
1317358273.379708052 6.29624417e+02 9.41807607e+01 -8.79104756e+00 5.31148025e-03 -2.95513594e-02 -9.19684507e-01 -3.91508508e-01
1317358273.483505964 6.28778278e+02 9.50544514e+01 -8.81069373e+00 4.02957846e-03 -2.91368826e-02 -9.19554207e-01 -3.91860771e-01
1317358273.587306023 6.27946028e+02 9.59061626e+01 -8.83290068e+00 3.23193073e-03 -2.94403874e-02 -9.19344175e-01 -3.92337999e-01
1317358273.691129923 6.27090659e+02 9.67884028e+01 -8.85439610e+00 4.59225999e-03 -3.02189901e-02 -9.19201988e-01 -3.92598304e-01
1317358273.794930935 6.26264023e+02 9.76648834e+01 -8.88277657e+00 4.85147429e-03 -3.06524538e-02 -9.19045140e-01 -3.92928645e-01
1317358273.898705006 6.25422298e+02 9.85359110e+01 -8.90090905e+00 2.95308544e-03 -3.05317720e-02 -9.19054894e-01 -3.92934082e-01
1317358274.002501965 6.24585098e+02 9.93983849e+01 -8.90994428e+00 4.44306265e-04 -3.00179960e-02 -9.18968451e-01 -3.93186607e-01
1317358274.106300116 6.23767406e+02 1.00236511e+02 -8.92025051e+00 4.46323674e-04 -2.79282447e-02 -9.18972747e-01 -3.93330529e-01
1317358274.210100889 6.22937176e+02 1.01103251e+02 -8.92690451e+00 8.70196274e-04 -2.81722983e-02 -9.18878056e-01 -3.93533585e-01
1317358274.313924074 6.22102297e+02 1.01979534e+02 -8.95370114e+00 1.07405176e-03 -2.95974008e-02 -9.18778011e-01 -3.93662046e-01
1317358274.417721987 6.21271899e+02 1.02847817e+02 -8.97703594e+00 1.62717119e-03 -2.83629032e-02 -9.18788596e-01 -3.93726319e-01
1317358274.521495104 6.20434528e+02 1.03722178e+02 -8.99009187e+00 1.83583331e-03 -2.80902783e-02 -9.18846249e-01 -3.93610386e-01
1317358274.625267982 6.19618765e+02 1.04559336e+02 -9.00376041e+00 2.67656826e-03 -2.85477779e-02 -9.18822938e-01 -3.93627067e-01
1317358274.729018927 6.18795218e+02 1.05421619e+02 -9.01702873e+00 2.95340259e-03 -2.89334964e-02 -9.18826718e-01 -3.93588100e-01
1317358274.832771063 6.18003732e+02 1.06243924e+02 -9.03551925e+00 3.18302366e-03 -2.89402184e-02 -9.18825157e-01 -3.93589461e-01
1317358274.936523914 6.17187689e+02 1.07093905e+02 -9.04947931e+00 3.06434434e-03 -2.86346458e-02 -9.18963610e-01 -3.93289397e-01
1317358275.040272951 6.16390671e+02 1.07919648e+02 -9.06173190e+00 3.16679470e-03 -2.89069648e-02 -9.19164499e-01 -3.92798909e-01
1317358275.144027948 6.15577126e+02 1.08768288e+02 -9.07611960e+00 3.01414027e-03 -2.89110182e-02 -9.19341328e-01 -3.92385766e-01
1317358275.247756958 6.14770020e+02 1.09599460e+02 -9.10053665e+00 2.74272430e-03 -2.94571531e-02 -9.19494341e-01 -3.91988407e-01
1317358275.351476908 6.13965588e+02 1.10438892e+02 -9.12596532e+00 2.37811001e-03 -2.98832506e-02 -9.19494261e-01 -3.91958721e-01
1317358275.455178976 6.13159173e+02 1.11273473e+02 -9.13420827e+00 2.17742856e-03 -3.02977550e-02 -9.19846036e-01 -3.91101745e-01
1317358275.558881044 6.12331346e+02 1.12113519e+02 -9.15584716e+00 2.68979322e-03 -3.13731176e-02 -9.20017808e-01 -3.90609429e-01
1317358275.662585974 6.11522114e+02 1.12952235e+02 -9.17190995e+00 4.45145350e-03 -3.24019550e-02 -9.20511563e-01 -3.89344012e-01
1317358275.766288042 6.10715428e+02 1.13775178e+02 -9.20183113e+00 5.99101960e-03 -3.37548124e-02 -9.21022515e-01 -3.87997741e-01
1317358275.869988918 6.09912813e+02 1.14588940e+02 -9.22184344e+00 6.31955145e-03 -3.41057499e-02 -9.21849590e-01 -3.85992479e-01
1317358275.973691940 6.09090535e+02 1.15405350e+02 -9.24723663e+00 6.26905723e-03 -3.34775606e-02 -9.23058266e-01 -3.83149303e-01
1317358276.077394962 6.08260082e+02 1.16224495e+02 -9.26027063e+00 5.57521342e-03 -3.31557057e-02 -9.24259705e-01 -3.80280966e-01
1317358276.181097984 6.07415492e+02 1.17015017e+02 -9.29656960e+00 5.15204656e-03 -3.38514326e-02 -9.25572233e-01 -3.77019335e-01
1317358276.284800053 6.06589151e+02 1.17804353e+02 -9.31907164e+00 4.97184285e-03 -3.36273091e-02 -9.26953135e-01 -3.73634005e-01
1317358276.388504028 6.05774798e+02 1.18580822e+02 -9.33814427e+00 5.36702547e-03 -3.34424532e-02 -9.28363730e-01 -3.70126440e-01
1317358276.492208004 6.04965412e+02 1.19327788e+02 -9.37235192e+00 5.97259592e-03 -3.20870582e-02 -9.30107640e-01 -3.65834015e-01
1317358276.595911026 6.04146571e+02 1.20091050e+02 -9.39084583e+00 5.97452698e-03 -3.22217384e-02 -9.31576824e-01 -3.62064477e-01
1317358276.699635983 6.03308040e+02 1.20825706e+02 -9.42413177e+00 6.03195763e-03 -3.08869478e-02 -9.33166447e-01 -3.58064231e-01
1317358276.803385973 6.02468693e+02 1.21567542e+02 -9.43901678e+00 6.39942221e-03 -2.95877299e-02 -9.34461031e-01 -3.54776262e-01
1317358276.907186031 6.01594355e+02 1.22285212e+02 -9.47478823e+00 6.91854905e-03 -2.92763543e-02 -9.35530966e-01 -3.51961420e-01
1317358277.011032104 6.00748663e+02 1.23008372e+02 -9.49289767e+00 6.55572623e-03 -2.75940743e-02 -9.36139835e-01 -3.50482236e-01
1317358277.114928961 5.99912414e+02 1.23727134e+02 -9.50131558e+00 2.78382615e-03 -2.59264941e-02 -9.36619027e-01 -3.49377826e-01
1317358277.218823910 5.99081279e+02 1.24439704e+02 -9.50175213e+00 -1.26829296e-03 -2.37761766e-02 -9.37194009e-01 -3.47994935e-01
1317358277.322715998 5.98252492e+02 1.25155458e+02 -9.50017704e+00 -4.61374496e-03 -2.34035854e-02 -9.37644572e-01 -3.46776069e-01
1317358277.426635027 5.97409299e+02 1.25858998e+02 -9.48834546e+00 -4.39112088e-03 -2.37185120e-02 -9.38011576e-01 -3.45763552e-01
1317358277.530529976 5.96567745e+02 1.26571017e+02 -9.49080451e+00 -1.39770824e-03 -2.42838817e-02 -9.38342760e-01 -3.44849537e-01
1317358277.634427071 5.95753236e+02 1.27235042e+02 -9.50637106e+00 -3.81522873e-05 -2.57297722e-02 -9.38687852e-01 -3.43806768e-01
1317358277.738347054 5.94929589e+02 1.27920499e+02 -9.50995659e+00 -1.07043902e-03 -2.45163661e-02 -9.38685680e-01 -3.43899689e-01
1317358277.842263937 5.94115360e+02 1.28584946e+02 -9.52784187e+00 -2.57188003e-03 -2.25402606e-02 -9.38554885e-01 -3.44383579e-01
1317358277.946206093 5.93295462e+02 1.29275246e+02 -9.53448814e+00 -1.32352149e-03 -2.28936445e-02 -9.38029462e-01 -3.45795976e-01
1317358278.050198078 5.92478049e+02 1.29965048e+02 -9.52885755e+00 3.18004819e-03 -2.53028042e-02 -9.37076706e-01 -3.48190898e-01
1317358278.154189110 5.91665218e+02 1.30654228e+02 -9.54392081e+00 8.34283548e-03 -2.50915317e-02 -9.36095243e-01 -3.50751349e-01
1317358278.258177996 5.90877871e+02 1.31347716e+02 -9.57328252e+00 1.00976311e-02 -2.51841739e-02 -9.34717628e-01 -3.54353991e-01
1317358278.362190962 5.90066736e+02 1.32047490e+02 -9.58422975e+00 1.03364627e-02 -2.41373417e-02 -9.33368552e-01 -3.57957669e-01
1317358278.466181040 5.89291873e+02 1.32751432e+02 -9.62053945e+00 1.06596371e-02 -2.06978293e-02 -9.32111728e-01 -3.61421772e-01
1317358278.570147991 5.88485956e+02 1.33459953e+02 -9.64742465e+00 1.16935956e-02 -1.85286074e-02 -9.30794748e-01 -3.64885033e-01
1317358278.674113989 5.87687850e+02 1.34196367e+02 -9.68262284e+00 1.40763162e-02 -1.80616908e-02 -9.29452821e-01 -3.68229665e-01
1317358278.778081894 5.86897744e+02 1.34920083e+02 -9.70847696e+00 1.49793071e-02 -1.66566840e-02 -9.28148541e-01 -3.71535276e-01
1317358278.882050037 5.86131771e+02 1.35668591e+02 -9.70960698e+00 1.58320200e-02 -1.40818166e-02 -9.26627396e-01 -3.75383429e-01
1317358278.986017942 5.85339676e+02 1.36418470e+02 -9.73116281e+00 1.64999446e-02 -1.22342409e-02 -9.25296236e-01 -3.78688461e-01
1317358279.089984894 5.84567391e+02 1.37180107e+02 -9.76127536e+00 1.64665810e-02 -9.96283197e-03 -9.23746386e-01 -3.82520859e-01
1317358279.193974972 5.83792794e+02 1.37969513e+02 -9.79459999e+00 1.53331924e-02 -7.97520837e-03 -9.22076073e-01 -3.86622561e-01
1317358279.297967911 5.83016222e+02 1.38743479e+02 -9.80907012e+00 1.38010691e-02 -7.24410635e-03 -9.20821771e-01 -3.89672065e-01
1317358279.401910067 5.82248071e+02 1.39529638e+02 -9.82961007e+00 1.32921435e-02 -6.65567309e-03 -9.19766247e-01 -3.92184997e-01
1317358279.505826950 5.81478012e+02 1.40348327e+02 -9.86891485e+00 1.46474597e-02 -7.49296718e-03 -9.18768799e-01 -3.94453040e-01
1317358279.609721899 5.80711879e+02 1.41196117e+02 -9.89629715e+00 1.58929630e-02 -8.97321375e-03 -9.18058522e-01 -3.96024551e-01
1317358279.713568926 5.79928141e+02 1.42023037e+02 -9.91834282e+00 1.59189956e-02 -9.50581553e-03 -9.17968715e-01 -3.96219212e-01
1317358279.817415953 5.79143686e+02 1.42863381e+02 -9.95019652e+00 1.51950194e-02 -9.84102352e-03 -9.17581507e-01 -3.97135297e-01
1317358279.921262026 5.78360040e+02 1.43685878e+02 -9.97215995e+00 1.46536889e-02 -9.84316297e-03 -9.17575001e-01 -3.97170617e-01
1317358280.025110960 5.77586344e+02 1.44513922e+02 -1.00080241e+01 1.38081488e-02 -1.14660547e-02 -9.17590200e-01 -3.97122259e-01
1317358280.128982067 5.76786274e+02 1.45348324e+02 -1.00298786e+01 1.32804415e-02 -1.21331801e-02 -9.17633566e-01 -3.97020218e-01
1317358280.232826948 5.75986311e+02 1.46194705e+02 -1.00549912e+01 1.28775660e-02 -1.28877691e-02 -9.17811915e-01 -3.96597230e-01
1317358280.336648941 5.75178392e+02 1.47023651e+02 -1.00837822e+01 1.30815511e-02 -1.23364085e-02 -9.17804248e-01 -3.96625829e-01
1317358280.440496922 5.74372934e+02 1.47869139e+02 -1.01053361e+01 1.34059224e-02 -1.19792307e-02 -9.18066042e-01 -3.96019598e-01
1317358280.544343948 5.73580300e+02 1.48718492e+02 -1.01252927e+01 1.40620448e-02 -1.14914673e-02 -9.18092564e-01 -3.95949805e-01
1317358280.648164988 5.72775284e+02 1.49560299e+02 -1.01468987e+01 1.42689443e-02 -1.17468029e-02 -9.18529410e-01 -3.94920413e-01
1317358280.751987934 5.71984316e+02 1.50396574e+02 -1.01718482e+01 1.45350706e-02 -1.24699702e-02 -9.18657828e-01 -3.94589695e-01
1317358280.855838060 5.71211760e+02 1.51219422e+02 -1.01944386e+01 1.46649406e-02 -1.30240198e-02 -9.18761727e-01 -3.94324997e-01
1317358280.959685087 5.70413016e+02 1.52049720e+02 -1.02130398e+01 1.49791653e-02 -1.26198765e-02 -9.19120887e-01 -3.93488449e-01
1317358281.063504934 5.69604878e+02 1.52887162e+02 -1.02338326e+01 1.45879048e-02 -1.35683600e-02 -9.19300467e-01 -3.93051833e-01
1317358281.167352915 5.68785805e+02 1.53719285e+02 -1.02541154e+01 1.46382632e-02 -1.43568851e-02 -9.19443626e-01 -3.92686924e-01
1317358281.271199942 5.67977125e+02 1.54543037e+02 -1.02774445e+01 1.45623090e-02 -1.42721083e-02 -9.19578547e-01 -3.92376787e-01
1317358281.375045061 5.67167338e+02 1.55367172e+02 -1.02926931e+01 1.35629450e-02 -1.40497365e-02 -9.19679083e-01 -3.92184952e-01
1317358281.478915930 5.66371989e+02 1.56184189e+02 -1.03212546e+01 1.18878054e-02 -1.42679858e-02 -9.19466268e-01 -3.92730043e-01
1317358281.582787991 5.65622768e+02 1.56967843e+02 -1.03523192e+01 1.25133723e-02 -1.23191580e-02 -9.19327468e-01 -3.93101337e-01
1317358281.686657906 5.64819335e+02 1.57789748e+02 -1.03645895e+01 1.33967046e-02 -1.26814992e-02 -9.19351522e-01 -3.93004436e-01
1317358281.790529013 5.64037378e+02 1.58613056e+02 -1.03776257e+01 1.37688641e-02 -1.35172003e-02 -9.19385632e-01 -3.92883907e-01
1317358281.894398928 5.63243827e+02 1.59411757e+02 -1.03946854e+01 1.31790201e-02 -1.32660682e-02 -9.19513253e-01 -3.92613935e-01
1317358281.998267889 5.62479873e+02 1.60196308e+02 -1.04241984e+01 1.32283108e-02 -1.23919035e-02 -9.19680521e-01 -3.92248889e-01
1317358282.102140903 5.61709611e+02 1.61003272e+02 -1.04416019e+01 1.40936837e-02 -1.20168491e-02 -9.19609721e-01 -3.92396388e-01
1317358282.206037045 5.60908758e+02 1.61812815e+02 -1.04487135e+01 1.45180911e-02 -1.08841666e-02 -9.19685877e-01 -3.92235450e-01
1317358282.309931040 5.60146214e+02 1.62664305e+02 -1.04765104e+01 1.50487213e-02 -1.01925720e-02 -9.19402564e-01 -3.92897661e-01
1317358282.413800955 5.59396692e+02 1.63470238e+02 -1.05194170e+01 1.39852378e-02 -1.22070808e-02 -9.19214915e-01 -3.93318370e-01
1317358282.517672062 5.58612372e+02 1.64289290e+02 -1.05374581e+01 1.42740231e-02 -1.27219648e-02 -9.19371138e-01 -3.92926347e-01
1317358282.621542931 5.57835240e+02 1.65095569e+02 -1.05620635e+01 1.38148042e-02 -1.43292562e-02 -9.19279181e-01 -3.93102545e-01
1317358282.725413084 5.57079577e+02 1.65871607e+02 -1.05817536e+01 1.44895121e-02 -1.36080715e-02 -9.19128380e-01 -3.93456346e-01
1317358282.829282999 5.56319662e+02 1.66653348e+02 -1.05979656e+01 1.45881050e-02 -1.35381894e-02 -9.19075760e-01 -3.93578012e-01
1317358282.933155060 5.55595107e+02 1.67406716e+02 -1.06162530e+01 1.46248894e-02 -1.37473630e-02 -9.18951486e-01 -3.93859479e-01
1317358283.037050009 5.54862631e+02 1.68171085e+02 -1.06370072e+01 1.45782096e-02 -1.33593673e-02 -9.18866838e-01 -3.94071994e-01
1317358283.140945911 5.54123848e+02 1.68942353e+02 -1.06576375e+01 1.34803308e-02 -1.26368698e-02 -9.18664301e-01 -3.94606756e-01
1317358283.244839907 5.53367402e+02 1.69730305e+02 -1.06710852e+01 1.30423014e-02 -1.26086075e-02 -9.18548628e-01 -3.94891553e-01
1317358283.348758936 5.52618889e+02 1.70510060e+02 -1.06983253e+01 1.26119880e-02 -1.25224319e-02 -9.18397079e-01 -3.95260587e-01
1317358283.452652931 5.51884709e+02 1.71276137e+02 -1.07142834e+01 1.31150523e-02 -1.34048479e-02 -9.18234129e-01 -3.95593718e-01
1317358283.556545973 5.51133509e+02 1.72050100e+02 -1.07362508e+01 1.49988291e-02 -1.39560450e-02 -9.18210428e-01 -3.95562730e-01
1317358283.660464048 5.50389004e+02 1.72820613e+02 -1.07579814e+01 1.61569158e-02 -1.51339097e-02 -9.18187630e-01 -3.95526732e-01
1317358283.764384031 5.49664347e+02 1.73590848e+02 -1.07927115e+01 1.61349711e-02 -1.54162465e-02 -9.18025966e-01 -3.95891813e-01
1317358283.868279934 5.48914340e+02 1.74367460e+02 -1.08103204e+01 1.50564106e-02 -1.59097108e-02 -9.18089942e-01 -3.95766401e-01
1317358283.972173929 5.48183336e+02 1.75135171e+02 -1.08393059e+01 1.42476636e-02 -1.63684934e-02 -9.18087320e-01 -3.95783715e-01
1317358284.076069117 5.47467375e+02 1.75889287e+02 -1.08607689e+01 1.49661526e-02 -1.43839926e-02 -9.18057270e-01 -3.95903984e-01
1317358284.179939985 5.46722596e+02 1.76665105e+02 -1.08811948e+01 1.45541129e-02 -1.52729481e-02 -9.18157579e-01 -3.95653352e-01
1317358284.283834934 5.45990590e+02 1.77433281e+02 -1.09028620e+01 1.43455118e-02 -1.46811721e-02 -9.18131431e-01 -3.95744039e-01
1317358284.387729883 5.45257970e+02 1.78212811e+02 -1.09210173e+01 1.46085983e-02 -1.39170207e-02 -9.18220501e-01 -3.95555327e-01
1317358284.491624117 5.44531706e+02 1.78978169e+02 -1.09416912e+01 1.51604995e-02 -1.38226631e-02 -9.18352637e-01 -3.95230979e-01
1317358284.595566034 5.43806522e+02 1.79734299e+02 -1.09609365e+01 1.50498181e-02 -1.40819145e-02 -9.18498183e-01 -3.94887693e-01
1317358284.699510098 5.43074750e+02 1.80487311e+02 -1.09830595e+01 1.47431987e-02 -1.39749708e-02 -9.18555958e-01 -3.94768653e-01
1317358284.803430080 5.42361475e+02 1.81228225e+02 -1.10077341e+01 1.43270067e-02 -1.45170973e-02 -9.18427327e-01 -3.95063585e-01
1317358284.907372952 5.41661301e+02 1.81976031e+02 -1.10482823e+01 1.46831735e-02 -1.55535895e-02 -9.18101161e-01 -3.95768554e-01
1317358285.011338949 5.40960326e+02 1.82715087e+02 -1.10844589e+01 1.62399333e-02 -1.33580204e-02 -9.17742036e-01 -3.96619948e-01
1317358285.115304947 5.40225596e+02 1.83478762e+02 -1.11019921e+01 1.61561443e-02 -1.39878963e-02 -9.17583044e-01 -3.96969363e-01
1317358285.219247103 5.39513143e+02 1.84231682e+02 -1.11270034e+01 1.54772158e-02 -1.39912602e-02 -9.17243742e-01 -3.97779610e-01
1317358285.323191881 5.38797326e+02 1.84983628e+02 -1.11429717e+01 1.50144260e-02 -1.44869380e-02 -9.16968986e-01 -3.98412567e-01
1317358285.427134037 5.38112499e+02 1.85700575e+02 -1.11810568e+01 1.57932725e-02 -1.31024111e-02 -9.16837076e-01 -3.98733841e-01
1317358285.531053066 5.37406530e+02 1.86436521e+02 -1.12011744e+01 1.60789209e-02 -1.30658564e-02 -9.16865653e-01 -3.98657905e-01
1317358285.634994984 5.36712152e+02 1.87150492e+02 -1.12247961e+01 1.60895069e-02 -1.35847177e-02 -9.16941928e-01 -3.98464658e-01
1317358285.738936901 5.36016088e+02 1.87881880e+02 -1.12551438e+01 1.55566606e-02 -1.39955051e-02 -9.17083228e-01 -3.98146292e-01
1317358285.842856884 5.35318543e+02 1.88604891e+02 -1.12739953e+01 1.42619273e-02 -1.49183169e-02 -9.17333594e-01 -3.97584103e-01
1317358285.946774960 5.34657069e+02 1.89310837e+02 -1.12851153e+01 1.42231636e-02 -1.39695805e-02 -9.17387923e-01 -3.97494592e-01
1317358286.050693035 5.33999967e+02 1.89977876e+02 -1.12998242e+01 1.44069188e-02 -1.33988335e-02 -9.17544987e-01 -3.97144946e-01
1317358286.154611111 5.33392128e+02 1.90656829e+02 -1.13296400e+01 1.46638096e-02 -1.41662853e-02 -9.17310398e-01 -3.97650504e-01
1317358286.258506060 5.32781850e+02 1.91344505e+02 -1.13562242e+01 1.47482813e-02 -1.52834688e-02 -9.17283228e-01 -3.97668685e-01
1317358286.362402916 5.32150618e+02 1.92003850e+02 -1.13692126e+01 1.40757246e-02 -1.54049627e-02 -9.17458527e-01 -3.97283792e-01
1317358286.466346025 5.31542531e+02 1.92653961e+02 -1.13797283e+01 1.34151423e-02 -1.40313190e-02 -9.17484587e-01 -3.97297355e-01
1317358286.570264101 5.30942553e+02 1.93297666e+02 -1.13946300e+01 1.33363935e-02 -1.43458633e-02 -9.17460315e-01 -3.97344822e-01
1317358286.674160004 5.30343325e+02 1.93932072e+02 -1.14242035e+01 1.39575299e-02 -1.42941477e-02 -9.17478572e-01 -3.97283191e-01
1317358286.778100967 5.29746350e+02 1.94562518e+02 -1.14343085e+01 1.40468785e-02 -1.46873945e-02 -9.17417398e-01 -3.97406950e-01
1317358286.882041931 5.29186183e+02 1.95161293e+02 -1.14532270e+01 1.40526295e-02 -1.33441411e-02 -9.17427509e-01 -3.97430777e-01
1317358286.985985041 5.28614249e+02 1.95760847e+02 -1.14635056e+01 1.36747703e-02 -1.33257924e-02 -9.17439415e-01 -3.97417090e-01
1317358287.089951992 5.28055174e+02 1.96339995e+02 -1.14789252e+01 1.36455963e-02 -1.36839037e-02 -9.17309189e-01 -3.97706425e-01
1317358287.193896055 5.27504964e+02 1.96919716e+02 -1.14958612e+01 1.36618285e-02 -1.36155635e-02 -9.17022777e-01 -3.98368168e-01
1317358287.297863007 5.26957147e+02 1.97490738e+02 -1.15025067e+01 1.38688145e-02 -1.33055308e-02 -9.16653789e-01 -3.99219800e-01
1317358287.401851892 5.26441750e+02 1.98044847e+02 -1.15148191e+01 1.39197808e-02 -1.27894340e-02 -9.15888461e-01 -4.00987528e-01
1317358287.505867958 5.25938853e+02 1.98590605e+02 -1.15217808e+01 1.38742284e-02 -1.27412071e-02 -9.14828656e-01 -4.03402648e-01
1317358287.609930992 5.25432698e+02 1.99132784e+02 -1.15324133e+01 1.43300510e-02 -1.24783923e-02 -9.13439764e-01 -4.06530117e-01
1317358287.713993073 5.24940341e+02 1.99672636e+02 -1.15426097e+01 1.50405943e-02 -1.28659096e-02 -9.11762897e-01 -4.10239770e-01
1317358287.818080902 5.24470322e+02 2.00198601e+02 -1.15530950e+01 1.53276130e-02 -1.32663053e-02 -9.10040531e-01 -4.14023310e-01
1317358287.922168016 5.24035062e+02 2.00684070e+02 -1.15631339e+01 1.55938263e-02 -1.27736615e-02 -9.08242129e-01 -4.17959210e-01
1317358288.026256084 5.23608439e+02 2.01184367e+02 -1.15748126e+01 1.51511239e-02 -1.27939910e-02 -9.06138084e-01 -4.22516898e-01
1317358288.130342007 5.23227284e+02 2.01637046e+02 -1.15976528e+01 1.49009720e-02 -1.14631414e-02 -9.03857467e-01 -4.27420444e-01
1317358288.234405041 5.22845667e+02 2.02116301e+02 -1.16086673e+01 1.43552319e-02 -1.10008648e-02 -9.01524184e-01 -4.32350615e-01
1317358288.338466883 5.22464549e+02 2.02595288e+02 -1.16160352e+01 1.42310844e-02 -1.12320090e-02 -8.99044893e-01 -4.37480969e-01
1317358288.442504883 5.22106310e+02 2.03065621e+02 -1.16318647e+01 1.38700421e-02 -1.17778564e-02 -8.96354704e-01 -4.42964048e-01
1317358288.546518087 5.21753098e+02 2.03543107e+02 -1.16430596e+01 1.33982497e-02 -1.24914932e-02 -8.93679542e-01 -4.48331714e-01
1317358288.650507927 5.21403116e+02 2.04027288e+02 -1.16519029e+01 1.26906926e-02 -1.35227717e-02 -8.91216918e-01 -4.53198065e-01
1317358288.754476070 5.21080104e+02 2.04519218e+02 -1.16726086e+01 1.19688716e-02 -1.50932628e-02 -8.88844082e-01 -4.57804693e-01
1317358288.858418941 5.20756023e+02 2.04989787e+02 -1.16915004e+01 1.11100044e-02 -1.64106107e-02 -8.86799300e-01 -4.61729641e-01
1317358288.962312937 5.20440896e+02 2.05462405e+02 -1.16997103e+01 1.05366867e-02 -1.78223835e-02 -8.84973447e-01 -4.65180975e-01
1317358289.066205978 5.20146718e+02 2.05919598e+02 -1.17139881e+01 1.01509726e-02 -1.98326704e-02 -8.83234603e-01 -4.68401814e-01
1317358289.170125961 5.19845154e+02 2.06401014e+02 -1.17318677e+01 9.69426732e-03 -2.21281090e-02 -8.81702566e-01 -4.71186750e-01
1317358289.274023056 5.19537769e+02 2.06874066e+02 -1.17415936e+01 9.26131101e-03 -2.32644329e-02 -8.80246656e-01 -4.73855271e-01
1317358289.377918005 5.19244900e+02 2.07336565e+02 -1.17618378e+01 8.92074409e-03 -2.57781190e-02 -8.78601190e-01 -4.76776528e-01
1317358289.481836081 5.18952667e+02 2.07800979e+02 -1.17757546e+01 8.54548565e-03 -2.77718600e-02 -8.77007410e-01 -4.79597436e-01
1317358289.585777044 5.18674498e+02 2.08263789e+02 -1.17899357e+01 7.71193058e-03 -2.92872947e-02 -8.75397153e-01 -4.82454770e-01
1317358289.689718962 5.18405506e+02 2.08694689e+02 -1.18004171e+01 7.00986679e-03 -3.08939913e-02 -8.73753232e-01 -4.85336700e-01
1317358289.793663025 5.18153258e+02 2.09123068e+02 -1.18146311e+01 6.77411454e-03 -3.19317382e-02 -8.71898016e-01 -4.88598327e-01
1317358289.897629023 5.17899281e+02 2.09558990e+02 -1.18304033e+01 6.15249126e-03 -3.33408486e-02 -8.69898694e-01 -4.92063814e-01
1317358290.001596928 5.17645772e+02 2.09974956e+02 -1.18424222e+01 5.85433186e-03 -3.42300919e-02 -8.67924501e-01 -4.95480663e-01
1317358290.105591059 5.17410256e+02 2.10390397e+02 -1.18543145e+01 5.56232618e-03 -3.49243502e-02 -8.65725272e-01 -4.99268569e-01
1317358290.209606886 5.17180716e+02 2.10791789e+02 -1.18642123e+01 5.82942535e-03 -3.57724453e-02 -8.63306067e-01 -5.03377577e-01
1317358290.313617945 5.16947563e+02 2.11195782e+02 -1.18819439e+01 6.50840843e-03 -3.66514152e-02 -8.60675348e-01 -5.07791551e-01
1317358290.417632103 5.16740558e+02 2.11591013e+02 -1.18987759e+01 6.28545652e-03 -3.75233005e-02 -8.57844653e-01 -5.12498825e-01
1317358290.521670103 5.16549392e+02 2.11974276e+02 -1.19117219e+01 5.59582205e-03 -3.88059438e-02 -8.54667443e-01 -5.17693295e-01
1317358290.625734091 5.16368568e+02 2.12342759e+02 -1.19215621e+01 4.51909801e-03 -3.93276007e-02 -8.51056423e-01 -5.23579871e-01
1317358290.729798079 5.16180367e+02 2.12694298e+02 -1.19240347e+01 4.34416351e-03 -3.87258561e-02 -8.47273577e-01 -5.29725327e-01
1317358290.833884001 5.16021951e+02 2.13036026e+02 -1.19403555e+01 4.28640279e-03 -3.84070950e-02 -8.42913775e-01 -5.36659007e-01
1317358290.937994003 5.15863758e+02 2.13379195e+02 -1.19509341e+01 3.62972994e-03 -3.74160836e-02 -8.38105268e-01 -5.44211743e-01
1317358291.042104006 5.15732021e+02 2.13713302e+02 -1.19623757e+01 2.80199764e-03 -3.66620668e-02 -8.32610718e-01 -5.52636802e-01
1317358291.146239996 5.15603952e+02 2.14061384e+02 -1.19693223e+01 2.67518702e-03 -3.64223336e-02 -8.26638780e-01 -5.61546601e-01
1317358291.250421047 5.15483233e+02 2.14393967e+02 -1.19806650e+01 3.22319153e-03 -3.66222475e-02 -8.19752700e-01 -5.71536466e-01
1317358291.354626894 5.15374058e+02 2.14719458e+02 -1.19891459e+01 4.70590391e-03 -3.73803443e-02 -8.12270398e-01 -5.82063025e-01
1317358291.458811045 5.15311875e+02 2.15013626e+02 -1.20058847e+01 5.31647661e-03 -3.87609287e-02 -8.04250685e-01 -5.93000979e-01
1317358291.562947989 5.15258619e+02 2.15275889e+02 -1.20165979e+01 4.80617122e-03 -4.02461256e-02 -7.96616819e-01 -6.03124195e-01
1317358291.667033911 5.15218321e+02 2.15496467e+02 -1.20161497e+01 5.00787277e-03 -4.09826264e-02 -7.89416828e-01 -6.12467483e-01
1317358291.771073103 5.15177313e+02 2.15672712e+02 -1.20294610e+01 5.50361110e-03 -4.00602608e-02 -7.83021183e-01 -6.20679235e-01
1317358291.875065088 5.15139124e+02 2.15804943e+02 -1.20443775e+01 5.41809625e-03 -3.90292059e-02 -7.77426002e-01 -6.27738940e-01
1317358291.979007959 5.15128556e+02 2.15913037e+02 -1.20561463e+01 5.04622749e-03 -3.94345576e-02 -7.73013412e-01 -6.33142730e-01
1317358292.082878113 5.15130103e+02 2.15996961e+02 -1.20549555e+01 4.71562791e-03 -4.05644757e-02 -7.69918582e-01 -6.36834094e-01
1317358292.186675072 5.15135521e+02 2.16070021e+02 -1.20596156e+01 3.84521707e-03 -4.09968472e-02 -7.68491849e-01 -6.38533281e-01
1317358292.290448904 5.15128390e+02 2.16085624e+02 -1.20546467e+01 3.72473873e-03 -4.08623961e-02 -7.68113053e-01 -6.38998223e-01
1317358292.394248962 5.15128913e+02 2.16096616e+02 -1.20537610e+01 3.90183341e-03 -3.90820582e-02 -7.68844119e-01 -6.38228869e-01
1317358292.498096943 5.15119822e+02 2.16075138e+02 -1.20522350e+01 3.02550276e-03 -3.64123185e-02 -7.68781072e-01 -6.38467424e-01
1317358292.601943016 5.15101741e+02 2.16094019e+02 -1.20508388e+01 1.54581429e-03 -3.54357041e-02 -7.68990673e-01 -6.38275227e-01
1317358292.705789089 5.15107168e+02 2.16090264e+02 -1.20537279e+01 1.21828905e-03 -3.57696361e-02 -7.69127232e-01 -6.38092744e-01
1317358292.809659958 5.15111527e+02 2.16092219e+02 -1.20557519e+01 1.54180401e-03 -3.61935726e-02 -7.68876631e-01 -6.38370092e-01
1317358292.913531065 5.15106041e+02 2.16116109e+02 -1.20591520e+01 1.64248557e-03 -3.61190611e-02 -7.69028746e-01 -6.38190805e-01
1317358293.017426014 5.15095906e+02 2.16112824e+02 -1.20603621e+01 1.94355329e-03 -3.59778392e-02 -7.69054976e-01 -6.38166327e-01
1317358293.121320009 5.15100343e+02 2.16133117e+02 -1.20658420e+01 1.37199039e-03 -3.55206732e-02 -7.68854312e-01 -6.38435155e-01
1317358293.225214005 5.15100078e+02 2.16123508e+02 -1.20681289e+01 1.25178159e-03 -3.54332885e-02 -7.68881603e-01 -6.38407390e-01
1317358293.329158068 5.15097038e+02 2.16121292e+02 -1.20693885e+01 1.25021552e-03 -3.53869925e-02 -7.68848963e-01 -6.38449269e-01
1317358293.433100939 5.15093553e+02 2.16121941e+02 -1.20613908e+01 1.59325547e-03 -3.62647988e-02 -7.68750698e-01 -6.38517572e-01
1317358293.537041903 5.15107529e+02 2.16113529e+02 -1.20607365e+01 1.61518304e-03 -3.61509638e-02 -7.68862872e-01 -6.38388896e-01
1317358293.641007900 5.15107745e+02 2.16108716e+02 -1.20604998e+01 1.60701375e-03 -3.61597988e-02 -7.68825941e-01 -6.38432892e-01
1317358293.744998932 5.15103764e+02 2.16106061e+02 -1.20603869e+01 1.69867570e-03 -3.62360367e-02 -7.68842579e-01 -6.38408296e-01
1317358293.848989010 5.15106293e+02 2.16111998e+02 -1.20527814e+01 1.62734698e-03 -3.62839569e-02 -7.68649532e-01 -6.38638178e-01
1317358293.952980995 5.15105016e+02 2.16104461e+02 -1.20545783e+01 1.42197699e-03 -3.60834719e-02 -7.68087181e-01 -6.39326241e-01
1317358294.056997061 5.15101810e+02 2.16114907e+02 -1.20533268e+01 1.06756082e-03 -3.61125504e-02 -7.67547315e-01 -6.39973330e-01
1317358294.161010981 5.15103305e+02 2.16116880e+02 -1.20529058e+01 1.04611174e-03 -3.60145622e-02 -7.66957796e-01 -6.40685255e-01
1317358294.265048981 5.15104407e+02 2.16135145e+02 -1.20505258e+01 1.19844328e-03 -3.57370255e-02 -7.65983688e-01 -6.41864798e-01
1317358294.369113922 5.15097571e+02 2.16147290e+02 -1.20516744e+01 1.20451850e-03 -3.56587628e-02 -7.64759468e-01 -6.43327256e-01
1317358294.473177910 5.15101482e+02 2.16179636e+02 -1.20542490e+01 1.21931881e-03 -3.56998335e-02 -7.63481896e-01 -6.44840624e-01
1317358294.577238083 5.15095185e+02 2.16198238e+02 -1.20538150e+01 1.34168459e-03 -3.55525491e-02 -7.61667305e-01 -6.46990829e-01
1317358294.681324005 5.15083535e+02 2.16211515e+02 -1.20559922e+01 1.66425507e-03 -3.47876729e-02 -7.58994951e-01 -6.50164374e-01
1317358294.785459042 5.15076971e+02 2.16242558e+02 -1.20569983e+01 1.41379477e-03 -3.39181027e-02 -7.55863659e-01 -6.53848371e-01
1317358294.889619112 5.15076527e+02 2.16294095e+02 -1.20610410e+01 1.28521537e-03 -3.33637500e-02 -7.51882636e-01 -6.58450993e-01
1317358294.993776083 5.15073746e+02 2.16345763e+02 -1.20627784e+01 1.46873095e-03 -3.30435831e-02 -7.46750742e-01 -6.64281035e-01
1317358295.097960949 5.15083227e+02 2.16429255e+02 -1.20660913e+01 1.54308427e-03 -3.32330935e-02 -7.40628658e-01 -6.71090435e-01
1317358295.202191114 5.15080966e+02 2.16527294e+02 -1.20710198e+01 2.08106671e-03 -3.33155261e-02 -7.33889124e-01 -6.78448596e-01
1317358295.306421041 5.15089475e+02 2.16654560e+02 -1.20820432e+01 2.61862191e-03 -3.28239431e-02 -7.26078699e-01 -6.86822724e-01
1317358295.410605907 5.15090353e+02 2.16779936e+02 -1.20876410e+01 3.22432333e-03 -3.27658263e-02 -7.17793647e-01 -6.95477019e-01
1317358295.514787912 5.15099731e+02 2.16932252e+02 -1.20985635e+01 3.85553561e-03 -3.28389847e-02 -7.08657247e-01 -7.04777725e-01
1317358295.618972063 5.15122324e+02 2.17101061e+02 -1.21040131e+01 4.31514042e-03 -3.31031610e-02 -6.99477216e-01 -7.13874768e-01
1317358295.723104954 5.15162129e+02 2.17287167e+02 -1.21135656e+01 4.54759843e-03 -3.35209396e-02 -6.90513468e-01 -7.22528073e-01
1317358295.827191114 5.15209229e+02 2.17498782e+02 -1.21193922e+01 4.70432640e-03 -3.40126250e-02 -6.81751055e-01 -7.30778017e-01
1317358295.931231976 5.15222419e+02 2.17729946e+02 -1.21267901e+01 5.42261773e-03 -3.35379198e-02 -6.74005868e-01 -7.37944370e-01
1317358296.035223007 5.15243309e+02 2.18003717e+02 -1.21434201e+01 6.90659820e-03 -3.16161211e-02 -6.66778206e-01 -7.44553251e-01
1317358296.139236927 5.15278634e+02 2.18273586e+02 -1.21631733e+01 8.18630823e-03 -2.96547599e-02 -6.59154384e-01 -7.51378119e-01
1317358296.243321896 5.15326102e+02 2.18565931e+02 -1.21781284e+01 9.78176364e-03 -2.90565595e-02 -6.50087294e-01 -7.59240768e-01
1317358296.347433090 5.15385780e+02 2.18895510e+02 -1.21955318e+01 1.18905643e-02 -2.87702005e-02 -6.39981504e-01 -7.67759444e-01
1317358296.451543093 5.15462483e+02 2.19235665e+02 -1.22194443e+01 1.32429357e-02 -2.80730940e-02 -6.28837258e-01 -7.76917131e-01
1317358296.555676937 5.15564779e+02 2.19592870e+02 -1.22432807e+01 1.33598091e-02 -2.75287690e-02 -6.16724543e-01 -7.86584083e-01
1317358296.659858942 5.15679945e+02 2.19997550e+02 -1.22695354e+01 1.31667752e-02 -2.73260925e-02 -6.03693443e-01 -7.96639283e-01
1317358296.764044046 5.15819885e+02 2.20388246e+02 -1.22921086e+01 1.23078689e-02 -2.65688423e-02 -5.89928407e-01 -8.06924462e-01
1317358296.868226051 5.16017796e+02 2.20804205e+02 -1.23106983e+01 1.29954452e-02 -2.42295597e-02 -5.75024123e-01 -8.17674327e-01
1317358296.972409964 5.16200774e+02 2.21241526e+02 -1.23355018e+01 1.40092184e-02 -2.34498251e-02 -5.59748173e-01 -8.28212430e-01
1317358297.076545954 5.16416111e+02 2.21693453e+02 -1.23731186e+01 1.53592582e-02 -2.19751144e-02 -5.44432293e-01 -8.38376208e-01
1317358297.180632114 5.16657323e+02 2.22158234e+02 -1.24067972e+01 1.63653124e-02 -2.14429361e-02 -5.29989369e-01 -8.47575156e-01
1317358297.284668922 5.16923315e+02 2.22634664e+02 -1.24373646e+01 1.66223150e-02 -2.20279791e-02 -5.16200176e-01 -8.56023274e-01
1317358297.388683081 5.17224019e+02 2.23126025e+02 -1.24598122e+01 1.63680223e-02 -2.28137169e-02 -5.02934799e-01 -8.63868167e-01
1317358297.492650986 5.17537270e+02 2.23627583e+02 -1.24819560e+01 1.65607541e-02 -2.37952826e-02 -4.90939602e-01 -8.70711107e-01
1317358297.596546888 5.17861152e+02 2.24140150e+02 -1.25183910e+01 1.74282228e-02 -2.47268469e-02 -4.79820985e-01 -8.76844719e-01
1317358297.700417995 5.18205516e+02 2.24654651e+02 -1.25446086e+01 1.75616105e-02 -2.43093812e-02 -4.69575386e-01 -8.82382910e-01
1317358297.804287910 5.18555070e+02 2.25191870e+02 -1.25871582e+01 1.72249877e-02 -2.28837701e-02 -4.60065360e-01 -8.87422953e-01
1317358297.908158064 5.18932077e+02 2.25713147e+02 -1.26234696e+01 1.69558399e-02 -2.15962561e-02 -4.50990194e-01 -8.92106466e-01
1317358298.012026072 5.19331225e+02 2.26239801e+02 -1.26703196e+01 1.69036909e-02 -2.22278542e-02 -4.41437804e-01 -8.96857209e-01
1317358298.115921021 5.19764402e+02 2.26792129e+02 -1.27070913e+01 1.80037012e-02 -2.25254900e-02 -4.32166323e-01 -9.01332757e-01
1317358298.219816923 5.20215481e+02 2.27357758e+02 -1.27335550e+01 1.91332710e-02 -2.35570558e-02 -4.22726926e-01 -9.05748822e-01
1317358298.323713064 5.20692594e+02 2.27915557e+02 -1.27715820e+01 1.91614804e-02 -2.29306294e-02 -4.13732953e-01 -9.09907725e-01
1317358298.427582979 5.21199967e+02 2.28473785e+02 -1.28154064e+01 1.72659536e-02 -1.96456683e-02 -4.05558398e-01 -9.13694873e-01
1317358298.531403065 5.21722769e+02 2.29046983e+02 -1.28520738e+01 1.60365462e-02 -1.83352363e-02 -3.98743895e-01 -9.16738760e-01
1317358298.635179043 5.22251369e+02 2.29605475e+02 -1.28930973e+01 1.68076520e-02 -1.91693276e-02 -3.93824705e-01 -9.18831944e-01
1317358298.738918066 5.22815583e+02 2.30212634e+02 -1.29279504e+01 1.84610383e-02 -2.04128663e-02 -3.90368324e-01 -9.20247291e-01
1317358298.842622042 5.23396344e+02 2.30802567e+02 -1.29702588e+01 1.86351407e-02 -2.17150908e-02 -3.87801491e-01 -9.21298643e-01
1317358298.946312904 5.23973236e+02 2.31404650e+02 -1.30071429e+01 1.83679877e-02 -2.19262485e-02 -3.85888573e-01 -9.22101874e-01
1317358299.050019026 5.24561511e+02 2.31985633e+02 -1.30380174e+01 1.87015751e-02 -2.15900682e-02 -3.84881031e-01 -9.22524098e-01
1317358299.153722048 5.25167605e+02 2.32600388e+02 -1.30736993e+01 1.88765773e-02 -2.13750401e-02 -3.83598290e-01 -9.23059659e-01
1317358299.257446051 5.25751841e+02 2.33186339e+02 -1.31273141e+01 1.94509323e-02 -2.16553742e-02 -3.82151341e-01 -9.23641196e-01
1317358299.361196995 5.26380680e+02 2.33822556e+02 -1.31659825e+01 2.03232152e-02 -2.17961680e-02 -3.80577269e-01 -9.24268811e-01
1317358299.464971066 5.27017370e+02 2.34463556e+02 -1.32140952e+01 2.16314389e-02 -2.26876411e-02 -3.79242643e-01 -9.24766116e-01
1317358299.568769932 5.27667928e+02 2.35105464e+02 -1.32658837e+01 2.24640452e-02 -2.35005474e-02 -3.77848758e-01 -9.25296389e-01
1317358299.672569036 5.28340732e+02 2.35762336e+02 -1.33123653e+01 2.21740441e-02 -2.38814344e-02 -3.76538483e-01 -9.25827608e-01
